route;date;hour;prediction
1;2025-11-01;0;3
1;2025-11-01;1;0
1;2025-11-01;2;0
1;2025-11-01;3;0
1;2025-11-01;4;0
1;2025-11-01;5;29
1;2025-11-01;6;157
1;2025-11-01;7;346
1;2025-11-01;8;462
1;2025-11-01;9;734
1;2025-11-01;10;885
1;2025-11-01;11;792
1;2025-11-01;12;976
1;2025-11-01;13;1037
1;2025-11-01;14;944
1;2025-11-01;15;804
1;2025-11-01;16;762
1;2025-11-01;17;684
1;2025-11-01;18;618
1;2025-11-01;19;561
1;2025-11-01;20;409
1;2025-11-01;21;306
1;2025-11-01;22;129
1;2025-11-01;23;26
1;2025-11-02;0;0
1;2025-11-02;1;0
1;2025-11-02;2;0
1;2025-11-02;3;0
1;2025-11-02;4;0
1;2025-11-02;5;24
1;2025-11-02;6;125
1;2025-11-02;7;267
1;2025-11-02;8;363
1;2025-11-02;9;617
1;2025-11-02;10;683
1;2025-11-02;11;685
1;2025-11-02;12;803
1;2025-11-02;13;849
1;2025-11-02;14;752
1;2025-11-02;15;669
1;2025-11-02;16;624
1;2025-11-02;17;587
1;2025-11-02;18;542
1;2025-11-02;19;453
1;2025-11-02;20;341
1;2025-11-02;21;262
1;2025-11-02;22;101
1;2025-11-02;23;26
1;2025-11-03;0;0
1;2025-11-03;1;0
1;2025-11-03;2;0
1;2025-11-03;3;0
1;2025-11-03;4;9
1;2025-11-03;5;128
1;2025-11-03;6;491
1;2025-11-03;7;1523
1;2025-11-03;8;1979
1;2025-11-03;9;1410
1;2025-11-03;10;1246
1;2025-11-03;11;1223
1;2025-11-03;12;1334
1;2025-11-03;13;1402
1;2025-11-03;14;1371
1;2025-11-03;15;1513
1;2025-11-03;16;1608
1;2025-11-03;17;1829
1;2025-11-03;18;1944
1;2025-11-03;19;1454
1;2025-11-03;20;905
1;2025-11-03;21;439
1;2025-11-03;22;173
1;2025-11-03;23;38
1;2025-11-04;0;6
1;2025-11-04;1;0
1;2025-11-04;2;0
1;2025-11-04;3;0
1;2025-11-04;4;10
1;2025-11-04;5;121
1;2025-11-04;6;507
1;2025-11-04;7;1604
1;2025-11-04;8;2028
1;2025-11-04;9;1495
1;2025-11-04;10;1363
1;2025-11-04;11;1336
1;2025-11-04;12;1366
1;2025-11-04;13;1379
1;2025-11-04;14;1319
1;2025-11-04;15;1443
1;2025-11-04;16;1512
1;2025-11-04;17;1838
1;2025-11-04;18;1852
1;2025-11-04;19;1425
1;2025-11-04;20;880
1;2025-11-04;21;495
1;2025-11-04;22;203
1;2025-11-04;23;36
1;2025-11-05;0;4
1;2025-11-05;1;0
1;2025-11-05;2;0
1;2025-11-05;3;0
1;2025-11-05;4;8
1;2025-11-05;5;135
1;2025-11-05;6;543
1;2025-11-05;7;1505
1;2025-11-05;8;1969
1;2025-11-05;9;1444
1;2025-11-05;10;1320
1;2025-11-05;11;1300
1;2025-11-05;12;1349
1;2025-11-05;13;1425
1;2025-11-05;14;1324
1;2025-11-05;15;1489
1;2025-11-05;16;1489
1;2025-11-05;17;1772
1;2025-11-05;18;1841
1;2025-11-05;19;1395
1;2025-11-05;20;907
1;2025-11-05;21;472
1;2025-11-05;22;211
1;2025-11-05;23;34
1;2025-11-06;0;4
1;2025-11-06;1;0
1;2025-11-06;2;0
1;2025-11-06;3;0
1;2025-11-06;4;10
1;2025-11-06;5;117
1;2025-11-06;6;472
1;2025-11-06;7;1507
1;2025-11-06;8;1979
1;2025-11-06;9;1423
1;2025-11-06;10;1326
1;2025-11-06;11;1305
1;2025-11-06;12;1390
1;2025-11-06;13;1425
1;2025-11-06;14;1358
1;2025-11-06;15;1509
1;2025-11-06;16;1514
1;2025-11-06;17;1769
1;2025-11-06;18;1794
1;2025-11-06;19;1339
1;2025-11-06;20;887
1;2025-11-06;21;455
1;2025-11-06;22;196
1;2025-11-06;23;39
1;2025-11-07;0;4
1;2025-11-07;1;0
1;2025-11-07;2;0
1;2025-11-07;3;0
1;2025-11-07;4;8
1;2025-11-07;5;147
1;2025-11-07;6;479
1;2025-11-07;7;1528
1;2025-11-07;8;1897
1;2025-11-07;9;1424
1;2025-11-07;10;1341
1;2025-11-07;11;1383
1;2025-11-07;12;1363
1;2025-11-07;13;1447
1;2025-11-07;14;1357
1;2025-11-07;15;1533
1;2025-11-07;16;1618
1;2025-11-07;17;1809
1;2025-11-07;18;1560
1;2025-11-07;19;1235
1;2025-11-07;20;810
1;2025-11-07;21;479
1;2025-11-07;22;203
1;2025-11-07;23;38
1;2025-11-08;0;3
1;2025-11-08;1;0
1;2025-11-08;2;0
1;2025-11-08;3;0
1;2025-11-08;4;0
1;2025-11-08;5;29
1;2025-11-08;6;157
1;2025-11-08;7;346
1;2025-11-08;8;462
1;2025-11-08;9;734
1;2025-11-08;10;885
1;2025-11-08;11;792
1;2025-11-08;12;976
1;2025-11-08;13;1037
1;2025-11-08;14;944
1;2025-11-08;15;804
1;2025-11-08;16;762
1;2025-11-08;17;684
1;2025-11-08;18;618
1;2025-11-08;19;561
1;2025-11-08;20;409
1;2025-11-08;21;306
1;2025-11-08;22;129
1;2025-11-08;23;26
1;2025-11-09;0;0
1;2025-11-09;1;0
1;2025-11-09;2;0
1;2025-11-09;3;0
1;2025-11-09;4;0
1;2025-11-09;5;24
1;2025-11-09;6;125
1;2025-11-09;7;267
1;2025-11-09;8;363
1;2025-11-09;9;617
1;2025-11-09;10;683
1;2025-11-09;11;685
1;2025-11-09;12;803
1;2025-11-09;13;849
1;2025-11-09;14;752
1;2025-11-09;15;669
1;2025-11-09;16;624
1;2025-11-09;17;587
1;2025-11-09;18;542
1;2025-11-09;19;453
1;2025-11-09;20;341
1;2025-11-09;21;262
1;2025-11-09;22;101
1;2025-11-09;23;26
1;2025-11-10;0;0
1;2025-11-10;1;0
1;2025-11-10;2;0
1;2025-11-10;3;0
1;2025-11-10;4;9
1;2025-11-10;5;128
1;2025-11-10;6;491
1;2025-11-10;7;1523
1;2025-11-10;8;1979
1;2025-11-10;9;1410
1;2025-11-10;10;1246
1;2025-11-10;11;1223
1;2025-11-10;12;1334
1;2025-11-10;13;1402
1;2025-11-10;14;1371
1;2025-11-10;15;1513
1;2025-11-10;16;1608
1;2025-11-10;17;1829
1;2025-11-10;18;1944
1;2025-11-10;19;1454
1;2025-11-10;20;905
1;2025-11-10;21;439
1;2025-11-10;22;173
1;2025-11-10;23;38
1;2025-11-11;0;6
1;2025-11-11;1;0
1;2025-11-11;2;0
1;2025-11-11;3;0
1;2025-11-11;4;10
1;2025-11-11;5;121
1;2025-11-11;6;507
1;2025-11-11;7;1604
1;2025-11-11;8;2028
1;2025-11-11;9;1495
1;2025-11-11;10;1363
1;2025-11-11;11;1336
1;2025-11-11;12;1366
1;2025-11-11;13;1379
1;2025-11-11;14;1319
1;2025-11-11;15;1443
1;2025-11-11;16;1512
1;2025-11-11;17;1838
1;2025-11-11;18;1852
1;2025-11-11;19;1425
1;2025-11-11;20;880
1;2025-11-11;21;495
1;2025-11-11;22;203
1;2025-11-11;23;36
1;2025-11-12;0;4
1;2025-11-12;1;0
1;2025-11-12;2;0
1;2025-11-12;3;0
1;2025-11-12;4;8
1;2025-11-12;5;135
1;2025-11-12;6;543
1;2025-11-12;7;1505
1;2025-11-12;8;1969
1;2025-11-12;9;1444
1;2025-11-12;10;1320
1;2025-11-12;11;1300
1;2025-11-12;12;1349
1;2025-11-12;13;1425
1;2025-11-12;14;1324
1;2025-11-12;15;1489
1;2025-11-12;16;1489
1;2025-11-12;17;1772
1;2025-11-12;18;1841
1;2025-11-12;19;1395
1;2025-11-12;20;907
1;2025-11-12;21;472
1;2025-11-12;22;211
1;2025-11-12;23;34
1;2025-11-13;0;4
1;2025-11-13;1;0
1;2025-11-13;2;0
1;2025-11-13;3;0
1;2025-11-13;4;10
1;2025-11-13;5;117
1;2025-11-13;6;472
1;2025-11-13;7;1507
1;2025-11-13;8;1979
1;2025-11-13;9;1423
1;2025-11-13;10;1326
1;2025-11-13;11;1305
1;2025-11-13;12;1390
1;2025-11-13;13;1425
1;2025-11-13;14;1358
1;2025-11-13;15;1509
1;2025-11-13;16;1514
1;2025-11-13;17;1769
1;2025-11-13;18;1794
1;2025-11-13;19;1339
1;2025-11-13;20;887
1;2025-11-13;21;455
1;2025-11-13;22;196
1;2025-11-13;23;39
1;2025-11-14;0;4
1;2025-11-14;1;0
1;2025-11-14;2;0
1;2025-11-14;3;0
1;2025-11-14;4;8
1;2025-11-14;5;147
1;2025-11-14;6;479
1;2025-11-14;7;1528
1;2025-11-14;8;1897
1;2025-11-14;9;1424
1;2025-11-14;10;1341
1;2025-11-14;11;1383
1;2025-11-14;12;1363
1;2025-11-14;13;1447
1;2025-11-14;14;1357
1;2025-11-14;15;1533
1;2025-11-14;16;1618
1;2025-11-14;17;1809
1;2025-11-14;18;1560
1;2025-11-14;19;1235
1;2025-11-14;20;810
1;2025-11-14;21;479
1;2025-11-14;22;203
1;2025-11-14;23;38
1;2025-11-15;0;3
1;2025-11-15;1;0
1;2025-11-15;2;0
1;2025-11-15;3;0
1;2025-11-15;4;0
1;2025-11-15;5;29
1;2025-11-15;6;157
1;2025-11-15;7;346
1;2025-11-15;8;462
1;2025-11-15;9;734
1;2025-11-15;10;885
1;2025-11-15;11;792
1;2025-11-15;12;976
1;2025-11-15;13;1037
1;2025-11-15;14;944
1;2025-11-15;15;804
1;2025-11-15;16;762
1;2025-11-15;17;684
1;2025-11-15;18;618
1;2025-11-15;19;561
1;2025-11-15;20;409
1;2025-11-15;21;306
1;2025-11-15;22;129
1;2025-11-15;23;26
1;2025-11-16;0;0
1;2025-11-16;1;0
1;2025-11-16;2;0
1;2025-11-16;3;0
1;2025-11-16;4;0
1;2025-11-16;5;24
1;2025-11-16;6;125
1;2025-11-16;7;267
1;2025-11-16;8;363
1;2025-11-16;9;617
1;2025-11-16;10;683
1;2025-11-16;11;685
1;2025-11-16;12;803
1;2025-11-16;13;849
1;2025-11-16;14;752
1;2025-11-16;15;669
1;2025-11-16;16;624
1;2025-11-16;17;587
1;2025-11-16;18;542
1;2025-11-16;19;453
1;2025-11-16;20;341
1;2025-11-16;21;262
1;2025-11-16;22;101
1;2025-11-16;23;26
1;2025-11-17;0;0
1;2025-11-17;1;0
1;2025-11-17;2;0
1;2025-11-17;3;0
1;2025-11-17;4;9
1;2025-11-17;5;128
1;2025-11-17;6;491
1;2025-11-17;7;1523
1;2025-11-17;8;1979
1;2025-11-17;9;1410
1;2025-11-17;10;1246
1;2025-11-17;11;1223
1;2025-11-17;12;1334
1;2025-11-17;13;1402
1;2025-11-17;14;1371
1;2025-11-17;15;1513
1;2025-11-17;16;1608
1;2025-11-17;17;1829
1;2025-11-17;18;1944
1;2025-11-17;19;1454
1;2025-11-17;20;905
1;2025-11-17;21;439
1;2025-11-17;22;173
1;2025-11-17;23;38
1;2025-11-18;0;6
1;2025-11-18;1;0
1;2025-11-18;2;0
1;2025-11-18;3;0
1;2025-11-18;4;10
1;2025-11-18;5;121
1;2025-11-18;6;507
1;2025-11-18;7;1604
1;2025-11-18;8;2028
1;2025-11-18;9;1495
1;2025-11-18;10;1363
1;2025-11-18;11;1336
1;2025-11-18;12;1366
1;2025-11-18;13;1379
1;2025-11-18;14;1319
1;2025-11-18;15;1443
1;2025-11-18;16;1512
1;2025-11-18;17;1838
1;2025-11-18;18;1852
1;2025-11-18;19;1425
1;2025-11-18;20;880
1;2025-11-18;21;495
1;2025-11-18;22;203
1;2025-11-18;23;36
1;2025-11-19;0;4
1;2025-11-19;1;0
1;2025-11-19;2;0
1;2025-11-19;3;0
1;2025-11-19;4;8
1;2025-11-19;5;135
1;2025-11-19;6;543
1;2025-11-19;7;1505
1;2025-11-19;8;1969
1;2025-11-19;9;1444
1;2025-11-19;10;1320
1;2025-11-19;11;1300
1;2025-11-19;12;1349
1;2025-11-19;13;1425
1;2025-11-19;14;1324
1;2025-11-19;15;1489
1;2025-11-19;16;1489
1;2025-11-19;17;1772
1;2025-11-19;18;1841
1;2025-11-19;19;1395
1;2025-11-19;20;907
1;2025-11-19;21;472
1;2025-11-19;22;211
1;2025-11-19;23;34
1;2025-11-20;0;4
1;2025-11-20;1;0
1;2025-11-20;2;0
1;2025-11-20;3;0
1;2025-11-20;4;10
1;2025-11-20;5;117
1;2025-11-20;6;472
1;2025-11-20;7;1507
1;2025-11-20;8;1979
1;2025-11-20;9;1423
1;2025-11-20;10;1326
1;2025-11-20;11;1305
1;2025-11-20;12;1390
1;2025-11-20;13;1425
1;2025-11-20;14;1358
1;2025-11-20;15;1509
1;2025-11-20;16;1514
1;2025-11-20;17;1769
1;2025-11-20;18;1794
1;2025-11-20;19;1339
1;2025-11-20;20;887
1;2025-11-20;21;455
1;2025-11-20;22;196
1;2025-11-20;23;39
1;2025-11-21;0;4
1;2025-11-21;1;0
1;2025-11-21;2;0
1;2025-11-21;3;0
1;2025-11-21;4;8
1;2025-11-21;5;147
1;2025-11-21;6;479
1;2025-11-21;7;1528
1;2025-11-21;8;1897
1;2025-11-21;9;1424
1;2025-11-21;10;1341
1;2025-11-21;11;1383
1;2025-11-21;12;1363
1;2025-11-21;13;1447
1;2025-11-21;14;1357
1;2025-11-21;15;1533
1;2025-11-21;16;1618
1;2025-11-21;17;1809
1;2025-11-21;18;1560
1;2025-11-21;19;1235
1;2025-11-21;20;810
1;2025-11-21;21;479
1;2025-11-21;22;203
1;2025-11-21;23;38
1;2025-11-22;0;3
1;2025-11-22;1;0
1;2025-11-22;2;0
1;2025-11-22;3;0
1;2025-11-22;4;0
1;2025-11-22;5;29
1;2025-11-22;6;157
1;2025-11-22;7;346
1;2025-11-22;8;462
1;2025-11-22;9;734
1;2025-11-22;10;885
1;2025-11-22;11;792
1;2025-11-22;12;976
1;2025-11-22;13;1037
1;2025-11-22;14;944
1;2025-11-22;15;804
1;2025-11-22;16;762
1;2025-11-22;17;684
1;2025-11-22;18;618
1;2025-11-22;19;561
1;2025-11-22;20;409
1;2025-11-22;21;306
1;2025-11-22;22;129
1;2025-11-22;23;26
1;2025-11-23;0;0
1;2025-11-23;1;0
1;2025-11-23;2;0
1;2025-11-23;3;0
1;2025-11-23;4;0
1;2025-11-23;5;24
1;2025-11-23;6;125
1;2025-11-23;7;267
1;2025-11-23;8;363
1;2025-11-23;9;617
1;2025-11-23;10;683
1;2025-11-23;11;685
1;2025-11-23;12;803
1;2025-11-23;13;849
1;2025-11-23;14;752
1;2025-11-23;15;669
1;2025-11-23;16;624
1;2025-11-23;17;587
1;2025-11-23;18;542
1;2025-11-23;19;453
1;2025-11-23;20;341
1;2025-11-23;21;262
1;2025-11-23;22;101
1;2025-11-23;23;26
1;2025-11-24;0;0
1;2025-11-24;1;0
1;2025-11-24;2;0
1;2025-11-24;3;0
1;2025-11-24;4;9
1;2025-11-24;5;128
1;2025-11-24;6;491
1;2025-11-24;7;1523
1;2025-11-24;8;1979
1;2025-11-24;9;1410
1;2025-11-24;10;1246
1;2025-11-24;11;1223
1;2025-11-24;12;1334
1;2025-11-24;13;1402
1;2025-11-24;14;1371
1;2025-11-24;15;1513
1;2025-11-24;16;1608
1;2025-11-24;17;1829
1;2025-11-24;18;1944
1;2025-11-24;19;1454
1;2025-11-24;20;905
1;2025-11-24;21;439
1;2025-11-24;22;173
1;2025-11-24;23;38
1;2025-11-25;0;6
1;2025-11-25;1;0
1;2025-11-25;2;0
1;2025-11-25;3;0
1;2025-11-25;4;10
1;2025-11-25;5;121
1;2025-11-25;6;507
1;2025-11-25;7;1604
1;2025-11-25;8;2028
1;2025-11-25;9;1495
1;2025-11-25;10;1363
1;2025-11-25;11;1336
1;2025-11-25;12;1366
1;2025-11-25;13;1379
1;2025-11-25;14;1319
1;2025-11-25;15;1443
1;2025-11-25;16;1512
1;2025-11-25;17;1838
1;2025-11-25;18;1852
1;2025-11-25;19;1425
1;2025-11-25;20;880
1;2025-11-25;21;495
1;2025-11-25;22;203
1;2025-11-25;23;36
1;2025-11-26;0;4
1;2025-11-26;1;0
1;2025-11-26;2;0
1;2025-11-26;3;0
1;2025-11-26;4;8
1;2025-11-26;5;135
1;2025-11-26;6;543
1;2025-11-26;7;1505
1;2025-11-26;8;1969
1;2025-11-26;9;1444
1;2025-11-26;10;1320
1;2025-11-26;11;1300
1;2025-11-26;12;1349
1;2025-11-26;13;1425
1;2025-11-26;14;1324
1;2025-11-26;15;1489
1;2025-11-26;16;1489
1;2025-11-26;17;1772
1;2025-11-26;18;1841
1;2025-11-26;19;1395
1;2025-11-26;20;907
1;2025-11-26;21;472
1;2025-11-26;22;211
1;2025-11-26;23;34
1;2025-11-27;0;4
1;2025-11-27;1;0
1;2025-11-27;2;0
1;2025-11-27;3;0
1;2025-11-27;4;10
1;2025-11-27;5;117
1;2025-11-27;6;472
1;2025-11-27;7;1507
1;2025-11-27;8;1979
1;2025-11-27;9;1423
1;2025-11-27;10;1326
1;2025-11-27;11;1305
1;2025-11-27;12;1390
1;2025-11-27;13;1425
1;2025-11-27;14;1358
1;2025-11-27;15;1509
1;2025-11-27;16;1514
1;2025-11-27;17;1769
1;2025-11-27;18;1794
1;2025-11-27;19;1339
1;2025-11-27;20;887
1;2025-11-27;21;455
1;2025-11-27;22;196
1;2025-11-27;23;39
1;2025-11-28;0;4
1;2025-11-28;1;0
1;2025-11-28;2;0
1;2025-11-28;3;0
1;2025-11-28;4;8
1;2025-11-28;5;147
1;2025-11-28;6;479
1;2025-11-28;7;1528
1;2025-11-28;8;1897
1;2025-11-28;9;1424
1;2025-11-28;10;1341
1;2025-11-28;11;1383
1;2025-11-28;12;1363
1;2025-11-28;13;1447
1;2025-11-28;14;1357
1;2025-11-28;15;1533
1;2025-11-28;16;1618
1;2025-11-28;17;1809
1;2025-11-28;18;1560
1;2025-11-28;19;1235
1;2025-11-28;20;810
1;2025-11-28;21;479
1;2025-11-28;22;203
1;2025-11-28;23;38
1;2025-11-29;0;3
1;2025-11-29;1;0
1;2025-11-29;2;0
1;2025-11-29;3;0
1;2025-11-29;4;0
1;2025-11-29;5;29
1;2025-11-29;6;157
1;2025-11-29;7;346
1;2025-11-29;8;462
1;2025-11-29;9;734
1;2025-11-29;10;885
1;2025-11-29;11;792
1;2025-11-29;12;976
1;2025-11-29;13;1037
1;2025-11-29;14;944
1;2025-11-29;15;804
1;2025-11-29;16;762
1;2025-11-29;17;684
1;2025-11-29;18;618
1;2025-11-29;19;561
1;2025-11-29;20;409
1;2025-11-29;21;306
1;2025-11-29;22;129
1;2025-11-29;23;26
1;2025-11-30;0;0
1;2025-11-30;1;0
1;2025-11-30;2;0
1;2025-11-30;3;0
1;2025-11-30;4;0
1;2025-11-30;5;24
1;2025-11-30;6;125
1;2025-11-30;7;267
1;2025-11-30;8;363
1;2025-11-30;9;617
1;2025-11-30;10;683
1;2025-11-30;11;685
1;2025-11-30;12;803
1;2025-11-30;13;849
1;2025-11-30;14;752
1;2025-11-30;15;669
1;2025-11-30;16;624
1;2025-11-30;17;587
1;2025-11-30;18;542
1;2025-11-30;19;453
1;2025-11-30;20;341
1;2025-11-30;21;262
1;2025-11-30;22;101
1;2025-11-30;23;26
1;2025-12-01;0;0
1;2025-12-01;1;0
1;2025-12-01;2;0
1;2025-12-01;3;0
1;2025-12-01;4;9
1;2025-12-01;5;128
1;2025-12-01;6;491
1;2025-12-01;7;1523
1;2025-12-01;8;1979
1;2025-12-01;9;1410
1;2025-12-01;10;1246
1;2025-12-01;11;1223
1;2025-12-01;12;1334
1;2025-12-01;13;1402
1;2025-12-01;14;1371
1;2025-12-01;15;1513
1;2025-12-01;16;1608
1;2025-12-01;17;1829
1;2025-12-01;18;1944
1;2025-12-01;19;1454
1;2025-12-01;20;905
1;2025-12-01;21;439
1;2025-12-01;22;173
1;2025-12-01;23;38
1;2025-12-02;0;6
1;2025-12-02;1;0
1;2025-12-02;2;0
1;2025-12-02;3;0
1;2025-12-02;4;10
1;2025-12-02;5;121
1;2025-12-02;6;507
1;2025-12-02;7;1604
1;2025-12-02;8;2028
1;2025-12-02;9;1495
1;2025-12-02;10;1363
1;2025-12-02;11;1336
1;2025-12-02;12;1366
1;2025-12-02;13;1379
1;2025-12-02;14;1319
1;2025-12-02;15;1443
1;2025-12-02;16;1512
1;2025-12-02;17;1838
1;2025-12-02;18;1852
1;2025-12-02;19;1425
1;2025-12-02;20;880
1;2025-12-02;21;495
1;2025-12-02;22;203
1;2025-12-02;23;36
1;2025-12-03;0;4
1;2025-12-03;1;0
1;2025-12-03;2;0
1;2025-12-03;3;0
1;2025-12-03;4;8
1;2025-12-03;5;135
1;2025-12-03;6;543
1;2025-12-03;7;1505
1;2025-12-03;8;1969
1;2025-12-03;9;1444
1;2025-12-03;10;1320
1;2025-12-03;11;1300
1;2025-12-03;12;1349
1;2025-12-03;13;1425
1;2025-12-03;14;1324
1;2025-12-03;15;1489
1;2025-12-03;16;1489
1;2025-12-03;17;1772
1;2025-12-03;18;1841
1;2025-12-03;19;1395
1;2025-12-03;20;907
1;2025-12-03;21;472
1;2025-12-03;22;211
1;2025-12-03;23;34
1;2025-12-04;0;4
1;2025-12-04;1;0
1;2025-12-04;2;0
1;2025-12-04;3;0
1;2025-12-04;4;10
1;2025-12-04;5;117
1;2025-12-04;6;472
1;2025-12-04;7;1507
1;2025-12-04;8;1979
1;2025-12-04;9;1423
1;2025-12-04;10;1326
1;2025-12-04;11;1305
1;2025-12-04;12;1390
1;2025-12-04;13;1425
1;2025-12-04;14;1358
1;2025-12-04;15;1509
1;2025-12-04;16;1514
1;2025-12-04;17;1769
1;2025-12-04;18;1794
1;2025-12-04;19;1339
1;2025-12-04;20;887
1;2025-12-04;21;455
1;2025-12-04;22;196
1;2025-12-04;23;39
1;2025-12-05;0;4
1;2025-12-05;1;0
1;2025-12-05;2;0
1;2025-12-05;3;0
1;2025-12-05;4;8
1;2025-12-05;5;147
1;2025-12-05;6;479
1;2025-12-05;7;1528
1;2025-12-05;8;1897
1;2025-12-05;9;1424
1;2025-12-05;10;1341
1;2025-12-05;11;1383
1;2025-12-05;12;1363
1;2025-12-05;13;1447
1;2025-12-05;14;1357
1;2025-12-05;15;1533
1;2025-12-05;16;1618
1;2025-12-05;17;1809
1;2025-12-05;18;1560
1;2025-12-05;19;1235
1;2025-12-05;20;810
1;2025-12-05;21;479
1;2025-12-05;22;203
1;2025-12-05;23;38
1;2025-12-06;0;3
1;2025-12-06;1;0
1;2025-12-06;2;0
1;2025-12-06;3;0
1;2025-12-06;4;0
1;2025-12-06;5;29
1;2025-12-06;6;157
1;2025-12-06;7;346
1;2025-12-06;8;462
1;2025-12-06;9;734
1;2025-12-06;10;885
1;2025-12-06;11;792
1;2025-12-06;12;976
1;2025-12-06;13;1037
1;2025-12-06;14;944
1;2025-12-06;15;804
1;2025-12-06;16;762
1;2025-12-06;17;684
1;2025-12-06;18;618
1;2025-12-06;19;561
1;2025-12-06;20;409
1;2025-12-06;21;306
1;2025-12-06;22;129
1;2025-12-06;23;26
1;2025-12-07;0;0
1;2025-12-07;1;0
1;2025-12-07;2;0
1;2025-12-07;3;0
1;2025-12-07;4;0
1;2025-12-07;5;24
1;2025-12-07;6;125
1;2025-12-07;7;267
1;2025-12-07;8;363
1;2025-12-07;9;617
1;2025-12-07;10;683
1;2025-12-07;11;685
1;2025-12-07;12;803
1;2025-12-07;13;849
1;2025-12-07;14;752
1;2025-12-07;15;669
1;2025-12-07;16;624
1;2025-12-07;17;587
1;2025-12-07;18;542
1;2025-12-07;19;453
1;2025-12-07;20;341
1;2025-12-07;21;262
1;2025-12-07;22;101
1;2025-12-07;23;26
1;2025-12-08;0;0
1;2025-12-08;1;0
1;2025-12-08;2;0
1;2025-12-08;3;0
1;2025-12-08;4;9
1;2025-12-08;5;128
1;2025-12-08;6;491
1;2025-12-08;7;1523
1;2025-12-08;8;1979
1;2025-12-08;9;1410
1;2025-12-08;10;1246
1;2025-12-08;11;1223
1;2025-12-08;12;1334
1;2025-12-08;13;1402
1;2025-12-08;14;1371
1;2025-12-08;15;1513
1;2025-12-08;16;1608
1;2025-12-08;17;1829
1;2025-12-08;18;1944
1;2025-12-08;19;1454
1;2025-12-08;20;905
1;2025-12-08;21;439
1;2025-12-08;22;173
1;2025-12-08;23;38
1;2025-12-09;0;6
1;2025-12-09;1;0
1;2025-12-09;2;0
1;2025-12-09;3;0
1;2025-12-09;4;10
1;2025-12-09;5;121
1;2025-12-09;6;507
1;2025-12-09;7;1604
1;2025-12-09;8;2028
1;2025-12-09;9;1495
1;2025-12-09;10;1363
1;2025-12-09;11;1336
1;2025-12-09;12;1366
1;2025-12-09;13;1379
1;2025-12-09;14;1319
1;2025-12-09;15;1443
1;2025-12-09;16;1512
1;2025-12-09;17;1838
1;2025-12-09;18;1852
1;2025-12-09;19;1425
1;2025-12-09;20;880
1;2025-12-09;21;495
1;2025-12-09;22;203
1;2025-12-09;23;36
1;2025-12-10;0;4
1;2025-12-10;1;0
1;2025-12-10;2;0
1;2025-12-10;3;0
1;2025-12-10;4;8
1;2025-12-10;5;135
1;2025-12-10;6;543
1;2025-12-10;7;1505
1;2025-12-10;8;1969
1;2025-12-10;9;1444
1;2025-12-10;10;1320
1;2025-12-10;11;1300
1;2025-12-10;12;1349
1;2025-12-10;13;1425
1;2025-12-10;14;1324
1;2025-12-10;15;1489
1;2025-12-10;16;1489
1;2025-12-10;17;1772
1;2025-12-10;18;1841
1;2025-12-10;19;1395
1;2025-12-10;20;907
1;2025-12-10;21;472
1;2025-12-10;22;211
1;2025-12-10;23;34
1;2025-12-11;0;4
1;2025-12-11;1;0
1;2025-12-11;2;0
1;2025-12-11;3;0
1;2025-12-11;4;10
1;2025-12-11;5;117
1;2025-12-11;6;472
1;2025-12-11;7;1507
1;2025-12-11;8;1979
1;2025-12-11;9;1423
1;2025-12-11;10;1326
1;2025-12-11;11;1305
1;2025-12-11;12;1390
1;2025-12-11;13;1425
1;2025-12-11;14;1358
1;2025-12-11;15;1509
1;2025-12-11;16;1514
1;2025-12-11;17;1769
1;2025-12-11;18;1794
1;2025-12-11;19;1339
1;2025-12-11;20;887
1;2025-12-11;21;455
1;2025-12-11;22;196
1;2025-12-11;23;39
1;2025-12-12;0;4
1;2025-12-12;1;0
1;2025-12-12;2;0
1;2025-12-12;3;0
1;2025-12-12;4;8
1;2025-12-12;5;147
1;2025-12-12;6;479
1;2025-12-12;7;1528
1;2025-12-12;8;1897
1;2025-12-12;9;1424
1;2025-12-12;10;1341
1;2025-12-12;11;1383
1;2025-12-12;12;1363
1;2025-12-12;13;1447
1;2025-12-12;14;1357
1;2025-12-12;15;1533
1;2025-12-12;16;1618
1;2025-12-12;17;1809
1;2025-12-12;18;1560
1;2025-12-12;19;1235
1;2025-12-12;20;810
1;2025-12-12;21;479
1;2025-12-12;22;203
1;2025-12-12;23;38
1;2025-12-13;0;3
1;2025-12-13;1;0
1;2025-12-13;2;0
1;2025-12-13;3;0
1;2025-12-13;4;0
1;2025-12-13;5;29
1;2025-12-13;6;157
1;2025-12-13;7;346
1;2025-12-13;8;462
1;2025-12-13;9;734
1;2025-12-13;10;885
1;2025-12-13;11;792
1;2025-12-13;12;976
1;2025-12-13;13;1037
1;2025-12-13;14;944
1;2025-12-13;15;804
1;2025-12-13;16;762
1;2025-12-13;17;684
1;2025-12-13;18;618
1;2025-12-13;19;561
1;2025-12-13;20;409
1;2025-12-13;21;306
1;2025-12-13;22;129
1;2025-12-13;23;26
1;2025-12-14;0;0
1;2025-12-14;1;0
1;2025-12-14;2;0
1;2025-12-14;3;0
1;2025-12-14;4;0
1;2025-12-14;5;24
1;2025-12-14;6;125
1;2025-12-14;7;267
1;2025-12-14;8;363
1;2025-12-14;9;617
1;2025-12-14;10;683
1;2025-12-14;11;685
1;2025-12-14;12;803
1;2025-12-14;13;849
1;2025-12-14;14;752
1;2025-12-14;15;669
1;2025-12-14;16;624
1;2025-12-14;17;587
1;2025-12-14;18;542
1;2025-12-14;19;453
1;2025-12-14;20;341
1;2025-12-14;21;262
1;2025-12-14;22;101
1;2025-12-14;23;26
1;2025-12-15;0;0
1;2025-12-15;1;0
1;2025-12-15;2;0
1;2025-12-15;3;0
1;2025-12-15;4;9
1;2025-12-15;5;128
1;2025-12-15;6;491
1;2025-12-15;7;1523
1;2025-12-15;8;1979
1;2025-12-15;9;1410
1;2025-12-15;10;1246
1;2025-12-15;11;1223
1;2025-12-15;12;1334
1;2025-12-15;13;1402
1;2025-12-15;14;1371
1;2025-12-15;15;1513
1;2025-12-15;16;1608
1;2025-12-15;17;1829
1;2025-12-15;18;1944
1;2025-12-15;19;1454
1;2025-12-15;20;905
1;2025-12-15;21;439
1;2025-12-15;22;173
1;2025-12-15;23;38
1;2025-12-16;0;6
1;2025-12-16;1;0
1;2025-12-16;2;0
1;2025-12-16;3;0
1;2025-12-16;4;10
1;2025-12-16;5;121
1;2025-12-16;6;507
1;2025-12-16;7;1604
1;2025-12-16;8;2028
1;2025-12-16;9;1495
1;2025-12-16;10;1363
1;2025-12-16;11;1336
1;2025-12-16;12;1366
1;2025-12-16;13;1379
1;2025-12-16;14;1319
1;2025-12-16;15;1443
1;2025-12-16;16;1512
1;2025-12-16;17;1838
1;2025-12-16;18;1852
1;2025-12-16;19;1425
1;2025-12-16;20;880
1;2025-12-16;21;495
1;2025-12-16;22;203
1;2025-12-16;23;36
1;2025-12-17;0;4
1;2025-12-17;1;0
1;2025-12-17;2;0
1;2025-12-17;3;0
1;2025-12-17;4;8
1;2025-12-17;5;135
1;2025-12-17;6;543
1;2025-12-17;7;1505
1;2025-12-17;8;1969
1;2025-12-17;9;1444
1;2025-12-17;10;1320
1;2025-12-17;11;1300
1;2025-12-17;12;1349
1;2025-12-17;13;1425
1;2025-12-17;14;1324
1;2025-12-17;15;1489
1;2025-12-17;16;1489
1;2025-12-17;17;1772
1;2025-12-17;18;1841
1;2025-12-17;19;1395
1;2025-12-17;20;907
1;2025-12-17;21;472
1;2025-12-17;22;211
1;2025-12-17;23;34
1;2025-12-18;0;4
1;2025-12-18;1;0
1;2025-12-18;2;0
1;2025-12-18;3;0
1;2025-12-18;4;10
1;2025-12-18;5;117
1;2025-12-18;6;472
1;2025-12-18;7;1507
1;2025-12-18;8;1979
1;2025-12-18;9;1423
1;2025-12-18;10;1326
1;2025-12-18;11;1305
1;2025-12-18;12;1390
1;2025-12-18;13;1425
1;2025-12-18;14;1358
1;2025-12-18;15;1509
1;2025-12-18;16;1514
1;2025-12-18;17;1769
1;2025-12-18;18;1794
1;2025-12-18;19;1339
1;2025-12-18;20;887
1;2025-12-18;21;455
1;2025-12-18;22;196
1;2025-12-18;23;39
1;2025-12-19;0;4
1;2025-12-19;1;0
1;2025-12-19;2;0
1;2025-12-19;3;0
1;2025-12-19;4;8
1;2025-12-19;5;147
1;2025-12-19;6;479
1;2025-12-19;7;1528
1;2025-12-19;8;1897
1;2025-12-19;9;1424
1;2025-12-19;10;1341
1;2025-12-19;11;1383
1;2025-12-19;12;1363
1;2025-12-19;13;1447
1;2025-12-19;14;1357
1;2025-12-19;15;1533
1;2025-12-19;16;1618
1;2025-12-19;17;1809
1;2025-12-19;18;1560
1;2025-12-19;19;1235
1;2025-12-19;20;810
1;2025-12-19;21;479
1;2025-12-19;22;203
1;2025-12-19;23;38
1;2025-12-20;0;3
1;2025-12-20;1;0
1;2025-12-20;2;0
1;2025-12-20;3;0
1;2025-12-20;4;0
1;2025-12-20;5;29
1;2025-12-20;6;157
1;2025-12-20;7;346
1;2025-12-20;8;462
1;2025-12-20;9;734
1;2025-12-20;10;885
1;2025-12-20;11;792
1;2025-12-20;12;976
1;2025-12-20;13;1037
1;2025-12-20;14;944
1;2025-12-20;15;804
1;2025-12-20;16;762
1;2025-12-20;17;684
1;2025-12-20;18;618
1;2025-12-20;19;561
1;2025-12-20;20;409
1;2025-12-20;21;306
1;2025-12-20;22;129
1;2025-12-20;23;26
1;2025-12-21;0;0
1;2025-12-21;1;0
1;2025-12-21;2;0
1;2025-12-21;3;0
1;2025-12-21;4;0
1;2025-12-21;5;24
1;2025-12-21;6;125
1;2025-12-21;7;267
1;2025-12-21;8;363
1;2025-12-21;9;617
1;2025-12-21;10;683
1;2025-12-21;11;685
1;2025-12-21;12;803
1;2025-12-21;13;849
1;2025-12-21;14;752
1;2025-12-21;15;669
1;2025-12-21;16;624
1;2025-12-21;17;587
1;2025-12-21;18;542
1;2025-12-21;19;453
1;2025-12-21;20;341
1;2025-12-21;21;262
1;2025-12-21;22;101
1;2025-12-21;23;26
1;2025-12-22;0;0
1;2025-12-22;1;0
1;2025-12-22;2;0
1;2025-12-22;3;0
1;2025-12-22;4;9
1;2025-12-22;5;128
1;2025-12-22;6;491
1;2025-12-22;7;1523
1;2025-12-22;8;1979
1;2025-12-22;9;1410
1;2025-12-22;10;1246
1;2025-12-22;11;1223
1;2025-12-22;12;1334
1;2025-12-22;13;1402
1;2025-12-22;14;1371
1;2025-12-22;15;1513
1;2025-12-22;16;1608
1;2025-12-22;17;1829
1;2025-12-22;18;1944
1;2025-12-22;19;1454
1;2025-12-22;20;905
1;2025-12-22;21;439
1;2025-12-22;22;173
1;2025-12-22;23;38
1;2025-12-23;0;6
1;2025-12-23;1;0
1;2025-12-23;2;0
1;2025-12-23;3;0
1;2025-12-23;4;10
1;2025-12-23;5;121
1;2025-12-23;6;507
1;2025-12-23;7;1604
1;2025-12-23;8;2028
1;2025-12-23;9;1495
1;2025-12-23;10;1363
1;2025-12-23;11;1336
1;2025-12-23;12;1366
1;2025-12-23;13;1379
1;2025-12-23;14;1319
1;2025-12-23;15;1443
1;2025-12-23;16;1512
1;2025-12-23;17;1838
1;2025-12-23;18;1852
1;2025-12-23;19;1425
1;2025-12-23;20;880
1;2025-12-23;21;495
1;2025-12-23;22;203
1;2025-12-23;23;36
1;2025-12-24;0;4
1;2025-12-24;1;0
1;2025-12-24;2;0
1;2025-12-24;3;0
1;2025-12-24;4;8
1;2025-12-24;5;135
1;2025-12-24;6;543
1;2025-12-24;7;1505
1;2025-12-24;8;1969
1;2025-12-24;9;1444
1;2025-12-24;10;1320
1;2025-12-24;11;1300
1;2025-12-24;12;1349
1;2025-12-24;13;1425
1;2025-12-24;14;1324
1;2025-12-24;15;1489
1;2025-12-24;16;1489
1;2025-12-24;17;1772
1;2025-12-24;18;1841
1;2025-12-24;19;1395
1;2025-12-24;20;907
1;2025-12-24;21;472
1;2025-12-24;22;211
1;2025-12-24;23;34
1;2025-12-25;0;4
1;2025-12-25;1;0
1;2025-12-25;2;0
1;2025-12-25;3;0
1;2025-12-25;4;10
1;2025-12-25;5;117
1;2025-12-25;6;472
1;2025-12-25;7;1507
1;2025-12-25;8;1979
1;2025-12-25;9;1423
1;2025-12-25;10;1326
1;2025-12-25;11;1305
1;2025-12-25;12;1390
1;2025-12-25;13;1425
1;2025-12-25;14;1358
1;2025-12-25;15;1509
1;2025-12-25;16;1514
1;2025-12-25;17;1769
1;2025-12-25;18;1794
1;2025-12-25;19;1339
1;2025-12-25;20;887
1;2025-12-25;21;455
1;2025-12-25;22;196
1;2025-12-25;23;39
1;2025-12-26;0;4
1;2025-12-26;1;0
1;2025-12-26;2;0
1;2025-12-26;3;0
1;2025-12-26;4;8
1;2025-12-26;5;147
1;2025-12-26;6;479
1;2025-12-26;7;1528
1;2025-12-26;8;1897
1;2025-12-26;9;1424
1;2025-12-26;10;1341
1;2025-12-26;11;1383
1;2025-12-26;12;1363
1;2025-12-26;13;1447
1;2025-12-26;14;1357
1;2025-12-26;15;1533
1;2025-12-26;16;1618
1;2025-12-26;17;1809
1;2025-12-26;18;1560
1;2025-12-26;19;1235
1;2025-12-26;20;810
1;2025-12-26;21;479
1;2025-12-26;22;203
1;2025-12-26;23;38
1;2025-12-27;0;3
1;2025-12-27;1;0
1;2025-12-27;2;0
1;2025-12-27;3;0
1;2025-12-27;4;0
1;2025-12-27;5;29
1;2025-12-27;6;157
1;2025-12-27;7;346
1;2025-12-27;8;462
1;2025-12-27;9;734
1;2025-12-27;10;885
1;2025-12-27;11;792
1;2025-12-27;12;976
1;2025-12-27;13;1037
1;2025-12-27;14;944
1;2025-12-27;15;804
1;2025-12-27;16;762
1;2025-12-27;17;684
1;2025-12-27;18;618
1;2025-12-27;19;561
1;2025-12-27;20;409
1;2025-12-27;21;306
1;2025-12-27;22;129
1;2025-12-27;23;26
1;2025-12-28;0;0
1;2025-12-28;1;0
1;2025-12-28;2;0
1;2025-12-28;3;0
1;2025-12-28;4;0
1;2025-12-28;5;24
1;2025-12-28;6;125
1;2025-12-28;7;267
1;2025-12-28;8;363
1;2025-12-28;9;617
1;2025-12-28;10;683
1;2025-12-28;11;685
1;2025-12-28;12;803
1;2025-12-28;13;849
1;2025-12-28;14;752
1;2025-12-28;15;669
1;2025-12-28;16;624
1;2025-12-28;17;587
1;2025-12-28;18;542
1;2025-12-28;19;453
1;2025-12-28;20;341
1;2025-12-28;21;262
1;2025-12-28;22;101
1;2025-12-28;23;26
1;2025-12-29;0;0
1;2025-12-29;1;0
1;2025-12-29;2;0
1;2025-12-29;3;0
1;2025-12-29;4;9
1;2025-12-29;5;128
1;2025-12-29;6;491
1;2025-12-29;7;1523
1;2025-12-29;8;1979
1;2025-12-29;9;1410
1;2025-12-29;10;1246
1;2025-12-29;11;1223
1;2025-12-29;12;1334
1;2025-12-29;13;1402
1;2025-12-29;14;1371
1;2025-12-29;15;1513
1;2025-12-29;16;1608
1;2025-12-29;17;1829
1;2025-12-29;18;1944
1;2025-12-29;19;1454
1;2025-12-29;20;905
1;2025-12-29;21;439
1;2025-12-29;22;173
1;2025-12-29;23;38
1;2025-12-30;0;6
1;2025-12-30;1;0
1;2025-12-30;2;0
1;2025-12-30;3;0
1;2025-12-30;4;10
1;2025-12-30;5;121
1;2025-12-30;6;507
1;2025-12-30;7;1604
1;2025-12-30;8;2028
1;2025-12-30;9;1495
1;2025-12-30;10;1363
1;2025-12-30;11;1336
1;2025-12-30;12;1366
1;2025-12-30;13;1379
1;2025-12-30;14;1319
1;2025-12-30;15;1443
1;2025-12-30;16;1512
1;2025-12-30;17;1838
1;2025-12-30;18;1852
1;2025-12-30;19;1425
1;2025-12-30;20;880
1;2025-12-30;21;495
1;2025-12-30;22;203
1;2025-12-30;23;36
1;2025-12-31;0;4
1;2025-12-31;1;0
1;2025-12-31;2;0
1;2025-12-31;3;0
1;2025-12-31;4;8
1;2025-12-31;5;135
1;2025-12-31;6;543
1;2025-12-31;7;1505
1;2025-12-31;8;1969
1;2025-12-31;9;1444
1;2025-12-31;10;1320
1;2025-12-31;11;1300
1;2025-12-31;12;1349
1;2025-12-31;13;1425
1;2025-12-31;14;1324
1;2025-12-31;15;1489
1;2025-12-31;16;1489
1;2025-12-31;17;1772
1;2025-12-31;18;1841
1;2025-12-31;19;1395
1;2025-12-31;20;907
1;2025-12-31;21;472
1;2025-12-31;22;211
1;2025-12-31;23;34
5;2025-11-01;0;0
5;2025-11-01;1;0
5;2025-11-01;2;0
5;2025-11-01;3;0
5;2025-11-01;4;0
5;2025-11-01;5;0
5;2025-11-01;6;0
5;2025-11-01;7;0
5;2025-11-01;8;0
5;2025-11-01;9;0
5;2025-11-01;10;0
5;2025-11-01;11;0
5;2025-11-01;12;0
5;2025-11-01;13;0
5;2025-11-01;14;0
5;2025-11-01;15;0
5;2025-11-01;16;0
5;2025-11-01;17;0
5;2025-11-01;18;0
5;2025-11-01;19;0
5;2025-11-01;20;0
5;2025-11-01;21;0
5;2025-11-01;22;0
5;2025-11-01;23;0
5;2025-11-02;0;0
5;2025-11-02;1;0
5;2025-11-02;2;0
5;2025-11-02;3;0
5;2025-11-02;4;0
5;2025-11-02;5;0
5;2025-11-02;6;0
5;2025-11-02;7;0
5;2025-11-02;8;0
5;2025-11-02;9;0
5;2025-11-02;10;0
5;2025-11-02;11;0
5;2025-11-02;12;0
5;2025-11-02;13;0
5;2025-11-02;14;0
5;2025-11-02;15;0
5;2025-11-02;16;0
5;2025-11-02;17;0
5;2025-11-02;18;0
5;2025-11-02;19;0
5;2025-11-02;20;0
5;2025-11-02;21;0
5;2025-11-02;22;0
5;2025-11-02;23;0
5;2025-11-03;0;0
5;2025-11-03;1;0
5;2025-11-03;2;0
5;2025-11-03;3;0
5;2025-11-03;4;0
5;2025-11-03;5;0
5;2025-11-03;6;0
5;2025-11-03;7;0
5;2025-11-03;8;0
5;2025-11-03;9;0
5;2025-11-03;10;0
5;2025-11-03;11;0
5;2025-11-03;12;0
5;2025-11-03;13;0
5;2025-11-03;14;0
5;2025-11-03;15;0
5;2025-11-03;16;0
5;2025-11-03;17;0
5;2025-11-03;18;0
5;2025-11-03;19;0
5;2025-11-03;20;0
5;2025-11-03;21;0
5;2025-11-03;22;0
5;2025-11-03;23;0
5;2025-11-04;0;0
5;2025-11-04;1;0
5;2025-11-04;2;0
5;2025-11-04;3;0
5;2025-11-04;4;0
5;2025-11-04;5;0
5;2025-11-04;6;0
5;2025-11-04;7;0
5;2025-11-04;8;0
5;2025-11-04;9;0
5;2025-11-04;10;0
5;2025-11-04;11;0
5;2025-11-04;12;0
5;2025-11-04;13;0
5;2025-11-04;14;0
5;2025-11-04;15;0
5;2025-11-04;16;0
5;2025-11-04;17;0
5;2025-11-04;18;0
5;2025-11-04;19;0
5;2025-11-04;20;0
5;2025-11-04;21;0
5;2025-11-04;22;0
5;2025-11-04;23;0
5;2025-11-05;0;0
5;2025-11-05;1;0
5;2025-11-05;2;0
5;2025-11-05;3;0
5;2025-11-05;4;0
5;2025-11-05;5;0
5;2025-11-05;6;0
5;2025-11-05;7;0
5;2025-11-05;8;0
5;2025-11-05;9;0
5;2025-11-05;10;0
5;2025-11-05;11;0
5;2025-11-05;12;0
5;2025-11-05;13;0
5;2025-11-05;14;0
5;2025-11-05;15;0
5;2025-11-05;16;0
5;2025-11-05;17;0
5;2025-11-05;18;0
5;2025-11-05;19;0
5;2025-11-05;20;0
5;2025-11-05;21;0
5;2025-11-05;22;0
5;2025-11-05;23;0
5;2025-11-06;0;0
5;2025-11-06;1;0
5;2025-11-06;2;0
5;2025-11-06;3;0
5;2025-11-06;4;0
5;2025-11-06;5;0
5;2025-11-06;6;0
5;2025-11-06;7;0
5;2025-11-06;8;0
5;2025-11-06;9;0
5;2025-11-06;10;0
5;2025-11-06;11;0
5;2025-11-06;12;0
5;2025-11-06;13;0
5;2025-11-06;14;0
5;2025-11-06;15;0
5;2025-11-06;16;0
5;2025-11-06;17;0
5;2025-11-06;18;0
5;2025-11-06;19;0
5;2025-11-06;20;0
5;2025-11-06;21;0
5;2025-11-06;22;0
5;2025-11-06;23;0
5;2025-11-07;0;0
5;2025-11-07;1;0
5;2025-11-07;2;0
5;2025-11-07;3;0
5;2025-11-07;4;0
5;2025-11-07;5;0
5;2025-11-07;6;0
5;2025-11-07;7;0
5;2025-11-07;8;0
5;2025-11-07;9;0
5;2025-11-07;10;0
5;2025-11-07;11;0
5;2025-11-07;12;0
5;2025-11-07;13;0
5;2025-11-07;14;0
5;2025-11-07;15;0
5;2025-11-07;16;0
5;2025-11-07;17;0
5;2025-11-07;18;0
5;2025-11-07;19;0
5;2025-11-07;20;0
5;2025-11-07;21;0
5;2025-11-07;22;0
5;2025-11-07;23;0
5;2025-11-08;0;0
5;2025-11-08;1;0
5;2025-11-08;2;0
5;2025-11-08;3;0
5;2025-11-08;4;0
5;2025-11-08;5;0
5;2025-11-08;6;0
5;2025-11-08;7;0
5;2025-11-08;8;0
5;2025-11-08;9;0
5;2025-11-08;10;0
5;2025-11-08;11;0
5;2025-11-08;12;0
5;2025-11-08;13;0
5;2025-11-08;14;0
5;2025-11-08;15;0
5;2025-11-08;16;0
5;2025-11-08;17;0
5;2025-11-08;18;0
5;2025-11-08;19;0
5;2025-11-08;20;0
5;2025-11-08;21;0
5;2025-11-08;22;0
5;2025-11-08;23;0
5;2025-11-09;0;0
5;2025-11-09;1;0
5;2025-11-09;2;0
5;2025-11-09;3;0
5;2025-11-09;4;0
5;2025-11-09;5;0
5;2025-11-09;6;0
5;2025-11-09;7;0
5;2025-11-09;8;0
5;2025-11-09;9;0
5;2025-11-09;10;0
5;2025-11-09;11;0
5;2025-11-09;12;0
5;2025-11-09;13;0
5;2025-11-09;14;0
5;2025-11-09;15;0
5;2025-11-09;16;0
5;2025-11-09;17;0
5;2025-11-09;18;0
5;2025-11-09;19;0
5;2025-11-09;20;0
5;2025-11-09;21;0
5;2025-11-09;22;0
5;2025-11-09;23;0
5;2025-11-10;0;0
5;2025-11-10;1;0
5;2025-11-10;2;0
5;2025-11-10;3;0
5;2025-11-10;4;0
5;2025-11-10;5;0
5;2025-11-10;6;0
5;2025-11-10;7;0
5;2025-11-10;8;0
5;2025-11-10;9;0
5;2025-11-10;10;0
5;2025-11-10;11;0
5;2025-11-10;12;0
5;2025-11-10;13;0
5;2025-11-10;14;0
5;2025-11-10;15;0
5;2025-11-10;16;0
5;2025-11-10;17;0
5;2025-11-10;18;0
5;2025-11-10;19;0
5;2025-11-10;20;0
5;2025-11-10;21;0
5;2025-11-10;22;0
5;2025-11-10;23;0
5;2025-11-11;0;0
5;2025-11-11;1;0
5;2025-11-11;2;0
5;2025-11-11;3;0
5;2025-11-11;4;0
5;2025-11-11;5;0
5;2025-11-11;6;0
5;2025-11-11;7;0
5;2025-11-11;8;0
5;2025-11-11;9;0
5;2025-11-11;10;0
5;2025-11-11;11;0
5;2025-11-11;12;0
5;2025-11-11;13;0
5;2025-11-11;14;0
5;2025-11-11;15;0
5;2025-11-11;16;0
5;2025-11-11;17;0
5;2025-11-11;18;0
5;2025-11-11;19;0
5;2025-11-11;20;0
5;2025-11-11;21;0
5;2025-11-11;22;0
5;2025-11-11;23;0
5;2025-11-12;0;0
5;2025-11-12;1;0
5;2025-11-12;2;0
5;2025-11-12;3;0
5;2025-11-12;4;0
5;2025-11-12;5;0
5;2025-11-12;6;0
5;2025-11-12;7;0
5;2025-11-12;8;0
5;2025-11-12;9;0
5;2025-11-12;10;0
5;2025-11-12;11;0
5;2025-11-12;12;0
5;2025-11-12;13;0
5;2025-11-12;14;0
5;2025-11-12;15;0
5;2025-11-12;16;0
5;2025-11-12;17;0
5;2025-11-12;18;0
5;2025-11-12;19;0
5;2025-11-12;20;0
5;2025-11-12;21;0
5;2025-11-12;22;0
5;2025-11-12;23;0
5;2025-11-13;0;0
5;2025-11-13;1;0
5;2025-11-13;2;0
5;2025-11-13;3;0
5;2025-11-13;4;0
5;2025-11-13;5;0
5;2025-11-13;6;0
5;2025-11-13;7;0
5;2025-11-13;8;0
5;2025-11-13;9;0
5;2025-11-13;10;0
5;2025-11-13;11;0
5;2025-11-13;12;0
5;2025-11-13;13;0
5;2025-11-13;14;0
5;2025-11-13;15;0
5;2025-11-13;16;0
5;2025-11-13;17;0
5;2025-11-13;18;0
5;2025-11-13;19;0
5;2025-11-13;20;0
5;2025-11-13;21;0
5;2025-11-13;22;0
5;2025-11-13;23;0
5;2025-11-14;0;0
5;2025-11-14;1;0
5;2025-11-14;2;0
5;2025-11-14;3;0
5;2025-11-14;4;0
5;2025-11-14;5;0
5;2025-11-14;6;0
5;2025-11-14;7;0
5;2025-11-14;8;0
5;2025-11-14;9;0
5;2025-11-14;10;0
5;2025-11-14;11;0
5;2025-11-14;12;0
5;2025-11-14;13;0
5;2025-11-14;14;0
5;2025-11-14;15;0
5;2025-11-14;16;0
5;2025-11-14;17;0
5;2025-11-14;18;0
5;2025-11-14;19;0
5;2025-11-14;20;0
5;2025-11-14;21;0
5;2025-11-14;22;0
5;2025-11-14;23;0
5;2025-11-15;0;0
5;2025-11-15;1;0
5;2025-11-15;2;0
5;2025-11-15;3;0
5;2025-11-15;4;0
5;2025-11-15;5;0
5;2025-11-15;6;0
5;2025-11-15;7;0
5;2025-11-15;8;0
5;2025-11-15;9;0
5;2025-11-15;10;0
5;2025-11-15;11;0
5;2025-11-15;12;0
5;2025-11-15;13;0
5;2025-11-15;14;0
5;2025-11-15;15;0
5;2025-11-15;16;0
5;2025-11-15;17;0
5;2025-11-15;18;0
5;2025-11-15;19;0
5;2025-11-15;20;0
5;2025-11-15;21;0
5;2025-11-15;22;0
5;2025-11-15;23;0
5;2025-11-16;0;0
5;2025-11-16;1;0
5;2025-11-16;2;0
5;2025-11-16;3;0
5;2025-11-16;4;0
5;2025-11-16;5;0
5;2025-11-16;6;0
5;2025-11-16;7;0
5;2025-11-16;8;0
5;2025-11-16;9;0
5;2025-11-16;10;0
5;2025-11-16;11;0
5;2025-11-16;12;0
5;2025-11-16;13;0
5;2025-11-16;14;0
5;2025-11-16;15;0
5;2025-11-16;16;0
5;2025-11-16;17;0
5;2025-11-16;18;0
5;2025-11-16;19;0
5;2025-11-16;20;0
5;2025-11-16;21;0
5;2025-11-16;22;0
5;2025-11-16;23;0
5;2025-11-17;0;0
5;2025-11-17;1;0
5;2025-11-17;2;0
5;2025-11-17;3;0
5;2025-11-17;4;0
5;2025-11-17;5;0
5;2025-11-17;6;0
5;2025-11-17;7;0
5;2025-11-17;8;0
5;2025-11-17;9;0
5;2025-11-17;10;0
5;2025-11-17;11;0
5;2025-11-17;12;0
5;2025-11-17;13;0
5;2025-11-17;14;0
5;2025-11-17;15;0
5;2025-11-17;16;0
5;2025-11-17;17;0
5;2025-11-17;18;0
5;2025-11-17;19;0
5;2025-11-17;20;0
5;2025-11-17;21;0
5;2025-11-17;22;0
5;2025-11-17;23;0
5;2025-11-18;0;0
5;2025-11-18;1;0
5;2025-11-18;2;0
5;2025-11-18;3;0
5;2025-11-18;4;0
5;2025-11-18;5;0
5;2025-11-18;6;0
5;2025-11-18;7;0
5;2025-11-18;8;0
5;2025-11-18;9;0
5;2025-11-18;10;0
5;2025-11-18;11;0
5;2025-11-18;12;0
5;2025-11-18;13;0
5;2025-11-18;14;0
5;2025-11-18;15;0
5;2025-11-18;16;0
5;2025-11-18;17;0
5;2025-11-18;18;0
5;2025-11-18;19;0
5;2025-11-18;20;0
5;2025-11-18;21;0
5;2025-11-18;22;0
5;2025-11-18;23;0
5;2025-11-19;0;0
5;2025-11-19;1;0
5;2025-11-19;2;0
5;2025-11-19;3;0
5;2025-11-19;4;0
5;2025-11-19;5;0
5;2025-11-19;6;0
5;2025-11-19;7;0
5;2025-11-19;8;0
5;2025-11-19;9;0
5;2025-11-19;10;0
5;2025-11-19;11;0
5;2025-11-19;12;0
5;2025-11-19;13;0
5;2025-11-19;14;0
5;2025-11-19;15;0
5;2025-11-19;16;0
5;2025-11-19;17;0
5;2025-11-19;18;0
5;2025-11-19;19;0
5;2025-11-19;20;0
5;2025-11-19;21;0
5;2025-11-19;22;0
5;2025-11-19;23;0
5;2025-11-20;0;0
5;2025-11-20;1;0
5;2025-11-20;2;0
5;2025-11-20;3;0
5;2025-11-20;4;0
5;2025-11-20;5;0
5;2025-11-20;6;0
5;2025-11-20;7;0
5;2025-11-20;8;0
5;2025-11-20;9;0
5;2025-11-20;10;0
5;2025-11-20;11;0
5;2025-11-20;12;0
5;2025-11-20;13;0
5;2025-11-20;14;0
5;2025-11-20;15;0
5;2025-11-20;16;0
5;2025-11-20;17;0
5;2025-11-20;18;0
5;2025-11-20;19;0
5;2025-11-20;20;0
5;2025-11-20;21;0
5;2025-11-20;22;0
5;2025-11-20;23;0
5;2025-11-21;0;0
5;2025-11-21;1;0
5;2025-11-21;2;0
5;2025-11-21;3;0
5;2025-11-21;4;0
5;2025-11-21;5;0
5;2025-11-21;6;0
5;2025-11-21;7;0
5;2025-11-21;8;0
5;2025-11-21;9;0
5;2025-11-21;10;0
5;2025-11-21;11;0
5;2025-11-21;12;0
5;2025-11-21;13;0
5;2025-11-21;14;0
5;2025-11-21;15;0
5;2025-11-21;16;0
5;2025-11-21;17;0
5;2025-11-21;18;0
5;2025-11-21;19;0
5;2025-11-21;20;0
5;2025-11-21;21;0
5;2025-11-21;22;0
5;2025-11-21;23;0
5;2025-11-22;0;0
5;2025-11-22;1;0
5;2025-11-22;2;0
5;2025-11-22;3;0
5;2025-11-22;4;0
5;2025-11-22;5;0
5;2025-11-22;6;0
5;2025-11-22;7;0
5;2025-11-22;8;0
5;2025-11-22;9;0
5;2025-11-22;10;0
5;2025-11-22;11;0
5;2025-11-22;12;0
5;2025-11-22;13;0
5;2025-11-22;14;0
5;2025-11-22;15;0
5;2025-11-22;16;0
5;2025-11-22;17;0
5;2025-11-22;18;0
5;2025-11-22;19;0
5;2025-11-22;20;0
5;2025-11-22;21;0
5;2025-11-22;22;0
5;2025-11-22;23;0
5;2025-11-23;0;0
5;2025-11-23;1;0
5;2025-11-23;2;0
5;2025-11-23;3;0
5;2025-11-23;4;0
5;2025-11-23;5;0
5;2025-11-23;6;0
5;2025-11-23;7;0
5;2025-11-23;8;0
5;2025-11-23;9;0
5;2025-11-23;10;0
5;2025-11-23;11;0
5;2025-11-23;12;0
5;2025-11-23;13;0
5;2025-11-23;14;0
5;2025-11-23;15;0
5;2025-11-23;16;0
5;2025-11-23;17;0
5;2025-11-23;18;0
5;2025-11-23;19;0
5;2025-11-23;20;0
5;2025-11-23;21;0
5;2025-11-23;22;0
5;2025-11-23;23;0
5;2025-11-24;0;0
5;2025-11-24;1;0
5;2025-11-24;2;0
5;2025-11-24;3;0
5;2025-11-24;4;0
5;2025-11-24;5;0
5;2025-11-24;6;0
5;2025-11-24;7;0
5;2025-11-24;8;0
5;2025-11-24;9;0
5;2025-11-24;10;0
5;2025-11-24;11;0
5;2025-11-24;12;0
5;2025-11-24;13;0
5;2025-11-24;14;0
5;2025-11-24;15;0
5;2025-11-24;16;0
5;2025-11-24;17;0
5;2025-11-24;18;0
5;2025-11-24;19;0
5;2025-11-24;20;0
5;2025-11-24;21;0
5;2025-11-24;22;0
5;2025-11-24;23;0
5;2025-11-25;0;0
5;2025-11-25;1;0
5;2025-11-25;2;0
5;2025-11-25;3;0
5;2025-11-25;4;0
5;2025-11-25;5;0
5;2025-11-25;6;0
5;2025-11-25;7;0
5;2025-11-25;8;0
5;2025-11-25;9;0
5;2025-11-25;10;0
5;2025-11-25;11;0
5;2025-11-25;12;0
5;2025-11-25;13;0
5;2025-11-25;14;0
5;2025-11-25;15;0
5;2025-11-25;16;0
5;2025-11-25;17;0
5;2025-11-25;18;0
5;2025-11-25;19;0
5;2025-11-25;20;0
5;2025-11-25;21;0
5;2025-11-25;22;0
5;2025-11-25;23;0
5;2025-11-26;0;0
5;2025-11-26;1;0
5;2025-11-26;2;0
5;2025-11-26;3;0
5;2025-11-26;4;0
5;2025-11-26;5;0
5;2025-11-26;6;0
5;2025-11-26;7;0
5;2025-11-26;8;0
5;2025-11-26;9;0
5;2025-11-26;10;0
5;2025-11-26;11;0
5;2025-11-26;12;0
5;2025-11-26;13;0
5;2025-11-26;14;0
5;2025-11-26;15;0
5;2025-11-26;16;0
5;2025-11-26;17;0
5;2025-11-26;18;0
5;2025-11-26;19;0
5;2025-11-26;20;0
5;2025-11-26;21;0
5;2025-11-26;22;0
5;2025-11-26;23;0
5;2025-11-27;0;0
5;2025-11-27;1;0
5;2025-11-27;2;0
5;2025-11-27;3;0
5;2025-11-27;4;0
5;2025-11-27;5;0
5;2025-11-27;6;0
5;2025-11-27;7;0
5;2025-11-27;8;0
5;2025-11-27;9;0
5;2025-11-27;10;0
5;2025-11-27;11;0
5;2025-11-27;12;0
5;2025-11-27;13;0
5;2025-11-27;14;0
5;2025-11-27;15;0
5;2025-11-27;16;0
5;2025-11-27;17;0
5;2025-11-27;18;0
5;2025-11-27;19;0
5;2025-11-27;20;0
5;2025-11-27;21;0
5;2025-11-27;22;0
5;2025-11-27;23;0
5;2025-11-28;0;0
5;2025-11-28;1;0
5;2025-11-28;2;0
5;2025-11-28;3;0
5;2025-11-28;4;0
5;2025-11-28;5;0
5;2025-11-28;6;0
5;2025-11-28;7;0
5;2025-11-28;8;0
5;2025-11-28;9;0
5;2025-11-28;10;0
5;2025-11-28;11;0
5;2025-11-28;12;0
5;2025-11-28;13;0
5;2025-11-28;14;0
5;2025-11-28;15;0
5;2025-11-28;16;0
5;2025-11-28;17;0
5;2025-11-28;18;0
5;2025-11-28;19;0
5;2025-11-28;20;0
5;2025-11-28;21;0
5;2025-11-28;22;0
5;2025-11-28;23;0
5;2025-11-29;0;0
5;2025-11-29;1;0
5;2025-11-29;2;0
5;2025-11-29;3;0
5;2025-11-29;4;0
5;2025-11-29;5;0
5;2025-11-29;6;0
5;2025-11-29;7;0
5;2025-11-29;8;0
5;2025-11-29;9;0
5;2025-11-29;10;0
5;2025-11-29;11;0
5;2025-11-29;12;0
5;2025-11-29;13;0
5;2025-11-29;14;0
5;2025-11-29;15;0
5;2025-11-29;16;0
5;2025-11-29;17;0
5;2025-11-29;18;0
5;2025-11-29;19;0
5;2025-11-29;20;0
5;2025-11-29;21;0
5;2025-11-29;22;0
5;2025-11-29;23;0
5;2025-11-30;0;0
5;2025-11-30;1;0
5;2025-11-30;2;0
5;2025-11-30;3;0
5;2025-11-30;4;0
5;2025-11-30;5;0
5;2025-11-30;6;0
5;2025-11-30;7;0
5;2025-11-30;8;0
5;2025-11-30;9;0
5;2025-11-30;10;0
5;2025-11-30;11;0
5;2025-11-30;12;0
5;2025-11-30;13;0
5;2025-11-30;14;0
5;2025-11-30;15;0
5;2025-11-30;16;0
5;2025-11-30;17;0
5;2025-11-30;18;0
5;2025-11-30;19;0
5;2025-11-30;20;0
5;2025-11-30;21;0
5;2025-11-30;22;0
5;2025-11-30;23;0
5;2025-12-01;0;0
5;2025-12-01;1;0
5;2025-12-01;2;0
5;2025-12-01;3;0
5;2025-12-01;4;0
5;2025-12-01;5;0
5;2025-12-01;6;0
5;2025-12-01;7;0
5;2025-12-01;8;0
5;2025-12-01;9;0
5;2025-12-01;10;0
5;2025-12-01;11;0
5;2025-12-01;12;0
5;2025-12-01;13;0
5;2025-12-01;14;0
5;2025-12-01;15;0
5;2025-12-01;16;0
5;2025-12-01;17;0
5;2025-12-01;18;0
5;2025-12-01;19;0
5;2025-12-01;20;0
5;2025-12-01;21;0
5;2025-12-01;22;0
5;2025-12-01;23;0
5;2025-12-02;0;0
5;2025-12-02;1;0
5;2025-12-02;2;0
5;2025-12-02;3;0
5;2025-12-02;4;0
5;2025-12-02;5;0
5;2025-12-02;6;0
5;2025-12-02;7;0
5;2025-12-02;8;0
5;2025-12-02;9;0
5;2025-12-02;10;0
5;2025-12-02;11;0
5;2025-12-02;12;0
5;2025-12-02;13;0
5;2025-12-02;14;0
5;2025-12-02;15;0
5;2025-12-02;16;0
5;2025-12-02;17;0
5;2025-12-02;18;0
5;2025-12-02;19;0
5;2025-12-02;20;0
5;2025-12-02;21;0
5;2025-12-02;22;0
5;2025-12-02;23;0
5;2025-12-03;0;0
5;2025-12-03;1;0
5;2025-12-03;2;0
5;2025-12-03;3;0
5;2025-12-03;4;0
5;2025-12-03;5;0
5;2025-12-03;6;0
5;2025-12-03;7;0
5;2025-12-03;8;0
5;2025-12-03;9;0
5;2025-12-03;10;0
5;2025-12-03;11;0
5;2025-12-03;12;0
5;2025-12-03;13;0
5;2025-12-03;14;0
5;2025-12-03;15;0
5;2025-12-03;16;0
5;2025-12-03;17;0
5;2025-12-03;18;0
5;2025-12-03;19;0
5;2025-12-03;20;0
5;2025-12-03;21;0
5;2025-12-03;22;0
5;2025-12-03;23;0
5;2025-12-04;0;0
5;2025-12-04;1;0
5;2025-12-04;2;0
5;2025-12-04;3;0
5;2025-12-04;4;0
5;2025-12-04;5;0
5;2025-12-04;6;0
5;2025-12-04;7;0
5;2025-12-04;8;0
5;2025-12-04;9;0
5;2025-12-04;10;0
5;2025-12-04;11;0
5;2025-12-04;12;0
5;2025-12-04;13;0
5;2025-12-04;14;0
5;2025-12-04;15;0
5;2025-12-04;16;0
5;2025-12-04;17;0
5;2025-12-04;18;0
5;2025-12-04;19;0
5;2025-12-04;20;0
5;2025-12-04;21;0
5;2025-12-04;22;0
5;2025-12-04;23;0
5;2025-12-05;0;0
5;2025-12-05;1;0
5;2025-12-05;2;0
5;2025-12-05;3;0
5;2025-12-05;4;0
5;2025-12-05;5;0
5;2025-12-05;6;0
5;2025-12-05;7;0
5;2025-12-05;8;0
5;2025-12-05;9;0
5;2025-12-05;10;0
5;2025-12-05;11;0
5;2025-12-05;12;0
5;2025-12-05;13;0
5;2025-12-05;14;0
5;2025-12-05;15;0
5;2025-12-05;16;0
5;2025-12-05;17;0
5;2025-12-05;18;0
5;2025-12-05;19;0
5;2025-12-05;20;0
5;2025-12-05;21;0
5;2025-12-05;22;0
5;2025-12-05;23;0
5;2025-12-06;0;0
5;2025-12-06;1;0
5;2025-12-06;2;0
5;2025-12-06;3;0
5;2025-12-06;4;0
5;2025-12-06;5;0
5;2025-12-06;6;0
5;2025-12-06;7;0
5;2025-12-06;8;0
5;2025-12-06;9;0
5;2025-12-06;10;0
5;2025-12-06;11;0
5;2025-12-06;12;0
5;2025-12-06;13;0
5;2025-12-06;14;0
5;2025-12-06;15;0
5;2025-12-06;16;0
5;2025-12-06;17;0
5;2025-12-06;18;0
5;2025-12-06;19;0
5;2025-12-06;20;0
5;2025-12-06;21;0
5;2025-12-06;22;0
5;2025-12-06;23;0
5;2025-12-07;0;0
5;2025-12-07;1;0
5;2025-12-07;2;0
5;2025-12-07;3;0
5;2025-12-07;4;0
5;2025-12-07;5;0
5;2025-12-07;6;0
5;2025-12-07;7;0
5;2025-12-07;8;0
5;2025-12-07;9;0
5;2025-12-07;10;0
5;2025-12-07;11;0
5;2025-12-07;12;0
5;2025-12-07;13;0
5;2025-12-07;14;0
5;2025-12-07;15;0
5;2025-12-07;16;0
5;2025-12-07;17;0
5;2025-12-07;18;0
5;2025-12-07;19;0
5;2025-12-07;20;0
5;2025-12-07;21;0
5;2025-12-07;22;0
5;2025-12-07;23;0
5;2025-12-08;0;0
5;2025-12-08;1;0
5;2025-12-08;2;0
5;2025-12-08;3;0
5;2025-12-08;4;0
5;2025-12-08;5;0
5;2025-12-08;6;0
5;2025-12-08;7;0
5;2025-12-08;8;0
5;2025-12-08;9;0
5;2025-12-08;10;0
5;2025-12-08;11;0
5;2025-12-08;12;0
5;2025-12-08;13;0
5;2025-12-08;14;0
5;2025-12-08;15;0
5;2025-12-08;16;0
5;2025-12-08;17;0
5;2025-12-08;18;0
5;2025-12-08;19;0
5;2025-12-08;20;0
5;2025-12-08;21;0
5;2025-12-08;22;0
5;2025-12-08;23;0
5;2025-12-09;0;0
5;2025-12-09;1;0
5;2025-12-09;2;0
5;2025-12-09;3;0
5;2025-12-09;4;0
5;2025-12-09;5;0
5;2025-12-09;6;0
5;2025-12-09;7;0
5;2025-12-09;8;0
5;2025-12-09;9;0
5;2025-12-09;10;0
5;2025-12-09;11;0
5;2025-12-09;12;0
5;2025-12-09;13;0
5;2025-12-09;14;0
5;2025-12-09;15;0
5;2025-12-09;16;0
5;2025-12-09;17;0
5;2025-12-09;18;0
5;2025-12-09;19;0
5;2025-12-09;20;0
5;2025-12-09;21;0
5;2025-12-09;22;0
5;2025-12-09;23;0
5;2025-12-10;0;0
5;2025-12-10;1;0
5;2025-12-10;2;0
5;2025-12-10;3;0
5;2025-12-10;4;0
5;2025-12-10;5;0
5;2025-12-10;6;0
5;2025-12-10;7;0
5;2025-12-10;8;0
5;2025-12-10;9;0
5;2025-12-10;10;0
5;2025-12-10;11;0
5;2025-12-10;12;0
5;2025-12-10;13;0
5;2025-12-10;14;0
5;2025-12-10;15;0
5;2025-12-10;16;0
5;2025-12-10;17;0
5;2025-12-10;18;0
5;2025-12-10;19;0
5;2025-12-10;20;0
5;2025-12-10;21;0
5;2025-12-10;22;0
5;2025-12-10;23;0
5;2025-12-11;0;0
5;2025-12-11;1;0
5;2025-12-11;2;0
5;2025-12-11;3;0
5;2025-12-11;4;0
5;2025-12-11;5;0
5;2025-12-11;6;0
5;2025-12-11;7;0
5;2025-12-11;8;0
5;2025-12-11;9;0
5;2025-12-11;10;0
5;2025-12-11;11;0
5;2025-12-11;12;0
5;2025-12-11;13;0
5;2025-12-11;14;0
5;2025-12-11;15;0
5;2025-12-11;16;0
5;2025-12-11;17;0
5;2025-12-11;18;0
5;2025-12-11;19;0
5;2025-12-11;20;0
5;2025-12-11;21;0
5;2025-12-11;22;0
5;2025-12-11;23;0
5;2025-12-12;0;0
5;2025-12-12;1;0
5;2025-12-12;2;0
5;2025-12-12;3;0
5;2025-12-12;4;0
5;2025-12-12;5;0
5;2025-12-12;6;0
5;2025-12-12;7;0
5;2025-12-12;8;0
5;2025-12-12;9;0
5;2025-12-12;10;0
5;2025-12-12;11;0
5;2025-12-12;12;0
5;2025-12-12;13;0
5;2025-12-12;14;0
5;2025-12-12;15;0
5;2025-12-12;16;0
5;2025-12-12;17;0
5;2025-12-12;18;0
5;2025-12-12;19;0
5;2025-12-12;20;0
5;2025-12-12;21;0
5;2025-12-12;22;0
5;2025-12-12;23;0
5;2025-12-13;0;0
5;2025-12-13;1;0
5;2025-12-13;2;0
5;2025-12-13;3;0
5;2025-12-13;4;0
5;2025-12-13;5;0
5;2025-12-13;6;0
5;2025-12-13;7;0
5;2025-12-13;8;0
5;2025-12-13;9;0
5;2025-12-13;10;0
5;2025-12-13;11;0
5;2025-12-13;12;0
5;2025-12-13;13;0
5;2025-12-13;14;0
5;2025-12-13;15;0
5;2025-12-13;16;0
5;2025-12-13;17;0
5;2025-12-13;18;0
5;2025-12-13;19;0
5;2025-12-13;20;0
5;2025-12-13;21;0
5;2025-12-13;22;0
5;2025-12-13;23;0
5;2025-12-14;0;0
5;2025-12-14;1;0
5;2025-12-14;2;0
5;2025-12-14;3;0
5;2025-12-14;4;0
5;2025-12-14;5;0
5;2025-12-14;6;0
5;2025-12-14;7;0
5;2025-12-14;8;0
5;2025-12-14;9;0
5;2025-12-14;10;0
5;2025-12-14;11;0
5;2025-12-14;12;0
5;2025-12-14;13;0
5;2025-12-14;14;0
5;2025-12-14;15;0
5;2025-12-14;16;0
5;2025-12-14;17;0
5;2025-12-14;18;0
5;2025-12-14;19;0
5;2025-12-14;20;0
5;2025-12-14;21;0
5;2025-12-14;22;0
5;2025-12-14;23;0
5;2025-12-15;0;0
5;2025-12-15;1;0
5;2025-12-15;2;0
5;2025-12-15;3;0
5;2025-12-15;4;0
5;2025-12-15;5;0
5;2025-12-15;6;0
5;2025-12-15;7;0
5;2025-12-15;8;0
5;2025-12-15;9;0
5;2025-12-15;10;0
5;2025-12-15;11;0
5;2025-12-15;12;0
5;2025-12-15;13;0
5;2025-12-15;14;0
5;2025-12-15;15;0
5;2025-12-15;16;0
5;2025-12-15;17;0
5;2025-12-15;18;0
5;2025-12-15;19;0
5;2025-12-15;20;0
5;2025-12-15;21;0
5;2025-12-15;22;0
5;2025-12-15;23;0
5;2025-12-16;0;0
5;2025-12-16;1;0
5;2025-12-16;2;0
5;2025-12-16;3;0
5;2025-12-16;4;0
5;2025-12-16;5;0
5;2025-12-16;6;0
5;2025-12-16;7;0
5;2025-12-16;8;0
5;2025-12-16;9;0
5;2025-12-16;10;0
5;2025-12-16;11;0
5;2025-12-16;12;0
5;2025-12-16;13;0
5;2025-12-16;14;0
5;2025-12-16;15;0
5;2025-12-16;16;0
5;2025-12-16;17;0
5;2025-12-16;18;0
5;2025-12-16;19;0
5;2025-12-16;20;0
5;2025-12-16;21;0
5;2025-12-16;22;0
5;2025-12-16;23;0
5;2025-12-17;0;0
5;2025-12-17;1;0
5;2025-12-17;2;0
5;2025-12-17;3;0
5;2025-12-17;4;0
5;2025-12-17;5;0
5;2025-12-17;6;0
5;2025-12-17;7;0
5;2025-12-17;8;0
5;2025-12-17;9;0
5;2025-12-17;10;0
5;2025-12-17;11;0
5;2025-12-17;12;0
5;2025-12-17;13;0
5;2025-12-17;14;0
5;2025-12-17;15;0
5;2025-12-17;16;0
5;2025-12-17;17;0
5;2025-12-17;18;0
5;2025-12-17;19;0
5;2025-12-17;20;0
5;2025-12-17;21;0
5;2025-12-17;22;0
5;2025-12-17;23;0
5;2025-12-18;0;0
5;2025-12-18;1;0
5;2025-12-18;2;0
5;2025-12-18;3;0
5;2025-12-18;4;0
5;2025-12-18;5;0
5;2025-12-18;6;0
5;2025-12-18;7;0
5;2025-12-18;8;0
5;2025-12-18;9;0
5;2025-12-18;10;0
5;2025-12-18;11;0
5;2025-12-18;12;0
5;2025-12-18;13;0
5;2025-12-18;14;0
5;2025-12-18;15;0
5;2025-12-18;16;0
5;2025-12-18;17;0
5;2025-12-18;18;0
5;2025-12-18;19;0
5;2025-12-18;20;0
5;2025-12-18;21;0
5;2025-12-18;22;0
5;2025-12-18;23;0
5;2025-12-19;0;0
5;2025-12-19;1;0
5;2025-12-19;2;0
5;2025-12-19;3;0
5;2025-12-19;4;0
5;2025-12-19;5;0
5;2025-12-19;6;0
5;2025-12-19;7;0
5;2025-12-19;8;0
5;2025-12-19;9;0
5;2025-12-19;10;0
5;2025-12-19;11;0
5;2025-12-19;12;0
5;2025-12-19;13;0
5;2025-12-19;14;0
5;2025-12-19;15;0
5;2025-12-19;16;0
5;2025-12-19;17;0
5;2025-12-19;18;0
5;2025-12-19;19;0
5;2025-12-19;20;0
5;2025-12-19;21;0
5;2025-12-19;22;0
5;2025-12-19;23;0
5;2025-12-20;0;0
5;2025-12-20;1;0
5;2025-12-20;2;0
5;2025-12-20;3;0
5;2025-12-20;4;0
5;2025-12-20;5;0
5;2025-12-20;6;0
5;2025-12-20;7;0
5;2025-12-20;8;0
5;2025-12-20;9;0
5;2025-12-20;10;0
5;2025-12-20;11;0
5;2025-12-20;12;0
5;2025-12-20;13;0
5;2025-12-20;14;0
5;2025-12-20;15;0
5;2025-12-20;16;0
5;2025-12-20;17;0
5;2025-12-20;18;0
5;2025-12-20;19;0
5;2025-12-20;20;0
5;2025-12-20;21;0
5;2025-12-20;22;0
5;2025-12-20;23;0
5;2025-12-21;0;0
5;2025-12-21;1;0
5;2025-12-21;2;0
5;2025-12-21;3;0
5;2025-12-21;4;0
5;2025-12-21;5;0
5;2025-12-21;6;0
5;2025-12-21;7;0
5;2025-12-21;8;0
5;2025-12-21;9;0
5;2025-12-21;10;0
5;2025-12-21;11;0
5;2025-12-21;12;0
5;2025-12-21;13;0
5;2025-12-21;14;0
5;2025-12-21;15;0
5;2025-12-21;16;0
5;2025-12-21;17;0
5;2025-12-21;18;0
5;2025-12-21;19;0
5;2025-12-21;20;0
5;2025-12-21;21;0
5;2025-12-21;22;0
5;2025-12-21;23;0
5;2025-12-22;0;0
5;2025-12-22;1;0
5;2025-12-22;2;0
5;2025-12-22;3;0
5;2025-12-22;4;0
5;2025-12-22;5;0
5;2025-12-22;6;0
5;2025-12-22;7;0
5;2025-12-22;8;0
5;2025-12-22;9;0
5;2025-12-22;10;0
5;2025-12-22;11;0
5;2025-12-22;12;0
5;2025-12-22;13;0
5;2025-12-22;14;0
5;2025-12-22;15;0
5;2025-12-22;16;0
5;2025-12-22;17;0
5;2025-12-22;18;0
5;2025-12-22;19;0
5;2025-12-22;20;0
5;2025-12-22;21;0
5;2025-12-22;22;0
5;2025-12-22;23;0
5;2025-12-23;0;0
5;2025-12-23;1;0
5;2025-12-23;2;0
5;2025-12-23;3;0
5;2025-12-23;4;0
5;2025-12-23;5;0
5;2025-12-23;6;0
5;2025-12-23;7;0
5;2025-12-23;8;0
5;2025-12-23;9;0
5;2025-12-23;10;0
5;2025-12-23;11;0
5;2025-12-23;12;0
5;2025-12-23;13;0
5;2025-12-23;14;0
5;2025-12-23;15;0
5;2025-12-23;16;0
5;2025-12-23;17;0
5;2025-12-23;18;0
5;2025-12-23;19;0
5;2025-12-23;20;0
5;2025-12-23;21;0
5;2025-12-23;22;0
5;2025-12-23;23;0
5;2025-12-24;0;0
5;2025-12-24;1;0
5;2025-12-24;2;0
5;2025-12-24;3;0
5;2025-12-24;4;0
5;2025-12-24;5;0
5;2025-12-24;6;0
5;2025-12-24;7;0
5;2025-12-24;8;0
5;2025-12-24;9;0
5;2025-12-24;10;0
5;2025-12-24;11;0
5;2025-12-24;12;0
5;2025-12-24;13;0
5;2025-12-24;14;0
5;2025-12-24;15;0
5;2025-12-24;16;0
5;2025-12-24;17;0
5;2025-12-24;18;0
5;2025-12-24;19;0
5;2025-12-24;20;0
5;2025-12-24;21;0
5;2025-12-24;22;0
5;2025-12-24;23;0
5;2025-12-25;0;0
5;2025-12-25;1;0
5;2025-12-25;2;0
5;2025-12-25;3;0
5;2025-12-25;4;0
5;2025-12-25;5;0
5;2025-12-25;6;0
5;2025-12-25;7;0
5;2025-12-25;8;0
5;2025-12-25;9;0
5;2025-12-25;10;0
5;2025-12-25;11;0
5;2025-12-25;12;0
5;2025-12-25;13;0
5;2025-12-25;14;0
5;2025-12-25;15;0
5;2025-12-25;16;0
5;2025-12-25;17;0
5;2025-12-25;18;0
5;2025-12-25;19;0
5;2025-12-25;20;0
5;2025-12-25;21;0
5;2025-12-25;22;0
5;2025-12-25;23;0
5;2025-12-26;0;0
5;2025-12-26;1;0
5;2025-12-26;2;0
5;2025-12-26;3;0
5;2025-12-26;4;0
5;2025-12-26;5;0
5;2025-12-26;6;0
5;2025-12-26;7;0
5;2025-12-26;8;0
5;2025-12-26;9;0
5;2025-12-26;10;0
5;2025-12-26;11;0
5;2025-12-26;12;0
5;2025-12-26;13;0
5;2025-12-26;14;0
5;2025-12-26;15;0
5;2025-12-26;16;0
5;2025-12-26;17;0
5;2025-12-26;18;0
5;2025-12-26;19;0
5;2025-12-26;20;0
5;2025-12-26;21;0
5;2025-12-26;22;0
5;2025-12-26;23;0
5;2025-12-27;0;0
5;2025-12-27;1;0
5;2025-12-27;2;0
5;2025-12-27;3;0
5;2025-12-27;4;0
5;2025-12-27;5;0
5;2025-12-27;6;0
5;2025-12-27;7;0
5;2025-12-27;8;0
5;2025-12-27;9;0
5;2025-12-27;10;0
5;2025-12-27;11;0
5;2025-12-27;12;0
5;2025-12-27;13;0
5;2025-12-27;14;0
5;2025-12-27;15;0
5;2025-12-27;16;0
5;2025-12-27;17;0
5;2025-12-27;18;0
5;2025-12-27;19;0
5;2025-12-27;20;0
5;2025-12-27;21;0
5;2025-12-27;22;0
5;2025-12-27;23;0
5;2025-12-28;0;0
5;2025-12-28;1;0
5;2025-12-28;2;0
5;2025-12-28;3;0
5;2025-12-28;4;0
5;2025-12-28;5;0
5;2025-12-28;6;0
5;2025-12-28;7;0
5;2025-12-28;8;0
5;2025-12-28;9;0
5;2025-12-28;10;0
5;2025-12-28;11;0
5;2025-12-28;12;0
5;2025-12-28;13;0
5;2025-12-28;14;0
5;2025-12-28;15;0
5;2025-12-28;16;0
5;2025-12-28;17;0
5;2025-12-28;18;0
5;2025-12-28;19;0
5;2025-12-28;20;0
5;2025-12-28;21;0
5;2025-12-28;22;0
5;2025-12-28;23;0
5;2025-12-29;0;0
5;2025-12-29;1;0
5;2025-12-29;2;0
5;2025-12-29;3;0
5;2025-12-29;4;0
5;2025-12-29;5;0
5;2025-12-29;6;0
5;2025-12-29;7;0
5;2025-12-29;8;0
5;2025-12-29;9;0
5;2025-12-29;10;0
5;2025-12-29;11;0
5;2025-12-29;12;0
5;2025-12-29;13;0
5;2025-12-29;14;0
5;2025-12-29;15;0
5;2025-12-29;16;0
5;2025-12-29;17;0
5;2025-12-29;18;0
5;2025-12-29;19;0
5;2025-12-29;20;0
5;2025-12-29;21;0
5;2025-12-29;22;0
5;2025-12-29;23;0
5;2025-12-30;0;0
5;2025-12-30;1;0
5;2025-12-30;2;0
5;2025-12-30;3;0
5;2025-12-30;4;0
5;2025-12-30;5;0
5;2025-12-30;6;0
5;2025-12-30;7;0
5;2025-12-30;8;0
5;2025-12-30;9;0
5;2025-12-30;10;0
5;2025-12-30;11;0
5;2025-12-30;12;0
5;2025-12-30;13;0
5;2025-12-30;14;0
5;2025-12-30;15;0
5;2025-12-30;16;0
5;2025-12-30;17;0
5;2025-12-30;18;0
5;2025-12-30;19;0
5;2025-12-30;20;0
5;2025-12-30;21;0
5;2025-12-30;22;0
5;2025-12-30;23;0
5;2025-12-31;0;0
5;2025-12-31;1;0
5;2025-12-31;2;0
5;2025-12-31;3;0
5;2025-12-31;4;0
5;2025-12-31;5;0
5;2025-12-31;6;0
5;2025-12-31;7;0
5;2025-12-31;8;0
5;2025-12-31;9;0
5;2025-12-31;10;0
5;2025-12-31;11;0
5;2025-12-31;12;0
5;2025-12-31;13;0
5;2025-12-31;14;0
5;2025-12-31;15;0
5;2025-12-31;16;0
5;2025-12-31;17;0
5;2025-12-31;18;0
5;2025-12-31;19;0
5;2025-12-31;20;0
5;2025-12-31;21;0
5;2025-12-31;22;0
5;2025-12-31;23;0
7;2025-11-01;0;97
7;2025-11-01;1;16
7;2025-11-01;2;0
7;2025-11-01;3;0
7;2025-11-01;4;1
7;2025-11-01;5;48
7;2025-11-01;6;236
7;2025-11-01;7;353
7;2025-11-01;8;654
7;2025-11-01;9;568
7;2025-11-01;10;574
7;2025-11-01;11;654
7;2025-11-01;12;862
7;2025-11-01;13;771
7;2025-11-01;14;802
7;2025-11-01;15;812
7;2025-11-01;16;728
7;2025-11-01;17;736
7;2025-11-01;18;737
7;2025-11-01;19;611
7;2025-11-01;20;480
7;2025-11-01;21;337
7;2025-11-01;22;193
7;2025-11-01;23;144
7;2025-11-02;0;93
7;2025-11-02;1;20
7;2025-11-02;2;1
7;2025-11-02;3;0
7;2025-11-02;4;1
7;2025-11-02;5;26
7;2025-11-02;6;134
7;2025-11-02;7;222
7;2025-11-02;8;365
7;2025-11-02;9;488
7;2025-11-02;10;410
7;2025-11-02;11;566
7;2025-11-02;12;651
7;2025-11-02;13;617
7;2025-11-02;14;673
7;2025-11-02;15;644
7;2025-11-02;16;600
7;2025-11-02;17;629
7;2025-11-02;18;644
7;2025-11-02;19;498
7;2025-11-02;20;421
7;2025-11-02;21;301
7;2025-11-02;22;160
7;2025-11-02;23;120
7;2025-11-03;0;57
7;2025-11-03;1;11
7;2025-11-03;2;0
7;2025-11-03;3;0
7;2025-11-03;4;1
7;2025-11-03;5;177
7;2025-11-03;6;575
7;2025-11-03;7;1579
7;2025-11-03;8;2469
7;2025-11-03;9;1699
7;2025-11-03;10;1504
7;2025-11-03;11;1377
7;2025-11-03;12;1520
7;2025-11-03;13;1503
7;2025-11-03;14;1558
7;2025-11-03;15;1744
7;2025-11-03;16;1786
7;2025-11-03;17;2353
7;2025-11-03;18;2519
7;2025-11-03;19;1719
7;2025-11-03;20;1052
7;2025-11-03;21;565
7;2025-11-03;22;291
7;2025-11-03;23;158
7;2025-11-04;0;54
7;2025-11-04;1;8
7;2025-11-04;2;0
7;2025-11-04;3;0
7;2025-11-04;4;2
7;2025-11-04;5;188
7;2025-11-04;6;626
7;2025-11-04;7;1667
7;2025-11-04;8;2494
7;2025-11-04;9;1836
7;2025-11-04;10;1627
7;2025-11-04;11;1567
7;2025-11-04;12;1688
7;2025-11-04;13;1622
7;2025-11-04;14;1636
7;2025-11-04;15;1848
7;2025-11-04;16;1871
7;2025-11-04;17;2306
7;2025-11-04;18;2616
7;2025-11-04;19;1798
7;2025-11-04;20;1140
7;2025-11-04;21;658
7;2025-11-04;22;344
7;2025-11-04;23;210
7;2025-11-05;0;62
7;2025-11-05;1;7
7;2025-11-05;2;0
7;2025-11-05;3;0
7;2025-11-05;4;2
7;2025-11-05;5;192
7;2025-11-05;6;600
7;2025-11-05;7;1545
7;2025-11-05;8;2514
7;2025-11-05;9;1771
7;2025-11-05;10;1688
7;2025-11-05;11;1487
7;2025-11-05;12;1670
7;2025-11-05;13;1520
7;2025-11-05;14;1640
7;2025-11-05;15;1777
7;2025-11-05;16;1830
7;2025-11-05;17;2379
7;2025-11-05;18;2636
7;2025-11-05;19;1642
7;2025-11-05;20;1087
7;2025-11-05;21;646
7;2025-11-05;22;331
7;2025-11-05;23;199
7;2025-11-06;0;64
7;2025-11-06;1;12
7;2025-11-06;2;0
7;2025-11-06;3;0
7;2025-11-06;4;1
7;2025-11-06;5;176
7;2025-11-06;6;614
7;2025-11-06;7;1593
7;2025-11-06;8;2513
7;2025-11-06;9;1768
7;2025-11-06;10;1527
7;2025-11-06;11;1456
7;2025-11-06;12;1557
7;2025-11-06;13;1492
7;2025-11-06;14;1704
7;2025-11-06;15;1698
7;2025-11-06;16;1774
7;2025-11-06;17;2220
7;2025-11-06;18;2579
7;2025-11-06;19;1558
7;2025-11-06;20;995
7;2025-11-06;21;592
7;2025-11-06;22;310
7;2025-11-06;23;209
7;2025-11-07;0;69
7;2025-11-07;1;12
7;2025-11-07;2;0
7;2025-11-07;3;0
7;2025-11-07;4;1
7;2025-11-07;5;178
7;2025-11-07;6;585
7;2025-11-07;7;1504
7;2025-11-07;8;2359
7;2025-11-07;9;1674
7;2025-11-07;10;1598
7;2025-11-07;11;1440
7;2025-11-07;12;1586
7;2025-11-07;13;1637
7;2025-11-07;14;1669
7;2025-11-07;15;1841
7;2025-11-07;16;1929
7;2025-11-07;17;2184
7;2025-11-07;18;2017
7;2025-11-07;19;1318
7;2025-11-07;20;970
7;2025-11-07;21;585
7;2025-11-07;22;330
7;2025-11-07;23;229
7;2025-11-08;0;97
7;2025-11-08;1;16
7;2025-11-08;2;0
7;2025-11-08;3;0
7;2025-11-08;4;1
7;2025-11-08;5;48
7;2025-11-08;6;236
7;2025-11-08;7;353
7;2025-11-08;8;654
7;2025-11-08;9;568
7;2025-11-08;10;574
7;2025-11-08;11;654
7;2025-11-08;12;862
7;2025-11-08;13;771
7;2025-11-08;14;802
7;2025-11-08;15;812
7;2025-11-08;16;728
7;2025-11-08;17;736
7;2025-11-08;18;737
7;2025-11-08;19;611
7;2025-11-08;20;480
7;2025-11-08;21;337
7;2025-11-08;22;193
7;2025-11-08;23;144
7;2025-11-09;0;93
7;2025-11-09;1;20
7;2025-11-09;2;1
7;2025-11-09;3;0
7;2025-11-09;4;1
7;2025-11-09;5;26
7;2025-11-09;6;134
7;2025-11-09;7;222
7;2025-11-09;8;365
7;2025-11-09;9;488
7;2025-11-09;10;410
7;2025-11-09;11;566
7;2025-11-09;12;651
7;2025-11-09;13;617
7;2025-11-09;14;673
7;2025-11-09;15;644
7;2025-11-09;16;600
7;2025-11-09;17;629
7;2025-11-09;18;644
7;2025-11-09;19;498
7;2025-11-09;20;421
7;2025-11-09;21;301
7;2025-11-09;22;160
7;2025-11-09;23;120
7;2025-11-10;0;57
7;2025-11-10;1;11
7;2025-11-10;2;0
7;2025-11-10;3;0
7;2025-11-10;4;1
7;2025-11-10;5;177
7;2025-11-10;6;575
7;2025-11-10;7;1579
7;2025-11-10;8;2469
7;2025-11-10;9;1699
7;2025-11-10;10;1504
7;2025-11-10;11;1377
7;2025-11-10;12;1520
7;2025-11-10;13;1503
7;2025-11-10;14;1558
7;2025-11-10;15;1744
7;2025-11-10;16;1786
7;2025-11-10;17;2353
7;2025-11-10;18;2519
7;2025-11-10;19;1719
7;2025-11-10;20;1052
7;2025-11-10;21;565
7;2025-11-10;22;291
7;2025-11-10;23;158
7;2025-11-11;0;54
7;2025-11-11;1;8
7;2025-11-11;2;0
7;2025-11-11;3;0
7;2025-11-11;4;2
7;2025-11-11;5;188
7;2025-11-11;6;626
7;2025-11-11;7;1667
7;2025-11-11;8;2494
7;2025-11-11;9;1836
7;2025-11-11;10;1627
7;2025-11-11;11;1567
7;2025-11-11;12;1688
7;2025-11-11;13;1622
7;2025-11-11;14;1636
7;2025-11-11;15;1848
7;2025-11-11;16;1871
7;2025-11-11;17;2306
7;2025-11-11;18;2616
7;2025-11-11;19;1798
7;2025-11-11;20;1140
7;2025-11-11;21;658
7;2025-11-11;22;344
7;2025-11-11;23;210
7;2025-11-12;0;62
7;2025-11-12;1;7
7;2025-11-12;2;0
7;2025-11-12;3;0
7;2025-11-12;4;2
7;2025-11-12;5;192
7;2025-11-12;6;600
7;2025-11-12;7;1545
7;2025-11-12;8;2514
7;2025-11-12;9;1771
7;2025-11-12;10;1688
7;2025-11-12;11;1487
7;2025-11-12;12;1670
7;2025-11-12;13;1520
7;2025-11-12;14;1640
7;2025-11-12;15;1777
7;2025-11-12;16;1830
7;2025-11-12;17;2379
7;2025-11-12;18;2636
7;2025-11-12;19;1642
7;2025-11-12;20;1087
7;2025-11-12;21;646
7;2025-11-12;22;331
7;2025-11-12;23;199
7;2025-11-13;0;64
7;2025-11-13;1;12
7;2025-11-13;2;0
7;2025-11-13;3;0
7;2025-11-13;4;1
7;2025-11-13;5;176
7;2025-11-13;6;614
7;2025-11-13;7;1593
7;2025-11-13;8;2513
7;2025-11-13;9;1768
7;2025-11-13;10;1527
7;2025-11-13;11;1456
7;2025-11-13;12;1557
7;2025-11-13;13;1492
7;2025-11-13;14;1704
7;2025-11-13;15;1698
7;2025-11-13;16;1774
7;2025-11-13;17;2220
7;2025-11-13;18;2579
7;2025-11-13;19;1558
7;2025-11-13;20;995
7;2025-11-13;21;592
7;2025-11-13;22;310
7;2025-11-13;23;209
7;2025-11-14;0;69
7;2025-11-14;1;12
7;2025-11-14;2;0
7;2025-11-14;3;0
7;2025-11-14;4;1
7;2025-11-14;5;178
7;2025-11-14;6;585
7;2025-11-14;7;1504
7;2025-11-14;8;2359
7;2025-11-14;9;1674
7;2025-11-14;10;1598
7;2025-11-14;11;1440
7;2025-11-14;12;1586
7;2025-11-14;13;1637
7;2025-11-14;14;1669
7;2025-11-14;15;1841
7;2025-11-14;16;1929
7;2025-11-14;17;2184
7;2025-11-14;18;2017
7;2025-11-14;19;1318
7;2025-11-14;20;970
7;2025-11-14;21;585
7;2025-11-14;22;330
7;2025-11-14;23;229
7;2025-11-15;0;97
7;2025-11-15;1;16
7;2025-11-15;2;0
7;2025-11-15;3;0
7;2025-11-15;4;1
7;2025-11-15;5;48
7;2025-11-15;6;236
7;2025-11-15;7;353
7;2025-11-15;8;654
7;2025-11-15;9;568
7;2025-11-15;10;574
7;2025-11-15;11;654
7;2025-11-15;12;862
7;2025-11-15;13;771
7;2025-11-15;14;802
7;2025-11-15;15;812
7;2025-11-15;16;728
7;2025-11-15;17;736
7;2025-11-15;18;737
7;2025-11-15;19;611
7;2025-11-15;20;480
7;2025-11-15;21;337
7;2025-11-15;22;193
7;2025-11-15;23;144
7;2025-11-16;0;93
7;2025-11-16;1;20
7;2025-11-16;2;1
7;2025-11-16;3;0
7;2025-11-16;4;1
7;2025-11-16;5;26
7;2025-11-16;6;134
7;2025-11-16;7;222
7;2025-11-16;8;365
7;2025-11-16;9;488
7;2025-11-16;10;410
7;2025-11-16;11;566
7;2025-11-16;12;651
7;2025-11-16;13;617
7;2025-11-16;14;673
7;2025-11-16;15;644
7;2025-11-16;16;600
7;2025-11-16;17;629
7;2025-11-16;18;644
7;2025-11-16;19;498
7;2025-11-16;20;421
7;2025-11-16;21;301
7;2025-11-16;22;160
7;2025-11-16;23;120
7;2025-11-17;0;57
7;2025-11-17;1;11
7;2025-11-17;2;0
7;2025-11-17;3;0
7;2025-11-17;4;1
7;2025-11-17;5;177
7;2025-11-17;6;575
7;2025-11-17;7;1579
7;2025-11-17;8;2469
7;2025-11-17;9;1699
7;2025-11-17;10;1504
7;2025-11-17;11;1377
7;2025-11-17;12;1520
7;2025-11-17;13;1503
7;2025-11-17;14;1558
7;2025-11-17;15;1744
7;2025-11-17;16;1786
7;2025-11-17;17;2353
7;2025-11-17;18;2519
7;2025-11-17;19;1719
7;2025-11-17;20;1052
7;2025-11-17;21;565
7;2025-11-17;22;291
7;2025-11-17;23;158
7;2025-11-18;0;54
7;2025-11-18;1;8
7;2025-11-18;2;0
7;2025-11-18;3;0
7;2025-11-18;4;2
7;2025-11-18;5;188
7;2025-11-18;6;626
7;2025-11-18;7;1667
7;2025-11-18;8;2494
7;2025-11-18;9;1836
7;2025-11-18;10;1627
7;2025-11-18;11;1567
7;2025-11-18;12;1688
7;2025-11-18;13;1622
7;2025-11-18;14;1636
7;2025-11-18;15;1848
7;2025-11-18;16;1871
7;2025-11-18;17;2306
7;2025-11-18;18;2616
7;2025-11-18;19;1798
7;2025-11-18;20;1140
7;2025-11-18;21;658
7;2025-11-18;22;344
7;2025-11-18;23;210
7;2025-11-19;0;62
7;2025-11-19;1;7
7;2025-11-19;2;0
7;2025-11-19;3;0
7;2025-11-19;4;2
7;2025-11-19;5;192
7;2025-11-19;6;600
7;2025-11-19;7;1545
7;2025-11-19;8;2514
7;2025-11-19;9;1771
7;2025-11-19;10;1688
7;2025-11-19;11;1487
7;2025-11-19;12;1670
7;2025-11-19;13;1520
7;2025-11-19;14;1640
7;2025-11-19;15;1777
7;2025-11-19;16;1830
7;2025-11-19;17;2379
7;2025-11-19;18;2636
7;2025-11-19;19;1642
7;2025-11-19;20;1087
7;2025-11-19;21;646
7;2025-11-19;22;331
7;2025-11-19;23;199
7;2025-11-20;0;64
7;2025-11-20;1;12
7;2025-11-20;2;0
7;2025-11-20;3;0
7;2025-11-20;4;1
7;2025-11-20;5;176
7;2025-11-20;6;614
7;2025-11-20;7;1593
7;2025-11-20;8;2513
7;2025-11-20;9;1768
7;2025-11-20;10;1527
7;2025-11-20;11;1456
7;2025-11-20;12;1557
7;2025-11-20;13;1492
7;2025-11-20;14;1704
7;2025-11-20;15;1698
7;2025-11-20;16;1774
7;2025-11-20;17;2220
7;2025-11-20;18;2579
7;2025-11-20;19;1558
7;2025-11-20;20;995
7;2025-11-20;21;592
7;2025-11-20;22;310
7;2025-11-20;23;209
7;2025-11-21;0;69
7;2025-11-21;1;12
7;2025-11-21;2;0
7;2025-11-21;3;0
7;2025-11-21;4;1
7;2025-11-21;5;178
7;2025-11-21;6;585
7;2025-11-21;7;1504
7;2025-11-21;8;2359
7;2025-11-21;9;1674
7;2025-11-21;10;1598
7;2025-11-21;11;1440
7;2025-11-21;12;1586
7;2025-11-21;13;1637
7;2025-11-21;14;1669
7;2025-11-21;15;1841
7;2025-11-21;16;1929
7;2025-11-21;17;2184
7;2025-11-21;18;2017
7;2025-11-21;19;1318
7;2025-11-21;20;970
7;2025-11-21;21;585
7;2025-11-21;22;330
7;2025-11-21;23;229
7;2025-11-22;0;97
7;2025-11-22;1;16
7;2025-11-22;2;0
7;2025-11-22;3;0
7;2025-11-22;4;1
7;2025-11-22;5;48
7;2025-11-22;6;236
7;2025-11-22;7;353
7;2025-11-22;8;654
7;2025-11-22;9;568
7;2025-11-22;10;574
7;2025-11-22;11;654
7;2025-11-22;12;862
7;2025-11-22;13;771
7;2025-11-22;14;802
7;2025-11-22;15;812
7;2025-11-22;16;728
7;2025-11-22;17;736
7;2025-11-22;18;737
7;2025-11-22;19;611
7;2025-11-22;20;480
7;2025-11-22;21;337
7;2025-11-22;22;193
7;2025-11-22;23;144
7;2025-11-23;0;93
7;2025-11-23;1;20
7;2025-11-23;2;1
7;2025-11-23;3;0
7;2025-11-23;4;1
7;2025-11-23;5;26
7;2025-11-23;6;134
7;2025-11-23;7;222
7;2025-11-23;8;365
7;2025-11-23;9;488
7;2025-11-23;10;410
7;2025-11-23;11;566
7;2025-11-23;12;651
7;2025-11-23;13;617
7;2025-11-23;14;673
7;2025-11-23;15;644
7;2025-11-23;16;600
7;2025-11-23;17;629
7;2025-11-23;18;644
7;2025-11-23;19;498
7;2025-11-23;20;421
7;2025-11-23;21;301
7;2025-11-23;22;160
7;2025-11-23;23;120
7;2025-11-24;0;57
7;2025-11-24;1;11
7;2025-11-24;2;0
7;2025-11-24;3;0
7;2025-11-24;4;1
7;2025-11-24;5;177
7;2025-11-24;6;575
7;2025-11-24;7;1579
7;2025-11-24;8;2469
7;2025-11-24;9;1699
7;2025-11-24;10;1504
7;2025-11-24;11;1377
7;2025-11-24;12;1520
7;2025-11-24;13;1503
7;2025-11-24;14;1558
7;2025-11-24;15;1744
7;2025-11-24;16;1786
7;2025-11-24;17;2353
7;2025-11-24;18;2519
7;2025-11-24;19;1719
7;2025-11-24;20;1052
7;2025-11-24;21;565
7;2025-11-24;22;291
7;2025-11-24;23;158
7;2025-11-25;0;54
7;2025-11-25;1;8
7;2025-11-25;2;0
7;2025-11-25;3;0
7;2025-11-25;4;2
7;2025-11-25;5;188
7;2025-11-25;6;626
7;2025-11-25;7;1667
7;2025-11-25;8;2494
7;2025-11-25;9;1836
7;2025-11-25;10;1627
7;2025-11-25;11;1567
7;2025-11-25;12;1688
7;2025-11-25;13;1622
7;2025-11-25;14;1636
7;2025-11-25;15;1848
7;2025-11-25;16;1871
7;2025-11-25;17;2306
7;2025-11-25;18;2616
7;2025-11-25;19;1798
7;2025-11-25;20;1140
7;2025-11-25;21;658
7;2025-11-25;22;344
7;2025-11-25;23;210
7;2025-11-26;0;62
7;2025-11-26;1;7
7;2025-11-26;2;0
7;2025-11-26;3;0
7;2025-11-26;4;2
7;2025-11-26;5;192
7;2025-11-26;6;600
7;2025-11-26;7;1545
7;2025-11-26;8;2514
7;2025-11-26;9;1771
7;2025-11-26;10;1688
7;2025-11-26;11;1487
7;2025-11-26;12;1670
7;2025-11-26;13;1520
7;2025-11-26;14;1640
7;2025-11-26;15;1777
7;2025-11-26;16;1830
7;2025-11-26;17;2379
7;2025-11-26;18;2636
7;2025-11-26;19;1642
7;2025-11-26;20;1087
7;2025-11-26;21;646
7;2025-11-26;22;331
7;2025-11-26;23;199
7;2025-11-27;0;64
7;2025-11-27;1;12
7;2025-11-27;2;0
7;2025-11-27;3;0
7;2025-11-27;4;1
7;2025-11-27;5;176
7;2025-11-27;6;614
7;2025-11-27;7;1593
7;2025-11-27;8;2513
7;2025-11-27;9;1768
7;2025-11-27;10;1527
7;2025-11-27;11;1456
7;2025-11-27;12;1557
7;2025-11-27;13;1492
7;2025-11-27;14;1704
7;2025-11-27;15;1698
7;2025-11-27;16;1774
7;2025-11-27;17;2220
7;2025-11-27;18;2579
7;2025-11-27;19;1558
7;2025-11-27;20;995
7;2025-11-27;21;592
7;2025-11-27;22;310
7;2025-11-27;23;209
7;2025-11-28;0;69
7;2025-11-28;1;12
7;2025-11-28;2;0
7;2025-11-28;3;0
7;2025-11-28;4;1
7;2025-11-28;5;178
7;2025-11-28;6;585
7;2025-11-28;7;1504
7;2025-11-28;8;2359
7;2025-11-28;9;1674
7;2025-11-28;10;1598
7;2025-11-28;11;1440
7;2025-11-28;12;1586
7;2025-11-28;13;1637
7;2025-11-28;14;1669
7;2025-11-28;15;1841
7;2025-11-28;16;1929
7;2025-11-28;17;2184
7;2025-11-28;18;2017
7;2025-11-28;19;1318
7;2025-11-28;20;970
7;2025-11-28;21;585
7;2025-11-28;22;330
7;2025-11-28;23;229
7;2025-11-29;0;97
7;2025-11-29;1;16
7;2025-11-29;2;0
7;2025-11-29;3;0
7;2025-11-29;4;1
7;2025-11-29;5;48
7;2025-11-29;6;236
7;2025-11-29;7;353
7;2025-11-29;8;654
7;2025-11-29;9;568
7;2025-11-29;10;574
7;2025-11-29;11;654
7;2025-11-29;12;862
7;2025-11-29;13;771
7;2025-11-29;14;802
7;2025-11-29;15;812
7;2025-11-29;16;728
7;2025-11-29;17;736
7;2025-11-29;18;737
7;2025-11-29;19;611
7;2025-11-29;20;480
7;2025-11-29;21;337
7;2025-11-29;22;193
7;2025-11-29;23;144
7;2025-11-30;0;93
7;2025-11-30;1;20
7;2025-11-30;2;1
7;2025-11-30;3;0
7;2025-11-30;4;1
7;2025-11-30;5;26
7;2025-11-30;6;134
7;2025-11-30;7;222
7;2025-11-30;8;365
7;2025-11-30;9;488
7;2025-11-30;10;410
7;2025-11-30;11;566
7;2025-11-30;12;651
7;2025-11-30;13;617
7;2025-11-30;14;673
7;2025-11-30;15;644
7;2025-11-30;16;600
7;2025-11-30;17;629
7;2025-11-30;18;644
7;2025-11-30;19;498
7;2025-11-30;20;421
7;2025-11-30;21;301
7;2025-11-30;22;160
7;2025-11-30;23;120
7;2025-12-01;0;57
7;2025-12-01;1;11
7;2025-12-01;2;0
7;2025-12-01;3;0
7;2025-12-01;4;1
7;2025-12-01;5;177
7;2025-12-01;6;575
7;2025-12-01;7;1579
7;2025-12-01;8;2469
7;2025-12-01;9;1699
7;2025-12-01;10;1504
7;2025-12-01;11;1377
7;2025-12-01;12;1520
7;2025-12-01;13;1503
7;2025-12-01;14;1558
7;2025-12-01;15;1744
7;2025-12-01;16;1786
7;2025-12-01;17;2353
7;2025-12-01;18;2519
7;2025-12-01;19;1719
7;2025-12-01;20;1052
7;2025-12-01;21;565
7;2025-12-01;22;291
7;2025-12-01;23;158
7;2025-12-02;0;54
7;2025-12-02;1;8
7;2025-12-02;2;0
7;2025-12-02;3;0
7;2025-12-02;4;2
7;2025-12-02;5;188
7;2025-12-02;6;626
7;2025-12-02;7;1667
7;2025-12-02;8;2494
7;2025-12-02;9;1836
7;2025-12-02;10;1627
7;2025-12-02;11;1567
7;2025-12-02;12;1688
7;2025-12-02;13;1622
7;2025-12-02;14;1636
7;2025-12-02;15;1848
7;2025-12-02;16;1871
7;2025-12-02;17;2306
7;2025-12-02;18;2616
7;2025-12-02;19;1798
7;2025-12-02;20;1140
7;2025-12-02;21;658
7;2025-12-02;22;344
7;2025-12-02;23;210
7;2025-12-03;0;62
7;2025-12-03;1;7
7;2025-12-03;2;0
7;2025-12-03;3;0
7;2025-12-03;4;2
7;2025-12-03;5;192
7;2025-12-03;6;600
7;2025-12-03;7;1545
7;2025-12-03;8;2514
7;2025-12-03;9;1771
7;2025-12-03;10;1688
7;2025-12-03;11;1487
7;2025-12-03;12;1670
7;2025-12-03;13;1520
7;2025-12-03;14;1640
7;2025-12-03;15;1777
7;2025-12-03;16;1830
7;2025-12-03;17;2379
7;2025-12-03;18;2636
7;2025-12-03;19;1642
7;2025-12-03;20;1087
7;2025-12-03;21;646
7;2025-12-03;22;331
7;2025-12-03;23;199
7;2025-12-04;0;64
7;2025-12-04;1;12
7;2025-12-04;2;0
7;2025-12-04;3;0
7;2025-12-04;4;1
7;2025-12-04;5;176
7;2025-12-04;6;614
7;2025-12-04;7;1593
7;2025-12-04;8;2513
7;2025-12-04;9;1768
7;2025-12-04;10;1527
7;2025-12-04;11;1456
7;2025-12-04;12;1557
7;2025-12-04;13;1492
7;2025-12-04;14;1704
7;2025-12-04;15;1698
7;2025-12-04;16;1774
7;2025-12-04;17;2220
7;2025-12-04;18;2579
7;2025-12-04;19;1558
7;2025-12-04;20;995
7;2025-12-04;21;592
7;2025-12-04;22;310
7;2025-12-04;23;209
7;2025-12-05;0;69
7;2025-12-05;1;12
7;2025-12-05;2;0
7;2025-12-05;3;0
7;2025-12-05;4;1
7;2025-12-05;5;178
7;2025-12-05;6;585
7;2025-12-05;7;1504
7;2025-12-05;8;2359
7;2025-12-05;9;1674
7;2025-12-05;10;1598
7;2025-12-05;11;1440
7;2025-12-05;12;1586
7;2025-12-05;13;1637
7;2025-12-05;14;1669
7;2025-12-05;15;1841
7;2025-12-05;16;1929
7;2025-12-05;17;2184
7;2025-12-05;18;2017
7;2025-12-05;19;1318
7;2025-12-05;20;970
7;2025-12-05;21;585
7;2025-12-05;22;330
7;2025-12-05;23;229
7;2025-12-06;0;97
7;2025-12-06;1;16
7;2025-12-06;2;0
7;2025-12-06;3;0
7;2025-12-06;4;1
7;2025-12-06;5;48
7;2025-12-06;6;236
7;2025-12-06;7;353
7;2025-12-06;8;654
7;2025-12-06;9;568
7;2025-12-06;10;574
7;2025-12-06;11;654
7;2025-12-06;12;862
7;2025-12-06;13;771
7;2025-12-06;14;802
7;2025-12-06;15;812
7;2025-12-06;16;728
7;2025-12-06;17;736
7;2025-12-06;18;737
7;2025-12-06;19;611
7;2025-12-06;20;480
7;2025-12-06;21;337
7;2025-12-06;22;193
7;2025-12-06;23;144
7;2025-12-07;0;93
7;2025-12-07;1;20
7;2025-12-07;2;1
7;2025-12-07;3;0
7;2025-12-07;4;1
7;2025-12-07;5;26
7;2025-12-07;6;134
7;2025-12-07;7;222
7;2025-12-07;8;365
7;2025-12-07;9;488
7;2025-12-07;10;410
7;2025-12-07;11;566
7;2025-12-07;12;651
7;2025-12-07;13;617
7;2025-12-07;14;673
7;2025-12-07;15;644
7;2025-12-07;16;600
7;2025-12-07;17;629
7;2025-12-07;18;644
7;2025-12-07;19;498
7;2025-12-07;20;421
7;2025-12-07;21;301
7;2025-12-07;22;160
7;2025-12-07;23;120
7;2025-12-08;0;57
7;2025-12-08;1;11
7;2025-12-08;2;0
7;2025-12-08;3;0
7;2025-12-08;4;1
7;2025-12-08;5;177
7;2025-12-08;6;575
7;2025-12-08;7;1579
7;2025-12-08;8;2469
7;2025-12-08;9;1699
7;2025-12-08;10;1504
7;2025-12-08;11;1377
7;2025-12-08;12;1520
7;2025-12-08;13;1503
7;2025-12-08;14;1558
7;2025-12-08;15;1744
7;2025-12-08;16;1786
7;2025-12-08;17;2353
7;2025-12-08;18;2519
7;2025-12-08;19;1719
7;2025-12-08;20;1052
7;2025-12-08;21;565
7;2025-12-08;22;291
7;2025-12-08;23;158
7;2025-12-09;0;54
7;2025-12-09;1;8
7;2025-12-09;2;0
7;2025-12-09;3;0
7;2025-12-09;4;2
7;2025-12-09;5;188
7;2025-12-09;6;626
7;2025-12-09;7;1667
7;2025-12-09;8;2494
7;2025-12-09;9;1836
7;2025-12-09;10;1627
7;2025-12-09;11;1567
7;2025-12-09;12;1688
7;2025-12-09;13;1622
7;2025-12-09;14;1636
7;2025-12-09;15;1848
7;2025-12-09;16;1871
7;2025-12-09;17;2306
7;2025-12-09;18;2616
7;2025-12-09;19;1798
7;2025-12-09;20;1140
7;2025-12-09;21;658
7;2025-12-09;22;344
7;2025-12-09;23;210
7;2025-12-10;0;62
7;2025-12-10;1;7
7;2025-12-10;2;0
7;2025-12-10;3;0
7;2025-12-10;4;2
7;2025-12-10;5;192
7;2025-12-10;6;600
7;2025-12-10;7;1545
7;2025-12-10;8;2514
7;2025-12-10;9;1771
7;2025-12-10;10;1688
7;2025-12-10;11;1487
7;2025-12-10;12;1670
7;2025-12-10;13;1520
7;2025-12-10;14;1640
7;2025-12-10;15;1777
7;2025-12-10;16;1830
7;2025-12-10;17;2379
7;2025-12-10;18;2636
7;2025-12-10;19;1642
7;2025-12-10;20;1087
7;2025-12-10;21;646
7;2025-12-10;22;331
7;2025-12-10;23;199
7;2025-12-11;0;64
7;2025-12-11;1;12
7;2025-12-11;2;0
7;2025-12-11;3;0
7;2025-12-11;4;1
7;2025-12-11;5;176
7;2025-12-11;6;614
7;2025-12-11;7;1593
7;2025-12-11;8;2513
7;2025-12-11;9;1768
7;2025-12-11;10;1527
7;2025-12-11;11;1456
7;2025-12-11;12;1557
7;2025-12-11;13;1492
7;2025-12-11;14;1704
7;2025-12-11;15;1698
7;2025-12-11;16;1774
7;2025-12-11;17;2220
7;2025-12-11;18;2579
7;2025-12-11;19;1558
7;2025-12-11;20;995
7;2025-12-11;21;592
7;2025-12-11;22;310
7;2025-12-11;23;209
7;2025-12-12;0;69
7;2025-12-12;1;12
7;2025-12-12;2;0
7;2025-12-12;3;0
7;2025-12-12;4;1
7;2025-12-12;5;178
7;2025-12-12;6;585
7;2025-12-12;7;1504
7;2025-12-12;8;2359
7;2025-12-12;9;1674
7;2025-12-12;10;1598
7;2025-12-12;11;1440
7;2025-12-12;12;1586
7;2025-12-12;13;1637
7;2025-12-12;14;1669
7;2025-12-12;15;1841
7;2025-12-12;16;1929
7;2025-12-12;17;2184
7;2025-12-12;18;2017
7;2025-12-12;19;1318
7;2025-12-12;20;970
7;2025-12-12;21;585
7;2025-12-12;22;330
7;2025-12-12;23;229
7;2025-12-13;0;97
7;2025-12-13;1;16
7;2025-12-13;2;0
7;2025-12-13;3;0
7;2025-12-13;4;1
7;2025-12-13;5;48
7;2025-12-13;6;236
7;2025-12-13;7;353
7;2025-12-13;8;654
7;2025-12-13;9;568
7;2025-12-13;10;574
7;2025-12-13;11;654
7;2025-12-13;12;862
7;2025-12-13;13;771
7;2025-12-13;14;802
7;2025-12-13;15;812
7;2025-12-13;16;728
7;2025-12-13;17;736
7;2025-12-13;18;737
7;2025-12-13;19;611
7;2025-12-13;20;480
7;2025-12-13;21;337
7;2025-12-13;22;193
7;2025-12-13;23;144
7;2025-12-14;0;93
7;2025-12-14;1;20
7;2025-12-14;2;1
7;2025-12-14;3;0
7;2025-12-14;4;1
7;2025-12-14;5;26
7;2025-12-14;6;134
7;2025-12-14;7;222
7;2025-12-14;8;365
7;2025-12-14;9;488
7;2025-12-14;10;410
7;2025-12-14;11;566
7;2025-12-14;12;651
7;2025-12-14;13;617
7;2025-12-14;14;673
7;2025-12-14;15;644
7;2025-12-14;16;600
7;2025-12-14;17;629
7;2025-12-14;18;644
7;2025-12-14;19;498
7;2025-12-14;20;421
7;2025-12-14;21;301
7;2025-12-14;22;160
7;2025-12-14;23;120
7;2025-12-15;0;57
7;2025-12-15;1;11
7;2025-12-15;2;0
7;2025-12-15;3;0
7;2025-12-15;4;1
7;2025-12-15;5;177
7;2025-12-15;6;575
7;2025-12-15;7;1579
7;2025-12-15;8;2469
7;2025-12-15;9;1699
7;2025-12-15;10;1504
7;2025-12-15;11;1377
7;2025-12-15;12;1520
7;2025-12-15;13;1503
7;2025-12-15;14;1558
7;2025-12-15;15;1744
7;2025-12-15;16;1786
7;2025-12-15;17;2353
7;2025-12-15;18;2519
7;2025-12-15;19;1719
7;2025-12-15;20;1052
7;2025-12-15;21;565
7;2025-12-15;22;291
7;2025-12-15;23;158
7;2025-12-16;0;54
7;2025-12-16;1;8
7;2025-12-16;2;0
7;2025-12-16;3;0
7;2025-12-16;4;2
7;2025-12-16;5;188
7;2025-12-16;6;626
7;2025-12-16;7;1667
7;2025-12-16;8;2494
7;2025-12-16;9;1836
7;2025-12-16;10;1627
7;2025-12-16;11;1567
7;2025-12-16;12;1688
7;2025-12-16;13;1622
7;2025-12-16;14;1636
7;2025-12-16;15;1848
7;2025-12-16;16;1871
7;2025-12-16;17;2306
7;2025-12-16;18;2616
7;2025-12-16;19;1798
7;2025-12-16;20;1140
7;2025-12-16;21;658
7;2025-12-16;22;344
7;2025-12-16;23;210
7;2025-12-17;0;62
7;2025-12-17;1;7
7;2025-12-17;2;0
7;2025-12-17;3;0
7;2025-12-17;4;2
7;2025-12-17;5;192
7;2025-12-17;6;600
7;2025-12-17;7;1545
7;2025-12-17;8;2514
7;2025-12-17;9;1771
7;2025-12-17;10;1688
7;2025-12-17;11;1487
7;2025-12-17;12;1670
7;2025-12-17;13;1520
7;2025-12-17;14;1640
7;2025-12-17;15;1777
7;2025-12-17;16;1830
7;2025-12-17;17;2379
7;2025-12-17;18;2636
7;2025-12-17;19;1642
7;2025-12-17;20;1087
7;2025-12-17;21;646
7;2025-12-17;22;331
7;2025-12-17;23;199
7;2025-12-18;0;64
7;2025-12-18;1;12
7;2025-12-18;2;0
7;2025-12-18;3;0
7;2025-12-18;4;1
7;2025-12-18;5;176
7;2025-12-18;6;614
7;2025-12-18;7;1593
7;2025-12-18;8;2513
7;2025-12-18;9;1768
7;2025-12-18;10;1527
7;2025-12-18;11;1456
7;2025-12-18;12;1557
7;2025-12-18;13;1492
7;2025-12-18;14;1704
7;2025-12-18;15;1698
7;2025-12-18;16;1774
7;2025-12-18;17;2220
7;2025-12-18;18;2579
7;2025-12-18;19;1558
7;2025-12-18;20;995
7;2025-12-18;21;592
7;2025-12-18;22;310
7;2025-12-18;23;209
7;2025-12-19;0;69
7;2025-12-19;1;12
7;2025-12-19;2;0
7;2025-12-19;3;0
7;2025-12-19;4;1
7;2025-12-19;5;178
7;2025-12-19;6;585
7;2025-12-19;7;1504
7;2025-12-19;8;2359
7;2025-12-19;9;1674
7;2025-12-19;10;1598
7;2025-12-19;11;1440
7;2025-12-19;12;1586
7;2025-12-19;13;1637
7;2025-12-19;14;1669
7;2025-12-19;15;1841
7;2025-12-19;16;1929
7;2025-12-19;17;2184
7;2025-12-19;18;2017
7;2025-12-19;19;1318
7;2025-12-19;20;970
7;2025-12-19;21;585
7;2025-12-19;22;330
7;2025-12-19;23;229
7;2025-12-20;0;97
7;2025-12-20;1;16
7;2025-12-20;2;0
7;2025-12-20;3;0
7;2025-12-20;4;1
7;2025-12-20;5;48
7;2025-12-20;6;236
7;2025-12-20;7;353
7;2025-12-20;8;654
7;2025-12-20;9;568
7;2025-12-20;10;574
7;2025-12-20;11;654
7;2025-12-20;12;862
7;2025-12-20;13;771
7;2025-12-20;14;802
7;2025-12-20;15;812
7;2025-12-20;16;728
7;2025-12-20;17;736
7;2025-12-20;18;737
7;2025-12-20;19;611
7;2025-12-20;20;480
7;2025-12-20;21;337
7;2025-12-20;22;193
7;2025-12-20;23;144
7;2025-12-21;0;93
7;2025-12-21;1;20
7;2025-12-21;2;1
7;2025-12-21;3;0
7;2025-12-21;4;1
7;2025-12-21;5;26
7;2025-12-21;6;134
7;2025-12-21;7;222
7;2025-12-21;8;365
7;2025-12-21;9;488
7;2025-12-21;10;410
7;2025-12-21;11;566
7;2025-12-21;12;651
7;2025-12-21;13;617
7;2025-12-21;14;673
7;2025-12-21;15;644
7;2025-12-21;16;600
7;2025-12-21;17;629
7;2025-12-21;18;644
7;2025-12-21;19;498
7;2025-12-21;20;421
7;2025-12-21;21;301
7;2025-12-21;22;160
7;2025-12-21;23;120
7;2025-12-22;0;57
7;2025-12-22;1;11
7;2025-12-22;2;0
7;2025-12-22;3;0
7;2025-12-22;4;1
7;2025-12-22;5;177
7;2025-12-22;6;575
7;2025-12-22;7;1579
7;2025-12-22;8;2469
7;2025-12-22;9;1699
7;2025-12-22;10;1504
7;2025-12-22;11;1377
7;2025-12-22;12;1520
7;2025-12-22;13;1503
7;2025-12-22;14;1558
7;2025-12-22;15;1744
7;2025-12-22;16;1786
7;2025-12-22;17;2353
7;2025-12-22;18;2519
7;2025-12-22;19;1719
7;2025-12-22;20;1052
7;2025-12-22;21;565
7;2025-12-22;22;291
7;2025-12-22;23;158
7;2025-12-23;0;54
7;2025-12-23;1;8
7;2025-12-23;2;0
7;2025-12-23;3;0
7;2025-12-23;4;2
7;2025-12-23;5;188
7;2025-12-23;6;626
7;2025-12-23;7;1667
7;2025-12-23;8;2494
7;2025-12-23;9;1836
7;2025-12-23;10;1627
7;2025-12-23;11;1567
7;2025-12-23;12;1688
7;2025-12-23;13;1622
7;2025-12-23;14;1636
7;2025-12-23;15;1848
7;2025-12-23;16;1871
7;2025-12-23;17;2306
7;2025-12-23;18;2616
7;2025-12-23;19;1798
7;2025-12-23;20;1140
7;2025-12-23;21;658
7;2025-12-23;22;344
7;2025-12-23;23;210
7;2025-12-24;0;62
7;2025-12-24;1;7
7;2025-12-24;2;0
7;2025-12-24;3;0
7;2025-12-24;4;2
7;2025-12-24;5;192
7;2025-12-24;6;600
7;2025-12-24;7;1545
7;2025-12-24;8;2514
7;2025-12-24;9;1771
7;2025-12-24;10;1688
7;2025-12-24;11;1487
7;2025-12-24;12;1670
7;2025-12-24;13;1520
7;2025-12-24;14;1640
7;2025-12-24;15;1777
7;2025-12-24;16;1830
7;2025-12-24;17;2379
7;2025-12-24;18;2636
7;2025-12-24;19;1642
7;2025-12-24;20;1087
7;2025-12-24;21;646
7;2025-12-24;22;331
7;2025-12-24;23;199
7;2025-12-25;0;64
7;2025-12-25;1;12
7;2025-12-25;2;0
7;2025-12-25;3;0
7;2025-12-25;4;1
7;2025-12-25;5;176
7;2025-12-25;6;614
7;2025-12-25;7;1593
7;2025-12-25;8;2513
7;2025-12-25;9;1768
7;2025-12-25;10;1527
7;2025-12-25;11;1456
7;2025-12-25;12;1557
7;2025-12-25;13;1492
7;2025-12-25;14;1704
7;2025-12-25;15;1698
7;2025-12-25;16;1774
7;2025-12-25;17;2220
7;2025-12-25;18;2579
7;2025-12-25;19;1558
7;2025-12-25;20;995
7;2025-12-25;21;592
7;2025-12-25;22;310
7;2025-12-25;23;209
7;2025-12-26;0;69
7;2025-12-26;1;12
7;2025-12-26;2;0
7;2025-12-26;3;0
7;2025-12-26;4;1
7;2025-12-26;5;178
7;2025-12-26;6;585
7;2025-12-26;7;1504
7;2025-12-26;8;2359
7;2025-12-26;9;1674
7;2025-12-26;10;1598
7;2025-12-26;11;1440
7;2025-12-26;12;1586
7;2025-12-26;13;1637
7;2025-12-26;14;1669
7;2025-12-26;15;1841
7;2025-12-26;16;1929
7;2025-12-26;17;2184
7;2025-12-26;18;2017
7;2025-12-26;19;1318
7;2025-12-26;20;970
7;2025-12-26;21;585
7;2025-12-26;22;330
7;2025-12-26;23;229
7;2025-12-27;0;97
7;2025-12-27;1;16
7;2025-12-27;2;0
7;2025-12-27;3;0
7;2025-12-27;4;1
7;2025-12-27;5;48
7;2025-12-27;6;236
7;2025-12-27;7;353
7;2025-12-27;8;654
7;2025-12-27;9;568
7;2025-12-27;10;574
7;2025-12-27;11;654
7;2025-12-27;12;862
7;2025-12-27;13;771
7;2025-12-27;14;802
7;2025-12-27;15;812
7;2025-12-27;16;728
7;2025-12-27;17;736
7;2025-12-27;18;737
7;2025-12-27;19;611
7;2025-12-27;20;480
7;2025-12-27;21;337
7;2025-12-27;22;193
7;2025-12-27;23;144
7;2025-12-28;0;93
7;2025-12-28;1;20
7;2025-12-28;2;1
7;2025-12-28;3;0
7;2025-12-28;4;1
7;2025-12-28;5;26
7;2025-12-28;6;134
7;2025-12-28;7;222
7;2025-12-28;8;365
7;2025-12-28;9;488
7;2025-12-28;10;410
7;2025-12-28;11;566
7;2025-12-28;12;651
7;2025-12-28;13;617
7;2025-12-28;14;673
7;2025-12-28;15;644
7;2025-12-28;16;600
7;2025-12-28;17;629
7;2025-12-28;18;644
7;2025-12-28;19;498
7;2025-12-28;20;421
7;2025-12-28;21;301
7;2025-12-28;22;160
7;2025-12-28;23;120
7;2025-12-29;0;57
7;2025-12-29;1;11
7;2025-12-29;2;0
7;2025-12-29;3;0
7;2025-12-29;4;1
7;2025-12-29;5;177
7;2025-12-29;6;575
7;2025-12-29;7;1579
7;2025-12-29;8;2469
7;2025-12-29;9;1699
7;2025-12-29;10;1504
7;2025-12-29;11;1377
7;2025-12-29;12;1520
7;2025-12-29;13;1503
7;2025-12-29;14;1558
7;2025-12-29;15;1744
7;2025-12-29;16;1786
7;2025-12-29;17;2353
7;2025-12-29;18;2519
7;2025-12-29;19;1719
7;2025-12-29;20;1052
7;2025-12-29;21;565
7;2025-12-29;22;291
7;2025-12-29;23;158
7;2025-12-30;0;54
7;2025-12-30;1;8
7;2025-12-30;2;0
7;2025-12-30;3;0
7;2025-12-30;4;2
7;2025-12-30;5;188
7;2025-12-30;6;626
7;2025-12-30;7;1667
7;2025-12-30;8;2494
7;2025-12-30;9;1836
7;2025-12-30;10;1627
7;2025-12-30;11;1567
7;2025-12-30;12;1688
7;2025-12-30;13;1622
7;2025-12-30;14;1636
7;2025-12-30;15;1848
7;2025-12-30;16;1871
7;2025-12-30;17;2306
7;2025-12-30;18;2616
7;2025-12-30;19;1798
7;2025-12-30;20;1140
7;2025-12-30;21;658
7;2025-12-30;22;344
7;2025-12-30;23;210
7;2025-12-31;0;62
7;2025-12-31;1;7
7;2025-12-31;2;0
7;2025-12-31;3;0
7;2025-12-31;4;2
7;2025-12-31;5;192
7;2025-12-31;6;600
7;2025-12-31;7;1545
7;2025-12-31;8;2514
7;2025-12-31;9;1771
7;2025-12-31;10;1688
7;2025-12-31;11;1487
7;2025-12-31;12;1670
7;2025-12-31;13;1520
7;2025-12-31;14;1640
7;2025-12-31;15;1777
7;2025-12-31;16;1830
7;2025-12-31;17;2379
7;2025-12-31;18;2636
7;2025-12-31;19;1642
7;2025-12-31;20;1087
7;2025-12-31;21;646
7;2025-12-31;22;331
7;2025-12-31;23;199
11;2025-11-01;0;101
11;2025-11-01;1;2
11;2025-11-01;2;0
11;2025-11-01;3;0
11;2025-11-01;4;0
11;2025-11-01;5;194
11;2025-11-01;6;911
11;2025-11-01;7;798
11;2025-11-01;8;1135
11;2025-11-01;9;1200
11;2025-11-01;10;1369
11;2025-11-01;11;1680
11;2025-11-01;12;1940
11;2025-11-01;13;1843
11;2025-11-01;14;1919
11;2025-11-01;15;1786
11;2025-11-01;16;1812
11;2025-11-01;17;1879
11;2025-11-01;18;1588
11;2025-11-01;19;1640
11;2025-11-01;20;1073
11;2025-11-01;21;778
11;2025-11-01;22;458
11;2025-11-01;23;299
11;2025-11-02;0;113
11;2025-11-02;1;21
11;2025-11-02;2;2
11;2025-11-02;3;0
11;2025-11-02;4;0
11;2025-11-02;5;106
11;2025-11-02;6;563
11;2025-11-02;7;525
11;2025-11-02;8;733
11;2025-11-02;9;973
11;2025-11-02;10;1062
11;2025-11-02;11;1526
11;2025-11-02;12;1650
11;2025-11-02;13;1609
11;2025-11-02;14;1671
11;2025-11-02;15;1702
11;2025-11-02;16;1649
11;2025-11-02;17;1809
11;2025-11-02;18;1394
11;2025-11-02;19;1174
11;2025-11-02;20;898
11;2025-11-02;21;643
11;2025-11-02;22;392
11;2025-11-02;23;255
11;2025-11-03;0;66
11;2025-11-03;1;10
11;2025-11-03;2;0
11;2025-11-03;3;0
11;2025-11-03;4;1
11;2025-11-03;5;246
11;2025-11-03;6;1375
11;2025-11-03;7;2347
11;2025-11-03;8;3040
11;2025-11-03;9;2374
11;2025-11-03;10;1836
11;2025-11-03;11;1867
11;2025-11-03;12;1749
11;2025-11-03;13;1843
11;2025-11-03;14;1852
11;2025-11-03;15;2000
11;2025-11-03;16;2245
11;2025-11-03;17;2747
11;2025-11-03;18;3103
11;2025-11-03;19;2360
11;2025-11-03;20;1338
11;2025-11-03;21;805
11;2025-11-03;22;374
11;2025-11-03;23;223
11;2025-11-04;0;57
11;2025-11-04;1;0
11;2025-11-04;2;0
11;2025-11-04;3;0
11;2025-11-04;4;0
11;2025-11-04;5;240
11;2025-11-04;6;1375
11;2025-11-04;7;2500
11;2025-11-04;8;3357
11;2025-11-04;9;2430
11;2025-11-04;10;1968
11;2025-11-04;11;1789
11;2025-11-04;12;1813
11;2025-11-04;13;1950
11;2025-11-04;14;1944
11;2025-11-04;15;1936
11;2025-11-04;16;2152
11;2025-11-04;17;2804
11;2025-11-04;18;3008
11;2025-11-04;19;2334
11;2025-11-04;20;1484
11;2025-11-04;21;804
11;2025-11-04;22;407
11;2025-11-04;23;221
11;2025-11-05;0;59
11;2025-11-05;1;0
11;2025-11-05;2;0
11;2025-11-05;3;0
11;2025-11-05;4;0
11;2025-11-05;5;261
11;2025-11-05;6;1283
11;2025-11-05;7;2510
11;2025-11-05;8;3193
11;2025-11-05;9;2344
11;2025-11-05;10;1897
11;2025-11-05;11;1978
11;2025-11-05;12;1943
11;2025-11-05;13;2125
11;2025-11-05;14;2083
11;2025-11-05;15;1992
11;2025-11-05;16;2088
11;2025-11-05;17;2781
11;2025-11-05;18;3118
11;2025-11-05;19;2276
11;2025-11-05;20;1445
11;2025-11-05;21;822
11;2025-11-05;22;398
11;2025-11-05;23;238
11;2025-11-06;0;62
11;2025-11-06;1;2
11;2025-11-06;2;0
11;2025-11-06;3;0
11;2025-11-06;4;0
11;2025-11-06;5;245
11;2025-11-06;6;1361
11;2025-11-06;7;2462
11;2025-11-06;8;3081
11;2025-11-06;9;2375
11;2025-11-06;10;2138
11;2025-11-06;11;1900
11;2025-11-06;12;2101
11;2025-11-06;13;2104
11;2025-11-06;14;2077
11;2025-11-06;15;1968
11;2025-11-06;16;2270
11;2025-11-06;17;2779
11;2025-11-06;18;3310
11;2025-11-06;19;2349
11;2025-11-06;20;1494
11;2025-11-06;21;889
11;2025-11-06;22;448
11;2025-11-06;23;258
11;2025-11-07;0;65
11;2025-11-07;1;3
11;2025-11-07;2;0
11;2025-11-07;3;0
11;2025-11-07;4;0
11;2025-11-07;5;256
11;2025-11-07;6;1340
11;2025-11-07;7;2437
11;2025-11-07;8;3202
11;2025-11-07;9;2290
11;2025-11-07;10;1928
11;2025-11-07;11;1822
11;2025-11-07;12;1842
11;2025-11-07;13;1838
11;2025-11-07;14;2035
11;2025-11-07;15;2135
11;2025-11-07;16;2395
11;2025-11-07;17;2927
11;2025-11-07;18;2399
11;2025-11-07;19;1969
11;2025-11-07;20;1407
11;2025-11-07;21;837
11;2025-11-07;22;407
11;2025-11-07;23;322
11;2025-11-08;0;101
11;2025-11-08;1;2
11;2025-11-08;2;0
11;2025-11-08;3;0
11;2025-11-08;4;0
11;2025-11-08;5;194
11;2025-11-08;6;911
11;2025-11-08;7;798
11;2025-11-08;8;1135
11;2025-11-08;9;1200
11;2025-11-08;10;1369
11;2025-11-08;11;1680
11;2025-11-08;12;1940
11;2025-11-08;13;1843
11;2025-11-08;14;1919
11;2025-11-08;15;1786
11;2025-11-08;16;1812
11;2025-11-08;17;1879
11;2025-11-08;18;1588
11;2025-11-08;19;1640
11;2025-11-08;20;1073
11;2025-11-08;21;778
11;2025-11-08;22;458
11;2025-11-08;23;299
11;2025-11-09;0;113
11;2025-11-09;1;21
11;2025-11-09;2;2
11;2025-11-09;3;0
11;2025-11-09;4;0
11;2025-11-09;5;106
11;2025-11-09;6;563
11;2025-11-09;7;525
11;2025-11-09;8;733
11;2025-11-09;9;973
11;2025-11-09;10;1062
11;2025-11-09;11;1526
11;2025-11-09;12;1650
11;2025-11-09;13;1609
11;2025-11-09;14;1671
11;2025-11-09;15;1702
11;2025-11-09;16;1649
11;2025-11-09;17;1809
11;2025-11-09;18;1394
11;2025-11-09;19;1174
11;2025-11-09;20;898
11;2025-11-09;21;643
11;2025-11-09;22;392
11;2025-11-09;23;255
11;2025-11-10;0;66
11;2025-11-10;1;10
11;2025-11-10;2;0
11;2025-11-10;3;0
11;2025-11-10;4;1
11;2025-11-10;5;246
11;2025-11-10;6;1375
11;2025-11-10;7;2347
11;2025-11-10;8;3040
11;2025-11-10;9;2374
11;2025-11-10;10;1836
11;2025-11-10;11;1867
11;2025-11-10;12;1749
11;2025-11-10;13;1843
11;2025-11-10;14;1852
11;2025-11-10;15;2000
11;2025-11-10;16;2245
11;2025-11-10;17;2747
11;2025-11-10;18;3103
11;2025-11-10;19;2360
11;2025-11-10;20;1338
11;2025-11-10;21;805
11;2025-11-10;22;374
11;2025-11-10;23;223
11;2025-11-11;0;57
11;2025-11-11;1;0
11;2025-11-11;2;0
11;2025-11-11;3;0
11;2025-11-11;4;0
11;2025-11-11;5;240
11;2025-11-11;6;1375
11;2025-11-11;7;2500
11;2025-11-11;8;3357
11;2025-11-11;9;2430
11;2025-11-11;10;1968
11;2025-11-11;11;1789
11;2025-11-11;12;1813
11;2025-11-11;13;1950
11;2025-11-11;14;1944
11;2025-11-11;15;1936
11;2025-11-11;16;2152
11;2025-11-11;17;2804
11;2025-11-11;18;3008
11;2025-11-11;19;2334
11;2025-11-11;20;1484
11;2025-11-11;21;804
11;2025-11-11;22;407
11;2025-11-11;23;221
11;2025-11-12;0;59
11;2025-11-12;1;0
11;2025-11-12;2;0
11;2025-11-12;3;0
11;2025-11-12;4;0
11;2025-11-12;5;261
11;2025-11-12;6;1283
11;2025-11-12;7;2510
11;2025-11-12;8;3193
11;2025-11-12;9;2344
11;2025-11-12;10;1897
11;2025-11-12;11;1978
11;2025-11-12;12;1943
11;2025-11-12;13;2125
11;2025-11-12;14;2083
11;2025-11-12;15;1992
11;2025-11-12;16;2088
11;2025-11-12;17;2781
11;2025-11-12;18;3118
11;2025-11-12;19;2276
11;2025-11-12;20;1445
11;2025-11-12;21;822
11;2025-11-12;22;398
11;2025-11-12;23;238
11;2025-11-13;0;62
11;2025-11-13;1;2
11;2025-11-13;2;0
11;2025-11-13;3;0
11;2025-11-13;4;0
11;2025-11-13;5;245
11;2025-11-13;6;1361
11;2025-11-13;7;2462
11;2025-11-13;8;3081
11;2025-11-13;9;2375
11;2025-11-13;10;2138
11;2025-11-13;11;1900
11;2025-11-13;12;2101
11;2025-11-13;13;2104
11;2025-11-13;14;2077
11;2025-11-13;15;1968
11;2025-11-13;16;2270
11;2025-11-13;17;2779
11;2025-11-13;18;3310
11;2025-11-13;19;2349
11;2025-11-13;20;1494
11;2025-11-13;21;889
11;2025-11-13;22;448
11;2025-11-13;23;258
11;2025-11-14;0;65
11;2025-11-14;1;3
11;2025-11-14;2;0
11;2025-11-14;3;0
11;2025-11-14;4;0
11;2025-11-14;5;256
11;2025-11-14;6;1340
11;2025-11-14;7;2437
11;2025-11-14;8;3202
11;2025-11-14;9;2290
11;2025-11-14;10;1928
11;2025-11-14;11;1822
11;2025-11-14;12;1842
11;2025-11-14;13;1838
11;2025-11-14;14;2035
11;2025-11-14;15;2135
11;2025-11-14;16;2395
11;2025-11-14;17;2927
11;2025-11-14;18;2399
11;2025-11-14;19;1969
11;2025-11-14;20;1407
11;2025-11-14;21;837
11;2025-11-14;22;407
11;2025-11-14;23;322
11;2025-11-15;0;101
11;2025-11-15;1;2
11;2025-11-15;2;0
11;2025-11-15;3;0
11;2025-11-15;4;0
11;2025-11-15;5;194
11;2025-11-15;6;911
11;2025-11-15;7;798
11;2025-11-15;8;1135
11;2025-11-15;9;1200
11;2025-11-15;10;1369
11;2025-11-15;11;1680
11;2025-11-15;12;1940
11;2025-11-15;13;1843
11;2025-11-15;14;1919
11;2025-11-15;15;1786
11;2025-11-15;16;1812
11;2025-11-15;17;1879
11;2025-11-15;18;1588
11;2025-11-15;19;1640
11;2025-11-15;20;1073
11;2025-11-15;21;778
11;2025-11-15;22;458
11;2025-11-15;23;299
11;2025-11-16;0;113
11;2025-11-16;1;21
11;2025-11-16;2;2
11;2025-11-16;3;0
11;2025-11-16;4;0
11;2025-11-16;5;106
11;2025-11-16;6;563
11;2025-11-16;7;525
11;2025-11-16;8;733
11;2025-11-16;9;973
11;2025-11-16;10;1062
11;2025-11-16;11;1526
11;2025-11-16;12;1650
11;2025-11-16;13;1609
11;2025-11-16;14;1671
11;2025-11-16;15;1702
11;2025-11-16;16;1649
11;2025-11-16;17;1809
11;2025-11-16;18;1394
11;2025-11-16;19;1174
11;2025-11-16;20;898
11;2025-11-16;21;643
11;2025-11-16;22;392
11;2025-11-16;23;255
11;2025-11-17;0;66
11;2025-11-17;1;10
11;2025-11-17;2;0
11;2025-11-17;3;0
11;2025-11-17;4;1
11;2025-11-17;5;246
11;2025-11-17;6;1375
11;2025-11-17;7;2347
11;2025-11-17;8;3040
11;2025-11-17;9;2374
11;2025-11-17;10;1836
11;2025-11-17;11;1867
11;2025-11-17;12;1749
11;2025-11-17;13;1843
11;2025-11-17;14;1852
11;2025-11-17;15;2000
11;2025-11-17;16;2245
11;2025-11-17;17;2747
11;2025-11-17;18;3103
11;2025-11-17;19;2360
11;2025-11-17;20;1338
11;2025-11-17;21;805
11;2025-11-17;22;374
11;2025-11-17;23;223
11;2025-11-18;0;57
11;2025-11-18;1;0
11;2025-11-18;2;0
11;2025-11-18;3;0
11;2025-11-18;4;0
11;2025-11-18;5;240
11;2025-11-18;6;1375
11;2025-11-18;7;2500
11;2025-11-18;8;3357
11;2025-11-18;9;2430
11;2025-11-18;10;1968
11;2025-11-18;11;1789
11;2025-11-18;12;1813
11;2025-11-18;13;1950
11;2025-11-18;14;1944
11;2025-11-18;15;1936
11;2025-11-18;16;2152
11;2025-11-18;17;2804
11;2025-11-18;18;3008
11;2025-11-18;19;2334
11;2025-11-18;20;1484
11;2025-11-18;21;804
11;2025-11-18;22;407
11;2025-11-18;23;221
11;2025-11-19;0;59
11;2025-11-19;1;0
11;2025-11-19;2;0
11;2025-11-19;3;0
11;2025-11-19;4;0
11;2025-11-19;5;261
11;2025-11-19;6;1283
11;2025-11-19;7;2510
11;2025-11-19;8;3193
11;2025-11-19;9;2344
11;2025-11-19;10;1897
11;2025-11-19;11;1978
11;2025-11-19;12;1943
11;2025-11-19;13;2125
11;2025-11-19;14;2083
11;2025-11-19;15;1992
11;2025-11-19;16;2088
11;2025-11-19;17;2781
11;2025-11-19;18;3118
11;2025-11-19;19;2276
11;2025-11-19;20;1445
11;2025-11-19;21;822
11;2025-11-19;22;398
11;2025-11-19;23;238
11;2025-11-20;0;62
11;2025-11-20;1;2
11;2025-11-20;2;0
11;2025-11-20;3;0
11;2025-11-20;4;0
11;2025-11-20;5;245
11;2025-11-20;6;1361
11;2025-11-20;7;2462
11;2025-11-20;8;3081
11;2025-11-20;9;2375
11;2025-11-20;10;2138
11;2025-11-20;11;1900
11;2025-11-20;12;2101
11;2025-11-20;13;2104
11;2025-11-20;14;2077
11;2025-11-20;15;1968
11;2025-11-20;16;2270
11;2025-11-20;17;2779
11;2025-11-20;18;3310
11;2025-11-20;19;2349
11;2025-11-20;20;1494
11;2025-11-20;21;889
11;2025-11-20;22;448
11;2025-11-20;23;258
11;2025-11-21;0;65
11;2025-11-21;1;3
11;2025-11-21;2;0
11;2025-11-21;3;0
11;2025-11-21;4;0
11;2025-11-21;5;256
11;2025-11-21;6;1340
11;2025-11-21;7;2437
11;2025-11-21;8;3202
11;2025-11-21;9;2290
11;2025-11-21;10;1928
11;2025-11-21;11;1822
11;2025-11-21;12;1842
11;2025-11-21;13;1838
11;2025-11-21;14;2035
11;2025-11-21;15;2135
11;2025-11-21;16;2395
11;2025-11-21;17;2927
11;2025-11-21;18;2399
11;2025-11-21;19;1969
11;2025-11-21;20;1407
11;2025-11-21;21;837
11;2025-11-21;22;407
11;2025-11-21;23;322
11;2025-11-22;0;101
11;2025-11-22;1;2
11;2025-11-22;2;0
11;2025-11-22;3;0
11;2025-11-22;4;0
11;2025-11-22;5;194
11;2025-11-22;6;911
11;2025-11-22;7;798
11;2025-11-22;8;1135
11;2025-11-22;9;1200
11;2025-11-22;10;1369
11;2025-11-22;11;1680
11;2025-11-22;12;1940
11;2025-11-22;13;1843
11;2025-11-22;14;1919
11;2025-11-22;15;1786
11;2025-11-22;16;1812
11;2025-11-22;17;1879
11;2025-11-22;18;1588
11;2025-11-22;19;1640
11;2025-11-22;20;1073
11;2025-11-22;21;778
11;2025-11-22;22;458
11;2025-11-22;23;299
11;2025-11-23;0;113
11;2025-11-23;1;21
11;2025-11-23;2;2
11;2025-11-23;3;0
11;2025-11-23;4;0
11;2025-11-23;5;106
11;2025-11-23;6;563
11;2025-11-23;7;525
11;2025-11-23;8;733
11;2025-11-23;9;973
11;2025-11-23;10;1062
11;2025-11-23;11;1526
11;2025-11-23;12;1650
11;2025-11-23;13;1609
11;2025-11-23;14;1671
11;2025-11-23;15;1702
11;2025-11-23;16;1649
11;2025-11-23;17;1809
11;2025-11-23;18;1394
11;2025-11-23;19;1174
11;2025-11-23;20;898
11;2025-11-23;21;643
11;2025-11-23;22;392
11;2025-11-23;23;255
11;2025-11-24;0;66
11;2025-11-24;1;10
11;2025-11-24;2;0
11;2025-11-24;3;0
11;2025-11-24;4;1
11;2025-11-24;5;246
11;2025-11-24;6;1375
11;2025-11-24;7;2347
11;2025-11-24;8;3040
11;2025-11-24;9;2374
11;2025-11-24;10;1836
11;2025-11-24;11;1867
11;2025-11-24;12;1749
11;2025-11-24;13;1843
11;2025-11-24;14;1852
11;2025-11-24;15;2000
11;2025-11-24;16;2245
11;2025-11-24;17;2747
11;2025-11-24;18;3103
11;2025-11-24;19;2360
11;2025-11-24;20;1338
11;2025-11-24;21;805
11;2025-11-24;22;374
11;2025-11-24;23;223
11;2025-11-25;0;57
11;2025-11-25;1;0
11;2025-11-25;2;0
11;2025-11-25;3;0
11;2025-11-25;4;0
11;2025-11-25;5;240
11;2025-11-25;6;1375
11;2025-11-25;7;2500
11;2025-11-25;8;3357
11;2025-11-25;9;2430
11;2025-11-25;10;1968
11;2025-11-25;11;1789
11;2025-11-25;12;1813
11;2025-11-25;13;1950
11;2025-11-25;14;1944
11;2025-11-25;15;1936
11;2025-11-25;16;2152
11;2025-11-25;17;2804
11;2025-11-25;18;3008
11;2025-11-25;19;2334
11;2025-11-25;20;1484
11;2025-11-25;21;804
11;2025-11-25;22;407
11;2025-11-25;23;221
11;2025-11-26;0;59
11;2025-11-26;1;0
11;2025-11-26;2;0
11;2025-11-26;3;0
11;2025-11-26;4;0
11;2025-11-26;5;261
11;2025-11-26;6;1283
11;2025-11-26;7;2510
11;2025-11-26;8;3193
11;2025-11-26;9;2344
11;2025-11-26;10;1897
11;2025-11-26;11;1978
11;2025-11-26;12;1943
11;2025-11-26;13;2125
11;2025-11-26;14;2083
11;2025-11-26;15;1992
11;2025-11-26;16;2088
11;2025-11-26;17;2781
11;2025-11-26;18;3118
11;2025-11-26;19;2276
11;2025-11-26;20;1445
11;2025-11-26;21;822
11;2025-11-26;22;398
11;2025-11-26;23;238
11;2025-11-27;0;62
11;2025-11-27;1;2
11;2025-11-27;2;0
11;2025-11-27;3;0
11;2025-11-27;4;0
11;2025-11-27;5;245
11;2025-11-27;6;1361
11;2025-11-27;7;2462
11;2025-11-27;8;3081
11;2025-11-27;9;2375
11;2025-11-27;10;2138
11;2025-11-27;11;1900
11;2025-11-27;12;2101
11;2025-11-27;13;2104
11;2025-11-27;14;2077
11;2025-11-27;15;1968
11;2025-11-27;16;2270
11;2025-11-27;17;2779
11;2025-11-27;18;3310
11;2025-11-27;19;2349
11;2025-11-27;20;1494
11;2025-11-27;21;889
11;2025-11-27;22;448
11;2025-11-27;23;258
11;2025-11-28;0;65
11;2025-11-28;1;3
11;2025-11-28;2;0
11;2025-11-28;3;0
11;2025-11-28;4;0
11;2025-11-28;5;256
11;2025-11-28;6;1340
11;2025-11-28;7;2437
11;2025-11-28;8;3202
11;2025-11-28;9;2290
11;2025-11-28;10;1928
11;2025-11-28;11;1822
11;2025-11-28;12;1842
11;2025-11-28;13;1838
11;2025-11-28;14;2035
11;2025-11-28;15;2135
11;2025-11-28;16;2395
11;2025-11-28;17;2927
11;2025-11-28;18;2399
11;2025-11-28;19;1969
11;2025-11-28;20;1407
11;2025-11-28;21;837
11;2025-11-28;22;407
11;2025-11-28;23;322
11;2025-11-29;0;101
11;2025-11-29;1;2
11;2025-11-29;2;0
11;2025-11-29;3;0
11;2025-11-29;4;0
11;2025-11-29;5;194
11;2025-11-29;6;911
11;2025-11-29;7;798
11;2025-11-29;8;1135
11;2025-11-29;9;1200
11;2025-11-29;10;1369
11;2025-11-29;11;1680
11;2025-11-29;12;1940
11;2025-11-29;13;1843
11;2025-11-29;14;1919
11;2025-11-29;15;1786
11;2025-11-29;16;1812
11;2025-11-29;17;1879
11;2025-11-29;18;1588
11;2025-11-29;19;1640
11;2025-11-29;20;1073
11;2025-11-29;21;778
11;2025-11-29;22;458
11;2025-11-29;23;299
11;2025-11-30;0;113
11;2025-11-30;1;21
11;2025-11-30;2;2
11;2025-11-30;3;0
11;2025-11-30;4;0
11;2025-11-30;5;106
11;2025-11-30;6;563
11;2025-11-30;7;525
11;2025-11-30;8;733
11;2025-11-30;9;973
11;2025-11-30;10;1062
11;2025-11-30;11;1526
11;2025-11-30;12;1650
11;2025-11-30;13;1609
11;2025-11-30;14;1671
11;2025-11-30;15;1702
11;2025-11-30;16;1649
11;2025-11-30;17;1809
11;2025-11-30;18;1394
11;2025-11-30;19;1174
11;2025-11-30;20;898
11;2025-11-30;21;643
11;2025-11-30;22;392
11;2025-11-30;23;255
11;2025-12-01;0;66
11;2025-12-01;1;10
11;2025-12-01;2;0
11;2025-12-01;3;0
11;2025-12-01;4;1
11;2025-12-01;5;246
11;2025-12-01;6;1375
11;2025-12-01;7;2347
11;2025-12-01;8;3040
11;2025-12-01;9;2374
11;2025-12-01;10;1836
11;2025-12-01;11;1867
11;2025-12-01;12;1749
11;2025-12-01;13;1843
11;2025-12-01;14;1852
11;2025-12-01;15;2000
11;2025-12-01;16;2245
11;2025-12-01;17;2747
11;2025-12-01;18;3103
11;2025-12-01;19;2360
11;2025-12-01;20;1338
11;2025-12-01;21;805
11;2025-12-01;22;374
11;2025-12-01;23;223
11;2025-12-02;0;57
11;2025-12-02;1;0
11;2025-12-02;2;0
11;2025-12-02;3;0
11;2025-12-02;4;0
11;2025-12-02;5;240
11;2025-12-02;6;1375
11;2025-12-02;7;2500
11;2025-12-02;8;3357
11;2025-12-02;9;2430
11;2025-12-02;10;1968
11;2025-12-02;11;1789
11;2025-12-02;12;1813
11;2025-12-02;13;1950
11;2025-12-02;14;1944
11;2025-12-02;15;1936
11;2025-12-02;16;2152
11;2025-12-02;17;2804
11;2025-12-02;18;3008
11;2025-12-02;19;2334
11;2025-12-02;20;1484
11;2025-12-02;21;804
11;2025-12-02;22;407
11;2025-12-02;23;221
11;2025-12-03;0;59
11;2025-12-03;1;0
11;2025-12-03;2;0
11;2025-12-03;3;0
11;2025-12-03;4;0
11;2025-12-03;5;261
11;2025-12-03;6;1283
11;2025-12-03;7;2510
11;2025-12-03;8;3193
11;2025-12-03;9;2344
11;2025-12-03;10;1897
11;2025-12-03;11;1978
11;2025-12-03;12;1943
11;2025-12-03;13;2125
11;2025-12-03;14;2083
11;2025-12-03;15;1992
11;2025-12-03;16;2088
11;2025-12-03;17;2781
11;2025-12-03;18;3118
11;2025-12-03;19;2276
11;2025-12-03;20;1445
11;2025-12-03;21;822
11;2025-12-03;22;398
11;2025-12-03;23;238
11;2025-12-04;0;62
11;2025-12-04;1;2
11;2025-12-04;2;0
11;2025-12-04;3;0
11;2025-12-04;4;0
11;2025-12-04;5;245
11;2025-12-04;6;1361
11;2025-12-04;7;2462
11;2025-12-04;8;3081
11;2025-12-04;9;2375
11;2025-12-04;10;2138
11;2025-12-04;11;1900
11;2025-12-04;12;2101
11;2025-12-04;13;2104
11;2025-12-04;14;2077
11;2025-12-04;15;1968
11;2025-12-04;16;2270
11;2025-12-04;17;2779
11;2025-12-04;18;3310
11;2025-12-04;19;2349
11;2025-12-04;20;1494
11;2025-12-04;21;889
11;2025-12-04;22;448
11;2025-12-04;23;258
11;2025-12-05;0;65
11;2025-12-05;1;3
11;2025-12-05;2;0
11;2025-12-05;3;0
11;2025-12-05;4;0
11;2025-12-05;5;256
11;2025-12-05;6;1340
11;2025-12-05;7;2437
11;2025-12-05;8;3202
11;2025-12-05;9;2290
11;2025-12-05;10;1928
11;2025-12-05;11;1822
11;2025-12-05;12;1842
11;2025-12-05;13;1838
11;2025-12-05;14;2035
11;2025-12-05;15;2135
11;2025-12-05;16;2395
11;2025-12-05;17;2927
11;2025-12-05;18;2399
11;2025-12-05;19;1969
11;2025-12-05;20;1407
11;2025-12-05;21;837
11;2025-12-05;22;407
11;2025-12-05;23;322
11;2025-12-06;0;101
11;2025-12-06;1;2
11;2025-12-06;2;0
11;2025-12-06;3;0
11;2025-12-06;4;0
11;2025-12-06;5;194
11;2025-12-06;6;911
11;2025-12-06;7;798
11;2025-12-06;8;1135
11;2025-12-06;9;1200
11;2025-12-06;10;1369
11;2025-12-06;11;1680
11;2025-12-06;12;1940
11;2025-12-06;13;1843
11;2025-12-06;14;1919
11;2025-12-06;15;1786
11;2025-12-06;16;1812
11;2025-12-06;17;1879
11;2025-12-06;18;1588
11;2025-12-06;19;1640
11;2025-12-06;20;1073
11;2025-12-06;21;778
11;2025-12-06;22;458
11;2025-12-06;23;299
11;2025-12-07;0;113
11;2025-12-07;1;21
11;2025-12-07;2;2
11;2025-12-07;3;0
11;2025-12-07;4;0
11;2025-12-07;5;106
11;2025-12-07;6;563
11;2025-12-07;7;525
11;2025-12-07;8;733
11;2025-12-07;9;973
11;2025-12-07;10;1062
11;2025-12-07;11;1526
11;2025-12-07;12;1650
11;2025-12-07;13;1609
11;2025-12-07;14;1671
11;2025-12-07;15;1702
11;2025-12-07;16;1649
11;2025-12-07;17;1809
11;2025-12-07;18;1394
11;2025-12-07;19;1174
11;2025-12-07;20;898
11;2025-12-07;21;643
11;2025-12-07;22;392
11;2025-12-07;23;255
11;2025-12-08;0;66
11;2025-12-08;1;10
11;2025-12-08;2;0
11;2025-12-08;3;0
11;2025-12-08;4;1
11;2025-12-08;5;246
11;2025-12-08;6;1375
11;2025-12-08;7;2347
11;2025-12-08;8;3040
11;2025-12-08;9;2374
11;2025-12-08;10;1836
11;2025-12-08;11;1867
11;2025-12-08;12;1749
11;2025-12-08;13;1843
11;2025-12-08;14;1852
11;2025-12-08;15;2000
11;2025-12-08;16;2245
11;2025-12-08;17;2747
11;2025-12-08;18;3103
11;2025-12-08;19;2360
11;2025-12-08;20;1338
11;2025-12-08;21;805
11;2025-12-08;22;374
11;2025-12-08;23;223
11;2025-12-09;0;57
11;2025-12-09;1;0
11;2025-12-09;2;0
11;2025-12-09;3;0
11;2025-12-09;4;0
11;2025-12-09;5;240
11;2025-12-09;6;1375
11;2025-12-09;7;2500
11;2025-12-09;8;3357
11;2025-12-09;9;2430
11;2025-12-09;10;1968
11;2025-12-09;11;1789
11;2025-12-09;12;1813
11;2025-12-09;13;1950
11;2025-12-09;14;1944
11;2025-12-09;15;1936
11;2025-12-09;16;2152
11;2025-12-09;17;2804
11;2025-12-09;18;3008
11;2025-12-09;19;2334
11;2025-12-09;20;1484
11;2025-12-09;21;804
11;2025-12-09;22;407
11;2025-12-09;23;221
11;2025-12-10;0;59
11;2025-12-10;1;0
11;2025-12-10;2;0
11;2025-12-10;3;0
11;2025-12-10;4;0
11;2025-12-10;5;261
11;2025-12-10;6;1283
11;2025-12-10;7;2510
11;2025-12-10;8;3193
11;2025-12-10;9;2344
11;2025-12-10;10;1897
11;2025-12-10;11;1978
11;2025-12-10;12;1943
11;2025-12-10;13;2125
11;2025-12-10;14;2083
11;2025-12-10;15;1992
11;2025-12-10;16;2088
11;2025-12-10;17;2781
11;2025-12-10;18;3118
11;2025-12-10;19;2276
11;2025-12-10;20;1445
11;2025-12-10;21;822
11;2025-12-10;22;398
11;2025-12-10;23;238
11;2025-12-11;0;62
11;2025-12-11;1;2
11;2025-12-11;2;0
11;2025-12-11;3;0
11;2025-12-11;4;0
11;2025-12-11;5;245
11;2025-12-11;6;1361
11;2025-12-11;7;2462
11;2025-12-11;8;3081
11;2025-12-11;9;2375
11;2025-12-11;10;2138
11;2025-12-11;11;1900
11;2025-12-11;12;2101
11;2025-12-11;13;2104
11;2025-12-11;14;2077
11;2025-12-11;15;1968
11;2025-12-11;16;2270
11;2025-12-11;17;2779
11;2025-12-11;18;3310
11;2025-12-11;19;2349
11;2025-12-11;20;1494
11;2025-12-11;21;889
11;2025-12-11;22;448
11;2025-12-11;23;258
11;2025-12-12;0;65
11;2025-12-12;1;3
11;2025-12-12;2;0
11;2025-12-12;3;0
11;2025-12-12;4;0
11;2025-12-12;5;256
11;2025-12-12;6;1340
11;2025-12-12;7;2437
11;2025-12-12;8;3202
11;2025-12-12;9;2290
11;2025-12-12;10;1928
11;2025-12-12;11;1822
11;2025-12-12;12;1842
11;2025-12-12;13;1838
11;2025-12-12;14;2035
11;2025-12-12;15;2135
11;2025-12-12;16;2395
11;2025-12-12;17;2927
11;2025-12-12;18;2399
11;2025-12-12;19;1969
11;2025-12-12;20;1407
11;2025-12-12;21;837
11;2025-12-12;22;407
11;2025-12-12;23;322
11;2025-12-13;0;101
11;2025-12-13;1;2
11;2025-12-13;2;0
11;2025-12-13;3;0
11;2025-12-13;4;0
11;2025-12-13;5;194
11;2025-12-13;6;911
11;2025-12-13;7;798
11;2025-12-13;8;1135
11;2025-12-13;9;1200
11;2025-12-13;10;1369
11;2025-12-13;11;1680
11;2025-12-13;12;1940
11;2025-12-13;13;1843
11;2025-12-13;14;1919
11;2025-12-13;15;1786
11;2025-12-13;16;1812
11;2025-12-13;17;1879
11;2025-12-13;18;1588
11;2025-12-13;19;1640
11;2025-12-13;20;1073
11;2025-12-13;21;778
11;2025-12-13;22;458
11;2025-12-13;23;299
11;2025-12-14;0;113
11;2025-12-14;1;21
11;2025-12-14;2;2
11;2025-12-14;3;0
11;2025-12-14;4;0
11;2025-12-14;5;106
11;2025-12-14;6;563
11;2025-12-14;7;525
11;2025-12-14;8;733
11;2025-12-14;9;973
11;2025-12-14;10;1062
11;2025-12-14;11;1526
11;2025-12-14;12;1650
11;2025-12-14;13;1609
11;2025-12-14;14;1671
11;2025-12-14;15;1702
11;2025-12-14;16;1649
11;2025-12-14;17;1809
11;2025-12-14;18;1394
11;2025-12-14;19;1174
11;2025-12-14;20;898
11;2025-12-14;21;643
11;2025-12-14;22;392
11;2025-12-14;23;255
11;2025-12-15;0;66
11;2025-12-15;1;10
11;2025-12-15;2;0
11;2025-12-15;3;0
11;2025-12-15;4;1
11;2025-12-15;5;246
11;2025-12-15;6;1375
11;2025-12-15;7;2347
11;2025-12-15;8;3040
11;2025-12-15;9;2374
11;2025-12-15;10;1836
11;2025-12-15;11;1867
11;2025-12-15;12;1749
11;2025-12-15;13;1843
11;2025-12-15;14;1852
11;2025-12-15;15;2000
11;2025-12-15;16;2245
11;2025-12-15;17;2747
11;2025-12-15;18;3103
11;2025-12-15;19;2360
11;2025-12-15;20;1338
11;2025-12-15;21;805
11;2025-12-15;22;374
11;2025-12-15;23;223
11;2025-12-16;0;57
11;2025-12-16;1;0
11;2025-12-16;2;0
11;2025-12-16;3;0
11;2025-12-16;4;0
11;2025-12-16;5;240
11;2025-12-16;6;1375
11;2025-12-16;7;2500
11;2025-12-16;8;3357
11;2025-12-16;9;2430
11;2025-12-16;10;1968
11;2025-12-16;11;1789
11;2025-12-16;12;1813
11;2025-12-16;13;1950
11;2025-12-16;14;1944
11;2025-12-16;15;1936
11;2025-12-16;16;2152
11;2025-12-16;17;2804
11;2025-12-16;18;3008
11;2025-12-16;19;2334
11;2025-12-16;20;1484
11;2025-12-16;21;804
11;2025-12-16;22;407
11;2025-12-16;23;221
11;2025-12-17;0;59
11;2025-12-17;1;0
11;2025-12-17;2;0
11;2025-12-17;3;0
11;2025-12-17;4;0
11;2025-12-17;5;261
11;2025-12-17;6;1283
11;2025-12-17;7;2510
11;2025-12-17;8;3193
11;2025-12-17;9;2344
11;2025-12-17;10;1897
11;2025-12-17;11;1978
11;2025-12-17;12;1943
11;2025-12-17;13;2125
11;2025-12-17;14;2083
11;2025-12-17;15;1992
11;2025-12-17;16;2088
11;2025-12-17;17;2781
11;2025-12-17;18;3118
11;2025-12-17;19;2276
11;2025-12-17;20;1445
11;2025-12-17;21;822
11;2025-12-17;22;398
11;2025-12-17;23;238
11;2025-12-18;0;62
11;2025-12-18;1;2
11;2025-12-18;2;0
11;2025-12-18;3;0
11;2025-12-18;4;0
11;2025-12-18;5;245
11;2025-12-18;6;1361
11;2025-12-18;7;2462
11;2025-12-18;8;3081
11;2025-12-18;9;2375
11;2025-12-18;10;2138
11;2025-12-18;11;1900
11;2025-12-18;12;2101
11;2025-12-18;13;2104
11;2025-12-18;14;2077
11;2025-12-18;15;1968
11;2025-12-18;16;2270
11;2025-12-18;17;2779
11;2025-12-18;18;3310
11;2025-12-18;19;2349
11;2025-12-18;20;1494
11;2025-12-18;21;889
11;2025-12-18;22;448
11;2025-12-18;23;258
11;2025-12-19;0;65
11;2025-12-19;1;3
11;2025-12-19;2;0
11;2025-12-19;3;0
11;2025-12-19;4;0
11;2025-12-19;5;256
11;2025-12-19;6;1340
11;2025-12-19;7;2437
11;2025-12-19;8;3202
11;2025-12-19;9;2290
11;2025-12-19;10;1928
11;2025-12-19;11;1822
11;2025-12-19;12;1842
11;2025-12-19;13;1838
11;2025-12-19;14;2035
11;2025-12-19;15;2135
11;2025-12-19;16;2395
11;2025-12-19;17;2927
11;2025-12-19;18;2399
11;2025-12-19;19;1969
11;2025-12-19;20;1407
11;2025-12-19;21;837
11;2025-12-19;22;407
11;2025-12-19;23;322
11;2025-12-20;0;101
11;2025-12-20;1;2
11;2025-12-20;2;0
11;2025-12-20;3;0
11;2025-12-20;4;0
11;2025-12-20;5;194
11;2025-12-20;6;911
11;2025-12-20;7;798
11;2025-12-20;8;1135
11;2025-12-20;9;1200
11;2025-12-20;10;1369
11;2025-12-20;11;1680
11;2025-12-20;12;1940
11;2025-12-20;13;1843
11;2025-12-20;14;1919
11;2025-12-20;15;1786
11;2025-12-20;16;1812
11;2025-12-20;17;1879
11;2025-12-20;18;1588
11;2025-12-20;19;1640
11;2025-12-20;20;1073
11;2025-12-20;21;778
11;2025-12-20;22;458
11;2025-12-20;23;299
11;2025-12-21;0;113
11;2025-12-21;1;21
11;2025-12-21;2;2
11;2025-12-21;3;0
11;2025-12-21;4;0
11;2025-12-21;5;106
11;2025-12-21;6;563
11;2025-12-21;7;525
11;2025-12-21;8;733
11;2025-12-21;9;973
11;2025-12-21;10;1062
11;2025-12-21;11;1526
11;2025-12-21;12;1650
11;2025-12-21;13;1609
11;2025-12-21;14;1671
11;2025-12-21;15;1702
11;2025-12-21;16;1649
11;2025-12-21;17;1809
11;2025-12-21;18;1394
11;2025-12-21;19;1174
11;2025-12-21;20;898
11;2025-12-21;21;643
11;2025-12-21;22;392
11;2025-12-21;23;255
11;2025-12-22;0;66
11;2025-12-22;1;10
11;2025-12-22;2;0
11;2025-12-22;3;0
11;2025-12-22;4;1
11;2025-12-22;5;246
11;2025-12-22;6;1375
11;2025-12-22;7;2347
11;2025-12-22;8;3040
11;2025-12-22;9;2374
11;2025-12-22;10;1836
11;2025-12-22;11;1867
11;2025-12-22;12;1749
11;2025-12-22;13;1843
11;2025-12-22;14;1852
11;2025-12-22;15;2000
11;2025-12-22;16;2245
11;2025-12-22;17;2747
11;2025-12-22;18;3103
11;2025-12-22;19;2360
11;2025-12-22;20;1338
11;2025-12-22;21;805
11;2025-12-22;22;374
11;2025-12-22;23;223
11;2025-12-23;0;57
11;2025-12-23;1;0
11;2025-12-23;2;0
11;2025-12-23;3;0
11;2025-12-23;4;0
11;2025-12-23;5;240
11;2025-12-23;6;1375
11;2025-12-23;7;2500
11;2025-12-23;8;3357
11;2025-12-23;9;2430
11;2025-12-23;10;1968
11;2025-12-23;11;1789
11;2025-12-23;12;1813
11;2025-12-23;13;1950
11;2025-12-23;14;1944
11;2025-12-23;15;1936
11;2025-12-23;16;2152
11;2025-12-23;17;2804
11;2025-12-23;18;3008
11;2025-12-23;19;2334
11;2025-12-23;20;1484
11;2025-12-23;21;804
11;2025-12-23;22;407
11;2025-12-23;23;221
11;2025-12-24;0;59
11;2025-12-24;1;0
11;2025-12-24;2;0
11;2025-12-24;3;0
11;2025-12-24;4;0
11;2025-12-24;5;261
11;2025-12-24;6;1283
11;2025-12-24;7;2510
11;2025-12-24;8;3193
11;2025-12-24;9;2344
11;2025-12-24;10;1897
11;2025-12-24;11;1978
11;2025-12-24;12;1943
11;2025-12-24;13;2125
11;2025-12-24;14;2083
11;2025-12-24;15;1992
11;2025-12-24;16;2088
11;2025-12-24;17;2781
11;2025-12-24;18;3118
11;2025-12-24;19;2276
11;2025-12-24;20;1445
11;2025-12-24;21;822
11;2025-12-24;22;398
11;2025-12-24;23;238
11;2025-12-25;0;62
11;2025-12-25;1;2
11;2025-12-25;2;0
11;2025-12-25;3;0
11;2025-12-25;4;0
11;2025-12-25;5;245
11;2025-12-25;6;1361
11;2025-12-25;7;2462
11;2025-12-25;8;3081
11;2025-12-25;9;2375
11;2025-12-25;10;2138
11;2025-12-25;11;1900
11;2025-12-25;12;2101
11;2025-12-25;13;2104
11;2025-12-25;14;2077
11;2025-12-25;15;1968
11;2025-12-25;16;2270
11;2025-12-25;17;2779
11;2025-12-25;18;3310
11;2025-12-25;19;2349
11;2025-12-25;20;1494
11;2025-12-25;21;889
11;2025-12-25;22;448
11;2025-12-25;23;258
11;2025-12-26;0;65
11;2025-12-26;1;3
11;2025-12-26;2;0
11;2025-12-26;3;0
11;2025-12-26;4;0
11;2025-12-26;5;256
11;2025-12-26;6;1340
11;2025-12-26;7;2437
11;2025-12-26;8;3202
11;2025-12-26;9;2290
11;2025-12-26;10;1928
11;2025-12-26;11;1822
11;2025-12-26;12;1842
11;2025-12-26;13;1838
11;2025-12-26;14;2035
11;2025-12-26;15;2135
11;2025-12-26;16;2395
11;2025-12-26;17;2927
11;2025-12-26;18;2399
11;2025-12-26;19;1969
11;2025-12-26;20;1407
11;2025-12-26;21;837
11;2025-12-26;22;407
11;2025-12-26;23;322
11;2025-12-27;0;101
11;2025-12-27;1;2
11;2025-12-27;2;0
11;2025-12-27;3;0
11;2025-12-27;4;0
11;2025-12-27;5;194
11;2025-12-27;6;911
11;2025-12-27;7;798
11;2025-12-27;8;1135
11;2025-12-27;9;1200
11;2025-12-27;10;1369
11;2025-12-27;11;1680
11;2025-12-27;12;1940
11;2025-12-27;13;1843
11;2025-12-27;14;1919
11;2025-12-27;15;1786
11;2025-12-27;16;1812
11;2025-12-27;17;1879
11;2025-12-27;18;1588
11;2025-12-27;19;1640
11;2025-12-27;20;1073
11;2025-12-27;21;778
11;2025-12-27;22;458
11;2025-12-27;23;299
11;2025-12-28;0;113
11;2025-12-28;1;21
11;2025-12-28;2;2
11;2025-12-28;3;0
11;2025-12-28;4;0
11;2025-12-28;5;106
11;2025-12-28;6;563
11;2025-12-28;7;525
11;2025-12-28;8;733
11;2025-12-28;9;973
11;2025-12-28;10;1062
11;2025-12-28;11;1526
11;2025-12-28;12;1650
11;2025-12-28;13;1609
11;2025-12-28;14;1671
11;2025-12-28;15;1702
11;2025-12-28;16;1649
11;2025-12-28;17;1809
11;2025-12-28;18;1394
11;2025-12-28;19;1174
11;2025-12-28;20;898
11;2025-12-28;21;643
11;2025-12-28;22;392
11;2025-12-28;23;255
11;2025-12-29;0;66
11;2025-12-29;1;10
11;2025-12-29;2;0
11;2025-12-29;3;0
11;2025-12-29;4;1
11;2025-12-29;5;246
11;2025-12-29;6;1375
11;2025-12-29;7;2347
11;2025-12-29;8;3040
11;2025-12-29;9;2374
11;2025-12-29;10;1836
11;2025-12-29;11;1867
11;2025-12-29;12;1749
11;2025-12-29;13;1843
11;2025-12-29;14;1852
11;2025-12-29;15;2000
11;2025-12-29;16;2245
11;2025-12-29;17;2747
11;2025-12-29;18;3103
11;2025-12-29;19;2360
11;2025-12-29;20;1338
11;2025-12-29;21;805
11;2025-12-29;22;374
11;2025-12-29;23;223
11;2025-12-30;0;57
11;2025-12-30;1;0
11;2025-12-30;2;0
11;2025-12-30;3;0
11;2025-12-30;4;0
11;2025-12-30;5;240
11;2025-12-30;6;1375
11;2025-12-30;7;2500
11;2025-12-30;8;3357
11;2025-12-30;9;2430
11;2025-12-30;10;1968
11;2025-12-30;11;1789
11;2025-12-30;12;1813
11;2025-12-30;13;1950
11;2025-12-30;14;1944
11;2025-12-30;15;1936
11;2025-12-30;16;2152
11;2025-12-30;17;2804
11;2025-12-30;18;3008
11;2025-12-30;19;2334
11;2025-12-30;20;1484
11;2025-12-30;21;804
11;2025-12-30;22;407
11;2025-12-30;23;221
11;2025-12-31;0;59
11;2025-12-31;1;0
11;2025-12-31;2;0
11;2025-12-31;3;0
11;2025-12-31;4;0
11;2025-12-31;5;261
11;2025-12-31;6;1283
11;2025-12-31;7;2510
11;2025-12-31;8;3193
11;2025-12-31;9;2344
11;2025-12-31;10;1897
11;2025-12-31;11;1978
11;2025-12-31;12;1943
11;2025-12-31;13;2125
11;2025-12-31;14;2083
11;2025-12-31;15;1992
11;2025-12-31;16;2088
11;2025-12-31;17;2781
11;2025-12-31;18;3118
11;2025-12-31;19;2276
11;2025-12-31;20;1445
11;2025-12-31;21;822
11;2025-12-31;22;398
11;2025-12-31;23;238
12;2025-11-01;0;66
12;2025-11-01;1;2
12;2025-11-01;2;0
12;2025-11-01;3;0
12;2025-11-01;4;2
12;2025-11-01;5;247
12;2025-11-01;6;899
12;2025-11-01;7;961
12;2025-11-01;8;1073
12;2025-11-01;9;1252
12;2025-11-01;10;1432
12;2025-11-01;11;1449
12;2025-11-01;12;1441
12;2025-11-01;13;1634
12;2025-11-01;14;1554
12;2025-11-01;15;1464
12;2025-11-01;16;1586
12;2025-11-01;17;1521
12;2025-11-01;18;1493
12;2025-11-01;19;1462
12;2025-11-01;20;973
12;2025-11-01;21;792
12;2025-11-01;22;413
12;2025-11-01;23;290
12;2025-11-02;0;85
12;2025-11-02;1;7
12;2025-11-02;2;0
12;2025-11-02;3;0
12;2025-11-02;4;3
12;2025-11-02;5;161
12;2025-11-02;6;572
12;2025-11-02;7;739
12;2025-11-02;8;750
12;2025-11-02;9;944
12;2025-11-02;10;1148
12;2025-11-02;11;1288
12;2025-11-02;12;1340
12;2025-11-02;13;1520
12;2025-11-02;14;1494
12;2025-11-02;15;1447
12;2025-11-02;16;1519
12;2025-11-02;17;1578
12;2025-11-02;18;1404
12;2025-11-02;19;1070
12;2025-11-02;20;823
12;2025-11-02;21;611
12;2025-11-02;22;394
12;2025-11-02;23;214
12;2025-11-03;0;63
12;2025-11-03;1;2
12;2025-11-03;2;0
12;2025-11-03;3;0
12;2025-11-03;4;7
12;2025-11-03;5;316
12;2025-11-03;6;1431
12;2025-11-03;7;2699
12;2025-11-03;8;3537
12;2025-11-03;9;2372
12;2025-11-03;10;1893
12;2025-11-03;11;1830
12;2025-11-03;12;1963
12;2025-11-03;13;1828
12;2025-11-03;14;1773
12;2025-11-03;15;2111
12;2025-11-03;16;2542
12;2025-11-03;17;2921
12;2025-11-03;18;3134
12;2025-11-03;19;2428
12;2025-11-03;20;1607
12;2025-11-03;21;964
12;2025-11-03;22;456
12;2025-11-03;23;227
12;2025-11-04;0;43
12;2025-11-04;1;1
12;2025-11-04;2;0
12;2025-11-04;3;0
12;2025-11-04;4;6
12;2025-11-04;5;342
12;2025-11-04;6;1487
12;2025-11-04;7;2814
12;2025-11-04;8;3741
12;2025-11-04;9;2442
12;2025-11-04;10;1998
12;2025-11-04;11;1949
12;2025-11-04;12;1977
12;2025-11-04;13;2060
12;2025-11-04;14;1927
12;2025-11-04;15;2129
12;2025-11-04;16;2598
12;2025-11-04;17;2984
12;2025-11-04;18;3199
12;2025-11-04;19;2414
12;2025-11-04;20;1486
12;2025-11-04;21;964
12;2025-11-04;22;446
12;2025-11-04;23;245
12;2025-11-05;0;59
12;2025-11-05;1;1
12;2025-11-05;2;0
12;2025-11-05;3;0
12;2025-11-05;4;7
12;2025-11-05;5;340
12;2025-11-05;6;1524
12;2025-11-05;7;2776
12;2025-11-05;8;3652
12;2025-11-05;9;2618
12;2025-11-05;10;2075
12;2025-11-05;11;1883
12;2025-11-05;12;1990
12;2025-11-05;13;1899
12;2025-11-05;14;1866
12;2025-11-05;15;2171
12;2025-11-05;16;2641
12;2025-11-05;17;2890
12;2025-11-05;18;3078
12;2025-11-05;19;2526
12;2025-11-05;20;1493
12;2025-11-05;21;1011
12;2025-11-05;22;496
12;2025-11-05;23;267
12;2025-11-06;0;48
12;2025-11-06;1;1
12;2025-11-06;2;0
12;2025-11-06;3;0
12;2025-11-06;4;8
12;2025-11-06;5;323
12;2025-11-06;6;1477
12;2025-11-06;7;2797
12;2025-11-06;8;3681
12;2025-11-06;9;2465
12;2025-11-06;10;1983
12;2025-11-06;11;1878
12;2025-11-06;12;1961
12;2025-11-06;13;1979
12;2025-11-06;14;1914
12;2025-11-06;15;2162
12;2025-11-06;16;2654
12;2025-11-06;17;3009
12;2025-11-06;18;3188
12;2025-11-06;19;2535
12;2025-11-06;20;1603
12;2025-11-06;21;948
12;2025-11-06;22;489
12;2025-11-06;23;260
12;2025-11-07;0;50
12;2025-11-07;1;1
12;2025-11-07;2;0
12;2025-11-07;3;0
12;2025-11-07;4;6
12;2025-11-07;5;328
12;2025-11-07;6;1436
12;2025-11-07;7;2733
12;2025-11-07;8;3389
12;2025-11-07;9;2405
12;2025-11-07;10;1803
12;2025-11-07;11;1767
12;2025-11-07;12;1820
12;2025-11-07;13;1973
12;2025-11-07;14;1912
12;2025-11-07;15;2181
12;2025-11-07;16;2769
12;2025-11-07;17;2871
12;2025-11-07;18;2399
12;2025-11-07;19;2152
12;2025-11-07;20;1358
12;2025-11-07;21;1033
12;2025-11-07;22;501
12;2025-11-07;23;308
12;2025-11-08;0;66
12;2025-11-08;1;2
12;2025-11-08;2;0
12;2025-11-08;3;0
12;2025-11-08;4;2
12;2025-11-08;5;247
12;2025-11-08;6;899
12;2025-11-08;7;961
12;2025-11-08;8;1073
12;2025-11-08;9;1252
12;2025-11-08;10;1432
12;2025-11-08;11;1449
12;2025-11-08;12;1441
12;2025-11-08;13;1634
12;2025-11-08;14;1554
12;2025-11-08;15;1464
12;2025-11-08;16;1586
12;2025-11-08;17;1521
12;2025-11-08;18;1493
12;2025-11-08;19;1462
12;2025-11-08;20;973
12;2025-11-08;21;792
12;2025-11-08;22;413
12;2025-11-08;23;290
12;2025-11-09;0;85
12;2025-11-09;1;7
12;2025-11-09;2;0
12;2025-11-09;3;0
12;2025-11-09;4;3
12;2025-11-09;5;161
12;2025-11-09;6;572
12;2025-11-09;7;739
12;2025-11-09;8;750
12;2025-11-09;9;944
12;2025-11-09;10;1148
12;2025-11-09;11;1288
12;2025-11-09;12;1340
12;2025-11-09;13;1520
12;2025-11-09;14;1494
12;2025-11-09;15;1447
12;2025-11-09;16;1519
12;2025-11-09;17;1578
12;2025-11-09;18;1404
12;2025-11-09;19;1070
12;2025-11-09;20;823
12;2025-11-09;21;611
12;2025-11-09;22;394
12;2025-11-09;23;214
12;2025-11-10;0;63
12;2025-11-10;1;2
12;2025-11-10;2;0
12;2025-11-10;3;0
12;2025-11-10;4;7
12;2025-11-10;5;316
12;2025-11-10;6;1431
12;2025-11-10;7;2699
12;2025-11-10;8;3537
12;2025-11-10;9;2372
12;2025-11-10;10;1893
12;2025-11-10;11;1830
12;2025-11-10;12;1963
12;2025-11-10;13;1828
12;2025-11-10;14;1773
12;2025-11-10;15;2111
12;2025-11-10;16;2542
12;2025-11-10;17;2921
12;2025-11-10;18;3134
12;2025-11-10;19;2428
12;2025-11-10;20;1607
12;2025-11-10;21;964
12;2025-11-10;22;456
12;2025-11-10;23;227
12;2025-11-11;0;43
12;2025-11-11;1;1
12;2025-11-11;2;0
12;2025-11-11;3;0
12;2025-11-11;4;6
12;2025-11-11;5;342
12;2025-11-11;6;1487
12;2025-11-11;7;2814
12;2025-11-11;8;3741
12;2025-11-11;9;2442
12;2025-11-11;10;1998
12;2025-11-11;11;1949
12;2025-11-11;12;1977
12;2025-11-11;13;2060
12;2025-11-11;14;1927
12;2025-11-11;15;2129
12;2025-11-11;16;2598
12;2025-11-11;17;2984
12;2025-11-11;18;3199
12;2025-11-11;19;2414
12;2025-11-11;20;1486
12;2025-11-11;21;964
12;2025-11-11;22;446
12;2025-11-11;23;245
12;2025-11-12;0;59
12;2025-11-12;1;1
12;2025-11-12;2;0
12;2025-11-12;3;0
12;2025-11-12;4;7
12;2025-11-12;5;340
12;2025-11-12;6;1524
12;2025-11-12;7;2776
12;2025-11-12;8;3652
12;2025-11-12;9;2618
12;2025-11-12;10;2075
12;2025-11-12;11;1883
12;2025-11-12;12;1990
12;2025-11-12;13;1899
12;2025-11-12;14;1866
12;2025-11-12;15;2171
12;2025-11-12;16;2641
12;2025-11-12;17;2890
12;2025-11-12;18;3078
12;2025-11-12;19;2526
12;2025-11-12;20;1493
12;2025-11-12;21;1011
12;2025-11-12;22;496
12;2025-11-12;23;267
12;2025-11-13;0;48
12;2025-11-13;1;1
12;2025-11-13;2;0
12;2025-11-13;3;0
12;2025-11-13;4;8
12;2025-11-13;5;323
12;2025-11-13;6;1477
12;2025-11-13;7;2797
12;2025-11-13;8;3681
12;2025-11-13;9;2465
12;2025-11-13;10;1983
12;2025-11-13;11;1878
12;2025-11-13;12;1961
12;2025-11-13;13;1979
12;2025-11-13;14;1914
12;2025-11-13;15;2162
12;2025-11-13;16;2654
12;2025-11-13;17;3009
12;2025-11-13;18;3188
12;2025-11-13;19;2535
12;2025-11-13;20;1603
12;2025-11-13;21;948
12;2025-11-13;22;489
12;2025-11-13;23;260
12;2025-11-14;0;50
12;2025-11-14;1;1
12;2025-11-14;2;0
12;2025-11-14;3;0
12;2025-11-14;4;6
12;2025-11-14;5;328
12;2025-11-14;6;1436
12;2025-11-14;7;2733
12;2025-11-14;8;3389
12;2025-11-14;9;2405
12;2025-11-14;10;1803
12;2025-11-14;11;1767
12;2025-11-14;12;1820
12;2025-11-14;13;1973
12;2025-11-14;14;1912
12;2025-11-14;15;2181
12;2025-11-14;16;2769
12;2025-11-14;17;2871
12;2025-11-14;18;2399
12;2025-11-14;19;2152
12;2025-11-14;20;1358
12;2025-11-14;21;1033
12;2025-11-14;22;501
12;2025-11-14;23;308
12;2025-11-15;0;66
12;2025-11-15;1;2
12;2025-11-15;2;0
12;2025-11-15;3;0
12;2025-11-15;4;2
12;2025-11-15;5;247
12;2025-11-15;6;899
12;2025-11-15;7;961
12;2025-11-15;8;1073
12;2025-11-15;9;1252
12;2025-11-15;10;1432
12;2025-11-15;11;1449
12;2025-11-15;12;1441
12;2025-11-15;13;1634
12;2025-11-15;14;1554
12;2025-11-15;15;1464
12;2025-11-15;16;1586
12;2025-11-15;17;1521
12;2025-11-15;18;1493
12;2025-11-15;19;1462
12;2025-11-15;20;973
12;2025-11-15;21;792
12;2025-11-15;22;413
12;2025-11-15;23;290
12;2025-11-16;0;85
12;2025-11-16;1;7
12;2025-11-16;2;0
12;2025-11-16;3;0
12;2025-11-16;4;3
12;2025-11-16;5;161
12;2025-11-16;6;572
12;2025-11-16;7;739
12;2025-11-16;8;750
12;2025-11-16;9;944
12;2025-11-16;10;1148
12;2025-11-16;11;1288
12;2025-11-16;12;1340
12;2025-11-16;13;1520
12;2025-11-16;14;1494
12;2025-11-16;15;1447
12;2025-11-16;16;1519
12;2025-11-16;17;1578
12;2025-11-16;18;1404
12;2025-11-16;19;1070
12;2025-11-16;20;823
12;2025-11-16;21;611
12;2025-11-16;22;394
12;2025-11-16;23;214
12;2025-11-17;0;63
12;2025-11-17;1;2
12;2025-11-17;2;0
12;2025-11-17;3;0
12;2025-11-17;4;7
12;2025-11-17;5;316
12;2025-11-17;6;1431
12;2025-11-17;7;2699
12;2025-11-17;8;3537
12;2025-11-17;9;2372
12;2025-11-17;10;1893
12;2025-11-17;11;1830
12;2025-11-17;12;1963
12;2025-11-17;13;1828
12;2025-11-17;14;1773
12;2025-11-17;15;2111
12;2025-11-17;16;2542
12;2025-11-17;17;2921
12;2025-11-17;18;3134
12;2025-11-17;19;2428
12;2025-11-17;20;1607
12;2025-11-17;21;964
12;2025-11-17;22;456
12;2025-11-17;23;227
12;2025-11-18;0;43
12;2025-11-18;1;1
12;2025-11-18;2;0
12;2025-11-18;3;0
12;2025-11-18;4;6
12;2025-11-18;5;342
12;2025-11-18;6;1487
12;2025-11-18;7;2814
12;2025-11-18;8;3741
12;2025-11-18;9;2442
12;2025-11-18;10;1998
12;2025-11-18;11;1949
12;2025-11-18;12;1977
12;2025-11-18;13;2060
12;2025-11-18;14;1927
12;2025-11-18;15;2129
12;2025-11-18;16;2598
12;2025-11-18;17;2984
12;2025-11-18;18;3199
12;2025-11-18;19;2414
12;2025-11-18;20;1486
12;2025-11-18;21;964
12;2025-11-18;22;446
12;2025-11-18;23;245
12;2025-11-19;0;59
12;2025-11-19;1;1
12;2025-11-19;2;0
12;2025-11-19;3;0
12;2025-11-19;4;7
12;2025-11-19;5;340
12;2025-11-19;6;1524
12;2025-11-19;7;2776
12;2025-11-19;8;3652
12;2025-11-19;9;2618
12;2025-11-19;10;2075
12;2025-11-19;11;1883
12;2025-11-19;12;1990
12;2025-11-19;13;1899
12;2025-11-19;14;1866
12;2025-11-19;15;2171
12;2025-11-19;16;2641
12;2025-11-19;17;2890
12;2025-11-19;18;3078
12;2025-11-19;19;2526
12;2025-11-19;20;1493
12;2025-11-19;21;1011
12;2025-11-19;22;496
12;2025-11-19;23;267
12;2025-11-20;0;48
12;2025-11-20;1;1
12;2025-11-20;2;0
12;2025-11-20;3;0
12;2025-11-20;4;8
12;2025-11-20;5;323
12;2025-11-20;6;1477
12;2025-11-20;7;2797
12;2025-11-20;8;3681
12;2025-11-20;9;2465
12;2025-11-20;10;1983
12;2025-11-20;11;1878
12;2025-11-20;12;1961
12;2025-11-20;13;1979
12;2025-11-20;14;1914
12;2025-11-20;15;2162
12;2025-11-20;16;2654
12;2025-11-20;17;3009
12;2025-11-20;18;3188
12;2025-11-20;19;2535
12;2025-11-20;20;1603
12;2025-11-20;21;948
12;2025-11-20;22;489
12;2025-11-20;23;260
12;2025-11-21;0;50
12;2025-11-21;1;1
12;2025-11-21;2;0
12;2025-11-21;3;0
12;2025-11-21;4;6
12;2025-11-21;5;328
12;2025-11-21;6;1436
12;2025-11-21;7;2733
12;2025-11-21;8;3389
12;2025-11-21;9;2405
12;2025-11-21;10;1803
12;2025-11-21;11;1767
12;2025-11-21;12;1820
12;2025-11-21;13;1973
12;2025-11-21;14;1912
12;2025-11-21;15;2181
12;2025-11-21;16;2769
12;2025-11-21;17;2871
12;2025-11-21;18;2399
12;2025-11-21;19;2152
12;2025-11-21;20;1358
12;2025-11-21;21;1033
12;2025-11-21;22;501
12;2025-11-21;23;308
12;2025-11-22;0;66
12;2025-11-22;1;2
12;2025-11-22;2;0
12;2025-11-22;3;0
12;2025-11-22;4;2
12;2025-11-22;5;247
12;2025-11-22;6;899
12;2025-11-22;7;961
12;2025-11-22;8;1073
12;2025-11-22;9;1252
12;2025-11-22;10;1432
12;2025-11-22;11;1449
12;2025-11-22;12;1441
12;2025-11-22;13;1634
12;2025-11-22;14;1554
12;2025-11-22;15;1464
12;2025-11-22;16;1586
12;2025-11-22;17;1521
12;2025-11-22;18;1493
12;2025-11-22;19;1462
12;2025-11-22;20;973
12;2025-11-22;21;792
12;2025-11-22;22;413
12;2025-11-22;23;290
12;2025-11-23;0;85
12;2025-11-23;1;7
12;2025-11-23;2;0
12;2025-11-23;3;0
12;2025-11-23;4;3
12;2025-11-23;5;161
12;2025-11-23;6;572
12;2025-11-23;7;739
12;2025-11-23;8;750
12;2025-11-23;9;944
12;2025-11-23;10;1148
12;2025-11-23;11;1288
12;2025-11-23;12;1340
12;2025-11-23;13;1520
12;2025-11-23;14;1494
12;2025-11-23;15;1447
12;2025-11-23;16;1519
12;2025-11-23;17;1578
12;2025-11-23;18;1404
12;2025-11-23;19;1070
12;2025-11-23;20;823
12;2025-11-23;21;611
12;2025-11-23;22;394
12;2025-11-23;23;214
12;2025-11-24;0;63
12;2025-11-24;1;2
12;2025-11-24;2;0
12;2025-11-24;3;0
12;2025-11-24;4;7
12;2025-11-24;5;316
12;2025-11-24;6;1431
12;2025-11-24;7;2699
12;2025-11-24;8;3537
12;2025-11-24;9;2372
12;2025-11-24;10;1893
12;2025-11-24;11;1830
12;2025-11-24;12;1963
12;2025-11-24;13;1828
12;2025-11-24;14;1773
12;2025-11-24;15;2111
12;2025-11-24;16;2542
12;2025-11-24;17;2921
12;2025-11-24;18;3134
12;2025-11-24;19;2428
12;2025-11-24;20;1607
12;2025-11-24;21;964
12;2025-11-24;22;456
12;2025-11-24;23;227
12;2025-11-25;0;43
12;2025-11-25;1;1
12;2025-11-25;2;0
12;2025-11-25;3;0
12;2025-11-25;4;6
12;2025-11-25;5;342
12;2025-11-25;6;1487
12;2025-11-25;7;2814
12;2025-11-25;8;3741
12;2025-11-25;9;2442
12;2025-11-25;10;1998
12;2025-11-25;11;1949
12;2025-11-25;12;1977
12;2025-11-25;13;2060
12;2025-11-25;14;1927
12;2025-11-25;15;2129
12;2025-11-25;16;2598
12;2025-11-25;17;2984
12;2025-11-25;18;3199
12;2025-11-25;19;2414
12;2025-11-25;20;1486
12;2025-11-25;21;964
12;2025-11-25;22;446
12;2025-11-25;23;245
12;2025-11-26;0;59
12;2025-11-26;1;1
12;2025-11-26;2;0
12;2025-11-26;3;0
12;2025-11-26;4;7
12;2025-11-26;5;340
12;2025-11-26;6;1524
12;2025-11-26;7;2776
12;2025-11-26;8;3652
12;2025-11-26;9;2618
12;2025-11-26;10;2075
12;2025-11-26;11;1883
12;2025-11-26;12;1990
12;2025-11-26;13;1899
12;2025-11-26;14;1866
12;2025-11-26;15;2171
12;2025-11-26;16;2641
12;2025-11-26;17;2890
12;2025-11-26;18;3078
12;2025-11-26;19;2526
12;2025-11-26;20;1493
12;2025-11-26;21;1011
12;2025-11-26;22;496
12;2025-11-26;23;267
12;2025-11-27;0;48
12;2025-11-27;1;1
12;2025-11-27;2;0
12;2025-11-27;3;0
12;2025-11-27;4;8
12;2025-11-27;5;323
12;2025-11-27;6;1477
12;2025-11-27;7;2797
12;2025-11-27;8;3681
12;2025-11-27;9;2465
12;2025-11-27;10;1983
12;2025-11-27;11;1878
12;2025-11-27;12;1961
12;2025-11-27;13;1979
12;2025-11-27;14;1914
12;2025-11-27;15;2162
12;2025-11-27;16;2654
12;2025-11-27;17;3009
12;2025-11-27;18;3188
12;2025-11-27;19;2535
12;2025-11-27;20;1603
12;2025-11-27;21;948
12;2025-11-27;22;489
12;2025-11-27;23;260
12;2025-11-28;0;50
12;2025-11-28;1;1
12;2025-11-28;2;0
12;2025-11-28;3;0
12;2025-11-28;4;6
12;2025-11-28;5;328
12;2025-11-28;6;1436
12;2025-11-28;7;2733
12;2025-11-28;8;3389
12;2025-11-28;9;2405
12;2025-11-28;10;1803
12;2025-11-28;11;1767
12;2025-11-28;12;1820
12;2025-11-28;13;1973
12;2025-11-28;14;1912
12;2025-11-28;15;2181
12;2025-11-28;16;2769
12;2025-11-28;17;2871
12;2025-11-28;18;2399
12;2025-11-28;19;2152
12;2025-11-28;20;1358
12;2025-11-28;21;1033
12;2025-11-28;22;501
12;2025-11-28;23;308
12;2025-11-29;0;66
12;2025-11-29;1;2
12;2025-11-29;2;0
12;2025-11-29;3;0
12;2025-11-29;4;2
12;2025-11-29;5;247
12;2025-11-29;6;899
12;2025-11-29;7;961
12;2025-11-29;8;1073
12;2025-11-29;9;1252
12;2025-11-29;10;1432
12;2025-11-29;11;1449
12;2025-11-29;12;1441
12;2025-11-29;13;1634
12;2025-11-29;14;1554
12;2025-11-29;15;1464
12;2025-11-29;16;1586
12;2025-11-29;17;1521
12;2025-11-29;18;1493
12;2025-11-29;19;1462
12;2025-11-29;20;973
12;2025-11-29;21;792
12;2025-11-29;22;413
12;2025-11-29;23;290
12;2025-11-30;0;85
12;2025-11-30;1;7
12;2025-11-30;2;0
12;2025-11-30;3;0
12;2025-11-30;4;3
12;2025-11-30;5;161
12;2025-11-30;6;572
12;2025-11-30;7;739
12;2025-11-30;8;750
12;2025-11-30;9;944
12;2025-11-30;10;1148
12;2025-11-30;11;1288
12;2025-11-30;12;1340
12;2025-11-30;13;1520
12;2025-11-30;14;1494
12;2025-11-30;15;1447
12;2025-11-30;16;1519
12;2025-11-30;17;1578
12;2025-11-30;18;1404
12;2025-11-30;19;1070
12;2025-11-30;20;823
12;2025-11-30;21;611
12;2025-11-30;22;394
12;2025-11-30;23;214
12;2025-12-01;0;63
12;2025-12-01;1;2
12;2025-12-01;2;0
12;2025-12-01;3;0
12;2025-12-01;4;7
12;2025-12-01;5;316
12;2025-12-01;6;1431
12;2025-12-01;7;2699
12;2025-12-01;8;3537
12;2025-12-01;9;2372
12;2025-12-01;10;1893
12;2025-12-01;11;1830
12;2025-12-01;12;1963
12;2025-12-01;13;1828
12;2025-12-01;14;1773
12;2025-12-01;15;2111
12;2025-12-01;16;2542
12;2025-12-01;17;2921
12;2025-12-01;18;3134
12;2025-12-01;19;2428
12;2025-12-01;20;1607
12;2025-12-01;21;964
12;2025-12-01;22;456
12;2025-12-01;23;227
12;2025-12-02;0;43
12;2025-12-02;1;1
12;2025-12-02;2;0
12;2025-12-02;3;0
12;2025-12-02;4;6
12;2025-12-02;5;342
12;2025-12-02;6;1487
12;2025-12-02;7;2814
12;2025-12-02;8;3741
12;2025-12-02;9;2442
12;2025-12-02;10;1998
12;2025-12-02;11;1949
12;2025-12-02;12;1977
12;2025-12-02;13;2060
12;2025-12-02;14;1927
12;2025-12-02;15;2129
12;2025-12-02;16;2598
12;2025-12-02;17;2984
12;2025-12-02;18;3199
12;2025-12-02;19;2414
12;2025-12-02;20;1486
12;2025-12-02;21;964
12;2025-12-02;22;446
12;2025-12-02;23;245
12;2025-12-03;0;59
12;2025-12-03;1;1
12;2025-12-03;2;0
12;2025-12-03;3;0
12;2025-12-03;4;7
12;2025-12-03;5;340
12;2025-12-03;6;1524
12;2025-12-03;7;2776
12;2025-12-03;8;3652
12;2025-12-03;9;2618
12;2025-12-03;10;2075
12;2025-12-03;11;1883
12;2025-12-03;12;1990
12;2025-12-03;13;1899
12;2025-12-03;14;1866
12;2025-12-03;15;2171
12;2025-12-03;16;2641
12;2025-12-03;17;2890
12;2025-12-03;18;3078
12;2025-12-03;19;2526
12;2025-12-03;20;1493
12;2025-12-03;21;1011
12;2025-12-03;22;496
12;2025-12-03;23;267
12;2025-12-04;0;48
12;2025-12-04;1;1
12;2025-12-04;2;0
12;2025-12-04;3;0
12;2025-12-04;4;8
12;2025-12-04;5;323
12;2025-12-04;6;1477
12;2025-12-04;7;2797
12;2025-12-04;8;3681
12;2025-12-04;9;2465
12;2025-12-04;10;1983
12;2025-12-04;11;1878
12;2025-12-04;12;1961
12;2025-12-04;13;1979
12;2025-12-04;14;1914
12;2025-12-04;15;2162
12;2025-12-04;16;2654
12;2025-12-04;17;3009
12;2025-12-04;18;3188
12;2025-12-04;19;2535
12;2025-12-04;20;1603
12;2025-12-04;21;948
12;2025-12-04;22;489
12;2025-12-04;23;260
12;2025-12-05;0;50
12;2025-12-05;1;1
12;2025-12-05;2;0
12;2025-12-05;3;0
12;2025-12-05;4;6
12;2025-12-05;5;328
12;2025-12-05;6;1436
12;2025-12-05;7;2733
12;2025-12-05;8;3389
12;2025-12-05;9;2405
12;2025-12-05;10;1803
12;2025-12-05;11;1767
12;2025-12-05;12;1820
12;2025-12-05;13;1973
12;2025-12-05;14;1912
12;2025-12-05;15;2181
12;2025-12-05;16;2769
12;2025-12-05;17;2871
12;2025-12-05;18;2399
12;2025-12-05;19;2152
12;2025-12-05;20;1358
12;2025-12-05;21;1033
12;2025-12-05;22;501
12;2025-12-05;23;308
12;2025-12-06;0;66
12;2025-12-06;1;2
12;2025-12-06;2;0
12;2025-12-06;3;0
12;2025-12-06;4;2
12;2025-12-06;5;247
12;2025-12-06;6;899
12;2025-12-06;7;961
12;2025-12-06;8;1073
12;2025-12-06;9;1252
12;2025-12-06;10;1432
12;2025-12-06;11;1449
12;2025-12-06;12;1441
12;2025-12-06;13;1634
12;2025-12-06;14;1554
12;2025-12-06;15;1464
12;2025-12-06;16;1586
12;2025-12-06;17;1521
12;2025-12-06;18;1493
12;2025-12-06;19;1462
12;2025-12-06;20;973
12;2025-12-06;21;792
12;2025-12-06;22;413
12;2025-12-06;23;290
12;2025-12-07;0;85
12;2025-12-07;1;7
12;2025-12-07;2;0
12;2025-12-07;3;0
12;2025-12-07;4;3
12;2025-12-07;5;161
12;2025-12-07;6;572
12;2025-12-07;7;739
12;2025-12-07;8;750
12;2025-12-07;9;944
12;2025-12-07;10;1148
12;2025-12-07;11;1288
12;2025-12-07;12;1340
12;2025-12-07;13;1520
12;2025-12-07;14;1494
12;2025-12-07;15;1447
12;2025-12-07;16;1519
12;2025-12-07;17;1578
12;2025-12-07;18;1404
12;2025-12-07;19;1070
12;2025-12-07;20;823
12;2025-12-07;21;611
12;2025-12-07;22;394
12;2025-12-07;23;214
12;2025-12-08;0;63
12;2025-12-08;1;2
12;2025-12-08;2;0
12;2025-12-08;3;0
12;2025-12-08;4;7
12;2025-12-08;5;316
12;2025-12-08;6;1431
12;2025-12-08;7;2699
12;2025-12-08;8;3537
12;2025-12-08;9;2372
12;2025-12-08;10;1893
12;2025-12-08;11;1830
12;2025-12-08;12;1963
12;2025-12-08;13;1828
12;2025-12-08;14;1773
12;2025-12-08;15;2111
12;2025-12-08;16;2542
12;2025-12-08;17;2921
12;2025-12-08;18;3134
12;2025-12-08;19;2428
12;2025-12-08;20;1607
12;2025-12-08;21;964
12;2025-12-08;22;456
12;2025-12-08;23;227
12;2025-12-09;0;43
12;2025-12-09;1;1
12;2025-12-09;2;0
12;2025-12-09;3;0
12;2025-12-09;4;6
12;2025-12-09;5;342
12;2025-12-09;6;1487
12;2025-12-09;7;2814
12;2025-12-09;8;3741
12;2025-12-09;9;2442
12;2025-12-09;10;1998
12;2025-12-09;11;1949
12;2025-12-09;12;1977
12;2025-12-09;13;2060
12;2025-12-09;14;1927
12;2025-12-09;15;2129
12;2025-12-09;16;2598
12;2025-12-09;17;2984
12;2025-12-09;18;3199
12;2025-12-09;19;2414
12;2025-12-09;20;1486
12;2025-12-09;21;964
12;2025-12-09;22;446
12;2025-12-09;23;245
12;2025-12-10;0;59
12;2025-12-10;1;1
12;2025-12-10;2;0
12;2025-12-10;3;0
12;2025-12-10;4;7
12;2025-12-10;5;340
12;2025-12-10;6;1524
12;2025-12-10;7;2776
12;2025-12-10;8;3652
12;2025-12-10;9;2618
12;2025-12-10;10;2075
12;2025-12-10;11;1883
12;2025-12-10;12;1990
12;2025-12-10;13;1899
12;2025-12-10;14;1866
12;2025-12-10;15;2171
12;2025-12-10;16;2641
12;2025-12-10;17;2890
12;2025-12-10;18;3078
12;2025-12-10;19;2526
12;2025-12-10;20;1493
12;2025-12-10;21;1011
12;2025-12-10;22;496
12;2025-12-10;23;267
12;2025-12-11;0;48
12;2025-12-11;1;1
12;2025-12-11;2;0
12;2025-12-11;3;0
12;2025-12-11;4;8
12;2025-12-11;5;323
12;2025-12-11;6;1477
12;2025-12-11;7;2797
12;2025-12-11;8;3681
12;2025-12-11;9;2465
12;2025-12-11;10;1983
12;2025-12-11;11;1878
12;2025-12-11;12;1961
12;2025-12-11;13;1979
12;2025-12-11;14;1914
12;2025-12-11;15;2162
12;2025-12-11;16;2654
12;2025-12-11;17;3009
12;2025-12-11;18;3188
12;2025-12-11;19;2535
12;2025-12-11;20;1603
12;2025-12-11;21;948
12;2025-12-11;22;489
12;2025-12-11;23;260
12;2025-12-12;0;50
12;2025-12-12;1;1
12;2025-12-12;2;0
12;2025-12-12;3;0
12;2025-12-12;4;6
12;2025-12-12;5;328
12;2025-12-12;6;1436
12;2025-12-12;7;2733
12;2025-12-12;8;3389
12;2025-12-12;9;2405
12;2025-12-12;10;1803
12;2025-12-12;11;1767
12;2025-12-12;12;1820
12;2025-12-12;13;1973
12;2025-12-12;14;1912
12;2025-12-12;15;2181
12;2025-12-12;16;2769
12;2025-12-12;17;2871
12;2025-12-12;18;2399
12;2025-12-12;19;2152
12;2025-12-12;20;1358
12;2025-12-12;21;1033
12;2025-12-12;22;501
12;2025-12-12;23;308
12;2025-12-13;0;66
12;2025-12-13;1;2
12;2025-12-13;2;0
12;2025-12-13;3;0
12;2025-12-13;4;2
12;2025-12-13;5;247
12;2025-12-13;6;899
12;2025-12-13;7;961
12;2025-12-13;8;1073
12;2025-12-13;9;1252
12;2025-12-13;10;1432
12;2025-12-13;11;1449
12;2025-12-13;12;1441
12;2025-12-13;13;1634
12;2025-12-13;14;1554
12;2025-12-13;15;1464
12;2025-12-13;16;1586
12;2025-12-13;17;1521
12;2025-12-13;18;1493
12;2025-12-13;19;1462
12;2025-12-13;20;973
12;2025-12-13;21;792
12;2025-12-13;22;413
12;2025-12-13;23;290
12;2025-12-14;0;85
12;2025-12-14;1;7
12;2025-12-14;2;0
12;2025-12-14;3;0
12;2025-12-14;4;3
12;2025-12-14;5;161
12;2025-12-14;6;572
12;2025-12-14;7;739
12;2025-12-14;8;750
12;2025-12-14;9;944
12;2025-12-14;10;1148
12;2025-12-14;11;1288
12;2025-12-14;12;1340
12;2025-12-14;13;1520
12;2025-12-14;14;1494
12;2025-12-14;15;1447
12;2025-12-14;16;1519
12;2025-12-14;17;1578
12;2025-12-14;18;1404
12;2025-12-14;19;1070
12;2025-12-14;20;823
12;2025-12-14;21;611
12;2025-12-14;22;394
12;2025-12-14;23;214
12;2025-12-15;0;63
12;2025-12-15;1;2
12;2025-12-15;2;0
12;2025-12-15;3;0
12;2025-12-15;4;7
12;2025-12-15;5;316
12;2025-12-15;6;1431
12;2025-12-15;7;2699
12;2025-12-15;8;3537
12;2025-12-15;9;2372
12;2025-12-15;10;1893
12;2025-12-15;11;1830
12;2025-12-15;12;1963
12;2025-12-15;13;1828
12;2025-12-15;14;1773
12;2025-12-15;15;2111
12;2025-12-15;16;2542
12;2025-12-15;17;2921
12;2025-12-15;18;3134
12;2025-12-15;19;2428
12;2025-12-15;20;1607
12;2025-12-15;21;964
12;2025-12-15;22;456
12;2025-12-15;23;227
12;2025-12-16;0;43
12;2025-12-16;1;1
12;2025-12-16;2;0
12;2025-12-16;3;0
12;2025-12-16;4;6
12;2025-12-16;5;342
12;2025-12-16;6;1487
12;2025-12-16;7;2814
12;2025-12-16;8;3741
12;2025-12-16;9;2442
12;2025-12-16;10;1998
12;2025-12-16;11;1949
12;2025-12-16;12;1977
12;2025-12-16;13;2060
12;2025-12-16;14;1927
12;2025-12-16;15;2129
12;2025-12-16;16;2598
12;2025-12-16;17;2984
12;2025-12-16;18;3199
12;2025-12-16;19;2414
12;2025-12-16;20;1486
12;2025-12-16;21;964
12;2025-12-16;22;446
12;2025-12-16;23;245
12;2025-12-17;0;59
12;2025-12-17;1;1
12;2025-12-17;2;0
12;2025-12-17;3;0
12;2025-12-17;4;7
12;2025-12-17;5;340
12;2025-12-17;6;1524
12;2025-12-17;7;2776
12;2025-12-17;8;3652
12;2025-12-17;9;2618
12;2025-12-17;10;2075
12;2025-12-17;11;1883
12;2025-12-17;12;1990
12;2025-12-17;13;1899
12;2025-12-17;14;1866
12;2025-12-17;15;2171
12;2025-12-17;16;2641
12;2025-12-17;17;2890
12;2025-12-17;18;3078
12;2025-12-17;19;2526
12;2025-12-17;20;1493
12;2025-12-17;21;1011
12;2025-12-17;22;496
12;2025-12-17;23;267
12;2025-12-18;0;48
12;2025-12-18;1;1
12;2025-12-18;2;0
12;2025-12-18;3;0
12;2025-12-18;4;8
12;2025-12-18;5;323
12;2025-12-18;6;1477
12;2025-12-18;7;2797
12;2025-12-18;8;3681
12;2025-12-18;9;2465
12;2025-12-18;10;1983
12;2025-12-18;11;1878
12;2025-12-18;12;1961
12;2025-12-18;13;1979
12;2025-12-18;14;1914
12;2025-12-18;15;2162
12;2025-12-18;16;2654
12;2025-12-18;17;3009
12;2025-12-18;18;3188
12;2025-12-18;19;2535
12;2025-12-18;20;1603
12;2025-12-18;21;948
12;2025-12-18;22;489
12;2025-12-18;23;260
12;2025-12-19;0;50
12;2025-12-19;1;1
12;2025-12-19;2;0
12;2025-12-19;3;0
12;2025-12-19;4;6
12;2025-12-19;5;328
12;2025-12-19;6;1436
12;2025-12-19;7;2733
12;2025-12-19;8;3389
12;2025-12-19;9;2405
12;2025-12-19;10;1803
12;2025-12-19;11;1767
12;2025-12-19;12;1820
12;2025-12-19;13;1973
12;2025-12-19;14;1912
12;2025-12-19;15;2181
12;2025-12-19;16;2769
12;2025-12-19;17;2871
12;2025-12-19;18;2399
12;2025-12-19;19;2152
12;2025-12-19;20;1358
12;2025-12-19;21;1033
12;2025-12-19;22;501
12;2025-12-19;23;308
12;2025-12-20;0;66
12;2025-12-20;1;2
12;2025-12-20;2;0
12;2025-12-20;3;0
12;2025-12-20;4;2
12;2025-12-20;5;247
12;2025-12-20;6;899
12;2025-12-20;7;961
12;2025-12-20;8;1073
12;2025-12-20;9;1252
12;2025-12-20;10;1432
12;2025-12-20;11;1449
12;2025-12-20;12;1441
12;2025-12-20;13;1634
12;2025-12-20;14;1554
12;2025-12-20;15;1464
12;2025-12-20;16;1586
12;2025-12-20;17;1521
12;2025-12-20;18;1493
12;2025-12-20;19;1462
12;2025-12-20;20;973
12;2025-12-20;21;792
12;2025-12-20;22;413
12;2025-12-20;23;290
12;2025-12-21;0;85
12;2025-12-21;1;7
12;2025-12-21;2;0
12;2025-12-21;3;0
12;2025-12-21;4;3
12;2025-12-21;5;161
12;2025-12-21;6;572
12;2025-12-21;7;739
12;2025-12-21;8;750
12;2025-12-21;9;944
12;2025-12-21;10;1148
12;2025-12-21;11;1288
12;2025-12-21;12;1340
12;2025-12-21;13;1520
12;2025-12-21;14;1494
12;2025-12-21;15;1447
12;2025-12-21;16;1519
12;2025-12-21;17;1578
12;2025-12-21;18;1404
12;2025-12-21;19;1070
12;2025-12-21;20;823
12;2025-12-21;21;611
12;2025-12-21;22;394
12;2025-12-21;23;214
12;2025-12-22;0;63
12;2025-12-22;1;2
12;2025-12-22;2;0
12;2025-12-22;3;0
12;2025-12-22;4;7
12;2025-12-22;5;316
12;2025-12-22;6;1431
12;2025-12-22;7;2699
12;2025-12-22;8;3537
12;2025-12-22;9;2372
12;2025-12-22;10;1893
12;2025-12-22;11;1830
12;2025-12-22;12;1963
12;2025-12-22;13;1828
12;2025-12-22;14;1773
12;2025-12-22;15;2111
12;2025-12-22;16;2542
12;2025-12-22;17;2921
12;2025-12-22;18;3134
12;2025-12-22;19;2428
12;2025-12-22;20;1607
12;2025-12-22;21;964
12;2025-12-22;22;456
12;2025-12-22;23;227
12;2025-12-23;0;43
12;2025-12-23;1;1
12;2025-12-23;2;0
12;2025-12-23;3;0
12;2025-12-23;4;6
12;2025-12-23;5;342
12;2025-12-23;6;1487
12;2025-12-23;7;2814
12;2025-12-23;8;3741
12;2025-12-23;9;2442
12;2025-12-23;10;1998
12;2025-12-23;11;1949
12;2025-12-23;12;1977
12;2025-12-23;13;2060
12;2025-12-23;14;1927
12;2025-12-23;15;2129
12;2025-12-23;16;2598
12;2025-12-23;17;2984
12;2025-12-23;18;3199
12;2025-12-23;19;2414
12;2025-12-23;20;1486
12;2025-12-23;21;964
12;2025-12-23;22;446
12;2025-12-23;23;245
12;2025-12-24;0;59
12;2025-12-24;1;1
12;2025-12-24;2;0
12;2025-12-24;3;0
12;2025-12-24;4;7
12;2025-12-24;5;340
12;2025-12-24;6;1524
12;2025-12-24;7;2776
12;2025-12-24;8;3652
12;2025-12-24;9;2618
12;2025-12-24;10;2075
12;2025-12-24;11;1883
12;2025-12-24;12;1990
12;2025-12-24;13;1899
12;2025-12-24;14;1866
12;2025-12-24;15;2171
12;2025-12-24;16;2641
12;2025-12-24;17;2890
12;2025-12-24;18;3078
12;2025-12-24;19;2526
12;2025-12-24;20;1493
12;2025-12-24;21;1011
12;2025-12-24;22;496
12;2025-12-24;23;267
12;2025-12-25;0;48
12;2025-12-25;1;1
12;2025-12-25;2;0
12;2025-12-25;3;0
12;2025-12-25;4;8
12;2025-12-25;5;323
12;2025-12-25;6;1477
12;2025-12-25;7;2797
12;2025-12-25;8;3681
12;2025-12-25;9;2465
12;2025-12-25;10;1983
12;2025-12-25;11;1878
12;2025-12-25;12;1961
12;2025-12-25;13;1979
12;2025-12-25;14;1914
12;2025-12-25;15;2162
12;2025-12-25;16;2654
12;2025-12-25;17;3009
12;2025-12-25;18;3188
12;2025-12-25;19;2535
12;2025-12-25;20;1603
12;2025-12-25;21;948
12;2025-12-25;22;489
12;2025-12-25;23;260
12;2025-12-26;0;50
12;2025-12-26;1;1
12;2025-12-26;2;0
12;2025-12-26;3;0
12;2025-12-26;4;6
12;2025-12-26;5;328
12;2025-12-26;6;1436
12;2025-12-26;7;2733
12;2025-12-26;8;3389
12;2025-12-26;9;2405
12;2025-12-26;10;1803
12;2025-12-26;11;1767
12;2025-12-26;12;1820
12;2025-12-26;13;1973
12;2025-12-26;14;1912
12;2025-12-26;15;2181
12;2025-12-26;16;2769
12;2025-12-26;17;2871
12;2025-12-26;18;2399
12;2025-12-26;19;2152
12;2025-12-26;20;1358
12;2025-12-26;21;1033
12;2025-12-26;22;501
12;2025-12-26;23;308
12;2025-12-27;0;66
12;2025-12-27;1;2
12;2025-12-27;2;0
12;2025-12-27;3;0
12;2025-12-27;4;2
12;2025-12-27;5;247
12;2025-12-27;6;899
12;2025-12-27;7;961
12;2025-12-27;8;1073
12;2025-12-27;9;1252
12;2025-12-27;10;1432
12;2025-12-27;11;1449
12;2025-12-27;12;1441
12;2025-12-27;13;1634
12;2025-12-27;14;1554
12;2025-12-27;15;1464
12;2025-12-27;16;1586
12;2025-12-27;17;1521
12;2025-12-27;18;1493
12;2025-12-27;19;1462
12;2025-12-27;20;973
12;2025-12-27;21;792
12;2025-12-27;22;413
12;2025-12-27;23;290
12;2025-12-28;0;85
12;2025-12-28;1;7
12;2025-12-28;2;0
12;2025-12-28;3;0
12;2025-12-28;4;3
12;2025-12-28;5;161
12;2025-12-28;6;572
12;2025-12-28;7;739
12;2025-12-28;8;750
12;2025-12-28;9;944
12;2025-12-28;10;1148
12;2025-12-28;11;1288
12;2025-12-28;12;1340
12;2025-12-28;13;1520
12;2025-12-28;14;1494
12;2025-12-28;15;1447
12;2025-12-28;16;1519
12;2025-12-28;17;1578
12;2025-12-28;18;1404
12;2025-12-28;19;1070
12;2025-12-28;20;823
12;2025-12-28;21;611
12;2025-12-28;22;394
12;2025-12-28;23;214
12;2025-12-29;0;63
12;2025-12-29;1;2
12;2025-12-29;2;0
12;2025-12-29;3;0
12;2025-12-29;4;7
12;2025-12-29;5;316
12;2025-12-29;6;1431
12;2025-12-29;7;2699
12;2025-12-29;8;3537
12;2025-12-29;9;2372
12;2025-12-29;10;1893
12;2025-12-29;11;1830
12;2025-12-29;12;1963
12;2025-12-29;13;1828
12;2025-12-29;14;1773
12;2025-12-29;15;2111
12;2025-12-29;16;2542
12;2025-12-29;17;2921
12;2025-12-29;18;3134
12;2025-12-29;19;2428
12;2025-12-29;20;1607
12;2025-12-29;21;964
12;2025-12-29;22;456
12;2025-12-29;23;227
12;2025-12-30;0;43
12;2025-12-30;1;1
12;2025-12-30;2;0
12;2025-12-30;3;0
12;2025-12-30;4;6
12;2025-12-30;5;342
12;2025-12-30;6;1487
12;2025-12-30;7;2814
12;2025-12-30;8;3741
12;2025-12-30;9;2442
12;2025-12-30;10;1998
12;2025-12-30;11;1949
12;2025-12-30;12;1977
12;2025-12-30;13;2060
12;2025-12-30;14;1927
12;2025-12-30;15;2129
12;2025-12-30;16;2598
12;2025-12-30;17;2984
12;2025-12-30;18;3199
12;2025-12-30;19;2414
12;2025-12-30;20;1486
12;2025-12-30;21;964
12;2025-12-30;22;446
12;2025-12-30;23;245
12;2025-12-31;0;59
12;2025-12-31;1;1
12;2025-12-31;2;0
12;2025-12-31;3;0
12;2025-12-31;4;7
12;2025-12-31;5;340
12;2025-12-31;6;1524
12;2025-12-31;7;2776
12;2025-12-31;8;3652
12;2025-12-31;9;2618
12;2025-12-31;10;2075
12;2025-12-31;11;1883
12;2025-12-31;12;1990
12;2025-12-31;13;1899
12;2025-12-31;14;1866
12;2025-12-31;15;2171
12;2025-12-31;16;2641
12;2025-12-31;17;2890
12;2025-12-31;18;3078
12;2025-12-31;19;2526
12;2025-12-31;20;1493
12;2025-12-31;21;1011
12;2025-12-31;22;496
12;2025-12-31;23;267
17;2025-11-01;0;199
17;2025-11-01;1;27
17;2025-11-01;2;0
17;2025-11-01;3;0
17;2025-11-01;4;6
17;2025-11-01;5;134
17;2025-11-01;6;599
17;2025-11-01;7;1291
17;2025-11-01;8;1787
17;2025-11-01;9;2227
17;2025-11-01;10;2458
17;2025-11-01;11;2843
17;2025-11-01;12;3111
17;2025-11-01;13;3315
17;2025-11-01;14;3301
17;2025-11-01;15;3330
17;2025-11-01;16;3326
17;2025-11-01;17;3147
17;2025-11-01;18;2862
17;2025-11-01;19;2410
17;2025-11-01;20;1861
17;2025-11-01;21;1327
17;2025-11-01;22;832
17;2025-11-01;23;436
17;2025-11-02;0;188
17;2025-11-02;1;29
17;2025-11-02;2;1
17;2025-11-02;3;0
17;2025-11-02;4;4
17;2025-11-02;5;108
17;2025-11-02;6;442
17;2025-11-02;7;854
17;2025-11-02;8;1238
17;2025-11-02;9;1685
17;2025-11-02;10;1951
17;2025-11-02;11;2485
17;2025-11-02;12;2787
17;2025-11-02;13;3116
17;2025-11-02;14;3231
17;2025-11-02;15;3167
17;2025-11-02;16;3127
17;2025-11-02;17;3039
17;2025-11-02;18;2681
17;2025-11-02;19;2177
17;2025-11-02;20;1639
17;2025-11-02;21;1156
17;2025-11-02;22;707
17;2025-11-02;23;319
17;2025-11-03;0;119
17;2025-11-03;1;16
17;2025-11-03;2;0
17;2025-11-03;3;0
17;2025-11-03;4;26
17;2025-11-03;5;304
17;2025-11-03;6;1521
17;2025-11-03;7;4175
17;2025-11-03;8;5327
17;2025-11-03;9;3725
17;2025-11-03;10;2869
17;2025-11-03;11;2788
17;2025-11-03;12;2808
17;2025-11-03;13;2887
17;2025-11-03;14;2925
17;2025-11-03;15;3141
17;2025-11-03;16;3486
17;2025-11-03;17;4223
17;2025-11-03;18;4552
17;2025-11-03;19;3072
17;2025-11-03;20;2145
17;2025-11-03;21;1332
17;2025-11-03;22;674
17;2025-11-03;23;313
17;2025-11-04;0;109
17;2025-11-04;1;11
17;2025-11-04;2;0
17;2025-11-04;3;0
17;2025-11-04;4;22
17;2025-11-04;5;312
17;2025-11-04;6;1561
17;2025-11-04;7;4307
17;2025-11-04;8;5443
17;2025-11-04;9;3795
17;2025-11-04;10;2941
17;2025-11-04;11;2882
17;2025-11-04;12;2947
17;2025-11-04;13;3017
17;2025-11-04;14;3163
17;2025-11-04;15;3116
17;2025-11-04;16;3498
17;2025-11-04;17;4557
17;2025-11-04;18;4900
17;2025-11-04;19;3404
17;2025-11-04;20;2323
17;2025-11-04;21;1422
17;2025-11-04;22;706
17;2025-11-04;23;350
17;2025-11-05;0;117
17;2025-11-05;1;10
17;2025-11-05;2;0
17;2025-11-05;3;0
17;2025-11-05;4;25
17;2025-11-05;5;307
17;2025-11-05;6;1542
17;2025-11-05;7;4221
17;2025-11-05;8;5224
17;2025-11-05;9;3527
17;2025-11-05;10;2918
17;2025-11-05;11;2927
17;2025-11-05;12;3008
17;2025-11-05;13;3015
17;2025-11-05;14;3116
17;2025-11-05;15;3261
17;2025-11-05;16;3588
17;2025-11-05;17;4439
17;2025-11-05;18;4778
17;2025-11-05;19;3358
17;2025-11-05;20;2316
17;2025-11-05;21;1473
17;2025-11-05;22;743
17;2025-11-05;23;370
17;2025-11-06;0;135
17;2025-11-06;1;12
17;2025-11-06;2;0
17;2025-11-06;3;0
17;2025-11-06;4;24
17;2025-11-06;5;315
17;2025-11-06;6;1541
17;2025-11-06;7;4303
17;2025-11-06;8;5367
17;2025-11-06;9;3795
17;2025-11-06;10;3035
17;2025-11-06;11;2979
17;2025-11-06;12;3032
17;2025-11-06;13;3083
17;2025-11-06;14;3100
17;2025-11-06;15;3287
17;2025-11-06;16;3701
17;2025-11-06;17;4505
17;2025-11-06;18;4785
17;2025-11-06;19;3374
17;2025-11-06;20;2351
17;2025-11-06;21;1482
17;2025-11-06;22;756
17;2025-11-06;23;391
17;2025-11-07;0;143
17;2025-11-07;1;15
17;2025-11-07;2;0
17;2025-11-07;3;0
17;2025-11-07;4;25
17;2025-11-07;5;308
17;2025-11-07;6;1530
17;2025-11-07;7;4188
17;2025-11-07;8;5246
17;2025-11-07;9;3713
17;2025-11-07;10;2944
17;2025-11-07;11;3021
17;2025-11-07;12;2980
17;2025-11-07;13;3098
17;2025-11-07;14;3158
17;2025-11-07;15;3453
17;2025-11-07;16;4066
17;2025-11-07;17;4627
17;2025-11-07;18;4287
17;2025-11-07;19;3258
17;2025-11-07;20;2314
17;2025-11-07;21;1549
17;2025-11-07;22;828
17;2025-11-07;23;466
17;2025-11-08;0;199
17;2025-11-08;1;27
17;2025-11-08;2;0
17;2025-11-08;3;0
17;2025-11-08;4;6
17;2025-11-08;5;134
17;2025-11-08;6;599
17;2025-11-08;7;1291
17;2025-11-08;8;1787
17;2025-11-08;9;2227
17;2025-11-08;10;2458
17;2025-11-08;11;2843
17;2025-11-08;12;3111
17;2025-11-08;13;3315
17;2025-11-08;14;3301
17;2025-11-08;15;3330
17;2025-11-08;16;3326
17;2025-11-08;17;3147
17;2025-11-08;18;2862
17;2025-11-08;19;2410
17;2025-11-08;20;1861
17;2025-11-08;21;1327
17;2025-11-08;22;832
17;2025-11-08;23;436
17;2025-11-09;0;188
17;2025-11-09;1;29
17;2025-11-09;2;1
17;2025-11-09;3;0
17;2025-11-09;4;4
17;2025-11-09;5;108
17;2025-11-09;6;442
17;2025-11-09;7;854
17;2025-11-09;8;1238
17;2025-11-09;9;1685
17;2025-11-09;10;1951
17;2025-11-09;11;2485
17;2025-11-09;12;2787
17;2025-11-09;13;3116
17;2025-11-09;14;3231
17;2025-11-09;15;3167
17;2025-11-09;16;3127
17;2025-11-09;17;3039
17;2025-11-09;18;2681
17;2025-11-09;19;2177
17;2025-11-09;20;1639
17;2025-11-09;21;1156
17;2025-11-09;22;707
17;2025-11-09;23;319
17;2025-11-10;0;119
17;2025-11-10;1;16
17;2025-11-10;2;0
17;2025-11-10;3;0
17;2025-11-10;4;26
17;2025-11-10;5;304
17;2025-11-10;6;1521
17;2025-11-10;7;4175
17;2025-11-10;8;5327
17;2025-11-10;9;3725
17;2025-11-10;10;2869
17;2025-11-10;11;2788
17;2025-11-10;12;2808
17;2025-11-10;13;2887
17;2025-11-10;14;2925
17;2025-11-10;15;3141
17;2025-11-10;16;3486
17;2025-11-10;17;4223
17;2025-11-10;18;4552
17;2025-11-10;19;3072
17;2025-11-10;20;2145
17;2025-11-10;21;1332
17;2025-11-10;22;674
17;2025-11-10;23;313
17;2025-11-11;0;109
17;2025-11-11;1;11
17;2025-11-11;2;0
17;2025-11-11;3;0
17;2025-11-11;4;22
17;2025-11-11;5;312
17;2025-11-11;6;1561
17;2025-11-11;7;4307
17;2025-11-11;8;5443
17;2025-11-11;9;3795
17;2025-11-11;10;2941
17;2025-11-11;11;2882
17;2025-11-11;12;2947
17;2025-11-11;13;3017
17;2025-11-11;14;3163
17;2025-11-11;15;3116
17;2025-11-11;16;3498
17;2025-11-11;17;4557
17;2025-11-11;18;4900
17;2025-11-11;19;3404
17;2025-11-11;20;2323
17;2025-11-11;21;1422
17;2025-11-11;22;706
17;2025-11-11;23;350
17;2025-11-12;0;117
17;2025-11-12;1;10
17;2025-11-12;2;0
17;2025-11-12;3;0
17;2025-11-12;4;25
17;2025-11-12;5;307
17;2025-11-12;6;1542
17;2025-11-12;7;4221
17;2025-11-12;8;5224
17;2025-11-12;9;3527
17;2025-11-12;10;2918
17;2025-11-12;11;2927
17;2025-11-12;12;3008
17;2025-11-12;13;3015
17;2025-11-12;14;3116
17;2025-11-12;15;3261
17;2025-11-12;16;3588
17;2025-11-12;17;4439
17;2025-11-12;18;4778
17;2025-11-12;19;3358
17;2025-11-12;20;2316
17;2025-11-12;21;1473
17;2025-11-12;22;743
17;2025-11-12;23;370
17;2025-11-13;0;135
17;2025-11-13;1;12
17;2025-11-13;2;0
17;2025-11-13;3;0
17;2025-11-13;4;24
17;2025-11-13;5;315
17;2025-11-13;6;1541
17;2025-11-13;7;4303
17;2025-11-13;8;5367
17;2025-11-13;9;3795
17;2025-11-13;10;3035
17;2025-11-13;11;2979
17;2025-11-13;12;3032
17;2025-11-13;13;3083
17;2025-11-13;14;3100
17;2025-11-13;15;3287
17;2025-11-13;16;3701
17;2025-11-13;17;4505
17;2025-11-13;18;4785
17;2025-11-13;19;3374
17;2025-11-13;20;2351
17;2025-11-13;21;1482
17;2025-11-13;22;756
17;2025-11-13;23;391
17;2025-11-14;0;143
17;2025-11-14;1;15
17;2025-11-14;2;0
17;2025-11-14;3;0
17;2025-11-14;4;25
17;2025-11-14;5;308
17;2025-11-14;6;1530
17;2025-11-14;7;4188
17;2025-11-14;8;5246
17;2025-11-14;9;3713
17;2025-11-14;10;2944
17;2025-11-14;11;3021
17;2025-11-14;12;2980
17;2025-11-14;13;3098
17;2025-11-14;14;3158
17;2025-11-14;15;3453
17;2025-11-14;16;4066
17;2025-11-14;17;4627
17;2025-11-14;18;4287
17;2025-11-14;19;3258
17;2025-11-14;20;2314
17;2025-11-14;21;1549
17;2025-11-14;22;828
17;2025-11-14;23;466
17;2025-11-15;0;199
17;2025-11-15;1;27
17;2025-11-15;2;0
17;2025-11-15;3;0
17;2025-11-15;4;6
17;2025-11-15;5;134
17;2025-11-15;6;599
17;2025-11-15;7;1291
17;2025-11-15;8;1787
17;2025-11-15;9;2227
17;2025-11-15;10;2458
17;2025-11-15;11;2843
17;2025-11-15;12;3111
17;2025-11-15;13;3315
17;2025-11-15;14;3301
17;2025-11-15;15;3330
17;2025-11-15;16;3326
17;2025-11-15;17;3147
17;2025-11-15;18;2862
17;2025-11-15;19;2410
17;2025-11-15;20;1861
17;2025-11-15;21;1327
17;2025-11-15;22;832
17;2025-11-15;23;436
17;2025-11-16;0;188
17;2025-11-16;1;29
17;2025-11-16;2;1
17;2025-11-16;3;0
17;2025-11-16;4;4
17;2025-11-16;5;108
17;2025-11-16;6;442
17;2025-11-16;7;854
17;2025-11-16;8;1238
17;2025-11-16;9;1685
17;2025-11-16;10;1951
17;2025-11-16;11;2485
17;2025-11-16;12;2787
17;2025-11-16;13;3116
17;2025-11-16;14;3231
17;2025-11-16;15;3167
17;2025-11-16;16;3127
17;2025-11-16;17;3039
17;2025-11-16;18;2681
17;2025-11-16;19;2177
17;2025-11-16;20;1639
17;2025-11-16;21;1156
17;2025-11-16;22;707
17;2025-11-16;23;319
17;2025-11-17;0;119
17;2025-11-17;1;16
17;2025-11-17;2;0
17;2025-11-17;3;0
17;2025-11-17;4;26
17;2025-11-17;5;304
17;2025-11-17;6;1521
17;2025-11-17;7;4175
17;2025-11-17;8;5327
17;2025-11-17;9;3725
17;2025-11-17;10;2869
17;2025-11-17;11;2788
17;2025-11-17;12;2808
17;2025-11-17;13;2887
17;2025-11-17;14;2925
17;2025-11-17;15;3141
17;2025-11-17;16;3486
17;2025-11-17;17;4223
17;2025-11-17;18;4552
17;2025-11-17;19;3072
17;2025-11-17;20;2145
17;2025-11-17;21;1332
17;2025-11-17;22;674
17;2025-11-17;23;313
17;2025-11-18;0;109
17;2025-11-18;1;11
17;2025-11-18;2;0
17;2025-11-18;3;0
17;2025-11-18;4;22
17;2025-11-18;5;312
17;2025-11-18;6;1561
17;2025-11-18;7;4307
17;2025-11-18;8;5443
17;2025-11-18;9;3795
17;2025-11-18;10;2941
17;2025-11-18;11;2882
17;2025-11-18;12;2947
17;2025-11-18;13;3017
17;2025-11-18;14;3163
17;2025-11-18;15;3116
17;2025-11-18;16;3498
17;2025-11-18;17;4557
17;2025-11-18;18;4900
17;2025-11-18;19;3404
17;2025-11-18;20;2323
17;2025-11-18;21;1422
17;2025-11-18;22;706
17;2025-11-18;23;350
17;2025-11-19;0;117
17;2025-11-19;1;10
17;2025-11-19;2;0
17;2025-11-19;3;0
17;2025-11-19;4;25
17;2025-11-19;5;307
17;2025-11-19;6;1542
17;2025-11-19;7;4221
17;2025-11-19;8;5224
17;2025-11-19;9;3527
17;2025-11-19;10;2918
17;2025-11-19;11;2927
17;2025-11-19;12;3008
17;2025-11-19;13;3015
17;2025-11-19;14;3116
17;2025-11-19;15;3261
17;2025-11-19;16;3588
17;2025-11-19;17;4439
17;2025-11-19;18;4778
17;2025-11-19;19;3358
17;2025-11-19;20;2316
17;2025-11-19;21;1473
17;2025-11-19;22;743
17;2025-11-19;23;370
17;2025-11-20;0;135
17;2025-11-20;1;12
17;2025-11-20;2;0
17;2025-11-20;3;0
17;2025-11-20;4;24
17;2025-11-20;5;315
17;2025-11-20;6;1541
17;2025-11-20;7;4303
17;2025-11-20;8;5367
17;2025-11-20;9;3795
17;2025-11-20;10;3035
17;2025-11-20;11;2979
17;2025-11-20;12;3032
17;2025-11-20;13;3083
17;2025-11-20;14;3100
17;2025-11-20;15;3287
17;2025-11-20;16;3701
17;2025-11-20;17;4505
17;2025-11-20;18;4785
17;2025-11-20;19;3374
17;2025-11-20;20;2351
17;2025-11-20;21;1482
17;2025-11-20;22;756
17;2025-11-20;23;391
17;2025-11-21;0;143
17;2025-11-21;1;15
17;2025-11-21;2;0
17;2025-11-21;3;0
17;2025-11-21;4;25
17;2025-11-21;5;308
17;2025-11-21;6;1530
17;2025-11-21;7;4188
17;2025-11-21;8;5246
17;2025-11-21;9;3713
17;2025-11-21;10;2944
17;2025-11-21;11;3021
17;2025-11-21;12;2980
17;2025-11-21;13;3098
17;2025-11-21;14;3158
17;2025-11-21;15;3453
17;2025-11-21;16;4066
17;2025-11-21;17;4627
17;2025-11-21;18;4287
17;2025-11-21;19;3258
17;2025-11-21;20;2314
17;2025-11-21;21;1549
17;2025-11-21;22;828
17;2025-11-21;23;466
17;2025-11-22;0;199
17;2025-11-22;1;27
17;2025-11-22;2;0
17;2025-11-22;3;0
17;2025-11-22;4;6
17;2025-11-22;5;134
17;2025-11-22;6;599
17;2025-11-22;7;1291
17;2025-11-22;8;1787
17;2025-11-22;9;2227
17;2025-11-22;10;2458
17;2025-11-22;11;2843
17;2025-11-22;12;3111
17;2025-11-22;13;3315
17;2025-11-22;14;3301
17;2025-11-22;15;3330
17;2025-11-22;16;3326
17;2025-11-22;17;3147
17;2025-11-22;18;2862
17;2025-11-22;19;2410
17;2025-11-22;20;1861
17;2025-11-22;21;1327
17;2025-11-22;22;832
17;2025-11-22;23;436
17;2025-11-23;0;188
17;2025-11-23;1;29
17;2025-11-23;2;1
17;2025-11-23;3;0
17;2025-11-23;4;4
17;2025-11-23;5;108
17;2025-11-23;6;442
17;2025-11-23;7;854
17;2025-11-23;8;1238
17;2025-11-23;9;1685
17;2025-11-23;10;1951
17;2025-11-23;11;2485
17;2025-11-23;12;2787
17;2025-11-23;13;3116
17;2025-11-23;14;3231
17;2025-11-23;15;3167
17;2025-11-23;16;3127
17;2025-11-23;17;3039
17;2025-11-23;18;2681
17;2025-11-23;19;2177
17;2025-11-23;20;1639
17;2025-11-23;21;1156
17;2025-11-23;22;707
17;2025-11-23;23;319
17;2025-11-24;0;119
17;2025-11-24;1;16
17;2025-11-24;2;0
17;2025-11-24;3;0
17;2025-11-24;4;26
17;2025-11-24;5;304
17;2025-11-24;6;1521
17;2025-11-24;7;4175
17;2025-11-24;8;5327
17;2025-11-24;9;3725
17;2025-11-24;10;2869
17;2025-11-24;11;2788
17;2025-11-24;12;2808
17;2025-11-24;13;2887
17;2025-11-24;14;2925
17;2025-11-24;15;3141
17;2025-11-24;16;3486
17;2025-11-24;17;4223
17;2025-11-24;18;4552
17;2025-11-24;19;3072
17;2025-11-24;20;2145
17;2025-11-24;21;1332
17;2025-11-24;22;674
17;2025-11-24;23;313
17;2025-11-25;0;109
17;2025-11-25;1;11
17;2025-11-25;2;0
17;2025-11-25;3;0
17;2025-11-25;4;22
17;2025-11-25;5;312
17;2025-11-25;6;1561
17;2025-11-25;7;4307
17;2025-11-25;8;5443
17;2025-11-25;9;3795
17;2025-11-25;10;2941
17;2025-11-25;11;2882
17;2025-11-25;12;2947
17;2025-11-25;13;3017
17;2025-11-25;14;3163
17;2025-11-25;15;3116
17;2025-11-25;16;3498
17;2025-11-25;17;4557
17;2025-11-25;18;4900
17;2025-11-25;19;3404
17;2025-11-25;20;2323
17;2025-11-25;21;1422
17;2025-11-25;22;706
17;2025-11-25;23;350
17;2025-11-26;0;117
17;2025-11-26;1;10
17;2025-11-26;2;0
17;2025-11-26;3;0
17;2025-11-26;4;25
17;2025-11-26;5;307
17;2025-11-26;6;1542
17;2025-11-26;7;4221
17;2025-11-26;8;5224
17;2025-11-26;9;3527
17;2025-11-26;10;2918
17;2025-11-26;11;2927
17;2025-11-26;12;3008
17;2025-11-26;13;3015
17;2025-11-26;14;3116
17;2025-11-26;15;3261
17;2025-11-26;16;3588
17;2025-11-26;17;4439
17;2025-11-26;18;4778
17;2025-11-26;19;3358
17;2025-11-26;20;2316
17;2025-11-26;21;1473
17;2025-11-26;22;743
17;2025-11-26;23;370
17;2025-11-27;0;135
17;2025-11-27;1;12
17;2025-11-27;2;0
17;2025-11-27;3;0
17;2025-11-27;4;24
17;2025-11-27;5;315
17;2025-11-27;6;1541
17;2025-11-27;7;4303
17;2025-11-27;8;5367
17;2025-11-27;9;3795
17;2025-11-27;10;3035
17;2025-11-27;11;2979
17;2025-11-27;12;3032
17;2025-11-27;13;3083
17;2025-11-27;14;3100
17;2025-11-27;15;3287
17;2025-11-27;16;3701
17;2025-11-27;17;4505
17;2025-11-27;18;4785
17;2025-11-27;19;3374
17;2025-11-27;20;2351
17;2025-11-27;21;1482
17;2025-11-27;22;756
17;2025-11-27;23;391
17;2025-11-28;0;143
17;2025-11-28;1;15
17;2025-11-28;2;0
17;2025-11-28;3;0
17;2025-11-28;4;25
17;2025-11-28;5;308
17;2025-11-28;6;1530
17;2025-11-28;7;4188
17;2025-11-28;8;5246
17;2025-11-28;9;3713
17;2025-11-28;10;2944
17;2025-11-28;11;3021
17;2025-11-28;12;2980
17;2025-11-28;13;3098
17;2025-11-28;14;3158
17;2025-11-28;15;3453
17;2025-11-28;16;4066
17;2025-11-28;17;4627
17;2025-11-28;18;4287
17;2025-11-28;19;3258
17;2025-11-28;20;2314
17;2025-11-28;21;1549
17;2025-11-28;22;828
17;2025-11-28;23;466
17;2025-11-29;0;199
17;2025-11-29;1;27
17;2025-11-29;2;0
17;2025-11-29;3;0
17;2025-11-29;4;6
17;2025-11-29;5;134
17;2025-11-29;6;599
17;2025-11-29;7;1291
17;2025-11-29;8;1787
17;2025-11-29;9;2227
17;2025-11-29;10;2458
17;2025-11-29;11;2843
17;2025-11-29;12;3111
17;2025-11-29;13;3315
17;2025-11-29;14;3301
17;2025-11-29;15;3330
17;2025-11-29;16;3326
17;2025-11-29;17;3147
17;2025-11-29;18;2862
17;2025-11-29;19;2410
17;2025-11-29;20;1861
17;2025-11-29;21;1327
17;2025-11-29;22;832
17;2025-11-29;23;436
17;2025-11-30;0;188
17;2025-11-30;1;29
17;2025-11-30;2;1
17;2025-11-30;3;0
17;2025-11-30;4;4
17;2025-11-30;5;108
17;2025-11-30;6;442
17;2025-11-30;7;854
17;2025-11-30;8;1238
17;2025-11-30;9;1685
17;2025-11-30;10;1951
17;2025-11-30;11;2485
17;2025-11-30;12;2787
17;2025-11-30;13;3116
17;2025-11-30;14;3231
17;2025-11-30;15;3167
17;2025-11-30;16;3127
17;2025-11-30;17;3039
17;2025-11-30;18;2681
17;2025-11-30;19;2177
17;2025-11-30;20;1639
17;2025-11-30;21;1156
17;2025-11-30;22;707
17;2025-11-30;23;319
17;2025-12-01;0;119
17;2025-12-01;1;16
17;2025-12-01;2;0
17;2025-12-01;3;0
17;2025-12-01;4;26
17;2025-12-01;5;304
17;2025-12-01;6;1521
17;2025-12-01;7;4175
17;2025-12-01;8;5327
17;2025-12-01;9;3725
17;2025-12-01;10;2869
17;2025-12-01;11;2788
17;2025-12-01;12;2808
17;2025-12-01;13;2887
17;2025-12-01;14;2925
17;2025-12-01;15;3141
17;2025-12-01;16;3486
17;2025-12-01;17;4223
17;2025-12-01;18;4552
17;2025-12-01;19;3072
17;2025-12-01;20;2145
17;2025-12-01;21;1332
17;2025-12-01;22;674
17;2025-12-01;23;313
17;2025-12-02;0;109
17;2025-12-02;1;11
17;2025-12-02;2;0
17;2025-12-02;3;0
17;2025-12-02;4;22
17;2025-12-02;5;312
17;2025-12-02;6;1561
17;2025-12-02;7;4307
17;2025-12-02;8;5443
17;2025-12-02;9;3795
17;2025-12-02;10;2941
17;2025-12-02;11;2882
17;2025-12-02;12;2947
17;2025-12-02;13;3017
17;2025-12-02;14;3163
17;2025-12-02;15;3116
17;2025-12-02;16;3498
17;2025-12-02;17;4557
17;2025-12-02;18;4900
17;2025-12-02;19;3404
17;2025-12-02;20;2323
17;2025-12-02;21;1422
17;2025-12-02;22;706
17;2025-12-02;23;350
17;2025-12-03;0;117
17;2025-12-03;1;10
17;2025-12-03;2;0
17;2025-12-03;3;0
17;2025-12-03;4;25
17;2025-12-03;5;307
17;2025-12-03;6;1542
17;2025-12-03;7;4221
17;2025-12-03;8;5224
17;2025-12-03;9;3527
17;2025-12-03;10;2918
17;2025-12-03;11;2927
17;2025-12-03;12;3008
17;2025-12-03;13;3015
17;2025-12-03;14;3116
17;2025-12-03;15;3261
17;2025-12-03;16;3588
17;2025-12-03;17;4439
17;2025-12-03;18;4778
17;2025-12-03;19;3358
17;2025-12-03;20;2316
17;2025-12-03;21;1473
17;2025-12-03;22;743
17;2025-12-03;23;370
17;2025-12-04;0;135
17;2025-12-04;1;12
17;2025-12-04;2;0
17;2025-12-04;3;0
17;2025-12-04;4;24
17;2025-12-04;5;315
17;2025-12-04;6;1541
17;2025-12-04;7;4303
17;2025-12-04;8;5367
17;2025-12-04;9;3795
17;2025-12-04;10;3035
17;2025-12-04;11;2979
17;2025-12-04;12;3032
17;2025-12-04;13;3083
17;2025-12-04;14;3100
17;2025-12-04;15;3287
17;2025-12-04;16;3701
17;2025-12-04;17;4505
17;2025-12-04;18;4785
17;2025-12-04;19;3374
17;2025-12-04;20;2351
17;2025-12-04;21;1482
17;2025-12-04;22;756
17;2025-12-04;23;391
17;2025-12-05;0;143
17;2025-12-05;1;15
17;2025-12-05;2;0
17;2025-12-05;3;0
17;2025-12-05;4;25
17;2025-12-05;5;308
17;2025-12-05;6;1530
17;2025-12-05;7;4188
17;2025-12-05;8;5246
17;2025-12-05;9;3713
17;2025-12-05;10;2944
17;2025-12-05;11;3021
17;2025-12-05;12;2980
17;2025-12-05;13;3098
17;2025-12-05;14;3158
17;2025-12-05;15;3453
17;2025-12-05;16;4066
17;2025-12-05;17;4627
17;2025-12-05;18;4287
17;2025-12-05;19;3258
17;2025-12-05;20;2314
17;2025-12-05;21;1549
17;2025-12-05;22;828
17;2025-12-05;23;466
17;2025-12-06;0;199
17;2025-12-06;1;27
17;2025-12-06;2;0
17;2025-12-06;3;0
17;2025-12-06;4;6
17;2025-12-06;5;134
17;2025-12-06;6;599
17;2025-12-06;7;1291
17;2025-12-06;8;1787
17;2025-12-06;9;2227
17;2025-12-06;10;2458
17;2025-12-06;11;2843
17;2025-12-06;12;3111
17;2025-12-06;13;3315
17;2025-12-06;14;3301
17;2025-12-06;15;3330
17;2025-12-06;16;3326
17;2025-12-06;17;3147
17;2025-12-06;18;2862
17;2025-12-06;19;2410
17;2025-12-06;20;1861
17;2025-12-06;21;1327
17;2025-12-06;22;832
17;2025-12-06;23;436
17;2025-12-07;0;188
17;2025-12-07;1;29
17;2025-12-07;2;1
17;2025-12-07;3;0
17;2025-12-07;4;4
17;2025-12-07;5;108
17;2025-12-07;6;442
17;2025-12-07;7;854
17;2025-12-07;8;1238
17;2025-12-07;9;1685
17;2025-12-07;10;1951
17;2025-12-07;11;2485
17;2025-12-07;12;2787
17;2025-12-07;13;3116
17;2025-12-07;14;3231
17;2025-12-07;15;3167
17;2025-12-07;16;3127
17;2025-12-07;17;3039
17;2025-12-07;18;2681
17;2025-12-07;19;2177
17;2025-12-07;20;1639
17;2025-12-07;21;1156
17;2025-12-07;22;707
17;2025-12-07;23;319
17;2025-12-08;0;119
17;2025-12-08;1;16
17;2025-12-08;2;0
17;2025-12-08;3;0
17;2025-12-08;4;26
17;2025-12-08;5;304
17;2025-12-08;6;1521
17;2025-12-08;7;4175
17;2025-12-08;8;5327
17;2025-12-08;9;3725
17;2025-12-08;10;2869
17;2025-12-08;11;2788
17;2025-12-08;12;2808
17;2025-12-08;13;2887
17;2025-12-08;14;2925
17;2025-12-08;15;3141
17;2025-12-08;16;3486
17;2025-12-08;17;4223
17;2025-12-08;18;4552
17;2025-12-08;19;3072
17;2025-12-08;20;2145
17;2025-12-08;21;1332
17;2025-12-08;22;674
17;2025-12-08;23;313
17;2025-12-09;0;109
17;2025-12-09;1;11
17;2025-12-09;2;0
17;2025-12-09;3;0
17;2025-12-09;4;22
17;2025-12-09;5;312
17;2025-12-09;6;1561
17;2025-12-09;7;4307
17;2025-12-09;8;5443
17;2025-12-09;9;3795
17;2025-12-09;10;2941
17;2025-12-09;11;2882
17;2025-12-09;12;2947
17;2025-12-09;13;3017
17;2025-12-09;14;3163
17;2025-12-09;15;3116
17;2025-12-09;16;3498
17;2025-12-09;17;4557
17;2025-12-09;18;4900
17;2025-12-09;19;3404
17;2025-12-09;20;2323
17;2025-12-09;21;1422
17;2025-12-09;22;706
17;2025-12-09;23;350
17;2025-12-10;0;117
17;2025-12-10;1;10
17;2025-12-10;2;0
17;2025-12-10;3;0
17;2025-12-10;4;25
17;2025-12-10;5;307
17;2025-12-10;6;1542
17;2025-12-10;7;4221
17;2025-12-10;8;5224
17;2025-12-10;9;3527
17;2025-12-10;10;2918
17;2025-12-10;11;2927
17;2025-12-10;12;3008
17;2025-12-10;13;3015
17;2025-12-10;14;3116
17;2025-12-10;15;3261
17;2025-12-10;16;3588
17;2025-12-10;17;4439
17;2025-12-10;18;4778
17;2025-12-10;19;3358
17;2025-12-10;20;2316
17;2025-12-10;21;1473
17;2025-12-10;22;743
17;2025-12-10;23;370
17;2025-12-11;0;135
17;2025-12-11;1;12
17;2025-12-11;2;0
17;2025-12-11;3;0
17;2025-12-11;4;24
17;2025-12-11;5;315
17;2025-12-11;6;1541
17;2025-12-11;7;4303
17;2025-12-11;8;5367
17;2025-12-11;9;3795
17;2025-12-11;10;3035
17;2025-12-11;11;2979
17;2025-12-11;12;3032
17;2025-12-11;13;3083
17;2025-12-11;14;3100
17;2025-12-11;15;3287
17;2025-12-11;16;3701
17;2025-12-11;17;4505
17;2025-12-11;18;4785
17;2025-12-11;19;3374
17;2025-12-11;20;2351
17;2025-12-11;21;1482
17;2025-12-11;22;756
17;2025-12-11;23;391
17;2025-12-12;0;143
17;2025-12-12;1;15
17;2025-12-12;2;0
17;2025-12-12;3;0
17;2025-12-12;4;25
17;2025-12-12;5;308
17;2025-12-12;6;1530
17;2025-12-12;7;4188
17;2025-12-12;8;5246
17;2025-12-12;9;3713
17;2025-12-12;10;2944
17;2025-12-12;11;3021
17;2025-12-12;12;2980
17;2025-12-12;13;3098
17;2025-12-12;14;3158
17;2025-12-12;15;3453
17;2025-12-12;16;4066
17;2025-12-12;17;4627
17;2025-12-12;18;4287
17;2025-12-12;19;3258
17;2025-12-12;20;2314
17;2025-12-12;21;1549
17;2025-12-12;22;828
17;2025-12-12;23;466
17;2025-12-13;0;199
17;2025-12-13;1;27
17;2025-12-13;2;0
17;2025-12-13;3;0
17;2025-12-13;4;6
17;2025-12-13;5;134
17;2025-12-13;6;599
17;2025-12-13;7;1291
17;2025-12-13;8;1787
17;2025-12-13;9;2227
17;2025-12-13;10;2458
17;2025-12-13;11;2843
17;2025-12-13;12;3111
17;2025-12-13;13;3315
17;2025-12-13;14;3301
17;2025-12-13;15;3330
17;2025-12-13;16;3326
17;2025-12-13;17;3147
17;2025-12-13;18;2862
17;2025-12-13;19;2410
17;2025-12-13;20;1861
17;2025-12-13;21;1327
17;2025-12-13;22;832
17;2025-12-13;23;436
17;2025-12-14;0;188
17;2025-12-14;1;29
17;2025-12-14;2;1
17;2025-12-14;3;0
17;2025-12-14;4;4
17;2025-12-14;5;108
17;2025-12-14;6;442
17;2025-12-14;7;854
17;2025-12-14;8;1238
17;2025-12-14;9;1685
17;2025-12-14;10;1951
17;2025-12-14;11;2485
17;2025-12-14;12;2787
17;2025-12-14;13;3116
17;2025-12-14;14;3231
17;2025-12-14;15;3167
17;2025-12-14;16;3127
17;2025-12-14;17;3039
17;2025-12-14;18;2681
17;2025-12-14;19;2177
17;2025-12-14;20;1639
17;2025-12-14;21;1156
17;2025-12-14;22;707
17;2025-12-14;23;319
17;2025-12-15;0;119
17;2025-12-15;1;16
17;2025-12-15;2;0
17;2025-12-15;3;0
17;2025-12-15;4;26
17;2025-12-15;5;304
17;2025-12-15;6;1521
17;2025-12-15;7;4175
17;2025-12-15;8;5327
17;2025-12-15;9;3725
17;2025-12-15;10;2869
17;2025-12-15;11;2788
17;2025-12-15;12;2808
17;2025-12-15;13;2887
17;2025-12-15;14;2925
17;2025-12-15;15;3141
17;2025-12-15;16;3486
17;2025-12-15;17;4223
17;2025-12-15;18;4552
17;2025-12-15;19;3072
17;2025-12-15;20;2145
17;2025-12-15;21;1332
17;2025-12-15;22;674
17;2025-12-15;23;313
17;2025-12-16;0;109
17;2025-12-16;1;11
17;2025-12-16;2;0
17;2025-12-16;3;0
17;2025-12-16;4;22
17;2025-12-16;5;312
17;2025-12-16;6;1561
17;2025-12-16;7;4307
17;2025-12-16;8;5443
17;2025-12-16;9;3795
17;2025-12-16;10;2941
17;2025-12-16;11;2882
17;2025-12-16;12;2947
17;2025-12-16;13;3017
17;2025-12-16;14;3163
17;2025-12-16;15;3116
17;2025-12-16;16;3498
17;2025-12-16;17;4557
17;2025-12-16;18;4900
17;2025-12-16;19;3404
17;2025-12-16;20;2323
17;2025-12-16;21;1422
17;2025-12-16;22;706
17;2025-12-16;23;350
17;2025-12-17;0;117
17;2025-12-17;1;10
17;2025-12-17;2;0
17;2025-12-17;3;0
17;2025-12-17;4;25
17;2025-12-17;5;307
17;2025-12-17;6;1542
17;2025-12-17;7;4221
17;2025-12-17;8;5224
17;2025-12-17;9;3527
17;2025-12-17;10;2918
17;2025-12-17;11;2927
17;2025-12-17;12;3008
17;2025-12-17;13;3015
17;2025-12-17;14;3116
17;2025-12-17;15;3261
17;2025-12-17;16;3588
17;2025-12-17;17;4439
17;2025-12-17;18;4778
17;2025-12-17;19;3358
17;2025-12-17;20;2316
17;2025-12-17;21;1473
17;2025-12-17;22;743
17;2025-12-17;23;370
17;2025-12-18;0;135
17;2025-12-18;1;12
17;2025-12-18;2;0
17;2025-12-18;3;0
17;2025-12-18;4;24
17;2025-12-18;5;315
17;2025-12-18;6;1541
17;2025-12-18;7;4303
17;2025-12-18;8;5367
17;2025-12-18;9;3795
17;2025-12-18;10;3035
17;2025-12-18;11;2979
17;2025-12-18;12;3032
17;2025-12-18;13;3083
17;2025-12-18;14;3100
17;2025-12-18;15;3287
17;2025-12-18;16;3701
17;2025-12-18;17;4505
17;2025-12-18;18;4785
17;2025-12-18;19;3374
17;2025-12-18;20;2351
17;2025-12-18;21;1482
17;2025-12-18;22;756
17;2025-12-18;23;391
17;2025-12-19;0;143
17;2025-12-19;1;15
17;2025-12-19;2;0
17;2025-12-19;3;0
17;2025-12-19;4;25
17;2025-12-19;5;308
17;2025-12-19;6;1530
17;2025-12-19;7;4188
17;2025-12-19;8;5246
17;2025-12-19;9;3713
17;2025-12-19;10;2944
17;2025-12-19;11;3021
17;2025-12-19;12;2980
17;2025-12-19;13;3098
17;2025-12-19;14;3158
17;2025-12-19;15;3453
17;2025-12-19;16;4066
17;2025-12-19;17;4627
17;2025-12-19;18;4287
17;2025-12-19;19;3258
17;2025-12-19;20;2314
17;2025-12-19;21;1549
17;2025-12-19;22;828
17;2025-12-19;23;466
17;2025-12-20;0;199
17;2025-12-20;1;27
17;2025-12-20;2;0
17;2025-12-20;3;0
17;2025-12-20;4;6
17;2025-12-20;5;134
17;2025-12-20;6;599
17;2025-12-20;7;1291
17;2025-12-20;8;1787
17;2025-12-20;9;2227
17;2025-12-20;10;2458
17;2025-12-20;11;2843
17;2025-12-20;12;3111
17;2025-12-20;13;3315
17;2025-12-20;14;3301
17;2025-12-20;15;3330
17;2025-12-20;16;3326
17;2025-12-20;17;3147
17;2025-12-20;18;2862
17;2025-12-20;19;2410
17;2025-12-20;20;1861
17;2025-12-20;21;1327
17;2025-12-20;22;832
17;2025-12-20;23;436
17;2025-12-21;0;188
17;2025-12-21;1;29
17;2025-12-21;2;1
17;2025-12-21;3;0
17;2025-12-21;4;4
17;2025-12-21;5;108
17;2025-12-21;6;442
17;2025-12-21;7;854
17;2025-12-21;8;1238
17;2025-12-21;9;1685
17;2025-12-21;10;1951
17;2025-12-21;11;2485
17;2025-12-21;12;2787
17;2025-12-21;13;3116
17;2025-12-21;14;3231
17;2025-12-21;15;3167
17;2025-12-21;16;3127
17;2025-12-21;17;3039
17;2025-12-21;18;2681
17;2025-12-21;19;2177
17;2025-12-21;20;1639
17;2025-12-21;21;1156
17;2025-12-21;22;707
17;2025-12-21;23;319
17;2025-12-22;0;119
17;2025-12-22;1;16
17;2025-12-22;2;0
17;2025-12-22;3;0
17;2025-12-22;4;26
17;2025-12-22;5;304
17;2025-12-22;6;1521
17;2025-12-22;7;4175
17;2025-12-22;8;5327
17;2025-12-22;9;3725
17;2025-12-22;10;2869
17;2025-12-22;11;2788
17;2025-12-22;12;2808
17;2025-12-22;13;2887
17;2025-12-22;14;2925
17;2025-12-22;15;3141
17;2025-12-22;16;3486
17;2025-12-22;17;4223
17;2025-12-22;18;4552
17;2025-12-22;19;3072
17;2025-12-22;20;2145
17;2025-12-22;21;1332
17;2025-12-22;22;674
17;2025-12-22;23;313
17;2025-12-23;0;109
17;2025-12-23;1;11
17;2025-12-23;2;0
17;2025-12-23;3;0
17;2025-12-23;4;22
17;2025-12-23;5;312
17;2025-12-23;6;1561
17;2025-12-23;7;4307
17;2025-12-23;8;5443
17;2025-12-23;9;3795
17;2025-12-23;10;2941
17;2025-12-23;11;2882
17;2025-12-23;12;2947
17;2025-12-23;13;3017
17;2025-12-23;14;3163
17;2025-12-23;15;3116
17;2025-12-23;16;3498
17;2025-12-23;17;4557
17;2025-12-23;18;4900
17;2025-12-23;19;3404
17;2025-12-23;20;2323
17;2025-12-23;21;1422
17;2025-12-23;22;706
17;2025-12-23;23;350
17;2025-12-24;0;117
17;2025-12-24;1;10
17;2025-12-24;2;0
17;2025-12-24;3;0
17;2025-12-24;4;25
17;2025-12-24;5;307
17;2025-12-24;6;1542
17;2025-12-24;7;4221
17;2025-12-24;8;5224
17;2025-12-24;9;3527
17;2025-12-24;10;2918
17;2025-12-24;11;2927
17;2025-12-24;12;3008
17;2025-12-24;13;3015
17;2025-12-24;14;3116
17;2025-12-24;15;3261
17;2025-12-24;16;3588
17;2025-12-24;17;4439
17;2025-12-24;18;4778
17;2025-12-24;19;3358
17;2025-12-24;20;2316
17;2025-12-24;21;1473
17;2025-12-24;22;743
17;2025-12-24;23;370
17;2025-12-25;0;135
17;2025-12-25;1;12
17;2025-12-25;2;0
17;2025-12-25;3;0
17;2025-12-25;4;24
17;2025-12-25;5;315
17;2025-12-25;6;1541
17;2025-12-25;7;4303
17;2025-12-25;8;5367
17;2025-12-25;9;3795
17;2025-12-25;10;3035
17;2025-12-25;11;2979
17;2025-12-25;12;3032
17;2025-12-25;13;3083
17;2025-12-25;14;3100
17;2025-12-25;15;3287
17;2025-12-25;16;3701
17;2025-12-25;17;4505
17;2025-12-25;18;4785
17;2025-12-25;19;3374
17;2025-12-25;20;2351
17;2025-12-25;21;1482
17;2025-12-25;22;756
17;2025-12-25;23;391
17;2025-12-26;0;143
17;2025-12-26;1;15
17;2025-12-26;2;0
17;2025-12-26;3;0
17;2025-12-26;4;25
17;2025-12-26;5;308
17;2025-12-26;6;1530
17;2025-12-26;7;4188
17;2025-12-26;8;5246
17;2025-12-26;9;3713
17;2025-12-26;10;2944
17;2025-12-26;11;3021
17;2025-12-26;12;2980
17;2025-12-26;13;3098
17;2025-12-26;14;3158
17;2025-12-26;15;3453
17;2025-12-26;16;4066
17;2025-12-26;17;4627
17;2025-12-26;18;4287
17;2025-12-26;19;3258
17;2025-12-26;20;2314
17;2025-12-26;21;1549
17;2025-12-26;22;828
17;2025-12-26;23;466
17;2025-12-27;0;199
17;2025-12-27;1;27
17;2025-12-27;2;0
17;2025-12-27;3;0
17;2025-12-27;4;6
17;2025-12-27;5;134
17;2025-12-27;6;599
17;2025-12-27;7;1291
17;2025-12-27;8;1787
17;2025-12-27;9;2227
17;2025-12-27;10;2458
17;2025-12-27;11;2843
17;2025-12-27;12;3111
17;2025-12-27;13;3315
17;2025-12-27;14;3301
17;2025-12-27;15;3330
17;2025-12-27;16;3326
17;2025-12-27;17;3147
17;2025-12-27;18;2862
17;2025-12-27;19;2410
17;2025-12-27;20;1861
17;2025-12-27;21;1327
17;2025-12-27;22;832
17;2025-12-27;23;436
17;2025-12-28;0;188
17;2025-12-28;1;29
17;2025-12-28;2;1
17;2025-12-28;3;0
17;2025-12-28;4;4
17;2025-12-28;5;108
17;2025-12-28;6;442
17;2025-12-28;7;854
17;2025-12-28;8;1238
17;2025-12-28;9;1685
17;2025-12-28;10;1951
17;2025-12-28;11;2485
17;2025-12-28;12;2787
17;2025-12-28;13;3116
17;2025-12-28;14;3231
17;2025-12-28;15;3167
17;2025-12-28;16;3127
17;2025-12-28;17;3039
17;2025-12-28;18;2681
17;2025-12-28;19;2177
17;2025-12-28;20;1639
17;2025-12-28;21;1156
17;2025-12-28;22;707
17;2025-12-28;23;319
17;2025-12-29;0;119
17;2025-12-29;1;16
17;2025-12-29;2;0
17;2025-12-29;3;0
17;2025-12-29;4;26
17;2025-12-29;5;304
17;2025-12-29;6;1521
17;2025-12-29;7;4175
17;2025-12-29;8;5327
17;2025-12-29;9;3725
17;2025-12-29;10;2869
17;2025-12-29;11;2788
17;2025-12-29;12;2808
17;2025-12-29;13;2887
17;2025-12-29;14;2925
17;2025-12-29;15;3141
17;2025-12-29;16;3486
17;2025-12-29;17;4223
17;2025-12-29;18;4552
17;2025-12-29;19;3072
17;2025-12-29;20;2145
17;2025-12-29;21;1332
17;2025-12-29;22;674
17;2025-12-29;23;313
17;2025-12-30;0;109
17;2025-12-30;1;11
17;2025-12-30;2;0
17;2025-12-30;3;0
17;2025-12-30;4;22
17;2025-12-30;5;312
17;2025-12-30;6;1561
17;2025-12-30;7;4307
17;2025-12-30;8;5443
17;2025-12-30;9;3795
17;2025-12-30;10;2941
17;2025-12-30;11;2882
17;2025-12-30;12;2947
17;2025-12-30;13;3017
17;2025-12-30;14;3163
17;2025-12-30;15;3116
17;2025-12-30;16;3498
17;2025-12-30;17;4557
17;2025-12-30;18;4900
17;2025-12-30;19;3404
17;2025-12-30;20;2323
17;2025-12-30;21;1422
17;2025-12-30;22;706
17;2025-12-30;23;350
17;2025-12-31;0;117
17;2025-12-31;1;10
17;2025-12-31;2;0
17;2025-12-31;3;0
17;2025-12-31;4;25
17;2025-12-31;5;307
17;2025-12-31;6;1542
17;2025-12-31;7;4221
17;2025-12-31;8;5224
17;2025-12-31;9;3527
17;2025-12-31;10;2918
17;2025-12-31;11;2927
17;2025-12-31;12;3008
17;2025-12-31;13;3015
17;2025-12-31;14;3116
17;2025-12-31;15;3261
17;2025-12-31;16;3588
17;2025-12-31;17;4439
17;2025-12-31;18;4778
17;2025-12-31;19;3358
17;2025-12-31;20;2316
17;2025-12-31;21;1473
17;2025-12-31;22;743
17;2025-12-31;23;370
25;2025-11-01;0;7
25;2025-11-01;1;0
25;2025-11-01;2;0
25;2025-11-01;3;0
25;2025-11-01;4;0
25;2025-11-01;5;11
25;2025-11-01;6;91
25;2025-11-01;7;132
25;2025-11-01;8;317
25;2025-11-01;9;296
25;2025-11-01;10;286
25;2025-11-01;11;365
25;2025-11-01;12;385
25;2025-11-01;13;588
25;2025-11-01;14;585
25;2025-11-01;15;683
25;2025-11-01;16;629
25;2025-11-01;17;532
25;2025-11-01;18;540
25;2025-11-01;19;441
25;2025-11-01;20;275
25;2025-11-01;21;209
25;2025-11-01;22;140
25;2025-11-01;23;46
25;2025-11-02;0;14
25;2025-11-02;1;0
25;2025-11-02;2;0
25;2025-11-02;3;0
25;2025-11-02;4;0
25;2025-11-02;5;6
25;2025-11-02;6;78
25;2025-11-02;7;106
25;2025-11-02;8;186
25;2025-11-02;9;215
25;2025-11-02;10;221
25;2025-11-02;11;294
25;2025-11-02;12;379
25;2025-11-02;13;485
25;2025-11-02;14;535
25;2025-11-02;15;670
25;2025-11-02;16;550
25;2025-11-02;17;538
25;2025-11-02;18;471
25;2025-11-02;19;352
25;2025-11-02;20;235
25;2025-11-02;21;177
25;2025-11-02;22;100
25;2025-11-02;23;35
25;2025-11-03;0;8
25;2025-11-03;1;0
25;2025-11-03;2;0
25;2025-11-03;3;0
25;2025-11-03;4;0
25;2025-11-03;5;13
25;2025-11-03;6;193
25;2025-11-03;7;517
25;2025-11-03;8;908
25;2025-11-03;9;504
25;2025-11-03;10;336
25;2025-11-03;11;410
25;2025-11-03;12;387
25;2025-11-03;13;550
25;2025-11-03;14;439
25;2025-11-03;15;475
25;2025-11-03;16;678
25;2025-11-03;17;763
25;2025-11-03;18;839
25;2025-11-03;19;568
25;2025-11-03;20;316
25;2025-11-03;21;202
25;2025-11-03;22;104
25;2025-11-03;23;18
25;2025-11-04;0;7
25;2025-11-04;1;0
25;2025-11-04;2;0
25;2025-11-04;3;0
25;2025-11-04;4;0
25;2025-11-04;5;11
25;2025-11-04;6;197
25;2025-11-04;7;520
25;2025-11-04;8;944
25;2025-11-04;9;449
25;2025-11-04;10;353
25;2025-11-04;11;411
25;2025-11-04;12;395
25;2025-11-04;13;487
25;2025-11-04;14;454
25;2025-11-04;15;520
25;2025-11-04;16;667
25;2025-11-04;17;705
25;2025-11-04;18;743
25;2025-11-04;19;529
25;2025-11-04;20;329
25;2025-11-04;21;209
25;2025-11-04;22;89
25;2025-11-04;23;9
25;2025-11-05;0;1
25;2025-11-05;1;1
25;2025-11-05;2;0
25;2025-11-05;3;0
25;2025-11-05;4;0
25;2025-11-05;5;14
25;2025-11-05;6;205
25;2025-11-05;7;527
25;2025-11-05;8;900
25;2025-11-05;9;463
25;2025-11-05;10;381
25;2025-11-05;11;429
25;2025-11-05;12;426
25;2025-11-05;13;565
25;2025-11-05;14;413
25;2025-11-05;15;557
25;2025-11-05;16;642
25;2025-11-05;17;787
25;2025-11-05;18;826
25;2025-11-05;19;599
25;2025-11-05;20;325
25;2025-11-05;21;238
25;2025-11-05;22;100
25;2025-11-05;23;8
25;2025-11-06;0;1
25;2025-11-06;1;0
25;2025-11-06;2;0
25;2025-11-06;3;0
25;2025-11-06;4;0
25;2025-11-06;5;14
25;2025-11-06;6;210
25;2025-11-06;7;532
25;2025-11-06;8;880
25;2025-11-06;9;445
25;2025-11-06;10;370
25;2025-11-06;11;410
25;2025-11-06;12;407
25;2025-11-06;13;537
25;2025-11-06;14;523
25;2025-11-06;15;589
25;2025-11-06;16;652
25;2025-11-06;17;706
25;2025-11-06;18;740
25;2025-11-06;19;541
25;2025-11-06;20;299
25;2025-11-06;21;214
25;2025-11-06;22;88
25;2025-11-06;23;4
25;2025-11-07;0;0
25;2025-11-07;1;0
25;2025-11-07;2;0
25;2025-11-07;3;0
25;2025-11-07;4;0
25;2025-11-07;5;12
25;2025-11-07;6;215
25;2025-11-07;7;546
25;2025-11-07;8;837
25;2025-11-07;9;421
25;2025-11-07;10;368
25;2025-11-07;11;441
25;2025-11-07;12;414
25;2025-11-07;13;560
25;2025-11-07;14;489
25;2025-11-07;15;624
25;2025-11-07;16;780
25;2025-11-07;17;758
25;2025-11-07;18;703
25;2025-11-07;19;577
25;2025-11-07;20;338
25;2025-11-07;21;206
25;2025-11-07;22;113
25;2025-11-07;23;16
25;2025-11-08;0;7
25;2025-11-08;1;0
25;2025-11-08;2;0
25;2025-11-08;3;0
25;2025-11-08;4;0
25;2025-11-08;5;11
25;2025-11-08;6;91
25;2025-11-08;7;132
25;2025-11-08;8;317
25;2025-11-08;9;296
25;2025-11-08;10;286
25;2025-11-08;11;365
25;2025-11-08;12;385
25;2025-11-08;13;588
25;2025-11-08;14;585
25;2025-11-08;15;683
25;2025-11-08;16;629
25;2025-11-08;17;532
25;2025-11-08;18;540
25;2025-11-08;19;441
25;2025-11-08;20;275
25;2025-11-08;21;209
25;2025-11-08;22;140
25;2025-11-08;23;46
25;2025-11-09;0;14
25;2025-11-09;1;0
25;2025-11-09;2;0
25;2025-11-09;3;0
25;2025-11-09;4;0
25;2025-11-09;5;6
25;2025-11-09;6;78
25;2025-11-09;7;106
25;2025-11-09;8;186
25;2025-11-09;9;215
25;2025-11-09;10;221
25;2025-11-09;11;294
25;2025-11-09;12;379
25;2025-11-09;13;485
25;2025-11-09;14;535
25;2025-11-09;15;670
25;2025-11-09;16;550
25;2025-11-09;17;538
25;2025-11-09;18;471
25;2025-11-09;19;352
25;2025-11-09;20;235
25;2025-11-09;21;177
25;2025-11-09;22;100
25;2025-11-09;23;35
25;2025-11-10;0;8
25;2025-11-10;1;0
25;2025-11-10;2;0
25;2025-11-10;3;0
25;2025-11-10;4;0
25;2025-11-10;5;13
25;2025-11-10;6;193
25;2025-11-10;7;517
25;2025-11-10;8;908
25;2025-11-10;9;504
25;2025-11-10;10;336
25;2025-11-10;11;410
25;2025-11-10;12;387
25;2025-11-10;13;550
25;2025-11-10;14;439
25;2025-11-10;15;475
25;2025-11-10;16;678
25;2025-11-10;17;763
25;2025-11-10;18;839
25;2025-11-10;19;568
25;2025-11-10;20;316
25;2025-11-10;21;202
25;2025-11-10;22;104
25;2025-11-10;23;18
25;2025-11-11;0;7
25;2025-11-11;1;0
25;2025-11-11;2;0
25;2025-11-11;3;0
25;2025-11-11;4;0
25;2025-11-11;5;11
25;2025-11-11;6;197
25;2025-11-11;7;520
25;2025-11-11;8;944
25;2025-11-11;9;449
25;2025-11-11;10;353
25;2025-11-11;11;411
25;2025-11-11;12;395
25;2025-11-11;13;487
25;2025-11-11;14;454
25;2025-11-11;15;520
25;2025-11-11;16;667
25;2025-11-11;17;705
25;2025-11-11;18;743
25;2025-11-11;19;529
25;2025-11-11;20;329
25;2025-11-11;21;209
25;2025-11-11;22;89
25;2025-11-11;23;9
25;2025-11-12;0;1
25;2025-11-12;1;1
25;2025-11-12;2;0
25;2025-11-12;3;0
25;2025-11-12;4;0
25;2025-11-12;5;14
25;2025-11-12;6;205
25;2025-11-12;7;527
25;2025-11-12;8;900
25;2025-11-12;9;463
25;2025-11-12;10;381
25;2025-11-12;11;429
25;2025-11-12;12;426
25;2025-11-12;13;565
25;2025-11-12;14;413
25;2025-11-12;15;557
25;2025-11-12;16;642
25;2025-11-12;17;787
25;2025-11-12;18;826
25;2025-11-12;19;599
25;2025-11-12;20;325
25;2025-11-12;21;238
25;2025-11-12;22;100
25;2025-11-12;23;8
25;2025-11-13;0;1
25;2025-11-13;1;0
25;2025-11-13;2;0
25;2025-11-13;3;0
25;2025-11-13;4;0
25;2025-11-13;5;14
25;2025-11-13;6;210
25;2025-11-13;7;532
25;2025-11-13;8;880
25;2025-11-13;9;445
25;2025-11-13;10;370
25;2025-11-13;11;410
25;2025-11-13;12;407
25;2025-11-13;13;537
25;2025-11-13;14;523
25;2025-11-13;15;589
25;2025-11-13;16;652
25;2025-11-13;17;706
25;2025-11-13;18;740
25;2025-11-13;19;541
25;2025-11-13;20;299
25;2025-11-13;21;214
25;2025-11-13;22;88
25;2025-11-13;23;4
25;2025-11-14;0;0
25;2025-11-14;1;0
25;2025-11-14;2;0
25;2025-11-14;3;0
25;2025-11-14;4;0
25;2025-11-14;5;12
25;2025-11-14;6;215
25;2025-11-14;7;546
25;2025-11-14;8;837
25;2025-11-14;9;421
25;2025-11-14;10;368
25;2025-11-14;11;441
25;2025-11-14;12;414
25;2025-11-14;13;560
25;2025-11-14;14;489
25;2025-11-14;15;624
25;2025-11-14;16;780
25;2025-11-14;17;758
25;2025-11-14;18;703
25;2025-11-14;19;577
25;2025-11-14;20;338
25;2025-11-14;21;206
25;2025-11-14;22;113
25;2025-11-14;23;16
25;2025-11-15;0;7
25;2025-11-15;1;0
25;2025-11-15;2;0
25;2025-11-15;3;0
25;2025-11-15;4;0
25;2025-11-15;5;11
25;2025-11-15;6;91
25;2025-11-15;7;132
25;2025-11-15;8;317
25;2025-11-15;9;296
25;2025-11-15;10;286
25;2025-11-15;11;365
25;2025-11-15;12;385
25;2025-11-15;13;588
25;2025-11-15;14;585
25;2025-11-15;15;683
25;2025-11-15;16;629
25;2025-11-15;17;532
25;2025-11-15;18;540
25;2025-11-15;19;441
25;2025-11-15;20;275
25;2025-11-15;21;209
25;2025-11-15;22;140
25;2025-11-15;23;46
25;2025-11-16;0;14
25;2025-11-16;1;0
25;2025-11-16;2;0
25;2025-11-16;3;0
25;2025-11-16;4;0
25;2025-11-16;5;6
25;2025-11-16;6;78
25;2025-11-16;7;106
25;2025-11-16;8;186
25;2025-11-16;9;215
25;2025-11-16;10;221
25;2025-11-16;11;294
25;2025-11-16;12;379
25;2025-11-16;13;485
25;2025-11-16;14;535
25;2025-11-16;15;670
25;2025-11-16;16;550
25;2025-11-16;17;538
25;2025-11-16;18;471
25;2025-11-16;19;352
25;2025-11-16;20;235
25;2025-11-16;21;177
25;2025-11-16;22;100
25;2025-11-16;23;35
25;2025-11-17;0;8
25;2025-11-17;1;0
25;2025-11-17;2;0
25;2025-11-17;3;0
25;2025-11-17;4;0
25;2025-11-17;5;13
25;2025-11-17;6;193
25;2025-11-17;7;517
25;2025-11-17;8;908
25;2025-11-17;9;504
25;2025-11-17;10;336
25;2025-11-17;11;410
25;2025-11-17;12;387
25;2025-11-17;13;550
25;2025-11-17;14;439
25;2025-11-17;15;475
25;2025-11-17;16;678
25;2025-11-17;17;763
25;2025-11-17;18;839
25;2025-11-17;19;568
25;2025-11-17;20;316
25;2025-11-17;21;202
25;2025-11-17;22;104
25;2025-11-17;23;18
25;2025-11-18;0;7
25;2025-11-18;1;0
25;2025-11-18;2;0
25;2025-11-18;3;0
25;2025-11-18;4;0
25;2025-11-18;5;11
25;2025-11-18;6;197
25;2025-11-18;7;520
25;2025-11-18;8;944
25;2025-11-18;9;449
25;2025-11-18;10;353
25;2025-11-18;11;411
25;2025-11-18;12;395
25;2025-11-18;13;487
25;2025-11-18;14;454
25;2025-11-18;15;520
25;2025-11-18;16;667
25;2025-11-18;17;705
25;2025-11-18;18;743
25;2025-11-18;19;529
25;2025-11-18;20;329
25;2025-11-18;21;209
25;2025-11-18;22;89
25;2025-11-18;23;9
25;2025-11-19;0;1
25;2025-11-19;1;1
25;2025-11-19;2;0
25;2025-11-19;3;0
25;2025-11-19;4;0
25;2025-11-19;5;14
25;2025-11-19;6;205
25;2025-11-19;7;527
25;2025-11-19;8;900
25;2025-11-19;9;463
25;2025-11-19;10;381
25;2025-11-19;11;429
25;2025-11-19;12;426
25;2025-11-19;13;565
25;2025-11-19;14;413
25;2025-11-19;15;557
25;2025-11-19;16;642
25;2025-11-19;17;787
25;2025-11-19;18;826
25;2025-11-19;19;599
25;2025-11-19;20;325
25;2025-11-19;21;238
25;2025-11-19;22;100
25;2025-11-19;23;8
25;2025-11-20;0;1
25;2025-11-20;1;0
25;2025-11-20;2;0
25;2025-11-20;3;0
25;2025-11-20;4;0
25;2025-11-20;5;14
25;2025-11-20;6;210
25;2025-11-20;7;532
25;2025-11-20;8;880
25;2025-11-20;9;445
25;2025-11-20;10;370
25;2025-11-20;11;410
25;2025-11-20;12;407
25;2025-11-20;13;537
25;2025-11-20;14;523
25;2025-11-20;15;589
25;2025-11-20;16;652
25;2025-11-20;17;706
25;2025-11-20;18;740
25;2025-11-20;19;541
25;2025-11-20;20;299
25;2025-11-20;21;214
25;2025-11-20;22;88
25;2025-11-20;23;4
25;2025-11-21;0;0
25;2025-11-21;1;0
25;2025-11-21;2;0
25;2025-11-21;3;0
25;2025-11-21;4;0
25;2025-11-21;5;12
25;2025-11-21;6;215
25;2025-11-21;7;546
25;2025-11-21;8;837
25;2025-11-21;9;421
25;2025-11-21;10;368
25;2025-11-21;11;441
25;2025-11-21;12;414
25;2025-11-21;13;560
25;2025-11-21;14;489
25;2025-11-21;15;624
25;2025-11-21;16;780
25;2025-11-21;17;758
25;2025-11-21;18;703
25;2025-11-21;19;577
25;2025-11-21;20;338
25;2025-11-21;21;206
25;2025-11-21;22;113
25;2025-11-21;23;16
25;2025-11-22;0;7
25;2025-11-22;1;0
25;2025-11-22;2;0
25;2025-11-22;3;0
25;2025-11-22;4;0
25;2025-11-22;5;11
25;2025-11-22;6;91
25;2025-11-22;7;132
25;2025-11-22;8;317
25;2025-11-22;9;296
25;2025-11-22;10;286
25;2025-11-22;11;365
25;2025-11-22;12;385
25;2025-11-22;13;588
25;2025-11-22;14;585
25;2025-11-22;15;683
25;2025-11-22;16;629
25;2025-11-22;17;532
25;2025-11-22;18;540
25;2025-11-22;19;441
25;2025-11-22;20;275
25;2025-11-22;21;209
25;2025-11-22;22;140
25;2025-11-22;23;46
25;2025-11-23;0;14
25;2025-11-23;1;0
25;2025-11-23;2;0
25;2025-11-23;3;0
25;2025-11-23;4;0
25;2025-11-23;5;6
25;2025-11-23;6;78
25;2025-11-23;7;106
25;2025-11-23;8;186
25;2025-11-23;9;215
25;2025-11-23;10;221
25;2025-11-23;11;294
25;2025-11-23;12;379
25;2025-11-23;13;485
25;2025-11-23;14;535
25;2025-11-23;15;670
25;2025-11-23;16;550
25;2025-11-23;17;538
25;2025-11-23;18;471
25;2025-11-23;19;352
25;2025-11-23;20;235
25;2025-11-23;21;177
25;2025-11-23;22;100
25;2025-11-23;23;35
25;2025-11-24;0;8
25;2025-11-24;1;0
25;2025-11-24;2;0
25;2025-11-24;3;0
25;2025-11-24;4;0
25;2025-11-24;5;13
25;2025-11-24;6;193
25;2025-11-24;7;517
25;2025-11-24;8;908
25;2025-11-24;9;504
25;2025-11-24;10;336
25;2025-11-24;11;410
25;2025-11-24;12;387
25;2025-11-24;13;550
25;2025-11-24;14;439
25;2025-11-24;15;475
25;2025-11-24;16;678
25;2025-11-24;17;763
25;2025-11-24;18;839
25;2025-11-24;19;568
25;2025-11-24;20;316
25;2025-11-24;21;202
25;2025-11-24;22;104
25;2025-11-24;23;18
25;2025-11-25;0;7
25;2025-11-25;1;0
25;2025-11-25;2;0
25;2025-11-25;3;0
25;2025-11-25;4;0
25;2025-11-25;5;11
25;2025-11-25;6;197
25;2025-11-25;7;520
25;2025-11-25;8;944
25;2025-11-25;9;449
25;2025-11-25;10;353
25;2025-11-25;11;411
25;2025-11-25;12;395
25;2025-11-25;13;487
25;2025-11-25;14;454
25;2025-11-25;15;520
25;2025-11-25;16;667
25;2025-11-25;17;705
25;2025-11-25;18;743
25;2025-11-25;19;529
25;2025-11-25;20;329
25;2025-11-25;21;209
25;2025-11-25;22;89
25;2025-11-25;23;9
25;2025-11-26;0;1
25;2025-11-26;1;1
25;2025-11-26;2;0
25;2025-11-26;3;0
25;2025-11-26;4;0
25;2025-11-26;5;14
25;2025-11-26;6;205
25;2025-11-26;7;527
25;2025-11-26;8;900
25;2025-11-26;9;463
25;2025-11-26;10;381
25;2025-11-26;11;429
25;2025-11-26;12;426
25;2025-11-26;13;565
25;2025-11-26;14;413
25;2025-11-26;15;557
25;2025-11-26;16;642
25;2025-11-26;17;787
25;2025-11-26;18;826
25;2025-11-26;19;599
25;2025-11-26;20;325
25;2025-11-26;21;238
25;2025-11-26;22;100
25;2025-11-26;23;8
25;2025-11-27;0;1
25;2025-11-27;1;0
25;2025-11-27;2;0
25;2025-11-27;3;0
25;2025-11-27;4;0
25;2025-11-27;5;14
25;2025-11-27;6;210
25;2025-11-27;7;532
25;2025-11-27;8;880
25;2025-11-27;9;445
25;2025-11-27;10;370
25;2025-11-27;11;410
25;2025-11-27;12;407
25;2025-11-27;13;537
25;2025-11-27;14;523
25;2025-11-27;15;589
25;2025-11-27;16;652
25;2025-11-27;17;706
25;2025-11-27;18;740
25;2025-11-27;19;541
25;2025-11-27;20;299
25;2025-11-27;21;214
25;2025-11-27;22;88
25;2025-11-27;23;4
25;2025-11-28;0;0
25;2025-11-28;1;0
25;2025-11-28;2;0
25;2025-11-28;3;0
25;2025-11-28;4;0
25;2025-11-28;5;12
25;2025-11-28;6;215
25;2025-11-28;7;546
25;2025-11-28;8;837
25;2025-11-28;9;421
25;2025-11-28;10;368
25;2025-11-28;11;441
25;2025-11-28;12;414
25;2025-11-28;13;560
25;2025-11-28;14;489
25;2025-11-28;15;624
25;2025-11-28;16;780
25;2025-11-28;17;758
25;2025-11-28;18;703
25;2025-11-28;19;577
25;2025-11-28;20;338
25;2025-11-28;21;206
25;2025-11-28;22;113
25;2025-11-28;23;16
25;2025-11-29;0;7
25;2025-11-29;1;0
25;2025-11-29;2;0
25;2025-11-29;3;0
25;2025-11-29;4;0
25;2025-11-29;5;11
25;2025-11-29;6;91
25;2025-11-29;7;132
25;2025-11-29;8;317
25;2025-11-29;9;296
25;2025-11-29;10;286
25;2025-11-29;11;365
25;2025-11-29;12;385
25;2025-11-29;13;588
25;2025-11-29;14;585
25;2025-11-29;15;683
25;2025-11-29;16;629
25;2025-11-29;17;532
25;2025-11-29;18;540
25;2025-11-29;19;441
25;2025-11-29;20;275
25;2025-11-29;21;209
25;2025-11-29;22;140
25;2025-11-29;23;46
25;2025-11-30;0;14
25;2025-11-30;1;0
25;2025-11-30;2;0
25;2025-11-30;3;0
25;2025-11-30;4;0
25;2025-11-30;5;6
25;2025-11-30;6;78
25;2025-11-30;7;106
25;2025-11-30;8;186
25;2025-11-30;9;215
25;2025-11-30;10;221
25;2025-11-30;11;294
25;2025-11-30;12;379
25;2025-11-30;13;485
25;2025-11-30;14;535
25;2025-11-30;15;670
25;2025-11-30;16;550
25;2025-11-30;17;538
25;2025-11-30;18;471
25;2025-11-30;19;352
25;2025-11-30;20;235
25;2025-11-30;21;177
25;2025-11-30;22;100
25;2025-11-30;23;35
25;2025-12-01;0;8
25;2025-12-01;1;0
25;2025-12-01;2;0
25;2025-12-01;3;0
25;2025-12-01;4;0
25;2025-12-01;5;13
25;2025-12-01;6;193
25;2025-12-01;7;517
25;2025-12-01;8;908
25;2025-12-01;9;504
25;2025-12-01;10;336
25;2025-12-01;11;410
25;2025-12-01;12;387
25;2025-12-01;13;550
25;2025-12-01;14;439
25;2025-12-01;15;475
25;2025-12-01;16;678
25;2025-12-01;17;763
25;2025-12-01;18;839
25;2025-12-01;19;568
25;2025-12-01;20;316
25;2025-12-01;21;202
25;2025-12-01;22;104
25;2025-12-01;23;18
25;2025-12-02;0;7
25;2025-12-02;1;0
25;2025-12-02;2;0
25;2025-12-02;3;0
25;2025-12-02;4;0
25;2025-12-02;5;11
25;2025-12-02;6;197
25;2025-12-02;7;520
25;2025-12-02;8;944
25;2025-12-02;9;449
25;2025-12-02;10;353
25;2025-12-02;11;411
25;2025-12-02;12;395
25;2025-12-02;13;487
25;2025-12-02;14;454
25;2025-12-02;15;520
25;2025-12-02;16;667
25;2025-12-02;17;705
25;2025-12-02;18;743
25;2025-12-02;19;529
25;2025-12-02;20;329
25;2025-12-02;21;209
25;2025-12-02;22;89
25;2025-12-02;23;9
25;2025-12-03;0;1
25;2025-12-03;1;1
25;2025-12-03;2;0
25;2025-12-03;3;0
25;2025-12-03;4;0
25;2025-12-03;5;14
25;2025-12-03;6;205
25;2025-12-03;7;527
25;2025-12-03;8;900
25;2025-12-03;9;463
25;2025-12-03;10;381
25;2025-12-03;11;429
25;2025-12-03;12;426
25;2025-12-03;13;565
25;2025-12-03;14;413
25;2025-12-03;15;557
25;2025-12-03;16;642
25;2025-12-03;17;787
25;2025-12-03;18;826
25;2025-12-03;19;599
25;2025-12-03;20;325
25;2025-12-03;21;238
25;2025-12-03;22;100
25;2025-12-03;23;8
25;2025-12-04;0;1
25;2025-12-04;1;0
25;2025-12-04;2;0
25;2025-12-04;3;0
25;2025-12-04;4;0
25;2025-12-04;5;14
25;2025-12-04;6;210
25;2025-12-04;7;532
25;2025-12-04;8;880
25;2025-12-04;9;445
25;2025-12-04;10;370
25;2025-12-04;11;410
25;2025-12-04;12;407
25;2025-12-04;13;537
25;2025-12-04;14;523
25;2025-12-04;15;589
25;2025-12-04;16;652
25;2025-12-04;17;706
25;2025-12-04;18;740
25;2025-12-04;19;541
25;2025-12-04;20;299
25;2025-12-04;21;214
25;2025-12-04;22;88
25;2025-12-04;23;4
25;2025-12-05;0;0
25;2025-12-05;1;0
25;2025-12-05;2;0
25;2025-12-05;3;0
25;2025-12-05;4;0
25;2025-12-05;5;12
25;2025-12-05;6;215
25;2025-12-05;7;546
25;2025-12-05;8;837
25;2025-12-05;9;421
25;2025-12-05;10;368
25;2025-12-05;11;441
25;2025-12-05;12;414
25;2025-12-05;13;560
25;2025-12-05;14;489
25;2025-12-05;15;624
25;2025-12-05;16;780
25;2025-12-05;17;758
25;2025-12-05;18;703
25;2025-12-05;19;577
25;2025-12-05;20;338
25;2025-12-05;21;206
25;2025-12-05;22;113
25;2025-12-05;23;16
25;2025-12-06;0;7
25;2025-12-06;1;0
25;2025-12-06;2;0
25;2025-12-06;3;0
25;2025-12-06;4;0
25;2025-12-06;5;11
25;2025-12-06;6;91
25;2025-12-06;7;132
25;2025-12-06;8;317
25;2025-12-06;9;296
25;2025-12-06;10;286
25;2025-12-06;11;365
25;2025-12-06;12;385
25;2025-12-06;13;588
25;2025-12-06;14;585
25;2025-12-06;15;683
25;2025-12-06;16;629
25;2025-12-06;17;532
25;2025-12-06;18;540
25;2025-12-06;19;441
25;2025-12-06;20;275
25;2025-12-06;21;209
25;2025-12-06;22;140
25;2025-12-06;23;46
25;2025-12-07;0;14
25;2025-12-07;1;0
25;2025-12-07;2;0
25;2025-12-07;3;0
25;2025-12-07;4;0
25;2025-12-07;5;6
25;2025-12-07;6;78
25;2025-12-07;7;106
25;2025-12-07;8;186
25;2025-12-07;9;215
25;2025-12-07;10;221
25;2025-12-07;11;294
25;2025-12-07;12;379
25;2025-12-07;13;485
25;2025-12-07;14;535
25;2025-12-07;15;670
25;2025-12-07;16;550
25;2025-12-07;17;538
25;2025-12-07;18;471
25;2025-12-07;19;352
25;2025-12-07;20;235
25;2025-12-07;21;177
25;2025-12-07;22;100
25;2025-12-07;23;35
25;2025-12-08;0;8
25;2025-12-08;1;0
25;2025-12-08;2;0
25;2025-12-08;3;0
25;2025-12-08;4;0
25;2025-12-08;5;13
25;2025-12-08;6;193
25;2025-12-08;7;517
25;2025-12-08;8;908
25;2025-12-08;9;504
25;2025-12-08;10;336
25;2025-12-08;11;410
25;2025-12-08;12;387
25;2025-12-08;13;550
25;2025-12-08;14;439
25;2025-12-08;15;475
25;2025-12-08;16;678
25;2025-12-08;17;763
25;2025-12-08;18;839
25;2025-12-08;19;568
25;2025-12-08;20;316
25;2025-12-08;21;202
25;2025-12-08;22;104
25;2025-12-08;23;18
25;2025-12-09;0;7
25;2025-12-09;1;0
25;2025-12-09;2;0
25;2025-12-09;3;0
25;2025-12-09;4;0
25;2025-12-09;5;11
25;2025-12-09;6;197
25;2025-12-09;7;520
25;2025-12-09;8;944
25;2025-12-09;9;449
25;2025-12-09;10;353
25;2025-12-09;11;411
25;2025-12-09;12;395
25;2025-12-09;13;487
25;2025-12-09;14;454
25;2025-12-09;15;520
25;2025-12-09;16;667
25;2025-12-09;17;705
25;2025-12-09;18;743
25;2025-12-09;19;529
25;2025-12-09;20;329
25;2025-12-09;21;209
25;2025-12-09;22;89
25;2025-12-09;23;9
25;2025-12-10;0;1
25;2025-12-10;1;1
25;2025-12-10;2;0
25;2025-12-10;3;0
25;2025-12-10;4;0
25;2025-12-10;5;14
25;2025-12-10;6;205
25;2025-12-10;7;527
25;2025-12-10;8;900
25;2025-12-10;9;463
25;2025-12-10;10;381
25;2025-12-10;11;429
25;2025-12-10;12;426
25;2025-12-10;13;565
25;2025-12-10;14;413
25;2025-12-10;15;557
25;2025-12-10;16;642
25;2025-12-10;17;787
25;2025-12-10;18;826
25;2025-12-10;19;599
25;2025-12-10;20;325
25;2025-12-10;21;238
25;2025-12-10;22;100
25;2025-12-10;23;8
25;2025-12-11;0;1
25;2025-12-11;1;0
25;2025-12-11;2;0
25;2025-12-11;3;0
25;2025-12-11;4;0
25;2025-12-11;5;14
25;2025-12-11;6;210
25;2025-12-11;7;532
25;2025-12-11;8;880
25;2025-12-11;9;445
25;2025-12-11;10;370
25;2025-12-11;11;410
25;2025-12-11;12;407
25;2025-12-11;13;537
25;2025-12-11;14;523
25;2025-12-11;15;589
25;2025-12-11;16;652
25;2025-12-11;17;706
25;2025-12-11;18;740
25;2025-12-11;19;541
25;2025-12-11;20;299
25;2025-12-11;21;214
25;2025-12-11;22;88
25;2025-12-11;23;4
25;2025-12-12;0;0
25;2025-12-12;1;0
25;2025-12-12;2;0
25;2025-12-12;3;0
25;2025-12-12;4;0
25;2025-12-12;5;12
25;2025-12-12;6;215
25;2025-12-12;7;546
25;2025-12-12;8;837
25;2025-12-12;9;421
25;2025-12-12;10;368
25;2025-12-12;11;441
25;2025-12-12;12;414
25;2025-12-12;13;560
25;2025-12-12;14;489
25;2025-12-12;15;624
25;2025-12-12;16;780
25;2025-12-12;17;758
25;2025-12-12;18;703
25;2025-12-12;19;577
25;2025-12-12;20;338
25;2025-12-12;21;206
25;2025-12-12;22;113
25;2025-12-12;23;16
25;2025-12-13;0;7
25;2025-12-13;1;0
25;2025-12-13;2;0
25;2025-12-13;3;0
25;2025-12-13;4;0
25;2025-12-13;5;11
25;2025-12-13;6;91
25;2025-12-13;7;132
25;2025-12-13;8;317
25;2025-12-13;9;296
25;2025-12-13;10;286
25;2025-12-13;11;365
25;2025-12-13;12;385
25;2025-12-13;13;588
25;2025-12-13;14;585
25;2025-12-13;15;683
25;2025-12-13;16;629
25;2025-12-13;17;532
25;2025-12-13;18;540
25;2025-12-13;19;441
25;2025-12-13;20;275
25;2025-12-13;21;209
25;2025-12-13;22;140
25;2025-12-13;23;46
25;2025-12-14;0;14
25;2025-12-14;1;0
25;2025-12-14;2;0
25;2025-12-14;3;0
25;2025-12-14;4;0
25;2025-12-14;5;6
25;2025-12-14;6;78
25;2025-12-14;7;106
25;2025-12-14;8;186
25;2025-12-14;9;215
25;2025-12-14;10;221
25;2025-12-14;11;294
25;2025-12-14;12;379
25;2025-12-14;13;485
25;2025-12-14;14;535
25;2025-12-14;15;670
25;2025-12-14;16;550
25;2025-12-14;17;538
25;2025-12-14;18;471
25;2025-12-14;19;352
25;2025-12-14;20;235
25;2025-12-14;21;177
25;2025-12-14;22;100
25;2025-12-14;23;35
25;2025-12-15;0;8
25;2025-12-15;1;0
25;2025-12-15;2;0
25;2025-12-15;3;0
25;2025-12-15;4;0
25;2025-12-15;5;13
25;2025-12-15;6;193
25;2025-12-15;7;517
25;2025-12-15;8;908
25;2025-12-15;9;504
25;2025-12-15;10;336
25;2025-12-15;11;410
25;2025-12-15;12;387
25;2025-12-15;13;550
25;2025-12-15;14;439
25;2025-12-15;15;475
25;2025-12-15;16;678
25;2025-12-15;17;763
25;2025-12-15;18;839
25;2025-12-15;19;568
25;2025-12-15;20;316
25;2025-12-15;21;202
25;2025-12-15;22;104
25;2025-12-15;23;18
25;2025-12-16;0;7
25;2025-12-16;1;0
25;2025-12-16;2;0
25;2025-12-16;3;0
25;2025-12-16;4;0
25;2025-12-16;5;11
25;2025-12-16;6;197
25;2025-12-16;7;520
25;2025-12-16;8;944
25;2025-12-16;9;449
25;2025-12-16;10;353
25;2025-12-16;11;411
25;2025-12-16;12;395
25;2025-12-16;13;487
25;2025-12-16;14;454
25;2025-12-16;15;520
25;2025-12-16;16;667
25;2025-12-16;17;705
25;2025-12-16;18;743
25;2025-12-16;19;529
25;2025-12-16;20;329
25;2025-12-16;21;209
25;2025-12-16;22;89
25;2025-12-16;23;9
25;2025-12-17;0;1
25;2025-12-17;1;1
25;2025-12-17;2;0
25;2025-12-17;3;0
25;2025-12-17;4;0
25;2025-12-17;5;14
25;2025-12-17;6;205
25;2025-12-17;7;527
25;2025-12-17;8;900
25;2025-12-17;9;463
25;2025-12-17;10;381
25;2025-12-17;11;429
25;2025-12-17;12;426
25;2025-12-17;13;565
25;2025-12-17;14;413
25;2025-12-17;15;557
25;2025-12-17;16;642
25;2025-12-17;17;787
25;2025-12-17;18;826
25;2025-12-17;19;599
25;2025-12-17;20;325
25;2025-12-17;21;238
25;2025-12-17;22;100
25;2025-12-17;23;8
25;2025-12-18;0;1
25;2025-12-18;1;0
25;2025-12-18;2;0
25;2025-12-18;3;0
25;2025-12-18;4;0
25;2025-12-18;5;14
25;2025-12-18;6;210
25;2025-12-18;7;532
25;2025-12-18;8;880
25;2025-12-18;9;445
25;2025-12-18;10;370
25;2025-12-18;11;410
25;2025-12-18;12;407
25;2025-12-18;13;537
25;2025-12-18;14;523
25;2025-12-18;15;589
25;2025-12-18;16;652
25;2025-12-18;17;706
25;2025-12-18;18;740
25;2025-12-18;19;541
25;2025-12-18;20;299
25;2025-12-18;21;214
25;2025-12-18;22;88
25;2025-12-18;23;4
25;2025-12-19;0;0
25;2025-12-19;1;0
25;2025-12-19;2;0
25;2025-12-19;3;0
25;2025-12-19;4;0
25;2025-12-19;5;12
25;2025-12-19;6;215
25;2025-12-19;7;546
25;2025-12-19;8;837
25;2025-12-19;9;421
25;2025-12-19;10;368
25;2025-12-19;11;441
25;2025-12-19;12;414
25;2025-12-19;13;560
25;2025-12-19;14;489
25;2025-12-19;15;624
25;2025-12-19;16;780
25;2025-12-19;17;758
25;2025-12-19;18;703
25;2025-12-19;19;577
25;2025-12-19;20;338
25;2025-12-19;21;206
25;2025-12-19;22;113
25;2025-12-19;23;16
25;2025-12-20;0;7
25;2025-12-20;1;0
25;2025-12-20;2;0
25;2025-12-20;3;0
25;2025-12-20;4;0
25;2025-12-20;5;11
25;2025-12-20;6;91
25;2025-12-20;7;132
25;2025-12-20;8;317
25;2025-12-20;9;296
25;2025-12-20;10;286
25;2025-12-20;11;365
25;2025-12-20;12;385
25;2025-12-20;13;588
25;2025-12-20;14;585
25;2025-12-20;15;683
25;2025-12-20;16;629
25;2025-12-20;17;532
25;2025-12-20;18;540
25;2025-12-20;19;441
25;2025-12-20;20;275
25;2025-12-20;21;209
25;2025-12-20;22;140
25;2025-12-20;23;46
25;2025-12-21;0;14
25;2025-12-21;1;0
25;2025-12-21;2;0
25;2025-12-21;3;0
25;2025-12-21;4;0
25;2025-12-21;5;6
25;2025-12-21;6;78
25;2025-12-21;7;106
25;2025-12-21;8;186
25;2025-12-21;9;215
25;2025-12-21;10;221
25;2025-12-21;11;294
25;2025-12-21;12;379
25;2025-12-21;13;485
25;2025-12-21;14;535
25;2025-12-21;15;670
25;2025-12-21;16;550
25;2025-12-21;17;538
25;2025-12-21;18;471
25;2025-12-21;19;352
25;2025-12-21;20;235
25;2025-12-21;21;177
25;2025-12-21;22;100
25;2025-12-21;23;35
25;2025-12-22;0;8
25;2025-12-22;1;0
25;2025-12-22;2;0
25;2025-12-22;3;0
25;2025-12-22;4;0
25;2025-12-22;5;13
25;2025-12-22;6;193
25;2025-12-22;7;517
25;2025-12-22;8;908
25;2025-12-22;9;504
25;2025-12-22;10;336
25;2025-12-22;11;410
25;2025-12-22;12;387
25;2025-12-22;13;550
25;2025-12-22;14;439
25;2025-12-22;15;475
25;2025-12-22;16;678
25;2025-12-22;17;763
25;2025-12-22;18;839
25;2025-12-22;19;568
25;2025-12-22;20;316
25;2025-12-22;21;202
25;2025-12-22;22;104
25;2025-12-22;23;18
25;2025-12-23;0;7
25;2025-12-23;1;0
25;2025-12-23;2;0
25;2025-12-23;3;0
25;2025-12-23;4;0
25;2025-12-23;5;11
25;2025-12-23;6;197
25;2025-12-23;7;520
25;2025-12-23;8;944
25;2025-12-23;9;449
25;2025-12-23;10;353
25;2025-12-23;11;411
25;2025-12-23;12;395
25;2025-12-23;13;487
25;2025-12-23;14;454
25;2025-12-23;15;520
25;2025-12-23;16;667
25;2025-12-23;17;705
25;2025-12-23;18;743
25;2025-12-23;19;529
25;2025-12-23;20;329
25;2025-12-23;21;209
25;2025-12-23;22;89
25;2025-12-23;23;9
25;2025-12-24;0;1
25;2025-12-24;1;1
25;2025-12-24;2;0
25;2025-12-24;3;0
25;2025-12-24;4;0
25;2025-12-24;5;14
25;2025-12-24;6;205
25;2025-12-24;7;527
25;2025-12-24;8;900
25;2025-12-24;9;463
25;2025-12-24;10;381
25;2025-12-24;11;429
25;2025-12-24;12;426
25;2025-12-24;13;565
25;2025-12-24;14;413
25;2025-12-24;15;557
25;2025-12-24;16;642
25;2025-12-24;17;787
25;2025-12-24;18;826
25;2025-12-24;19;599
25;2025-12-24;20;325
25;2025-12-24;21;238
25;2025-12-24;22;100
25;2025-12-24;23;8
25;2025-12-25;0;1
25;2025-12-25;1;0
25;2025-12-25;2;0
25;2025-12-25;3;0
25;2025-12-25;4;0
25;2025-12-25;5;14
25;2025-12-25;6;210
25;2025-12-25;7;532
25;2025-12-25;8;880
25;2025-12-25;9;445
25;2025-12-25;10;370
25;2025-12-25;11;410
25;2025-12-25;12;407
25;2025-12-25;13;537
25;2025-12-25;14;523
25;2025-12-25;15;589
25;2025-12-25;16;652
25;2025-12-25;17;706
25;2025-12-25;18;740
25;2025-12-25;19;541
25;2025-12-25;20;299
25;2025-12-25;21;214
25;2025-12-25;22;88
25;2025-12-25;23;4
25;2025-12-26;0;0
25;2025-12-26;1;0
25;2025-12-26;2;0
25;2025-12-26;3;0
25;2025-12-26;4;0
25;2025-12-26;5;12
25;2025-12-26;6;215
25;2025-12-26;7;546
25;2025-12-26;8;837
25;2025-12-26;9;421
25;2025-12-26;10;368
25;2025-12-26;11;441
25;2025-12-26;12;414
25;2025-12-26;13;560
25;2025-12-26;14;489
25;2025-12-26;15;624
25;2025-12-26;16;780
25;2025-12-26;17;758
25;2025-12-26;18;703
25;2025-12-26;19;577
25;2025-12-26;20;338
25;2025-12-26;21;206
25;2025-12-26;22;113
25;2025-12-26;23;16
25;2025-12-27;0;7
25;2025-12-27;1;0
25;2025-12-27;2;0
25;2025-12-27;3;0
25;2025-12-27;4;0
25;2025-12-27;5;11
25;2025-12-27;6;91
25;2025-12-27;7;132
25;2025-12-27;8;317
25;2025-12-27;9;296
25;2025-12-27;10;286
25;2025-12-27;11;365
25;2025-12-27;12;385
25;2025-12-27;13;588
25;2025-12-27;14;585
25;2025-12-27;15;683
25;2025-12-27;16;629
25;2025-12-27;17;532
25;2025-12-27;18;540
25;2025-12-27;19;441
25;2025-12-27;20;275
25;2025-12-27;21;209
25;2025-12-27;22;140
25;2025-12-27;23;46
25;2025-12-28;0;14
25;2025-12-28;1;0
25;2025-12-28;2;0
25;2025-12-28;3;0
25;2025-12-28;4;0
25;2025-12-28;5;6
25;2025-12-28;6;78
25;2025-12-28;7;106
25;2025-12-28;8;186
25;2025-12-28;9;215
25;2025-12-28;10;221
25;2025-12-28;11;294
25;2025-12-28;12;379
25;2025-12-28;13;485
25;2025-12-28;14;535
25;2025-12-28;15;670
25;2025-12-28;16;550
25;2025-12-28;17;538
25;2025-12-28;18;471
25;2025-12-28;19;352
25;2025-12-28;20;235
25;2025-12-28;21;177
25;2025-12-28;22;100
25;2025-12-28;23;35
25;2025-12-29;0;8
25;2025-12-29;1;0
25;2025-12-29;2;0
25;2025-12-29;3;0
25;2025-12-29;4;0
25;2025-12-29;5;13
25;2025-12-29;6;193
25;2025-12-29;7;517
25;2025-12-29;8;908
25;2025-12-29;9;504
25;2025-12-29;10;336
25;2025-12-29;11;410
25;2025-12-29;12;387
25;2025-12-29;13;550
25;2025-12-29;14;439
25;2025-12-29;15;475
25;2025-12-29;16;678
25;2025-12-29;17;763
25;2025-12-29;18;839
25;2025-12-29;19;568
25;2025-12-29;20;316
25;2025-12-29;21;202
25;2025-12-29;22;104
25;2025-12-29;23;18
25;2025-12-30;0;7
25;2025-12-30;1;0
25;2025-12-30;2;0
25;2025-12-30;3;0
25;2025-12-30;4;0
25;2025-12-30;5;11
25;2025-12-30;6;197
25;2025-12-30;7;520
25;2025-12-30;8;944
25;2025-12-30;9;449
25;2025-12-30;10;353
25;2025-12-30;11;411
25;2025-12-30;12;395
25;2025-12-30;13;487
25;2025-12-30;14;454
25;2025-12-30;15;520
25;2025-12-30;16;667
25;2025-12-30;17;705
25;2025-12-30;18;743
25;2025-12-30;19;529
25;2025-12-30;20;329
25;2025-12-30;21;209
25;2025-12-30;22;89
25;2025-12-30;23;9
25;2025-12-31;0;1
25;2025-12-31;1;1
25;2025-12-31;2;0
25;2025-12-31;3;0
25;2025-12-31;4;0
25;2025-12-31;5;14
25;2025-12-31;6;205
25;2025-12-31;7;527
25;2025-12-31;8;900
25;2025-12-31;9;463
25;2025-12-31;10;381
25;2025-12-31;11;429
25;2025-12-31;12;426
25;2025-12-31;13;565
25;2025-12-31;14;413
25;2025-12-31;15;557
25;2025-12-31;16;642
25;2025-12-31;17;787
25;2025-12-31;18;826
25;2025-12-31;19;599
25;2025-12-31;20;325
25;2025-12-31;21;238
25;2025-12-31;22;100
25;2025-12-31;23;8
26;2025-11-01;0;50
26;2025-11-01;1;2
26;2025-11-01;2;0
26;2025-11-01;3;0
26;2025-11-01;4;1
26;2025-11-01;5;52
26;2025-11-01;6;251
26;2025-11-01;7;395
26;2025-11-01;8;644
26;2025-11-01;9;681
26;2025-11-01;10;810
26;2025-11-01;11;980
26;2025-11-01;12;1004
26;2025-11-01;13;1005
26;2025-11-01;14;1032
26;2025-11-01;15;974
26;2025-11-01;16;981
26;2025-11-01;17;929
26;2025-11-01;18;871
26;2025-11-01;19;800
26;2025-11-01;20;550
26;2025-11-01;21;368
26;2025-11-01;22;222
26;2025-11-01;23;156
26;2025-11-02;0;58
26;2025-11-02;1;5
26;2025-11-02;2;0
26;2025-11-02;3;1
26;2025-11-02;4;1
26;2025-11-02;5;23
26;2025-11-02;6;154
26;2025-11-02;7;271
26;2025-11-02;8;367
26;2025-11-02;9;526
26;2025-11-02;10;589
26;2025-11-02;11;793
26;2025-11-02;12;812
26;2025-11-02;13;875
26;2025-11-02;14;853
26;2025-11-02;15;783
26;2025-11-02;16;789
26;2025-11-02;17;803
26;2025-11-02;18;745
26;2025-11-02;19;567
26;2025-11-02;20;434
26;2025-11-02;21;298
26;2025-11-02;22;187
26;2025-11-02;23;115
26;2025-11-03;0;27
26;2025-11-03;1;2
26;2025-11-03;2;0
26;2025-11-03;3;0
26;2025-11-03;4;2
26;2025-11-03;5;91
26;2025-11-03;6;478
26;2025-11-03;7;1141
26;2025-11-03;8;2145
26;2025-11-03;9;1388
26;2025-11-03;10;1157
26;2025-11-03;11;977
26;2025-11-03;12;1027
26;2025-11-03;13;1135
26;2025-11-03;14;1221
26;2025-11-03;15;1341
26;2025-11-03;16;1460
26;2025-11-03;17;1674
26;2025-11-03;18;1887
26;2025-11-03;19;1184
26;2025-11-03;20;765
26;2025-11-03;21;453
26;2025-11-03;22;206
26;2025-11-03;23;111
26;2025-11-04;0;32
26;2025-11-04;1;1
26;2025-11-04;2;0
26;2025-11-04;3;0
26;2025-11-04;4;1
26;2025-11-04;5;86
26;2025-11-04;6;486
26;2025-11-04;7;1103
26;2025-11-04;8;2248
26;2025-11-04;9;1449
26;2025-11-04;10;1227
26;2025-11-04;11;1127
26;2025-11-04;12;1135
26;2025-11-04;13;1126
26;2025-11-04;14;1234
26;2025-11-04;15;1330
26;2025-11-04;16;1473
26;2025-11-04;17;1796
26;2025-11-04;18;1919
26;2025-11-04;19;1323
26;2025-11-04;20;764
26;2025-11-04;21;466
26;2025-11-04;22;217
26;2025-11-04;23;118
26;2025-11-05;0;38
26;2025-11-05;1;1
26;2025-11-05;2;0
26;2025-11-05;3;0
26;2025-11-05;4;3
26;2025-11-05;5;97
26;2025-11-05;6;474
26;2025-11-05;7;1113
26;2025-11-05;8;2274
26;2025-11-05;9;1442
26;2025-11-05;10;1185
26;2025-11-05;11;1054
26;2025-11-05;12;1136
26;2025-11-05;13;1191
26;2025-11-05;14;1378
26;2025-11-05;15;1413
26;2025-11-05;16;1478
26;2025-11-05;17;1656
26;2025-11-05;18;1819
26;2025-11-05;19;1254
26;2025-11-05;20;790
26;2025-11-05;21;533
26;2025-11-05;22;233
26;2025-11-05;23;136
26;2025-11-06;0;39
26;2025-11-06;1;1
26;2025-11-06;2;0
26;2025-11-06;3;0
26;2025-11-06;4;1
26;2025-11-06;5;88
26;2025-11-06;6;469
26;2025-11-06;7;1070
26;2025-11-06;8;2242
26;2025-11-06;9;1468
26;2025-11-06;10;1146
26;2025-11-06;11;1084
26;2025-11-06;12;1117
26;2025-11-06;13;1165
26;2025-11-06;14;1320
26;2025-11-06;15;1347
26;2025-11-06;16;1449
26;2025-11-06;17;1657
26;2025-11-06;18;1868
26;2025-11-06;19;1195
26;2025-11-06;20;739
26;2025-11-06;21;469
26;2025-11-06;22;229
26;2025-11-06;23;129
26;2025-11-07;0;34
26;2025-11-07;1;1
26;2025-11-07;2;0
26;2025-11-07;3;0
26;2025-11-07;4;1
26;2025-11-07;5;86
26;2025-11-07;6;488
26;2025-11-07;7;1059
26;2025-11-07;8;2123
26;2025-11-07;9;1340
26;2025-11-07;10;1221
26;2025-11-07;11;1045
26;2025-11-07;12;1082
26;2025-11-07;13;1151
26;2025-11-07;14;1329
26;2025-11-07;15;1355
26;2025-11-07;16;1597
26;2025-11-07;17;1715
26;2025-11-07;18;1353
26;2025-11-07;19;1051
26;2025-11-07;20;671
26;2025-11-07;21;487
26;2025-11-07;22;224
26;2025-11-07;23;158
26;2025-11-08;0;50
26;2025-11-08;1;2
26;2025-11-08;2;0
26;2025-11-08;3;0
26;2025-11-08;4;1
26;2025-11-08;5;52
26;2025-11-08;6;251
26;2025-11-08;7;395
26;2025-11-08;8;644
26;2025-11-08;9;681
26;2025-11-08;10;810
26;2025-11-08;11;980
26;2025-11-08;12;1004
26;2025-11-08;13;1005
26;2025-11-08;14;1032
26;2025-11-08;15;974
26;2025-11-08;16;981
26;2025-11-08;17;929
26;2025-11-08;18;871
26;2025-11-08;19;800
26;2025-11-08;20;550
26;2025-11-08;21;368
26;2025-11-08;22;222
26;2025-11-08;23;156
26;2025-11-09;0;58
26;2025-11-09;1;5
26;2025-11-09;2;0
26;2025-11-09;3;1
26;2025-11-09;4;1
26;2025-11-09;5;23
26;2025-11-09;6;154
26;2025-11-09;7;271
26;2025-11-09;8;367
26;2025-11-09;9;526
26;2025-11-09;10;589
26;2025-11-09;11;793
26;2025-11-09;12;812
26;2025-11-09;13;875
26;2025-11-09;14;853
26;2025-11-09;15;783
26;2025-11-09;16;789
26;2025-11-09;17;803
26;2025-11-09;18;745
26;2025-11-09;19;567
26;2025-11-09;20;434
26;2025-11-09;21;298
26;2025-11-09;22;187
26;2025-11-09;23;115
26;2025-11-10;0;27
26;2025-11-10;1;2
26;2025-11-10;2;0
26;2025-11-10;3;0
26;2025-11-10;4;2
26;2025-11-10;5;91
26;2025-11-10;6;478
26;2025-11-10;7;1141
26;2025-11-10;8;2145
26;2025-11-10;9;1388
26;2025-11-10;10;1157
26;2025-11-10;11;977
26;2025-11-10;12;1027
26;2025-11-10;13;1135
26;2025-11-10;14;1221
26;2025-11-10;15;1341
26;2025-11-10;16;1460
26;2025-11-10;17;1674
26;2025-11-10;18;1887
26;2025-11-10;19;1184
26;2025-11-10;20;765
26;2025-11-10;21;453
26;2025-11-10;22;206
26;2025-11-10;23;111
26;2025-11-11;0;32
26;2025-11-11;1;1
26;2025-11-11;2;0
26;2025-11-11;3;0
26;2025-11-11;4;1
26;2025-11-11;5;86
26;2025-11-11;6;486
26;2025-11-11;7;1103
26;2025-11-11;8;2248
26;2025-11-11;9;1449
26;2025-11-11;10;1227
26;2025-11-11;11;1127
26;2025-11-11;12;1135
26;2025-11-11;13;1126
26;2025-11-11;14;1234
26;2025-11-11;15;1330
26;2025-11-11;16;1473
26;2025-11-11;17;1796
26;2025-11-11;18;1919
26;2025-11-11;19;1323
26;2025-11-11;20;764
26;2025-11-11;21;466
26;2025-11-11;22;217
26;2025-11-11;23;118
26;2025-11-12;0;38
26;2025-11-12;1;1
26;2025-11-12;2;0
26;2025-11-12;3;0
26;2025-11-12;4;3
26;2025-11-12;5;97
26;2025-11-12;6;474
26;2025-11-12;7;1113
26;2025-11-12;8;2274
26;2025-11-12;9;1442
26;2025-11-12;10;1185
26;2025-11-12;11;1054
26;2025-11-12;12;1136
26;2025-11-12;13;1191
26;2025-11-12;14;1378
26;2025-11-12;15;1413
26;2025-11-12;16;1478
26;2025-11-12;17;1656
26;2025-11-12;18;1819
26;2025-11-12;19;1254
26;2025-11-12;20;790
26;2025-11-12;21;533
26;2025-11-12;22;233
26;2025-11-12;23;136
26;2025-11-13;0;39
26;2025-11-13;1;1
26;2025-11-13;2;0
26;2025-11-13;3;0
26;2025-11-13;4;1
26;2025-11-13;5;88
26;2025-11-13;6;469
26;2025-11-13;7;1070
26;2025-11-13;8;2242
26;2025-11-13;9;1468
26;2025-11-13;10;1146
26;2025-11-13;11;1084
26;2025-11-13;12;1117
26;2025-11-13;13;1165
26;2025-11-13;14;1320
26;2025-11-13;15;1347
26;2025-11-13;16;1449
26;2025-11-13;17;1657
26;2025-11-13;18;1868
26;2025-11-13;19;1195
26;2025-11-13;20;739
26;2025-11-13;21;469
26;2025-11-13;22;229
26;2025-11-13;23;129
26;2025-11-14;0;34
26;2025-11-14;1;1
26;2025-11-14;2;0
26;2025-11-14;3;0
26;2025-11-14;4;1
26;2025-11-14;5;86
26;2025-11-14;6;488
26;2025-11-14;7;1059
26;2025-11-14;8;2123
26;2025-11-14;9;1340
26;2025-11-14;10;1221
26;2025-11-14;11;1045
26;2025-11-14;12;1082
26;2025-11-14;13;1151
26;2025-11-14;14;1329
26;2025-11-14;15;1355
26;2025-11-14;16;1597
26;2025-11-14;17;1715
26;2025-11-14;18;1353
26;2025-11-14;19;1051
26;2025-11-14;20;671
26;2025-11-14;21;487
26;2025-11-14;22;224
26;2025-11-14;23;158
26;2025-11-15;0;50
26;2025-11-15;1;2
26;2025-11-15;2;0
26;2025-11-15;3;0
26;2025-11-15;4;1
26;2025-11-15;5;52
26;2025-11-15;6;251
26;2025-11-15;7;395
26;2025-11-15;8;644
26;2025-11-15;9;681
26;2025-11-15;10;810
26;2025-11-15;11;980
26;2025-11-15;12;1004
26;2025-11-15;13;1005
26;2025-11-15;14;1032
26;2025-11-15;15;974
26;2025-11-15;16;981
26;2025-11-15;17;929
26;2025-11-15;18;871
26;2025-11-15;19;800
26;2025-11-15;20;550
26;2025-11-15;21;368
26;2025-11-15;22;222
26;2025-11-15;23;156
26;2025-11-16;0;58
26;2025-11-16;1;5
26;2025-11-16;2;0
26;2025-11-16;3;1
26;2025-11-16;4;1
26;2025-11-16;5;23
26;2025-11-16;6;154
26;2025-11-16;7;271
26;2025-11-16;8;367
26;2025-11-16;9;526
26;2025-11-16;10;589
26;2025-11-16;11;793
26;2025-11-16;12;812
26;2025-11-16;13;875
26;2025-11-16;14;853
26;2025-11-16;15;783
26;2025-11-16;16;789
26;2025-11-16;17;803
26;2025-11-16;18;745
26;2025-11-16;19;567
26;2025-11-16;20;434
26;2025-11-16;21;298
26;2025-11-16;22;187
26;2025-11-16;23;115
26;2025-11-17;0;27
26;2025-11-17;1;2
26;2025-11-17;2;0
26;2025-11-17;3;0
26;2025-11-17;4;2
26;2025-11-17;5;91
26;2025-11-17;6;478
26;2025-11-17;7;1141
26;2025-11-17;8;2145
26;2025-11-17;9;1388
26;2025-11-17;10;1157
26;2025-11-17;11;977
26;2025-11-17;12;1027
26;2025-11-17;13;1135
26;2025-11-17;14;1221
26;2025-11-17;15;1341
26;2025-11-17;16;1460
26;2025-11-17;17;1674
26;2025-11-17;18;1887
26;2025-11-17;19;1184
26;2025-11-17;20;765
26;2025-11-17;21;453
26;2025-11-17;22;206
26;2025-11-17;23;111
26;2025-11-18;0;32
26;2025-11-18;1;1
26;2025-11-18;2;0
26;2025-11-18;3;0
26;2025-11-18;4;1
26;2025-11-18;5;86
26;2025-11-18;6;486
26;2025-11-18;7;1103
26;2025-11-18;8;2248
26;2025-11-18;9;1449
26;2025-11-18;10;1227
26;2025-11-18;11;1127
26;2025-11-18;12;1135
26;2025-11-18;13;1126
26;2025-11-18;14;1234
26;2025-11-18;15;1330
26;2025-11-18;16;1473
26;2025-11-18;17;1796
26;2025-11-18;18;1919
26;2025-11-18;19;1323
26;2025-11-18;20;764
26;2025-11-18;21;466
26;2025-11-18;22;217
26;2025-11-18;23;118
26;2025-11-19;0;38
26;2025-11-19;1;1
26;2025-11-19;2;0
26;2025-11-19;3;0
26;2025-11-19;4;3
26;2025-11-19;5;97
26;2025-11-19;6;474
26;2025-11-19;7;1113
26;2025-11-19;8;2274
26;2025-11-19;9;1442
26;2025-11-19;10;1185
26;2025-11-19;11;1054
26;2025-11-19;12;1136
26;2025-11-19;13;1191
26;2025-11-19;14;1378
26;2025-11-19;15;1413
26;2025-11-19;16;1478
26;2025-11-19;17;1656
26;2025-11-19;18;1819
26;2025-11-19;19;1254
26;2025-11-19;20;790
26;2025-11-19;21;533
26;2025-11-19;22;233
26;2025-11-19;23;136
26;2025-11-20;0;39
26;2025-11-20;1;1
26;2025-11-20;2;0
26;2025-11-20;3;0
26;2025-11-20;4;1
26;2025-11-20;5;88
26;2025-11-20;6;469
26;2025-11-20;7;1070
26;2025-11-20;8;2242
26;2025-11-20;9;1468
26;2025-11-20;10;1146
26;2025-11-20;11;1084
26;2025-11-20;12;1117
26;2025-11-20;13;1165
26;2025-11-20;14;1320
26;2025-11-20;15;1347
26;2025-11-20;16;1449
26;2025-11-20;17;1657
26;2025-11-20;18;1868
26;2025-11-20;19;1195
26;2025-11-20;20;739
26;2025-11-20;21;469
26;2025-11-20;22;229
26;2025-11-20;23;129
26;2025-11-21;0;34
26;2025-11-21;1;1
26;2025-11-21;2;0
26;2025-11-21;3;0
26;2025-11-21;4;1
26;2025-11-21;5;86
26;2025-11-21;6;488
26;2025-11-21;7;1059
26;2025-11-21;8;2123
26;2025-11-21;9;1340
26;2025-11-21;10;1221
26;2025-11-21;11;1045
26;2025-11-21;12;1082
26;2025-11-21;13;1151
26;2025-11-21;14;1329
26;2025-11-21;15;1355
26;2025-11-21;16;1597
26;2025-11-21;17;1715
26;2025-11-21;18;1353
26;2025-11-21;19;1051
26;2025-11-21;20;671
26;2025-11-21;21;487
26;2025-11-21;22;224
26;2025-11-21;23;158
26;2025-11-22;0;50
26;2025-11-22;1;2
26;2025-11-22;2;0
26;2025-11-22;3;0
26;2025-11-22;4;1
26;2025-11-22;5;52
26;2025-11-22;6;251
26;2025-11-22;7;395
26;2025-11-22;8;644
26;2025-11-22;9;681
26;2025-11-22;10;810
26;2025-11-22;11;980
26;2025-11-22;12;1004
26;2025-11-22;13;1005
26;2025-11-22;14;1032
26;2025-11-22;15;974
26;2025-11-22;16;981
26;2025-11-22;17;929
26;2025-11-22;18;871
26;2025-11-22;19;800
26;2025-11-22;20;550
26;2025-11-22;21;368
26;2025-11-22;22;222
26;2025-11-22;23;156
26;2025-11-23;0;58
26;2025-11-23;1;5
26;2025-11-23;2;0
26;2025-11-23;3;1
26;2025-11-23;4;1
26;2025-11-23;5;23
26;2025-11-23;6;154
26;2025-11-23;7;271
26;2025-11-23;8;367
26;2025-11-23;9;526
26;2025-11-23;10;589
26;2025-11-23;11;793
26;2025-11-23;12;812
26;2025-11-23;13;875
26;2025-11-23;14;853
26;2025-11-23;15;783
26;2025-11-23;16;789
26;2025-11-23;17;803
26;2025-11-23;18;745
26;2025-11-23;19;567
26;2025-11-23;20;434
26;2025-11-23;21;298
26;2025-11-23;22;187
26;2025-11-23;23;115
26;2025-11-24;0;27
26;2025-11-24;1;2
26;2025-11-24;2;0
26;2025-11-24;3;0
26;2025-11-24;4;2
26;2025-11-24;5;91
26;2025-11-24;6;478
26;2025-11-24;7;1141
26;2025-11-24;8;2145
26;2025-11-24;9;1388
26;2025-11-24;10;1157
26;2025-11-24;11;977
26;2025-11-24;12;1027
26;2025-11-24;13;1135
26;2025-11-24;14;1221
26;2025-11-24;15;1341
26;2025-11-24;16;1460
26;2025-11-24;17;1674
26;2025-11-24;18;1887
26;2025-11-24;19;1184
26;2025-11-24;20;765
26;2025-11-24;21;453
26;2025-11-24;22;206
26;2025-11-24;23;111
26;2025-11-25;0;32
26;2025-11-25;1;1
26;2025-11-25;2;0
26;2025-11-25;3;0
26;2025-11-25;4;1
26;2025-11-25;5;86
26;2025-11-25;6;486
26;2025-11-25;7;1103
26;2025-11-25;8;2248
26;2025-11-25;9;1449
26;2025-11-25;10;1227
26;2025-11-25;11;1127
26;2025-11-25;12;1135
26;2025-11-25;13;1126
26;2025-11-25;14;1234
26;2025-11-25;15;1330
26;2025-11-25;16;1473
26;2025-11-25;17;1796
26;2025-11-25;18;1919
26;2025-11-25;19;1323
26;2025-11-25;20;764
26;2025-11-25;21;466
26;2025-11-25;22;217
26;2025-11-25;23;118
26;2025-11-26;0;38
26;2025-11-26;1;1
26;2025-11-26;2;0
26;2025-11-26;3;0
26;2025-11-26;4;3
26;2025-11-26;5;97
26;2025-11-26;6;474
26;2025-11-26;7;1113
26;2025-11-26;8;2274
26;2025-11-26;9;1442
26;2025-11-26;10;1185
26;2025-11-26;11;1054
26;2025-11-26;12;1136
26;2025-11-26;13;1191
26;2025-11-26;14;1378
26;2025-11-26;15;1413
26;2025-11-26;16;1478
26;2025-11-26;17;1656
26;2025-11-26;18;1819
26;2025-11-26;19;1254
26;2025-11-26;20;790
26;2025-11-26;21;533
26;2025-11-26;22;233
26;2025-11-26;23;136
26;2025-11-27;0;39
26;2025-11-27;1;1
26;2025-11-27;2;0
26;2025-11-27;3;0
26;2025-11-27;4;1
26;2025-11-27;5;88
26;2025-11-27;6;469
26;2025-11-27;7;1070
26;2025-11-27;8;2242
26;2025-11-27;9;1468
26;2025-11-27;10;1146
26;2025-11-27;11;1084
26;2025-11-27;12;1117
26;2025-11-27;13;1165
26;2025-11-27;14;1320
26;2025-11-27;15;1347
26;2025-11-27;16;1449
26;2025-11-27;17;1657
26;2025-11-27;18;1868
26;2025-11-27;19;1195
26;2025-11-27;20;739
26;2025-11-27;21;469
26;2025-11-27;22;229
26;2025-11-27;23;129
26;2025-11-28;0;34
26;2025-11-28;1;1
26;2025-11-28;2;0
26;2025-11-28;3;0
26;2025-11-28;4;1
26;2025-11-28;5;86
26;2025-11-28;6;488
26;2025-11-28;7;1059
26;2025-11-28;8;2123
26;2025-11-28;9;1340
26;2025-11-28;10;1221
26;2025-11-28;11;1045
26;2025-11-28;12;1082
26;2025-11-28;13;1151
26;2025-11-28;14;1329
26;2025-11-28;15;1355
26;2025-11-28;16;1597
26;2025-11-28;17;1715
26;2025-11-28;18;1353
26;2025-11-28;19;1051
26;2025-11-28;20;671
26;2025-11-28;21;487
26;2025-11-28;22;224
26;2025-11-28;23;158
26;2025-11-29;0;50
26;2025-11-29;1;2
26;2025-11-29;2;0
26;2025-11-29;3;0
26;2025-11-29;4;1
26;2025-11-29;5;52
26;2025-11-29;6;251
26;2025-11-29;7;395
26;2025-11-29;8;644
26;2025-11-29;9;681
26;2025-11-29;10;810
26;2025-11-29;11;980
26;2025-11-29;12;1004
26;2025-11-29;13;1005
26;2025-11-29;14;1032
26;2025-11-29;15;974
26;2025-11-29;16;981
26;2025-11-29;17;929
26;2025-11-29;18;871
26;2025-11-29;19;800
26;2025-11-29;20;550
26;2025-11-29;21;368
26;2025-11-29;22;222
26;2025-11-29;23;156
26;2025-11-30;0;58
26;2025-11-30;1;5
26;2025-11-30;2;0
26;2025-11-30;3;1
26;2025-11-30;4;1
26;2025-11-30;5;23
26;2025-11-30;6;154
26;2025-11-30;7;271
26;2025-11-30;8;367
26;2025-11-30;9;526
26;2025-11-30;10;589
26;2025-11-30;11;793
26;2025-11-30;12;812
26;2025-11-30;13;875
26;2025-11-30;14;853
26;2025-11-30;15;783
26;2025-11-30;16;789
26;2025-11-30;17;803
26;2025-11-30;18;745
26;2025-11-30;19;567
26;2025-11-30;20;434
26;2025-11-30;21;298
26;2025-11-30;22;187
26;2025-11-30;23;115
26;2025-12-01;0;27
26;2025-12-01;1;2
26;2025-12-01;2;0
26;2025-12-01;3;0
26;2025-12-01;4;2
26;2025-12-01;5;91
26;2025-12-01;6;478
26;2025-12-01;7;1141
26;2025-12-01;8;2145
26;2025-12-01;9;1388
26;2025-12-01;10;1157
26;2025-12-01;11;977
26;2025-12-01;12;1027
26;2025-12-01;13;1135
26;2025-12-01;14;1221
26;2025-12-01;15;1341
26;2025-12-01;16;1460
26;2025-12-01;17;1674
26;2025-12-01;18;1887
26;2025-12-01;19;1184
26;2025-12-01;20;765
26;2025-12-01;21;453
26;2025-12-01;22;206
26;2025-12-01;23;111
26;2025-12-02;0;32
26;2025-12-02;1;1
26;2025-12-02;2;0
26;2025-12-02;3;0
26;2025-12-02;4;1
26;2025-12-02;5;86
26;2025-12-02;6;486
26;2025-12-02;7;1103
26;2025-12-02;8;2248
26;2025-12-02;9;1449
26;2025-12-02;10;1227
26;2025-12-02;11;1127
26;2025-12-02;12;1135
26;2025-12-02;13;1126
26;2025-12-02;14;1234
26;2025-12-02;15;1330
26;2025-12-02;16;1473
26;2025-12-02;17;1796
26;2025-12-02;18;1919
26;2025-12-02;19;1323
26;2025-12-02;20;764
26;2025-12-02;21;466
26;2025-12-02;22;217
26;2025-12-02;23;118
26;2025-12-03;0;38
26;2025-12-03;1;1
26;2025-12-03;2;0
26;2025-12-03;3;0
26;2025-12-03;4;3
26;2025-12-03;5;97
26;2025-12-03;6;474
26;2025-12-03;7;1113
26;2025-12-03;8;2274
26;2025-12-03;9;1442
26;2025-12-03;10;1185
26;2025-12-03;11;1054
26;2025-12-03;12;1136
26;2025-12-03;13;1191
26;2025-12-03;14;1378
26;2025-12-03;15;1413
26;2025-12-03;16;1478
26;2025-12-03;17;1656
26;2025-12-03;18;1819
26;2025-12-03;19;1254
26;2025-12-03;20;790
26;2025-12-03;21;533
26;2025-12-03;22;233
26;2025-12-03;23;136
26;2025-12-04;0;39
26;2025-12-04;1;1
26;2025-12-04;2;0
26;2025-12-04;3;0
26;2025-12-04;4;1
26;2025-12-04;5;88
26;2025-12-04;6;469
26;2025-12-04;7;1070
26;2025-12-04;8;2242
26;2025-12-04;9;1468
26;2025-12-04;10;1146
26;2025-12-04;11;1084
26;2025-12-04;12;1117
26;2025-12-04;13;1165
26;2025-12-04;14;1320
26;2025-12-04;15;1347
26;2025-12-04;16;1449
26;2025-12-04;17;1657
26;2025-12-04;18;1868
26;2025-12-04;19;1195
26;2025-12-04;20;739
26;2025-12-04;21;469
26;2025-12-04;22;229
26;2025-12-04;23;129
26;2025-12-05;0;34
26;2025-12-05;1;1
26;2025-12-05;2;0
26;2025-12-05;3;0
26;2025-12-05;4;1
26;2025-12-05;5;86
26;2025-12-05;6;488
26;2025-12-05;7;1059
26;2025-12-05;8;2123
26;2025-12-05;9;1340
26;2025-12-05;10;1221
26;2025-12-05;11;1045
26;2025-12-05;12;1082
26;2025-12-05;13;1151
26;2025-12-05;14;1329
26;2025-12-05;15;1355
26;2025-12-05;16;1597
26;2025-12-05;17;1715
26;2025-12-05;18;1353
26;2025-12-05;19;1051
26;2025-12-05;20;671
26;2025-12-05;21;487
26;2025-12-05;22;224
26;2025-12-05;23;158
26;2025-12-06;0;50
26;2025-12-06;1;2
26;2025-12-06;2;0
26;2025-12-06;3;0
26;2025-12-06;4;1
26;2025-12-06;5;52
26;2025-12-06;6;251
26;2025-12-06;7;395
26;2025-12-06;8;644
26;2025-12-06;9;681
26;2025-12-06;10;810
26;2025-12-06;11;980
26;2025-12-06;12;1004
26;2025-12-06;13;1005
26;2025-12-06;14;1032
26;2025-12-06;15;974
26;2025-12-06;16;981
26;2025-12-06;17;929
26;2025-12-06;18;871
26;2025-12-06;19;800
26;2025-12-06;20;550
26;2025-12-06;21;368
26;2025-12-06;22;222
26;2025-12-06;23;156
26;2025-12-07;0;58
26;2025-12-07;1;5
26;2025-12-07;2;0
26;2025-12-07;3;1
26;2025-12-07;4;1
26;2025-12-07;5;23
26;2025-12-07;6;154
26;2025-12-07;7;271
26;2025-12-07;8;367
26;2025-12-07;9;526
26;2025-12-07;10;589
26;2025-12-07;11;793
26;2025-12-07;12;812
26;2025-12-07;13;875
26;2025-12-07;14;853
26;2025-12-07;15;783
26;2025-12-07;16;789
26;2025-12-07;17;803
26;2025-12-07;18;745
26;2025-12-07;19;567
26;2025-12-07;20;434
26;2025-12-07;21;298
26;2025-12-07;22;187
26;2025-12-07;23;115
26;2025-12-08;0;27
26;2025-12-08;1;2
26;2025-12-08;2;0
26;2025-12-08;3;0
26;2025-12-08;4;2
26;2025-12-08;5;91
26;2025-12-08;6;478
26;2025-12-08;7;1141
26;2025-12-08;8;2145
26;2025-12-08;9;1388
26;2025-12-08;10;1157
26;2025-12-08;11;977
26;2025-12-08;12;1027
26;2025-12-08;13;1135
26;2025-12-08;14;1221
26;2025-12-08;15;1341
26;2025-12-08;16;1460
26;2025-12-08;17;1674
26;2025-12-08;18;1887
26;2025-12-08;19;1184
26;2025-12-08;20;765
26;2025-12-08;21;453
26;2025-12-08;22;206
26;2025-12-08;23;111
26;2025-12-09;0;32
26;2025-12-09;1;1
26;2025-12-09;2;0
26;2025-12-09;3;0
26;2025-12-09;4;1
26;2025-12-09;5;86
26;2025-12-09;6;486
26;2025-12-09;7;1103
26;2025-12-09;8;2248
26;2025-12-09;9;1449
26;2025-12-09;10;1227
26;2025-12-09;11;1127
26;2025-12-09;12;1135
26;2025-12-09;13;1126
26;2025-12-09;14;1234
26;2025-12-09;15;1330
26;2025-12-09;16;1473
26;2025-12-09;17;1796
26;2025-12-09;18;1919
26;2025-12-09;19;1323
26;2025-12-09;20;764
26;2025-12-09;21;466
26;2025-12-09;22;217
26;2025-12-09;23;118
26;2025-12-10;0;38
26;2025-12-10;1;1
26;2025-12-10;2;0
26;2025-12-10;3;0
26;2025-12-10;4;3
26;2025-12-10;5;97
26;2025-12-10;6;474
26;2025-12-10;7;1113
26;2025-12-10;8;2274
26;2025-12-10;9;1442
26;2025-12-10;10;1185
26;2025-12-10;11;1054
26;2025-12-10;12;1136
26;2025-12-10;13;1191
26;2025-12-10;14;1378
26;2025-12-10;15;1413
26;2025-12-10;16;1478
26;2025-12-10;17;1656
26;2025-12-10;18;1819
26;2025-12-10;19;1254
26;2025-12-10;20;790
26;2025-12-10;21;533
26;2025-12-10;22;233
26;2025-12-10;23;136
26;2025-12-11;0;39
26;2025-12-11;1;1
26;2025-12-11;2;0
26;2025-12-11;3;0
26;2025-12-11;4;1
26;2025-12-11;5;88
26;2025-12-11;6;469
26;2025-12-11;7;1070
26;2025-12-11;8;2242
26;2025-12-11;9;1468
26;2025-12-11;10;1146
26;2025-12-11;11;1084
26;2025-12-11;12;1117
26;2025-12-11;13;1165
26;2025-12-11;14;1320
26;2025-12-11;15;1347
26;2025-12-11;16;1449
26;2025-12-11;17;1657
26;2025-12-11;18;1868
26;2025-12-11;19;1195
26;2025-12-11;20;739
26;2025-12-11;21;469
26;2025-12-11;22;229
26;2025-12-11;23;129
26;2025-12-12;0;34
26;2025-12-12;1;1
26;2025-12-12;2;0
26;2025-12-12;3;0
26;2025-12-12;4;1
26;2025-12-12;5;86
26;2025-12-12;6;488
26;2025-12-12;7;1059
26;2025-12-12;8;2123
26;2025-12-12;9;1340
26;2025-12-12;10;1221
26;2025-12-12;11;1045
26;2025-12-12;12;1082
26;2025-12-12;13;1151
26;2025-12-12;14;1329
26;2025-12-12;15;1355
26;2025-12-12;16;1597
26;2025-12-12;17;1715
26;2025-12-12;18;1353
26;2025-12-12;19;1051
26;2025-12-12;20;671
26;2025-12-12;21;487
26;2025-12-12;22;224
26;2025-12-12;23;158
26;2025-12-13;0;50
26;2025-12-13;1;2
26;2025-12-13;2;0
26;2025-12-13;3;0
26;2025-12-13;4;1
26;2025-12-13;5;52
26;2025-12-13;6;251
26;2025-12-13;7;395
26;2025-12-13;8;644
26;2025-12-13;9;681
26;2025-12-13;10;810
26;2025-12-13;11;980
26;2025-12-13;12;1004
26;2025-12-13;13;1005
26;2025-12-13;14;1032
26;2025-12-13;15;974
26;2025-12-13;16;981
26;2025-12-13;17;929
26;2025-12-13;18;871
26;2025-12-13;19;800
26;2025-12-13;20;550
26;2025-12-13;21;368
26;2025-12-13;22;222
26;2025-12-13;23;156
26;2025-12-14;0;58
26;2025-12-14;1;5
26;2025-12-14;2;0
26;2025-12-14;3;1
26;2025-12-14;4;1
26;2025-12-14;5;23
26;2025-12-14;6;154
26;2025-12-14;7;271
26;2025-12-14;8;367
26;2025-12-14;9;526
26;2025-12-14;10;589
26;2025-12-14;11;793
26;2025-12-14;12;812
26;2025-12-14;13;875
26;2025-12-14;14;853
26;2025-12-14;15;783
26;2025-12-14;16;789
26;2025-12-14;17;803
26;2025-12-14;18;745
26;2025-12-14;19;567
26;2025-12-14;20;434
26;2025-12-14;21;298
26;2025-12-14;22;187
26;2025-12-14;23;115
26;2025-12-15;0;27
26;2025-12-15;1;2
26;2025-12-15;2;0
26;2025-12-15;3;0
26;2025-12-15;4;2
26;2025-12-15;5;91
26;2025-12-15;6;478
26;2025-12-15;7;1141
26;2025-12-15;8;2145
26;2025-12-15;9;1388
26;2025-12-15;10;1157
26;2025-12-15;11;977
26;2025-12-15;12;1027
26;2025-12-15;13;1135
26;2025-12-15;14;1221
26;2025-12-15;15;1341
26;2025-12-15;16;1460
26;2025-12-15;17;1674
26;2025-12-15;18;1887
26;2025-12-15;19;1184
26;2025-12-15;20;765
26;2025-12-15;21;453
26;2025-12-15;22;206
26;2025-12-15;23;111
26;2025-12-16;0;32
26;2025-12-16;1;1
26;2025-12-16;2;0
26;2025-12-16;3;0
26;2025-12-16;4;1
26;2025-12-16;5;86
26;2025-12-16;6;486
26;2025-12-16;7;1103
26;2025-12-16;8;2248
26;2025-12-16;9;1449
26;2025-12-16;10;1227
26;2025-12-16;11;1127
26;2025-12-16;12;1135
26;2025-12-16;13;1126
26;2025-12-16;14;1234
26;2025-12-16;15;1330
26;2025-12-16;16;1473
26;2025-12-16;17;1796
26;2025-12-16;18;1919
26;2025-12-16;19;1323
26;2025-12-16;20;764
26;2025-12-16;21;466
26;2025-12-16;22;217
26;2025-12-16;23;118
26;2025-12-17;0;38
26;2025-12-17;1;1
26;2025-12-17;2;0
26;2025-12-17;3;0
26;2025-12-17;4;3
26;2025-12-17;5;97
26;2025-12-17;6;474
26;2025-12-17;7;1113
26;2025-12-17;8;2274
26;2025-12-17;9;1442
26;2025-12-17;10;1185
26;2025-12-17;11;1054
26;2025-12-17;12;1136
26;2025-12-17;13;1191
26;2025-12-17;14;1378
26;2025-12-17;15;1413
26;2025-12-17;16;1478
26;2025-12-17;17;1656
26;2025-12-17;18;1819
26;2025-12-17;19;1254
26;2025-12-17;20;790
26;2025-12-17;21;533
26;2025-12-17;22;233
26;2025-12-17;23;136
26;2025-12-18;0;39
26;2025-12-18;1;1
26;2025-12-18;2;0
26;2025-12-18;3;0
26;2025-12-18;4;1
26;2025-12-18;5;88
26;2025-12-18;6;469
26;2025-12-18;7;1070
26;2025-12-18;8;2242
26;2025-12-18;9;1468
26;2025-12-18;10;1146
26;2025-12-18;11;1084
26;2025-12-18;12;1117
26;2025-12-18;13;1165
26;2025-12-18;14;1320
26;2025-12-18;15;1347
26;2025-12-18;16;1449
26;2025-12-18;17;1657
26;2025-12-18;18;1868
26;2025-12-18;19;1195
26;2025-12-18;20;739
26;2025-12-18;21;469
26;2025-12-18;22;229
26;2025-12-18;23;129
26;2025-12-19;0;34
26;2025-12-19;1;1
26;2025-12-19;2;0
26;2025-12-19;3;0
26;2025-12-19;4;1
26;2025-12-19;5;86
26;2025-12-19;6;488
26;2025-12-19;7;1059
26;2025-12-19;8;2123
26;2025-12-19;9;1340
26;2025-12-19;10;1221
26;2025-12-19;11;1045
26;2025-12-19;12;1082
26;2025-12-19;13;1151
26;2025-12-19;14;1329
26;2025-12-19;15;1355
26;2025-12-19;16;1597
26;2025-12-19;17;1715
26;2025-12-19;18;1353
26;2025-12-19;19;1051
26;2025-12-19;20;671
26;2025-12-19;21;487
26;2025-12-19;22;224
26;2025-12-19;23;158
26;2025-12-20;0;50
26;2025-12-20;1;2
26;2025-12-20;2;0
26;2025-12-20;3;0
26;2025-12-20;4;1
26;2025-12-20;5;52
26;2025-12-20;6;251
26;2025-12-20;7;395
26;2025-12-20;8;644
26;2025-12-20;9;681
26;2025-12-20;10;810
26;2025-12-20;11;980
26;2025-12-20;12;1004
26;2025-12-20;13;1005
26;2025-12-20;14;1032
26;2025-12-20;15;974
26;2025-12-20;16;981
26;2025-12-20;17;929
26;2025-12-20;18;871
26;2025-12-20;19;800
26;2025-12-20;20;550
26;2025-12-20;21;368
26;2025-12-20;22;222
26;2025-12-20;23;156
26;2025-12-21;0;58
26;2025-12-21;1;5
26;2025-12-21;2;0
26;2025-12-21;3;1
26;2025-12-21;4;1
26;2025-12-21;5;23
26;2025-12-21;6;154
26;2025-12-21;7;271
26;2025-12-21;8;367
26;2025-12-21;9;526
26;2025-12-21;10;589
26;2025-12-21;11;793
26;2025-12-21;12;812
26;2025-12-21;13;875
26;2025-12-21;14;853
26;2025-12-21;15;783
26;2025-12-21;16;789
26;2025-12-21;17;803
26;2025-12-21;18;745
26;2025-12-21;19;567
26;2025-12-21;20;434
26;2025-12-21;21;298
26;2025-12-21;22;187
26;2025-12-21;23;115
26;2025-12-22;0;27
26;2025-12-22;1;2
26;2025-12-22;2;0
26;2025-12-22;3;0
26;2025-12-22;4;2
26;2025-12-22;5;91
26;2025-12-22;6;478
26;2025-12-22;7;1141
26;2025-12-22;8;2145
26;2025-12-22;9;1388
26;2025-12-22;10;1157
26;2025-12-22;11;977
26;2025-12-22;12;1027
26;2025-12-22;13;1135
26;2025-12-22;14;1221
26;2025-12-22;15;1341
26;2025-12-22;16;1460
26;2025-12-22;17;1674
26;2025-12-22;18;1887
26;2025-12-22;19;1184
26;2025-12-22;20;765
26;2025-12-22;21;453
26;2025-12-22;22;206
26;2025-12-22;23;111
26;2025-12-23;0;32
26;2025-12-23;1;1
26;2025-12-23;2;0
26;2025-12-23;3;0
26;2025-12-23;4;1
26;2025-12-23;5;86
26;2025-12-23;6;486
26;2025-12-23;7;1103
26;2025-12-23;8;2248
26;2025-12-23;9;1449
26;2025-12-23;10;1227
26;2025-12-23;11;1127
26;2025-12-23;12;1135
26;2025-12-23;13;1126
26;2025-12-23;14;1234
26;2025-12-23;15;1330
26;2025-12-23;16;1473
26;2025-12-23;17;1796
26;2025-12-23;18;1919
26;2025-12-23;19;1323
26;2025-12-23;20;764
26;2025-12-23;21;466
26;2025-12-23;22;217
26;2025-12-23;23;118
26;2025-12-24;0;38
26;2025-12-24;1;1
26;2025-12-24;2;0
26;2025-12-24;3;0
26;2025-12-24;4;3
26;2025-12-24;5;97
26;2025-12-24;6;474
26;2025-12-24;7;1113
26;2025-12-24;8;2274
26;2025-12-24;9;1442
26;2025-12-24;10;1185
26;2025-12-24;11;1054
26;2025-12-24;12;1136
26;2025-12-24;13;1191
26;2025-12-24;14;1378
26;2025-12-24;15;1413
26;2025-12-24;16;1478
26;2025-12-24;17;1656
26;2025-12-24;18;1819
26;2025-12-24;19;1254
26;2025-12-24;20;790
26;2025-12-24;21;533
26;2025-12-24;22;233
26;2025-12-24;23;136
26;2025-12-25;0;39
26;2025-12-25;1;1
26;2025-12-25;2;0
26;2025-12-25;3;0
26;2025-12-25;4;1
26;2025-12-25;5;88
26;2025-12-25;6;469
26;2025-12-25;7;1070
26;2025-12-25;8;2242
26;2025-12-25;9;1468
26;2025-12-25;10;1146
26;2025-12-25;11;1084
26;2025-12-25;12;1117
26;2025-12-25;13;1165
26;2025-12-25;14;1320
26;2025-12-25;15;1347
26;2025-12-25;16;1449
26;2025-12-25;17;1657
26;2025-12-25;18;1868
26;2025-12-25;19;1195
26;2025-12-25;20;739
26;2025-12-25;21;469
26;2025-12-25;22;229
26;2025-12-25;23;129
26;2025-12-26;0;34
26;2025-12-26;1;1
26;2025-12-26;2;0
26;2025-12-26;3;0
26;2025-12-26;4;1
26;2025-12-26;5;86
26;2025-12-26;6;488
26;2025-12-26;7;1059
26;2025-12-26;8;2123
26;2025-12-26;9;1340
26;2025-12-26;10;1221
26;2025-12-26;11;1045
26;2025-12-26;12;1082
26;2025-12-26;13;1151
26;2025-12-26;14;1329
26;2025-12-26;15;1355
26;2025-12-26;16;1597
26;2025-12-26;17;1715
26;2025-12-26;18;1353
26;2025-12-26;19;1051
26;2025-12-26;20;671
26;2025-12-26;21;487
26;2025-12-26;22;224
26;2025-12-26;23;158
26;2025-12-27;0;50
26;2025-12-27;1;2
26;2025-12-27;2;0
26;2025-12-27;3;0
26;2025-12-27;4;1
26;2025-12-27;5;52
26;2025-12-27;6;251
26;2025-12-27;7;395
26;2025-12-27;8;644
26;2025-12-27;9;681
26;2025-12-27;10;810
26;2025-12-27;11;980
26;2025-12-27;12;1004
26;2025-12-27;13;1005
26;2025-12-27;14;1032
26;2025-12-27;15;974
26;2025-12-27;16;981
26;2025-12-27;17;929
26;2025-12-27;18;871
26;2025-12-27;19;800
26;2025-12-27;20;550
26;2025-12-27;21;368
26;2025-12-27;22;222
26;2025-12-27;23;156
26;2025-12-28;0;58
26;2025-12-28;1;5
26;2025-12-28;2;0
26;2025-12-28;3;1
26;2025-12-28;4;1
26;2025-12-28;5;23
26;2025-12-28;6;154
26;2025-12-28;7;271
26;2025-12-28;8;367
26;2025-12-28;9;526
26;2025-12-28;10;589
26;2025-12-28;11;793
26;2025-12-28;12;812
26;2025-12-28;13;875
26;2025-12-28;14;853
26;2025-12-28;15;783
26;2025-12-28;16;789
26;2025-12-28;17;803
26;2025-12-28;18;745
26;2025-12-28;19;567
26;2025-12-28;20;434
26;2025-12-28;21;298
26;2025-12-28;22;187
26;2025-12-28;23;115
26;2025-12-29;0;27
26;2025-12-29;1;2
26;2025-12-29;2;0
26;2025-12-29;3;0
26;2025-12-29;4;2
26;2025-12-29;5;91
26;2025-12-29;6;478
26;2025-12-29;7;1141
26;2025-12-29;8;2145
26;2025-12-29;9;1388
26;2025-12-29;10;1157
26;2025-12-29;11;977
26;2025-12-29;12;1027
26;2025-12-29;13;1135
26;2025-12-29;14;1221
26;2025-12-29;15;1341
26;2025-12-29;16;1460
26;2025-12-29;17;1674
26;2025-12-29;18;1887
26;2025-12-29;19;1184
26;2025-12-29;20;765
26;2025-12-29;21;453
26;2025-12-29;22;206
26;2025-12-29;23;111
26;2025-12-30;0;32
26;2025-12-30;1;1
26;2025-12-30;2;0
26;2025-12-30;3;0
26;2025-12-30;4;1
26;2025-12-30;5;86
26;2025-12-30;6;486
26;2025-12-30;7;1103
26;2025-12-30;8;2248
26;2025-12-30;9;1449
26;2025-12-30;10;1227
26;2025-12-30;11;1127
26;2025-12-30;12;1135
26;2025-12-30;13;1126
26;2025-12-30;14;1234
26;2025-12-30;15;1330
26;2025-12-30;16;1473
26;2025-12-30;17;1796
26;2025-12-30;18;1919
26;2025-12-30;19;1323
26;2025-12-30;20;764
26;2025-12-30;21;466
26;2025-12-30;22;217
26;2025-12-30;23;118
26;2025-12-31;0;38
26;2025-12-31;1;1
26;2025-12-31;2;0
26;2025-12-31;3;0
26;2025-12-31;4;3
26;2025-12-31;5;97
26;2025-12-31;6;474
26;2025-12-31;7;1113
26;2025-12-31;8;2274
26;2025-12-31;9;1442
26;2025-12-31;10;1185
26;2025-12-31;11;1054
26;2025-12-31;12;1136
26;2025-12-31;13;1191
26;2025-12-31;14;1378
26;2025-12-31;15;1413
26;2025-12-31;16;1478
26;2025-12-31;17;1656
26;2025-12-31;18;1819
26;2025-12-31;19;1254
26;2025-12-31;20;790
26;2025-12-31;21;533
26;2025-12-31;22;233
26;2025-12-31;23;136
28;2025-11-01;0;2
28;2025-11-01;1;1
28;2025-11-01;2;0
28;2025-11-01;3;0
28;2025-11-01;4;1
28;2025-11-01;5;38
28;2025-11-01;6;106
28;2025-11-01;7;237
28;2025-11-01;8;409
28;2025-11-01;9;454
28;2025-11-01;10;476
28;2025-11-01;11;456
28;2025-11-01;12;544
28;2025-11-01;13;563
28;2025-11-01;14;563
28;2025-11-01;15;586
28;2025-11-01;16;557
28;2025-11-01;17;550
28;2025-11-01;18;482
28;2025-11-01;19;403
28;2025-11-01;20;298
28;2025-11-01;21;259
28;2025-11-01;22;124
28;2025-11-01;23;24
28;2025-11-02;0;6
28;2025-11-02;1;2
28;2025-11-02;2;2
28;2025-11-02;3;0
28;2025-11-02;4;1
28;2025-11-02;5;31
28;2025-11-02;6;81
28;2025-11-02;7;160
28;2025-11-02;8;251
28;2025-11-02;9;324
28;2025-11-02;10;368
28;2025-11-02;11;404
28;2025-11-02;12;438
28;2025-11-02;13;512
28;2025-11-02;14;516
28;2025-11-02;15;505
28;2025-11-02;16;463
28;2025-11-02;17;479
28;2025-11-02;18;408
28;2025-11-02;19;363
28;2025-11-02;20;261
28;2025-11-02;21;224
28;2025-11-02;22;99
28;2025-11-02;23;10
28;2025-11-03;0;1
28;2025-11-03;1;0
28;2025-11-03;2;0
28;2025-11-03;3;0
28;2025-11-03;4;2
28;2025-11-03;5;72
28;2025-11-03;6;225
28;2025-11-03;7;711
28;2025-11-03;8;1148
28;2025-11-03;9;784
28;2025-11-03;10;549
28;2025-11-03;11;479
28;2025-11-03;12;608
28;2025-11-03;13;597
28;2025-11-03;14;591
28;2025-11-03;15;596
28;2025-11-03;16;839
28;2025-11-03;17;914
28;2025-11-03;18;897
28;2025-11-03;19;652
28;2025-11-03;20;450
28;2025-11-03;21;278
28;2025-11-03;22;106
28;2025-11-03;23;7
28;2025-11-04;0;1
28;2025-11-04;1;0
28;2025-11-04;2;0
28;2025-11-04;3;0
28;2025-11-04;4;2
28;2025-11-04;5;74
28;2025-11-04;6;237
28;2025-11-04;7;793
28;2025-11-04;8;1243
28;2025-11-04;9;760
28;2025-11-04;10;582
28;2025-11-04;11;541
28;2025-11-04;12;623
28;2025-11-04;13;632
28;2025-11-04;14;601
28;2025-11-04;15;660
28;2025-11-04;16;736
28;2025-11-04;17;909
28;2025-11-04;18;920
28;2025-11-04;19;650
28;2025-11-04;20;469
28;2025-11-04;21;296
28;2025-11-04;22;120
28;2025-11-04;23;14
28;2025-11-05;0;1
28;2025-11-05;1;0
28;2025-11-05;2;0
28;2025-11-05;3;0
28;2025-11-05;4;2
28;2025-11-05;5;74
28;2025-11-05;6;241
28;2025-11-05;7;743
28;2025-11-05;8;1187
28;2025-11-05;9;801
28;2025-11-05;10;570
28;2025-11-05;11;546
28;2025-11-05;12;688
28;2025-11-05;13;693
28;2025-11-05;14;618
28;2025-11-05;15;670
28;2025-11-05;16;874
28;2025-11-05;17;969
28;2025-11-05;18;952
28;2025-11-05;19;718
28;2025-11-05;20;502
28;2025-11-05;21;302
28;2025-11-05;22;117
28;2025-11-05;23;13
28;2025-11-06;0;5
28;2025-11-06;1;1
28;2025-11-06;2;0
28;2025-11-06;3;0
28;2025-11-06;4;1
28;2025-11-06;5;80
28;2025-11-06;6;259
28;2025-11-06;7;809
28;2025-11-06;8;1255
28;2025-11-06;9;817
28;2025-11-06;10;578
28;2025-11-06;11;546
28;2025-11-06;12;653
28;2025-11-06;13;683
28;2025-11-06;14;663
28;2025-11-06;15;700
28;2025-11-06;16;917
28;2025-11-06;17;1051
28;2025-11-06;18;1043
28;2025-11-06;19;732
28;2025-11-06;20;504
28;2025-11-06;21;310
28;2025-11-06;22;120
28;2025-11-06;23;9
28;2025-11-07;0;1
28;2025-11-07;1;0
28;2025-11-07;2;0
28;2025-11-07;3;0
28;2025-11-07;4;2
28;2025-11-07;5;78
28;2025-11-07;6;262
28;2025-11-07;7;804
28;2025-11-07;8;1199
28;2025-11-07;9;757
28;2025-11-07;10;574
28;2025-11-07;11;543
28;2025-11-07;12;732
28;2025-11-07;13;686
28;2025-11-07;14;638
28;2025-11-07;15;677
28;2025-11-07;16;886
28;2025-11-07;17;954
28;2025-11-07;18;818
28;2025-11-07;19;616
28;2025-11-07;20;427
28;2025-11-07;21;309
28;2025-11-07;22;126
28;2025-11-07;23;19
28;2025-11-08;0;2
28;2025-11-08;1;1
28;2025-11-08;2;0
28;2025-11-08;3;0
28;2025-11-08;4;1
28;2025-11-08;5;38
28;2025-11-08;6;106
28;2025-11-08;7;237
28;2025-11-08;8;409
28;2025-11-08;9;454
28;2025-11-08;10;476
28;2025-11-08;11;456
28;2025-11-08;12;544
28;2025-11-08;13;563
28;2025-11-08;14;563
28;2025-11-08;15;586
28;2025-11-08;16;557
28;2025-11-08;17;550
28;2025-11-08;18;482
28;2025-11-08;19;403
28;2025-11-08;20;298
28;2025-11-08;21;259
28;2025-11-08;22;124
28;2025-11-08;23;24
28;2025-11-09;0;6
28;2025-11-09;1;2
28;2025-11-09;2;2
28;2025-11-09;3;0
28;2025-11-09;4;1
28;2025-11-09;5;31
28;2025-11-09;6;81
28;2025-11-09;7;160
28;2025-11-09;8;251
28;2025-11-09;9;324
28;2025-11-09;10;368
28;2025-11-09;11;404
28;2025-11-09;12;438
28;2025-11-09;13;512
28;2025-11-09;14;516
28;2025-11-09;15;505
28;2025-11-09;16;463
28;2025-11-09;17;479
28;2025-11-09;18;408
28;2025-11-09;19;363
28;2025-11-09;20;261
28;2025-11-09;21;224
28;2025-11-09;22;99
28;2025-11-09;23;10
28;2025-11-10;0;1
28;2025-11-10;1;0
28;2025-11-10;2;0
28;2025-11-10;3;0
28;2025-11-10;4;2
28;2025-11-10;5;72
28;2025-11-10;6;225
28;2025-11-10;7;711
28;2025-11-10;8;1148
28;2025-11-10;9;784
28;2025-11-10;10;549
28;2025-11-10;11;479
28;2025-11-10;12;608
28;2025-11-10;13;597
28;2025-11-10;14;591
28;2025-11-10;15;596
28;2025-11-10;16;839
28;2025-11-10;17;914
28;2025-11-10;18;897
28;2025-11-10;19;652
28;2025-11-10;20;450
28;2025-11-10;21;278
28;2025-11-10;22;106
28;2025-11-10;23;7
28;2025-11-11;0;1
28;2025-11-11;1;0
28;2025-11-11;2;0
28;2025-11-11;3;0
28;2025-11-11;4;2
28;2025-11-11;5;74
28;2025-11-11;6;237
28;2025-11-11;7;793
28;2025-11-11;8;1243
28;2025-11-11;9;760
28;2025-11-11;10;582
28;2025-11-11;11;541
28;2025-11-11;12;623
28;2025-11-11;13;632
28;2025-11-11;14;601
28;2025-11-11;15;660
28;2025-11-11;16;736
28;2025-11-11;17;909
28;2025-11-11;18;920
28;2025-11-11;19;650
28;2025-11-11;20;469
28;2025-11-11;21;296
28;2025-11-11;22;120
28;2025-11-11;23;14
28;2025-11-12;0;1
28;2025-11-12;1;0
28;2025-11-12;2;0
28;2025-11-12;3;0
28;2025-11-12;4;2
28;2025-11-12;5;74
28;2025-11-12;6;241
28;2025-11-12;7;743
28;2025-11-12;8;1187
28;2025-11-12;9;801
28;2025-11-12;10;570
28;2025-11-12;11;546
28;2025-11-12;12;688
28;2025-11-12;13;693
28;2025-11-12;14;618
28;2025-11-12;15;670
28;2025-11-12;16;874
28;2025-11-12;17;969
28;2025-11-12;18;952
28;2025-11-12;19;718
28;2025-11-12;20;502
28;2025-11-12;21;302
28;2025-11-12;22;117
28;2025-11-12;23;13
28;2025-11-13;0;5
28;2025-11-13;1;1
28;2025-11-13;2;0
28;2025-11-13;3;0
28;2025-11-13;4;1
28;2025-11-13;5;80
28;2025-11-13;6;259
28;2025-11-13;7;809
28;2025-11-13;8;1255
28;2025-11-13;9;817
28;2025-11-13;10;578
28;2025-11-13;11;546
28;2025-11-13;12;653
28;2025-11-13;13;683
28;2025-11-13;14;663
28;2025-11-13;15;700
28;2025-11-13;16;917
28;2025-11-13;17;1051
28;2025-11-13;18;1043
28;2025-11-13;19;732
28;2025-11-13;20;504
28;2025-11-13;21;310
28;2025-11-13;22;120
28;2025-11-13;23;9
28;2025-11-14;0;1
28;2025-11-14;1;0
28;2025-11-14;2;0
28;2025-11-14;3;0
28;2025-11-14;4;2
28;2025-11-14;5;78
28;2025-11-14;6;262
28;2025-11-14;7;804
28;2025-11-14;8;1199
28;2025-11-14;9;757
28;2025-11-14;10;574
28;2025-11-14;11;543
28;2025-11-14;12;732
28;2025-11-14;13;686
28;2025-11-14;14;638
28;2025-11-14;15;677
28;2025-11-14;16;886
28;2025-11-14;17;954
28;2025-11-14;18;818
28;2025-11-14;19;616
28;2025-11-14;20;427
28;2025-11-14;21;309
28;2025-11-14;22;126
28;2025-11-14;23;19
28;2025-11-15;0;2
28;2025-11-15;1;1
28;2025-11-15;2;0
28;2025-11-15;3;0
28;2025-11-15;4;1
28;2025-11-15;5;38
28;2025-11-15;6;106
28;2025-11-15;7;237
28;2025-11-15;8;409
28;2025-11-15;9;454
28;2025-11-15;10;476
28;2025-11-15;11;456
28;2025-11-15;12;544
28;2025-11-15;13;563
28;2025-11-15;14;563
28;2025-11-15;15;586
28;2025-11-15;16;557
28;2025-11-15;17;550
28;2025-11-15;18;482
28;2025-11-15;19;403
28;2025-11-15;20;298
28;2025-11-15;21;259
28;2025-11-15;22;124
28;2025-11-15;23;24
28;2025-11-16;0;6
28;2025-11-16;1;2
28;2025-11-16;2;2
28;2025-11-16;3;0
28;2025-11-16;4;1
28;2025-11-16;5;31
28;2025-11-16;6;81
28;2025-11-16;7;160
28;2025-11-16;8;251
28;2025-11-16;9;324
28;2025-11-16;10;368
28;2025-11-16;11;404
28;2025-11-16;12;438
28;2025-11-16;13;512
28;2025-11-16;14;516
28;2025-11-16;15;505
28;2025-11-16;16;463
28;2025-11-16;17;479
28;2025-11-16;18;408
28;2025-11-16;19;363
28;2025-11-16;20;261
28;2025-11-16;21;224
28;2025-11-16;22;99
28;2025-11-16;23;10
28;2025-11-17;0;1
28;2025-11-17;1;0
28;2025-11-17;2;0
28;2025-11-17;3;0
28;2025-11-17;4;2
28;2025-11-17;5;72
28;2025-11-17;6;225
28;2025-11-17;7;711
28;2025-11-17;8;1148
28;2025-11-17;9;784
28;2025-11-17;10;549
28;2025-11-17;11;479
28;2025-11-17;12;608
28;2025-11-17;13;597
28;2025-11-17;14;591
28;2025-11-17;15;596
28;2025-11-17;16;839
28;2025-11-17;17;914
28;2025-11-17;18;897
28;2025-11-17;19;652
28;2025-11-17;20;450
28;2025-11-17;21;278
28;2025-11-17;22;106
28;2025-11-17;23;7
28;2025-11-18;0;1
28;2025-11-18;1;0
28;2025-11-18;2;0
28;2025-11-18;3;0
28;2025-11-18;4;2
28;2025-11-18;5;74
28;2025-11-18;6;237
28;2025-11-18;7;793
28;2025-11-18;8;1243
28;2025-11-18;9;760
28;2025-11-18;10;582
28;2025-11-18;11;541
28;2025-11-18;12;623
28;2025-11-18;13;632
28;2025-11-18;14;601
28;2025-11-18;15;660
28;2025-11-18;16;736
28;2025-11-18;17;909
28;2025-11-18;18;920
28;2025-11-18;19;650
28;2025-11-18;20;469
28;2025-11-18;21;296
28;2025-11-18;22;120
28;2025-11-18;23;14
28;2025-11-19;0;1
28;2025-11-19;1;0
28;2025-11-19;2;0
28;2025-11-19;3;0
28;2025-11-19;4;2
28;2025-11-19;5;74
28;2025-11-19;6;241
28;2025-11-19;7;743
28;2025-11-19;8;1187
28;2025-11-19;9;801
28;2025-11-19;10;570
28;2025-11-19;11;546
28;2025-11-19;12;688
28;2025-11-19;13;693
28;2025-11-19;14;618
28;2025-11-19;15;670
28;2025-11-19;16;874
28;2025-11-19;17;969
28;2025-11-19;18;952
28;2025-11-19;19;718
28;2025-11-19;20;502
28;2025-11-19;21;302
28;2025-11-19;22;117
28;2025-11-19;23;13
28;2025-11-20;0;5
28;2025-11-20;1;1
28;2025-11-20;2;0
28;2025-11-20;3;0
28;2025-11-20;4;1
28;2025-11-20;5;80
28;2025-11-20;6;259
28;2025-11-20;7;809
28;2025-11-20;8;1255
28;2025-11-20;9;817
28;2025-11-20;10;578
28;2025-11-20;11;546
28;2025-11-20;12;653
28;2025-11-20;13;683
28;2025-11-20;14;663
28;2025-11-20;15;700
28;2025-11-20;16;917
28;2025-11-20;17;1051
28;2025-11-20;18;1043
28;2025-11-20;19;732
28;2025-11-20;20;504
28;2025-11-20;21;310
28;2025-11-20;22;120
28;2025-11-20;23;9
28;2025-11-21;0;1
28;2025-11-21;1;0
28;2025-11-21;2;0
28;2025-11-21;3;0
28;2025-11-21;4;2
28;2025-11-21;5;78
28;2025-11-21;6;262
28;2025-11-21;7;804
28;2025-11-21;8;1199
28;2025-11-21;9;757
28;2025-11-21;10;574
28;2025-11-21;11;543
28;2025-11-21;12;732
28;2025-11-21;13;686
28;2025-11-21;14;638
28;2025-11-21;15;677
28;2025-11-21;16;886
28;2025-11-21;17;954
28;2025-11-21;18;818
28;2025-11-21;19;616
28;2025-11-21;20;427
28;2025-11-21;21;309
28;2025-11-21;22;126
28;2025-11-21;23;19
28;2025-11-22;0;2
28;2025-11-22;1;1
28;2025-11-22;2;0
28;2025-11-22;3;0
28;2025-11-22;4;1
28;2025-11-22;5;38
28;2025-11-22;6;106
28;2025-11-22;7;237
28;2025-11-22;8;409
28;2025-11-22;9;454
28;2025-11-22;10;476
28;2025-11-22;11;456
28;2025-11-22;12;544
28;2025-11-22;13;563
28;2025-11-22;14;563
28;2025-11-22;15;586
28;2025-11-22;16;557
28;2025-11-22;17;550
28;2025-11-22;18;482
28;2025-11-22;19;403
28;2025-11-22;20;298
28;2025-11-22;21;259
28;2025-11-22;22;124
28;2025-11-22;23;24
28;2025-11-23;0;6
28;2025-11-23;1;2
28;2025-11-23;2;2
28;2025-11-23;3;0
28;2025-11-23;4;1
28;2025-11-23;5;31
28;2025-11-23;6;81
28;2025-11-23;7;160
28;2025-11-23;8;251
28;2025-11-23;9;324
28;2025-11-23;10;368
28;2025-11-23;11;404
28;2025-11-23;12;438
28;2025-11-23;13;512
28;2025-11-23;14;516
28;2025-11-23;15;505
28;2025-11-23;16;463
28;2025-11-23;17;479
28;2025-11-23;18;408
28;2025-11-23;19;363
28;2025-11-23;20;261
28;2025-11-23;21;224
28;2025-11-23;22;99
28;2025-11-23;23;10
28;2025-11-24;0;1
28;2025-11-24;1;0
28;2025-11-24;2;0
28;2025-11-24;3;0
28;2025-11-24;4;2
28;2025-11-24;5;72
28;2025-11-24;6;225
28;2025-11-24;7;711
28;2025-11-24;8;1148
28;2025-11-24;9;784
28;2025-11-24;10;549
28;2025-11-24;11;479
28;2025-11-24;12;608
28;2025-11-24;13;597
28;2025-11-24;14;591
28;2025-11-24;15;596
28;2025-11-24;16;839
28;2025-11-24;17;914
28;2025-11-24;18;897
28;2025-11-24;19;652
28;2025-11-24;20;450
28;2025-11-24;21;278
28;2025-11-24;22;106
28;2025-11-24;23;7
28;2025-11-25;0;1
28;2025-11-25;1;0
28;2025-11-25;2;0
28;2025-11-25;3;0
28;2025-11-25;4;2
28;2025-11-25;5;74
28;2025-11-25;6;237
28;2025-11-25;7;793
28;2025-11-25;8;1243
28;2025-11-25;9;760
28;2025-11-25;10;582
28;2025-11-25;11;541
28;2025-11-25;12;623
28;2025-11-25;13;632
28;2025-11-25;14;601
28;2025-11-25;15;660
28;2025-11-25;16;736
28;2025-11-25;17;909
28;2025-11-25;18;920
28;2025-11-25;19;650
28;2025-11-25;20;469
28;2025-11-25;21;296
28;2025-11-25;22;120
28;2025-11-25;23;14
28;2025-11-26;0;1
28;2025-11-26;1;0
28;2025-11-26;2;0
28;2025-11-26;3;0
28;2025-11-26;4;2
28;2025-11-26;5;74
28;2025-11-26;6;241
28;2025-11-26;7;743
28;2025-11-26;8;1187
28;2025-11-26;9;801
28;2025-11-26;10;570
28;2025-11-26;11;546
28;2025-11-26;12;688
28;2025-11-26;13;693
28;2025-11-26;14;618
28;2025-11-26;15;670
28;2025-11-26;16;874
28;2025-11-26;17;969
28;2025-11-26;18;952
28;2025-11-26;19;718
28;2025-11-26;20;502
28;2025-11-26;21;302
28;2025-11-26;22;117
28;2025-11-26;23;13
28;2025-11-27;0;5
28;2025-11-27;1;1
28;2025-11-27;2;0
28;2025-11-27;3;0
28;2025-11-27;4;1
28;2025-11-27;5;80
28;2025-11-27;6;259
28;2025-11-27;7;809
28;2025-11-27;8;1255
28;2025-11-27;9;817
28;2025-11-27;10;578
28;2025-11-27;11;546
28;2025-11-27;12;653
28;2025-11-27;13;683
28;2025-11-27;14;663
28;2025-11-27;15;700
28;2025-11-27;16;917
28;2025-11-27;17;1051
28;2025-11-27;18;1043
28;2025-11-27;19;732
28;2025-11-27;20;504
28;2025-11-27;21;310
28;2025-11-27;22;120
28;2025-11-27;23;9
28;2025-11-28;0;1
28;2025-11-28;1;0
28;2025-11-28;2;0
28;2025-11-28;3;0
28;2025-11-28;4;2
28;2025-11-28;5;78
28;2025-11-28;6;262
28;2025-11-28;7;804
28;2025-11-28;8;1199
28;2025-11-28;9;757
28;2025-11-28;10;574
28;2025-11-28;11;543
28;2025-11-28;12;732
28;2025-11-28;13;686
28;2025-11-28;14;638
28;2025-11-28;15;677
28;2025-11-28;16;886
28;2025-11-28;17;954
28;2025-11-28;18;818
28;2025-11-28;19;616
28;2025-11-28;20;427
28;2025-11-28;21;309
28;2025-11-28;22;126
28;2025-11-28;23;19
28;2025-11-29;0;2
28;2025-11-29;1;1
28;2025-11-29;2;0
28;2025-11-29;3;0
28;2025-11-29;4;1
28;2025-11-29;5;38
28;2025-11-29;6;106
28;2025-11-29;7;237
28;2025-11-29;8;409
28;2025-11-29;9;454
28;2025-11-29;10;476
28;2025-11-29;11;456
28;2025-11-29;12;544
28;2025-11-29;13;563
28;2025-11-29;14;563
28;2025-11-29;15;586
28;2025-11-29;16;557
28;2025-11-29;17;550
28;2025-11-29;18;482
28;2025-11-29;19;403
28;2025-11-29;20;298
28;2025-11-29;21;259
28;2025-11-29;22;124
28;2025-11-29;23;24
28;2025-11-30;0;6
28;2025-11-30;1;2
28;2025-11-30;2;2
28;2025-11-30;3;0
28;2025-11-30;4;1
28;2025-11-30;5;31
28;2025-11-30;6;81
28;2025-11-30;7;160
28;2025-11-30;8;251
28;2025-11-30;9;324
28;2025-11-30;10;368
28;2025-11-30;11;404
28;2025-11-30;12;438
28;2025-11-30;13;512
28;2025-11-30;14;516
28;2025-11-30;15;505
28;2025-11-30;16;463
28;2025-11-30;17;479
28;2025-11-30;18;408
28;2025-11-30;19;363
28;2025-11-30;20;261
28;2025-11-30;21;224
28;2025-11-30;22;99
28;2025-11-30;23;10
28;2025-12-01;0;1
28;2025-12-01;1;0
28;2025-12-01;2;0
28;2025-12-01;3;0
28;2025-12-01;4;2
28;2025-12-01;5;72
28;2025-12-01;6;225
28;2025-12-01;7;711
28;2025-12-01;8;1148
28;2025-12-01;9;784
28;2025-12-01;10;549
28;2025-12-01;11;479
28;2025-12-01;12;608
28;2025-12-01;13;597
28;2025-12-01;14;591
28;2025-12-01;15;596
28;2025-12-01;16;839
28;2025-12-01;17;914
28;2025-12-01;18;897
28;2025-12-01;19;652
28;2025-12-01;20;450
28;2025-12-01;21;278
28;2025-12-01;22;106
28;2025-12-01;23;7
28;2025-12-02;0;1
28;2025-12-02;1;0
28;2025-12-02;2;0
28;2025-12-02;3;0
28;2025-12-02;4;2
28;2025-12-02;5;74
28;2025-12-02;6;237
28;2025-12-02;7;793
28;2025-12-02;8;1243
28;2025-12-02;9;760
28;2025-12-02;10;582
28;2025-12-02;11;541
28;2025-12-02;12;623
28;2025-12-02;13;632
28;2025-12-02;14;601
28;2025-12-02;15;660
28;2025-12-02;16;736
28;2025-12-02;17;909
28;2025-12-02;18;920
28;2025-12-02;19;650
28;2025-12-02;20;469
28;2025-12-02;21;296
28;2025-12-02;22;120
28;2025-12-02;23;14
28;2025-12-03;0;1
28;2025-12-03;1;0
28;2025-12-03;2;0
28;2025-12-03;3;0
28;2025-12-03;4;2
28;2025-12-03;5;74
28;2025-12-03;6;241
28;2025-12-03;7;743
28;2025-12-03;8;1187
28;2025-12-03;9;801
28;2025-12-03;10;570
28;2025-12-03;11;546
28;2025-12-03;12;688
28;2025-12-03;13;693
28;2025-12-03;14;618
28;2025-12-03;15;670
28;2025-12-03;16;874
28;2025-12-03;17;969
28;2025-12-03;18;952
28;2025-12-03;19;718
28;2025-12-03;20;502
28;2025-12-03;21;302
28;2025-12-03;22;117
28;2025-12-03;23;13
28;2025-12-04;0;5
28;2025-12-04;1;1
28;2025-12-04;2;0
28;2025-12-04;3;0
28;2025-12-04;4;1
28;2025-12-04;5;80
28;2025-12-04;6;259
28;2025-12-04;7;809
28;2025-12-04;8;1255
28;2025-12-04;9;817
28;2025-12-04;10;578
28;2025-12-04;11;546
28;2025-12-04;12;653
28;2025-12-04;13;683
28;2025-12-04;14;663
28;2025-12-04;15;700
28;2025-12-04;16;917
28;2025-12-04;17;1051
28;2025-12-04;18;1043
28;2025-12-04;19;732
28;2025-12-04;20;504
28;2025-12-04;21;310
28;2025-12-04;22;120
28;2025-12-04;23;9
28;2025-12-05;0;1
28;2025-12-05;1;0
28;2025-12-05;2;0
28;2025-12-05;3;0
28;2025-12-05;4;2
28;2025-12-05;5;78
28;2025-12-05;6;262
28;2025-12-05;7;804
28;2025-12-05;8;1199
28;2025-12-05;9;757
28;2025-12-05;10;574
28;2025-12-05;11;543
28;2025-12-05;12;732
28;2025-12-05;13;686
28;2025-12-05;14;638
28;2025-12-05;15;677
28;2025-12-05;16;886
28;2025-12-05;17;954
28;2025-12-05;18;818
28;2025-12-05;19;616
28;2025-12-05;20;427
28;2025-12-05;21;309
28;2025-12-05;22;126
28;2025-12-05;23;19
28;2025-12-06;0;2
28;2025-12-06;1;1
28;2025-12-06;2;0
28;2025-12-06;3;0
28;2025-12-06;4;1
28;2025-12-06;5;38
28;2025-12-06;6;106
28;2025-12-06;7;237
28;2025-12-06;8;409
28;2025-12-06;9;454
28;2025-12-06;10;476
28;2025-12-06;11;456
28;2025-12-06;12;544
28;2025-12-06;13;563
28;2025-12-06;14;563
28;2025-12-06;15;586
28;2025-12-06;16;557
28;2025-12-06;17;550
28;2025-12-06;18;482
28;2025-12-06;19;403
28;2025-12-06;20;298
28;2025-12-06;21;259
28;2025-12-06;22;124
28;2025-12-06;23;24
28;2025-12-07;0;6
28;2025-12-07;1;2
28;2025-12-07;2;2
28;2025-12-07;3;0
28;2025-12-07;4;1
28;2025-12-07;5;31
28;2025-12-07;6;81
28;2025-12-07;7;160
28;2025-12-07;8;251
28;2025-12-07;9;324
28;2025-12-07;10;368
28;2025-12-07;11;404
28;2025-12-07;12;438
28;2025-12-07;13;512
28;2025-12-07;14;516
28;2025-12-07;15;505
28;2025-12-07;16;463
28;2025-12-07;17;479
28;2025-12-07;18;408
28;2025-12-07;19;363
28;2025-12-07;20;261
28;2025-12-07;21;224
28;2025-12-07;22;99
28;2025-12-07;23;10
28;2025-12-08;0;1
28;2025-12-08;1;0
28;2025-12-08;2;0
28;2025-12-08;3;0
28;2025-12-08;4;2
28;2025-12-08;5;72
28;2025-12-08;6;225
28;2025-12-08;7;711
28;2025-12-08;8;1148
28;2025-12-08;9;784
28;2025-12-08;10;549
28;2025-12-08;11;479
28;2025-12-08;12;608
28;2025-12-08;13;597
28;2025-12-08;14;591
28;2025-12-08;15;596
28;2025-12-08;16;839
28;2025-12-08;17;914
28;2025-12-08;18;897
28;2025-12-08;19;652
28;2025-12-08;20;450
28;2025-12-08;21;278
28;2025-12-08;22;106
28;2025-12-08;23;7
28;2025-12-09;0;1
28;2025-12-09;1;0
28;2025-12-09;2;0
28;2025-12-09;3;0
28;2025-12-09;4;2
28;2025-12-09;5;74
28;2025-12-09;6;237
28;2025-12-09;7;793
28;2025-12-09;8;1243
28;2025-12-09;9;760
28;2025-12-09;10;582
28;2025-12-09;11;541
28;2025-12-09;12;623
28;2025-12-09;13;632
28;2025-12-09;14;601
28;2025-12-09;15;660
28;2025-12-09;16;736
28;2025-12-09;17;909
28;2025-12-09;18;920
28;2025-12-09;19;650
28;2025-12-09;20;469
28;2025-12-09;21;296
28;2025-12-09;22;120
28;2025-12-09;23;14
28;2025-12-10;0;1
28;2025-12-10;1;0
28;2025-12-10;2;0
28;2025-12-10;3;0
28;2025-12-10;4;2
28;2025-12-10;5;74
28;2025-12-10;6;241
28;2025-12-10;7;743
28;2025-12-10;8;1187
28;2025-12-10;9;801
28;2025-12-10;10;570
28;2025-12-10;11;546
28;2025-12-10;12;688
28;2025-12-10;13;693
28;2025-12-10;14;618
28;2025-12-10;15;670
28;2025-12-10;16;874
28;2025-12-10;17;969
28;2025-12-10;18;952
28;2025-12-10;19;718
28;2025-12-10;20;502
28;2025-12-10;21;302
28;2025-12-10;22;117
28;2025-12-10;23;13
28;2025-12-11;0;5
28;2025-12-11;1;1
28;2025-12-11;2;0
28;2025-12-11;3;0
28;2025-12-11;4;1
28;2025-12-11;5;80
28;2025-12-11;6;259
28;2025-12-11;7;809
28;2025-12-11;8;1255
28;2025-12-11;9;817
28;2025-12-11;10;578
28;2025-12-11;11;546
28;2025-12-11;12;653
28;2025-12-11;13;683
28;2025-12-11;14;663
28;2025-12-11;15;700
28;2025-12-11;16;917
28;2025-12-11;17;1051
28;2025-12-11;18;1043
28;2025-12-11;19;732
28;2025-12-11;20;504
28;2025-12-11;21;310
28;2025-12-11;22;120
28;2025-12-11;23;9
28;2025-12-12;0;1
28;2025-12-12;1;0
28;2025-12-12;2;0
28;2025-12-12;3;0
28;2025-12-12;4;2
28;2025-12-12;5;78
28;2025-12-12;6;262
28;2025-12-12;7;804
28;2025-12-12;8;1199
28;2025-12-12;9;757
28;2025-12-12;10;574
28;2025-12-12;11;543
28;2025-12-12;12;732
28;2025-12-12;13;686
28;2025-12-12;14;638
28;2025-12-12;15;677
28;2025-12-12;16;886
28;2025-12-12;17;954
28;2025-12-12;18;818
28;2025-12-12;19;616
28;2025-12-12;20;427
28;2025-12-12;21;309
28;2025-12-12;22;126
28;2025-12-12;23;19
28;2025-12-13;0;2
28;2025-12-13;1;1
28;2025-12-13;2;0
28;2025-12-13;3;0
28;2025-12-13;4;1
28;2025-12-13;5;38
28;2025-12-13;6;106
28;2025-12-13;7;237
28;2025-12-13;8;409
28;2025-12-13;9;454
28;2025-12-13;10;476
28;2025-12-13;11;456
28;2025-12-13;12;544
28;2025-12-13;13;563
28;2025-12-13;14;563
28;2025-12-13;15;586
28;2025-12-13;16;557
28;2025-12-13;17;550
28;2025-12-13;18;482
28;2025-12-13;19;403
28;2025-12-13;20;298
28;2025-12-13;21;259
28;2025-12-13;22;124
28;2025-12-13;23;24
28;2025-12-14;0;6
28;2025-12-14;1;2
28;2025-12-14;2;2
28;2025-12-14;3;0
28;2025-12-14;4;1
28;2025-12-14;5;31
28;2025-12-14;6;81
28;2025-12-14;7;160
28;2025-12-14;8;251
28;2025-12-14;9;324
28;2025-12-14;10;368
28;2025-12-14;11;404
28;2025-12-14;12;438
28;2025-12-14;13;512
28;2025-12-14;14;516
28;2025-12-14;15;505
28;2025-12-14;16;463
28;2025-12-14;17;479
28;2025-12-14;18;408
28;2025-12-14;19;363
28;2025-12-14;20;261
28;2025-12-14;21;224
28;2025-12-14;22;99
28;2025-12-14;23;10
28;2025-12-15;0;1
28;2025-12-15;1;0
28;2025-12-15;2;0
28;2025-12-15;3;0
28;2025-12-15;4;2
28;2025-12-15;5;72
28;2025-12-15;6;225
28;2025-12-15;7;711
28;2025-12-15;8;1148
28;2025-12-15;9;784
28;2025-12-15;10;549
28;2025-12-15;11;479
28;2025-12-15;12;608
28;2025-12-15;13;597
28;2025-12-15;14;591
28;2025-12-15;15;596
28;2025-12-15;16;839
28;2025-12-15;17;914
28;2025-12-15;18;897
28;2025-12-15;19;652
28;2025-12-15;20;450
28;2025-12-15;21;278
28;2025-12-15;22;106
28;2025-12-15;23;7
28;2025-12-16;0;1
28;2025-12-16;1;0
28;2025-12-16;2;0
28;2025-12-16;3;0
28;2025-12-16;4;2
28;2025-12-16;5;74
28;2025-12-16;6;237
28;2025-12-16;7;793
28;2025-12-16;8;1243
28;2025-12-16;9;760
28;2025-12-16;10;582
28;2025-12-16;11;541
28;2025-12-16;12;623
28;2025-12-16;13;632
28;2025-12-16;14;601
28;2025-12-16;15;660
28;2025-12-16;16;736
28;2025-12-16;17;909
28;2025-12-16;18;920
28;2025-12-16;19;650
28;2025-12-16;20;469
28;2025-12-16;21;296
28;2025-12-16;22;120
28;2025-12-16;23;14
28;2025-12-17;0;1
28;2025-12-17;1;0
28;2025-12-17;2;0
28;2025-12-17;3;0
28;2025-12-17;4;2
28;2025-12-17;5;74
28;2025-12-17;6;241
28;2025-12-17;7;743
28;2025-12-17;8;1187
28;2025-12-17;9;801
28;2025-12-17;10;570
28;2025-12-17;11;546
28;2025-12-17;12;688
28;2025-12-17;13;693
28;2025-12-17;14;618
28;2025-12-17;15;670
28;2025-12-17;16;874
28;2025-12-17;17;969
28;2025-12-17;18;952
28;2025-12-17;19;718
28;2025-12-17;20;502
28;2025-12-17;21;302
28;2025-12-17;22;117
28;2025-12-17;23;13
28;2025-12-18;0;5
28;2025-12-18;1;1
28;2025-12-18;2;0
28;2025-12-18;3;0
28;2025-12-18;4;1
28;2025-12-18;5;80
28;2025-12-18;6;259
28;2025-12-18;7;809
28;2025-12-18;8;1255
28;2025-12-18;9;817
28;2025-12-18;10;578
28;2025-12-18;11;546
28;2025-12-18;12;653
28;2025-12-18;13;683
28;2025-12-18;14;663
28;2025-12-18;15;700
28;2025-12-18;16;917
28;2025-12-18;17;1051
28;2025-12-18;18;1043
28;2025-12-18;19;732
28;2025-12-18;20;504
28;2025-12-18;21;310
28;2025-12-18;22;120
28;2025-12-18;23;9
28;2025-12-19;0;1
28;2025-12-19;1;0
28;2025-12-19;2;0
28;2025-12-19;3;0
28;2025-12-19;4;2
28;2025-12-19;5;78
28;2025-12-19;6;262
28;2025-12-19;7;804
28;2025-12-19;8;1199
28;2025-12-19;9;757
28;2025-12-19;10;574
28;2025-12-19;11;543
28;2025-12-19;12;732
28;2025-12-19;13;686
28;2025-12-19;14;638
28;2025-12-19;15;677
28;2025-12-19;16;886
28;2025-12-19;17;954
28;2025-12-19;18;818
28;2025-12-19;19;616
28;2025-12-19;20;427
28;2025-12-19;21;309
28;2025-12-19;22;126
28;2025-12-19;23;19
28;2025-12-20;0;2
28;2025-12-20;1;1
28;2025-12-20;2;0
28;2025-12-20;3;0
28;2025-12-20;4;1
28;2025-12-20;5;38
28;2025-12-20;6;106
28;2025-12-20;7;237
28;2025-12-20;8;409
28;2025-12-20;9;454
28;2025-12-20;10;476
28;2025-12-20;11;456
28;2025-12-20;12;544
28;2025-12-20;13;563
28;2025-12-20;14;563
28;2025-12-20;15;586
28;2025-12-20;16;557
28;2025-12-20;17;550
28;2025-12-20;18;482
28;2025-12-20;19;403
28;2025-12-20;20;298
28;2025-12-20;21;259
28;2025-12-20;22;124
28;2025-12-20;23;24
28;2025-12-21;0;6
28;2025-12-21;1;2
28;2025-12-21;2;2
28;2025-12-21;3;0
28;2025-12-21;4;1
28;2025-12-21;5;31
28;2025-12-21;6;81
28;2025-12-21;7;160
28;2025-12-21;8;251
28;2025-12-21;9;324
28;2025-12-21;10;368
28;2025-12-21;11;404
28;2025-12-21;12;438
28;2025-12-21;13;512
28;2025-12-21;14;516
28;2025-12-21;15;505
28;2025-12-21;16;463
28;2025-12-21;17;479
28;2025-12-21;18;408
28;2025-12-21;19;363
28;2025-12-21;20;261
28;2025-12-21;21;224
28;2025-12-21;22;99
28;2025-12-21;23;10
28;2025-12-22;0;1
28;2025-12-22;1;0
28;2025-12-22;2;0
28;2025-12-22;3;0
28;2025-12-22;4;2
28;2025-12-22;5;72
28;2025-12-22;6;225
28;2025-12-22;7;711
28;2025-12-22;8;1148
28;2025-12-22;9;784
28;2025-12-22;10;549
28;2025-12-22;11;479
28;2025-12-22;12;608
28;2025-12-22;13;597
28;2025-12-22;14;591
28;2025-12-22;15;596
28;2025-12-22;16;839
28;2025-12-22;17;914
28;2025-12-22;18;897
28;2025-12-22;19;652
28;2025-12-22;20;450
28;2025-12-22;21;278
28;2025-12-22;22;106
28;2025-12-22;23;7
28;2025-12-23;0;1
28;2025-12-23;1;0
28;2025-12-23;2;0
28;2025-12-23;3;0
28;2025-12-23;4;2
28;2025-12-23;5;74
28;2025-12-23;6;237
28;2025-12-23;7;793
28;2025-12-23;8;1243
28;2025-12-23;9;760
28;2025-12-23;10;582
28;2025-12-23;11;541
28;2025-12-23;12;623
28;2025-12-23;13;632
28;2025-12-23;14;601
28;2025-12-23;15;660
28;2025-12-23;16;736
28;2025-12-23;17;909
28;2025-12-23;18;920
28;2025-12-23;19;650
28;2025-12-23;20;469
28;2025-12-23;21;296
28;2025-12-23;22;120
28;2025-12-23;23;14
28;2025-12-24;0;1
28;2025-12-24;1;0
28;2025-12-24;2;0
28;2025-12-24;3;0
28;2025-12-24;4;2
28;2025-12-24;5;74
28;2025-12-24;6;241
28;2025-12-24;7;743
28;2025-12-24;8;1187
28;2025-12-24;9;801
28;2025-12-24;10;570
28;2025-12-24;11;546
28;2025-12-24;12;688
28;2025-12-24;13;693
28;2025-12-24;14;618
28;2025-12-24;15;670
28;2025-12-24;16;874
28;2025-12-24;17;969
28;2025-12-24;18;952
28;2025-12-24;19;718
28;2025-12-24;20;502
28;2025-12-24;21;302
28;2025-12-24;22;117
28;2025-12-24;23;13
28;2025-12-25;0;5
28;2025-12-25;1;1
28;2025-12-25;2;0
28;2025-12-25;3;0
28;2025-12-25;4;1
28;2025-12-25;5;80
28;2025-12-25;6;259
28;2025-12-25;7;809
28;2025-12-25;8;1255
28;2025-12-25;9;817
28;2025-12-25;10;578
28;2025-12-25;11;546
28;2025-12-25;12;653
28;2025-12-25;13;683
28;2025-12-25;14;663
28;2025-12-25;15;700
28;2025-12-25;16;917
28;2025-12-25;17;1051
28;2025-12-25;18;1043
28;2025-12-25;19;732
28;2025-12-25;20;504
28;2025-12-25;21;310
28;2025-12-25;22;120
28;2025-12-25;23;9
28;2025-12-26;0;1
28;2025-12-26;1;0
28;2025-12-26;2;0
28;2025-12-26;3;0
28;2025-12-26;4;2
28;2025-12-26;5;78
28;2025-12-26;6;262
28;2025-12-26;7;804
28;2025-12-26;8;1199
28;2025-12-26;9;757
28;2025-12-26;10;574
28;2025-12-26;11;543
28;2025-12-26;12;732
28;2025-12-26;13;686
28;2025-12-26;14;638
28;2025-12-26;15;677
28;2025-12-26;16;886
28;2025-12-26;17;954
28;2025-12-26;18;818
28;2025-12-26;19;616
28;2025-12-26;20;427
28;2025-12-26;21;309
28;2025-12-26;22;126
28;2025-12-26;23;19
28;2025-12-27;0;2
28;2025-12-27;1;1
28;2025-12-27;2;0
28;2025-12-27;3;0
28;2025-12-27;4;1
28;2025-12-27;5;38
28;2025-12-27;6;106
28;2025-12-27;7;237
28;2025-12-27;8;409
28;2025-12-27;9;454
28;2025-12-27;10;476
28;2025-12-27;11;456
28;2025-12-27;12;544
28;2025-12-27;13;563
28;2025-12-27;14;563
28;2025-12-27;15;586
28;2025-12-27;16;557
28;2025-12-27;17;550
28;2025-12-27;18;482
28;2025-12-27;19;403
28;2025-12-27;20;298
28;2025-12-27;21;259
28;2025-12-27;22;124
28;2025-12-27;23;24
28;2025-12-28;0;6
28;2025-12-28;1;2
28;2025-12-28;2;2
28;2025-12-28;3;0
28;2025-12-28;4;1
28;2025-12-28;5;31
28;2025-12-28;6;81
28;2025-12-28;7;160
28;2025-12-28;8;251
28;2025-12-28;9;324
28;2025-12-28;10;368
28;2025-12-28;11;404
28;2025-12-28;12;438
28;2025-12-28;13;512
28;2025-12-28;14;516
28;2025-12-28;15;505
28;2025-12-28;16;463
28;2025-12-28;17;479
28;2025-12-28;18;408
28;2025-12-28;19;363
28;2025-12-28;20;261
28;2025-12-28;21;224
28;2025-12-28;22;99
28;2025-12-28;23;10
28;2025-12-29;0;1
28;2025-12-29;1;0
28;2025-12-29;2;0
28;2025-12-29;3;0
28;2025-12-29;4;2
28;2025-12-29;5;72
28;2025-12-29;6;225
28;2025-12-29;7;711
28;2025-12-29;8;1148
28;2025-12-29;9;784
28;2025-12-29;10;549
28;2025-12-29;11;479
28;2025-12-29;12;608
28;2025-12-29;13;597
28;2025-12-29;14;591
28;2025-12-29;15;596
28;2025-12-29;16;839
28;2025-12-29;17;914
28;2025-12-29;18;897
28;2025-12-29;19;652
28;2025-12-29;20;450
28;2025-12-29;21;278
28;2025-12-29;22;106
28;2025-12-29;23;7
28;2025-12-30;0;1
28;2025-12-30;1;0
28;2025-12-30;2;0
28;2025-12-30;3;0
28;2025-12-30;4;2
28;2025-12-30;5;74
28;2025-12-30;6;237
28;2025-12-30;7;793
28;2025-12-30;8;1243
28;2025-12-30;9;760
28;2025-12-30;10;582
28;2025-12-30;11;541
28;2025-12-30;12;623
28;2025-12-30;13;632
28;2025-12-30;14;601
28;2025-12-30;15;660
28;2025-12-30;16;736
28;2025-12-30;17;909
28;2025-12-30;18;920
28;2025-12-30;19;650
28;2025-12-30;20;469
28;2025-12-30;21;296
28;2025-12-30;22;120
28;2025-12-30;23;14
28;2025-12-31;0;1
28;2025-12-31;1;0
28;2025-12-31;2;0
28;2025-12-31;3;0
28;2025-12-31;4;2
28;2025-12-31;5;74
28;2025-12-31;6;241
28;2025-12-31;7;743
28;2025-12-31;8;1187
28;2025-12-31;9;801
28;2025-12-31;10;570
28;2025-12-31;11;546
28;2025-12-31;12;688
28;2025-12-31;13;693
28;2025-12-31;14;618
28;2025-12-31;15;670
28;2025-12-31;16;874
28;2025-12-31;17;969
28;2025-12-31;18;952
28;2025-12-31;19;718
28;2025-12-31;20;502
28;2025-12-31;21;302
28;2025-12-31;22;117
28;2025-12-31;23;13
50;2025-11-01;0;42
50;2025-11-01;1;4
50;2025-11-01;2;0
50;2025-11-01;3;1
50;2025-11-01;4;0
50;2025-11-01;5;5
50;2025-11-01;6;25
50;2025-11-01;7;62
50;2025-11-01;8;99
50;2025-11-01;9;88
50;2025-11-01;10;62
50;2025-11-01;11;35
50;2025-11-01;12;51
50;2025-11-01;13;38
50;2025-11-01;14;44
50;2025-11-01;15;50
50;2025-11-01;16;33
50;2025-11-01;17;36
50;2025-11-01;18;17
50;2025-11-01;19;12
50;2025-11-01;20;15
50;2025-11-01;21;9
50;2025-11-01;22;7
50;2025-11-01;23;6
50;2025-11-02;0;3
50;2025-11-02;1;0
50;2025-11-02;2;0
50;2025-11-02;3;0
50;2025-11-02;4;0
50;2025-11-02;5;0
50;2025-11-02;6;4
50;2025-11-02;7;4
50;2025-11-02;8;8
50;2025-11-02;9;5
50;2025-11-02;10;12
50;2025-11-02;11;39
50;2025-11-02;12;32
50;2025-11-02;13;37
50;2025-11-02;14;60
50;2025-11-02;15;48
50;2025-11-02;16;58
50;2025-11-02;17;50
50;2025-11-02;18;33
50;2025-11-02;19;33
50;2025-11-02;20;25
50;2025-11-02;21;15
50;2025-11-02;22;18
50;2025-11-02;23;5
50;2025-11-03;0;4
50;2025-11-03;1;2
50;2025-11-03;2;1
50;2025-11-03;3;0
50;2025-11-03;4;3
50;2025-11-03;5;62
50;2025-11-03;6;488
50;2025-11-03;7;1653
50;2025-11-03;8;2753
50;2025-11-03;9;2131
50;2025-11-03;10;1595
50;2025-11-03;11;1426
50;2025-11-03;12;1281
50;2025-11-03;13;1407
50;2025-11-03;14;1369
50;2025-11-03;15;1597
50;2025-11-03;16;1706
50;2025-11-03;17;2191
50;2025-11-03;18;2310
50;2025-11-03;19;1352
50;2025-11-03;20;887
50;2025-11-03;21;601
50;2025-11-03;22;237
50;2025-11-03;23;121
50;2025-11-04;0;22
50;2025-11-04;1;1
50;2025-11-04;2;0
50;2025-11-04;3;0
50;2025-11-04;4;4
50;2025-11-04;5;71
50;2025-11-04;6;522
50;2025-11-04;7;1772
50;2025-11-04;8;2844
50;2025-11-04;9;2194
50;2025-11-04;10;1655
50;2025-11-04;11;1464
50;2025-11-04;12;1392
50;2025-11-04;13;1418
50;2025-11-04;14;1358
50;2025-11-04;15;1615
50;2025-11-04;16;1674
50;2025-11-04;17;2353
50;2025-11-04;18;2353
50;2025-11-04;19;1425
50;2025-11-04;20;909
50;2025-11-04;21;630
50;2025-11-04;22;241
50;2025-11-04;23;136
50;2025-11-05;0;22
50;2025-11-05;1;3
50;2025-11-05;2;0
50;2025-11-05;3;0
50;2025-11-05;4;3
50;2025-11-05;5;74
50;2025-11-05;6;550
50;2025-11-05;7;1798
50;2025-11-05;8;2827
50;2025-11-05;9;2138
50;2025-11-05;10;1724
50;2025-11-05;11;1590
50;2025-11-05;12;1495
50;2025-11-05;13;1500
50;2025-11-05;14;1476
50;2025-11-05;15;1688
50;2025-11-05;16;1764
50;2025-11-05;17;2396
50;2025-11-05;18;2457
50;2025-11-05;19;1526
50;2025-11-05;20;949
50;2025-11-05;21;642
50;2025-11-05;22;271
50;2025-11-05;23;153
50;2025-11-06;0;35
50;2025-11-06;1;2
50;2025-11-06;2;0
50;2025-11-06;3;0
50;2025-11-06;4;3
50;2025-11-06;5;66
50;2025-11-06;6;471
50;2025-11-06;7;1677
50;2025-11-06;8;2649
50;2025-11-06;9;2056
50;2025-11-06;10;1624
50;2025-11-06;11;1449
50;2025-11-06;12;1421
50;2025-11-06;13;1427
50;2025-11-06;14;1409
50;2025-11-06;15;1563
50;2025-11-06;16;1579
50;2025-11-06;17;2228
50;2025-11-06;18;2354
50;2025-11-06;19;1354
50;2025-11-06;20;910
50;2025-11-06;21;674
50;2025-11-06;22;265
50;2025-11-06;23;153
50;2025-11-07;0;32
50;2025-11-07;1;2
50;2025-11-07;2;0
50;2025-11-07;3;0
50;2025-11-07;4;3
50;2025-11-07;5;67
50;2025-11-07;6;506
50;2025-11-07;7;1702
50;2025-11-07;8;2693
50;2025-11-07;9;2063
50;2025-11-07;10;1468
50;2025-11-07;11;1485
50;2025-11-07;12;1404
50;2025-11-07;13;1488
50;2025-11-07;14;1442
50;2025-11-07;15;1662
50;2025-11-07;16;2195
50;2025-11-07;17;2108
50;2025-11-07;18;1638
50;2025-11-07;19;1227
50;2025-11-07;20;846
50;2025-11-07;21;563
50;2025-11-07;22;269
50;2025-11-07;23;163
50;2025-11-08;0;42
50;2025-11-08;1;4
50;2025-11-08;2;0
50;2025-11-08;3;1
50;2025-11-08;4;0
50;2025-11-08;5;5
50;2025-11-08;6;25
50;2025-11-08;7;62
50;2025-11-08;8;99
50;2025-11-08;9;88
50;2025-11-08;10;62
50;2025-11-08;11;35
50;2025-11-08;12;51
50;2025-11-08;13;38
50;2025-11-08;14;44
50;2025-11-08;15;50
50;2025-11-08;16;33
50;2025-11-08;17;36
50;2025-11-08;18;17
50;2025-11-08;19;12
50;2025-11-08;20;15
50;2025-11-08;21;9
50;2025-11-08;22;7
50;2025-11-08;23;6
50;2025-11-09;0;3
50;2025-11-09;1;0
50;2025-11-09;2;0
50;2025-11-09;3;0
50;2025-11-09;4;0
50;2025-11-09;5;0
50;2025-11-09;6;4
50;2025-11-09;7;4
50;2025-11-09;8;8
50;2025-11-09;9;5
50;2025-11-09;10;12
50;2025-11-09;11;39
50;2025-11-09;12;32
50;2025-11-09;13;37
50;2025-11-09;14;60
50;2025-11-09;15;48
50;2025-11-09;16;58
50;2025-11-09;17;50
50;2025-11-09;18;33
50;2025-11-09;19;33
50;2025-11-09;20;25
50;2025-11-09;21;15
50;2025-11-09;22;18
50;2025-11-09;23;5
50;2025-11-10;0;4
50;2025-11-10;1;2
50;2025-11-10;2;1
50;2025-11-10;3;0
50;2025-11-10;4;3
50;2025-11-10;5;62
50;2025-11-10;6;488
50;2025-11-10;7;1653
50;2025-11-10;8;2753
50;2025-11-10;9;2131
50;2025-11-10;10;1595
50;2025-11-10;11;1426
50;2025-11-10;12;1281
50;2025-11-10;13;1407
50;2025-11-10;14;1369
50;2025-11-10;15;1597
50;2025-11-10;16;1706
50;2025-11-10;17;2191
50;2025-11-10;18;2310
50;2025-11-10;19;1352
50;2025-11-10;20;887
50;2025-11-10;21;601
50;2025-11-10;22;237
50;2025-11-10;23;121
50;2025-11-11;0;22
50;2025-11-11;1;1
50;2025-11-11;2;0
50;2025-11-11;3;0
50;2025-11-11;4;4
50;2025-11-11;5;71
50;2025-11-11;6;522
50;2025-11-11;7;1772
50;2025-11-11;8;2844
50;2025-11-11;9;2194
50;2025-11-11;10;1655
50;2025-11-11;11;1464
50;2025-11-11;12;1392
50;2025-11-11;13;1418
50;2025-11-11;14;1358
50;2025-11-11;15;1615
50;2025-11-11;16;1674
50;2025-11-11;17;2353
50;2025-11-11;18;2353
50;2025-11-11;19;1425
50;2025-11-11;20;909
50;2025-11-11;21;630
50;2025-11-11;22;241
50;2025-11-11;23;136
50;2025-11-12;0;22
50;2025-11-12;1;3
50;2025-11-12;2;0
50;2025-11-12;3;0
50;2025-11-12;4;3
50;2025-11-12;5;74
50;2025-11-12;6;550
50;2025-11-12;7;1798
50;2025-11-12;8;2827
50;2025-11-12;9;2138
50;2025-11-12;10;1724
50;2025-11-12;11;1590
50;2025-11-12;12;1495
50;2025-11-12;13;1500
50;2025-11-12;14;1476
50;2025-11-12;15;1688
50;2025-11-12;16;1764
50;2025-11-12;17;2396
50;2025-11-12;18;2457
50;2025-11-12;19;1526
50;2025-11-12;20;949
50;2025-11-12;21;642
50;2025-11-12;22;271
50;2025-11-12;23;153
50;2025-11-13;0;35
50;2025-11-13;1;2
50;2025-11-13;2;0
50;2025-11-13;3;0
50;2025-11-13;4;3
50;2025-11-13;5;66
50;2025-11-13;6;471
50;2025-11-13;7;1677
50;2025-11-13;8;2649
50;2025-11-13;9;2056
50;2025-11-13;10;1624
50;2025-11-13;11;1449
50;2025-11-13;12;1421
50;2025-11-13;13;1427
50;2025-11-13;14;1409
50;2025-11-13;15;1563
50;2025-11-13;16;1579
50;2025-11-13;17;2228
50;2025-11-13;18;2354
50;2025-11-13;19;1354
50;2025-11-13;20;910
50;2025-11-13;21;674
50;2025-11-13;22;265
50;2025-11-13;23;153
50;2025-11-14;0;32
50;2025-11-14;1;2
50;2025-11-14;2;0
50;2025-11-14;3;0
50;2025-11-14;4;3
50;2025-11-14;5;67
50;2025-11-14;6;506
50;2025-11-14;7;1702
50;2025-11-14;8;2693
50;2025-11-14;9;2063
50;2025-11-14;10;1468
50;2025-11-14;11;1485
50;2025-11-14;12;1404
50;2025-11-14;13;1488
50;2025-11-14;14;1442
50;2025-11-14;15;1662
50;2025-11-14;16;2195
50;2025-11-14;17;2108
50;2025-11-14;18;1638
50;2025-11-14;19;1227
50;2025-11-14;20;846
50;2025-11-14;21;563
50;2025-11-14;22;269
50;2025-11-14;23;163
50;2025-11-15;0;42
50;2025-11-15;1;4
50;2025-11-15;2;0
50;2025-11-15;3;1
50;2025-11-15;4;0
50;2025-11-15;5;5
50;2025-11-15;6;25
50;2025-11-15;7;62
50;2025-11-15;8;99
50;2025-11-15;9;88
50;2025-11-15;10;62
50;2025-11-15;11;35
50;2025-11-15;12;51
50;2025-11-15;13;38
50;2025-11-15;14;44
50;2025-11-15;15;50
50;2025-11-15;16;33
50;2025-11-15;17;36
50;2025-11-15;18;17
50;2025-11-15;19;12
50;2025-11-15;20;15
50;2025-11-15;21;9
50;2025-11-15;22;7
50;2025-11-15;23;6
50;2025-11-16;0;3
50;2025-11-16;1;0
50;2025-11-16;2;0
50;2025-11-16;3;0
50;2025-11-16;4;0
50;2025-11-16;5;0
50;2025-11-16;6;4
50;2025-11-16;7;4
50;2025-11-16;8;8
50;2025-11-16;9;5
50;2025-11-16;10;12
50;2025-11-16;11;39
50;2025-11-16;12;32
50;2025-11-16;13;37
50;2025-11-16;14;60
50;2025-11-16;15;48
50;2025-11-16;16;58
50;2025-11-16;17;50
50;2025-11-16;18;33
50;2025-11-16;19;33
50;2025-11-16;20;25
50;2025-11-16;21;15
50;2025-11-16;22;18
50;2025-11-16;23;5
50;2025-11-17;0;4
50;2025-11-17;1;2
50;2025-11-17;2;1
50;2025-11-17;3;0
50;2025-11-17;4;3
50;2025-11-17;5;62
50;2025-11-17;6;488
50;2025-11-17;7;1653
50;2025-11-17;8;2753
50;2025-11-17;9;2131
50;2025-11-17;10;1595
50;2025-11-17;11;1426
50;2025-11-17;12;1281
50;2025-11-17;13;1407
50;2025-11-17;14;1369
50;2025-11-17;15;1597
50;2025-11-17;16;1706
50;2025-11-17;17;2191
50;2025-11-17;18;2310
50;2025-11-17;19;1352
50;2025-11-17;20;887
50;2025-11-17;21;601
50;2025-11-17;22;237
50;2025-11-17;23;121
50;2025-11-18;0;22
50;2025-11-18;1;1
50;2025-11-18;2;0
50;2025-11-18;3;0
50;2025-11-18;4;4
50;2025-11-18;5;71
50;2025-11-18;6;522
50;2025-11-18;7;1772
50;2025-11-18;8;2844
50;2025-11-18;9;2194
50;2025-11-18;10;1655
50;2025-11-18;11;1464
50;2025-11-18;12;1392
50;2025-11-18;13;1418
50;2025-11-18;14;1358
50;2025-11-18;15;1615
50;2025-11-18;16;1674
50;2025-11-18;17;2353
50;2025-11-18;18;2353
50;2025-11-18;19;1425
50;2025-11-18;20;909
50;2025-11-18;21;630
50;2025-11-18;22;241
50;2025-11-18;23;136
50;2025-11-19;0;22
50;2025-11-19;1;3
50;2025-11-19;2;0
50;2025-11-19;3;0
50;2025-11-19;4;3
50;2025-11-19;5;74
50;2025-11-19;6;550
50;2025-11-19;7;1798
50;2025-11-19;8;2827
50;2025-11-19;9;2138
50;2025-11-19;10;1724
50;2025-11-19;11;1590
50;2025-11-19;12;1495
50;2025-11-19;13;1500
50;2025-11-19;14;1476
50;2025-11-19;15;1688
50;2025-11-19;16;1764
50;2025-11-19;17;2396
50;2025-11-19;18;2457
50;2025-11-19;19;1526
50;2025-11-19;20;949
50;2025-11-19;21;642
50;2025-11-19;22;271
50;2025-11-19;23;153
50;2025-11-20;0;35
50;2025-11-20;1;2
50;2025-11-20;2;0
50;2025-11-20;3;0
50;2025-11-20;4;3
50;2025-11-20;5;66
50;2025-11-20;6;471
50;2025-11-20;7;1677
50;2025-11-20;8;2649
50;2025-11-20;9;2056
50;2025-11-20;10;1624
50;2025-11-20;11;1449
50;2025-11-20;12;1421
50;2025-11-20;13;1427
50;2025-11-20;14;1409
50;2025-11-20;15;1563
50;2025-11-20;16;1579
50;2025-11-20;17;2228
50;2025-11-20;18;2354
50;2025-11-20;19;1354
50;2025-11-20;20;910
50;2025-11-20;21;674
50;2025-11-20;22;265
50;2025-11-20;23;153
50;2025-11-21;0;32
50;2025-11-21;1;2
50;2025-11-21;2;0
50;2025-11-21;3;0
50;2025-11-21;4;3
50;2025-11-21;5;67
50;2025-11-21;6;506
50;2025-11-21;7;1702
50;2025-11-21;8;2693
50;2025-11-21;9;2063
50;2025-11-21;10;1468
50;2025-11-21;11;1485
50;2025-11-21;12;1404
50;2025-11-21;13;1488
50;2025-11-21;14;1442
50;2025-11-21;15;1662
50;2025-11-21;16;2195
50;2025-11-21;17;2108
50;2025-11-21;18;1638
50;2025-11-21;19;1227
50;2025-11-21;20;846
50;2025-11-21;21;563
50;2025-11-21;22;269
50;2025-11-21;23;163
50;2025-11-22;0;42
50;2025-11-22;1;4
50;2025-11-22;2;0
50;2025-11-22;3;1
50;2025-11-22;4;0
50;2025-11-22;5;5
50;2025-11-22;6;25
50;2025-11-22;7;62
50;2025-11-22;8;99
50;2025-11-22;9;88
50;2025-11-22;10;62
50;2025-11-22;11;35
50;2025-11-22;12;51
50;2025-11-22;13;38
50;2025-11-22;14;44
50;2025-11-22;15;50
50;2025-11-22;16;33
50;2025-11-22;17;36
50;2025-11-22;18;17
50;2025-11-22;19;12
50;2025-11-22;20;15
50;2025-11-22;21;9
50;2025-11-22;22;7
50;2025-11-22;23;6
50;2025-11-23;0;3
50;2025-11-23;1;0
50;2025-11-23;2;0
50;2025-11-23;3;0
50;2025-11-23;4;0
50;2025-11-23;5;0
50;2025-11-23;6;4
50;2025-11-23;7;4
50;2025-11-23;8;8
50;2025-11-23;9;5
50;2025-11-23;10;12
50;2025-11-23;11;39
50;2025-11-23;12;32
50;2025-11-23;13;37
50;2025-11-23;14;60
50;2025-11-23;15;48
50;2025-11-23;16;58
50;2025-11-23;17;50
50;2025-11-23;18;33
50;2025-11-23;19;33
50;2025-11-23;20;25
50;2025-11-23;21;15
50;2025-11-23;22;18
50;2025-11-23;23;5
50;2025-11-24;0;4
50;2025-11-24;1;2
50;2025-11-24;2;1
50;2025-11-24;3;0
50;2025-11-24;4;3
50;2025-11-24;5;62
50;2025-11-24;6;488
50;2025-11-24;7;1653
50;2025-11-24;8;2753
50;2025-11-24;9;2131
50;2025-11-24;10;1595
50;2025-11-24;11;1426
50;2025-11-24;12;1281
50;2025-11-24;13;1407
50;2025-11-24;14;1369
50;2025-11-24;15;1597
50;2025-11-24;16;1706
50;2025-11-24;17;2191
50;2025-11-24;18;2310
50;2025-11-24;19;1352
50;2025-11-24;20;887
50;2025-11-24;21;601
50;2025-11-24;22;237
50;2025-11-24;23;121
50;2025-11-25;0;22
50;2025-11-25;1;1
50;2025-11-25;2;0
50;2025-11-25;3;0
50;2025-11-25;4;4
50;2025-11-25;5;71
50;2025-11-25;6;522
50;2025-11-25;7;1772
50;2025-11-25;8;2844
50;2025-11-25;9;2194
50;2025-11-25;10;1655
50;2025-11-25;11;1464
50;2025-11-25;12;1392
50;2025-11-25;13;1418
50;2025-11-25;14;1358
50;2025-11-25;15;1615
50;2025-11-25;16;1674
50;2025-11-25;17;2353
50;2025-11-25;18;2353
50;2025-11-25;19;1425
50;2025-11-25;20;909
50;2025-11-25;21;630
50;2025-11-25;22;241
50;2025-11-25;23;136
50;2025-11-26;0;22
50;2025-11-26;1;3
50;2025-11-26;2;0
50;2025-11-26;3;0
50;2025-11-26;4;3
50;2025-11-26;5;74
50;2025-11-26;6;550
50;2025-11-26;7;1798
50;2025-11-26;8;2827
50;2025-11-26;9;2138
50;2025-11-26;10;1724
50;2025-11-26;11;1590
50;2025-11-26;12;1495
50;2025-11-26;13;1500
50;2025-11-26;14;1476
50;2025-11-26;15;1688
50;2025-11-26;16;1764
50;2025-11-26;17;2396
50;2025-11-26;18;2457
50;2025-11-26;19;1526
50;2025-11-26;20;949
50;2025-11-26;21;642
50;2025-11-26;22;271
50;2025-11-26;23;153
50;2025-11-27;0;35
50;2025-11-27;1;2
50;2025-11-27;2;0
50;2025-11-27;3;0
50;2025-11-27;4;3
50;2025-11-27;5;66
50;2025-11-27;6;471
50;2025-11-27;7;1677
50;2025-11-27;8;2649
50;2025-11-27;9;2056
50;2025-11-27;10;1624
50;2025-11-27;11;1449
50;2025-11-27;12;1421
50;2025-11-27;13;1427
50;2025-11-27;14;1409
50;2025-11-27;15;1563
50;2025-11-27;16;1579
50;2025-11-27;17;2228
50;2025-11-27;18;2354
50;2025-11-27;19;1354
50;2025-11-27;20;910
50;2025-11-27;21;674
50;2025-11-27;22;265
50;2025-11-27;23;153
50;2025-11-28;0;32
50;2025-11-28;1;2
50;2025-11-28;2;0
50;2025-11-28;3;0
50;2025-11-28;4;3
50;2025-11-28;5;67
50;2025-11-28;6;506
50;2025-11-28;7;1702
50;2025-11-28;8;2693
50;2025-11-28;9;2063
50;2025-11-28;10;1468
50;2025-11-28;11;1485
50;2025-11-28;12;1404
50;2025-11-28;13;1488
50;2025-11-28;14;1442
50;2025-11-28;15;1662
50;2025-11-28;16;2195
50;2025-11-28;17;2108
50;2025-11-28;18;1638
50;2025-11-28;19;1227
50;2025-11-28;20;846
50;2025-11-28;21;563
50;2025-11-28;22;269
50;2025-11-28;23;163
50;2025-11-29;0;42
50;2025-11-29;1;4
50;2025-11-29;2;0
50;2025-11-29;3;1
50;2025-11-29;4;0
50;2025-11-29;5;5
50;2025-11-29;6;25
50;2025-11-29;7;62
50;2025-11-29;8;99
50;2025-11-29;9;88
50;2025-11-29;10;62
50;2025-11-29;11;35
50;2025-11-29;12;51
50;2025-11-29;13;38
50;2025-11-29;14;44
50;2025-11-29;15;50
50;2025-11-29;16;33
50;2025-11-29;17;36
50;2025-11-29;18;17
50;2025-11-29;19;12
50;2025-11-29;20;15
50;2025-11-29;21;9
50;2025-11-29;22;7
50;2025-11-29;23;6
50;2025-11-30;0;3
50;2025-11-30;1;0
50;2025-11-30;2;0
50;2025-11-30;3;0
50;2025-11-30;4;0
50;2025-11-30;5;0
50;2025-11-30;6;4
50;2025-11-30;7;4
50;2025-11-30;8;8
50;2025-11-30;9;5
50;2025-11-30;10;12
50;2025-11-30;11;39
50;2025-11-30;12;32
50;2025-11-30;13;37
50;2025-11-30;14;60
50;2025-11-30;15;48
50;2025-11-30;16;58
50;2025-11-30;17;50
50;2025-11-30;18;33
50;2025-11-30;19;33
50;2025-11-30;20;25
50;2025-11-30;21;15
50;2025-11-30;22;18
50;2025-11-30;23;5
50;2025-12-01;0;4
50;2025-12-01;1;2
50;2025-12-01;2;1
50;2025-12-01;3;0
50;2025-12-01;4;3
50;2025-12-01;5;62
50;2025-12-01;6;488
50;2025-12-01;7;1653
50;2025-12-01;8;2753
50;2025-12-01;9;2131
50;2025-12-01;10;1595
50;2025-12-01;11;1426
50;2025-12-01;12;1281
50;2025-12-01;13;1407
50;2025-12-01;14;1369
50;2025-12-01;15;1597
50;2025-12-01;16;1706
50;2025-12-01;17;2191
50;2025-12-01;18;2310
50;2025-12-01;19;1352
50;2025-12-01;20;887
50;2025-12-01;21;601
50;2025-12-01;22;237
50;2025-12-01;23;121
50;2025-12-02;0;22
50;2025-12-02;1;1
50;2025-12-02;2;0
50;2025-12-02;3;0
50;2025-12-02;4;4
50;2025-12-02;5;71
50;2025-12-02;6;522
50;2025-12-02;7;1772
50;2025-12-02;8;2844
50;2025-12-02;9;2194
50;2025-12-02;10;1655
50;2025-12-02;11;1464
50;2025-12-02;12;1392
50;2025-12-02;13;1418
50;2025-12-02;14;1358
50;2025-12-02;15;1615
50;2025-12-02;16;1674
50;2025-12-02;17;2353
50;2025-12-02;18;2353
50;2025-12-02;19;1425
50;2025-12-02;20;909
50;2025-12-02;21;630
50;2025-12-02;22;241
50;2025-12-02;23;136
50;2025-12-03;0;22
50;2025-12-03;1;3
50;2025-12-03;2;0
50;2025-12-03;3;0
50;2025-12-03;4;3
50;2025-12-03;5;74
50;2025-12-03;6;550
50;2025-12-03;7;1798
50;2025-12-03;8;2827
50;2025-12-03;9;2138
50;2025-12-03;10;1724
50;2025-12-03;11;1590
50;2025-12-03;12;1495
50;2025-12-03;13;1500
50;2025-12-03;14;1476
50;2025-12-03;15;1688
50;2025-12-03;16;1764
50;2025-12-03;17;2396
50;2025-12-03;18;2457
50;2025-12-03;19;1526
50;2025-12-03;20;949
50;2025-12-03;21;642
50;2025-12-03;22;271
50;2025-12-03;23;153
50;2025-12-04;0;35
50;2025-12-04;1;2
50;2025-12-04;2;0
50;2025-12-04;3;0
50;2025-12-04;4;3
50;2025-12-04;5;66
50;2025-12-04;6;471
50;2025-12-04;7;1677
50;2025-12-04;8;2649
50;2025-12-04;9;2056
50;2025-12-04;10;1624
50;2025-12-04;11;1449
50;2025-12-04;12;1421
50;2025-12-04;13;1427
50;2025-12-04;14;1409
50;2025-12-04;15;1563
50;2025-12-04;16;1579
50;2025-12-04;17;2228
50;2025-12-04;18;2354
50;2025-12-04;19;1354
50;2025-12-04;20;910
50;2025-12-04;21;674
50;2025-12-04;22;265
50;2025-12-04;23;153
50;2025-12-05;0;32
50;2025-12-05;1;2
50;2025-12-05;2;0
50;2025-12-05;3;0
50;2025-12-05;4;3
50;2025-12-05;5;67
50;2025-12-05;6;506
50;2025-12-05;7;1702
50;2025-12-05;8;2693
50;2025-12-05;9;2063
50;2025-12-05;10;1468
50;2025-12-05;11;1485
50;2025-12-05;12;1404
50;2025-12-05;13;1488
50;2025-12-05;14;1442
50;2025-12-05;15;1662
50;2025-12-05;16;2195
50;2025-12-05;17;2108
50;2025-12-05;18;1638
50;2025-12-05;19;1227
50;2025-12-05;20;846
50;2025-12-05;21;563
50;2025-12-05;22;269
50;2025-12-05;23;163
50;2025-12-06;0;42
50;2025-12-06;1;4
50;2025-12-06;2;0
50;2025-12-06;3;1
50;2025-12-06;4;0
50;2025-12-06;5;5
50;2025-12-06;6;25
50;2025-12-06;7;62
50;2025-12-06;8;99
50;2025-12-06;9;88
50;2025-12-06;10;62
50;2025-12-06;11;35
50;2025-12-06;12;51
50;2025-12-06;13;38
50;2025-12-06;14;44
50;2025-12-06;15;50
50;2025-12-06;16;33
50;2025-12-06;17;36
50;2025-12-06;18;17
50;2025-12-06;19;12
50;2025-12-06;20;15
50;2025-12-06;21;9
50;2025-12-06;22;7
50;2025-12-06;23;6
50;2025-12-07;0;3
50;2025-12-07;1;0
50;2025-12-07;2;0
50;2025-12-07;3;0
50;2025-12-07;4;0
50;2025-12-07;5;0
50;2025-12-07;6;4
50;2025-12-07;7;4
50;2025-12-07;8;8
50;2025-12-07;9;5
50;2025-12-07;10;12
50;2025-12-07;11;39
50;2025-12-07;12;32
50;2025-12-07;13;37
50;2025-12-07;14;60
50;2025-12-07;15;48
50;2025-12-07;16;58
50;2025-12-07;17;50
50;2025-12-07;18;33
50;2025-12-07;19;33
50;2025-12-07;20;25
50;2025-12-07;21;15
50;2025-12-07;22;18
50;2025-12-07;23;5
50;2025-12-08;0;4
50;2025-12-08;1;2
50;2025-12-08;2;1
50;2025-12-08;3;0
50;2025-12-08;4;3
50;2025-12-08;5;62
50;2025-12-08;6;488
50;2025-12-08;7;1653
50;2025-12-08;8;2753
50;2025-12-08;9;2131
50;2025-12-08;10;1595
50;2025-12-08;11;1426
50;2025-12-08;12;1281
50;2025-12-08;13;1407
50;2025-12-08;14;1369
50;2025-12-08;15;1597
50;2025-12-08;16;1706
50;2025-12-08;17;2191
50;2025-12-08;18;2310
50;2025-12-08;19;1352
50;2025-12-08;20;887
50;2025-12-08;21;601
50;2025-12-08;22;237
50;2025-12-08;23;121
50;2025-12-09;0;22
50;2025-12-09;1;1
50;2025-12-09;2;0
50;2025-12-09;3;0
50;2025-12-09;4;4
50;2025-12-09;5;71
50;2025-12-09;6;522
50;2025-12-09;7;1772
50;2025-12-09;8;2844
50;2025-12-09;9;2194
50;2025-12-09;10;1655
50;2025-12-09;11;1464
50;2025-12-09;12;1392
50;2025-12-09;13;1418
50;2025-12-09;14;1358
50;2025-12-09;15;1615
50;2025-12-09;16;1674
50;2025-12-09;17;2353
50;2025-12-09;18;2353
50;2025-12-09;19;1425
50;2025-12-09;20;909
50;2025-12-09;21;630
50;2025-12-09;22;241
50;2025-12-09;23;136
50;2025-12-10;0;22
50;2025-12-10;1;3
50;2025-12-10;2;0
50;2025-12-10;3;0
50;2025-12-10;4;3
50;2025-12-10;5;74
50;2025-12-10;6;550
50;2025-12-10;7;1798
50;2025-12-10;8;2827
50;2025-12-10;9;2138
50;2025-12-10;10;1724
50;2025-12-10;11;1590
50;2025-12-10;12;1495
50;2025-12-10;13;1500
50;2025-12-10;14;1476
50;2025-12-10;15;1688
50;2025-12-10;16;1764
50;2025-12-10;17;2396
50;2025-12-10;18;2457
50;2025-12-10;19;1526
50;2025-12-10;20;949
50;2025-12-10;21;642
50;2025-12-10;22;271
50;2025-12-10;23;153
50;2025-12-11;0;35
50;2025-12-11;1;2
50;2025-12-11;2;0
50;2025-12-11;3;0
50;2025-12-11;4;3
50;2025-12-11;5;66
50;2025-12-11;6;471
50;2025-12-11;7;1677
50;2025-12-11;8;2649
50;2025-12-11;9;2056
50;2025-12-11;10;1624
50;2025-12-11;11;1449
50;2025-12-11;12;1421
50;2025-12-11;13;1427
50;2025-12-11;14;1409
50;2025-12-11;15;1563
50;2025-12-11;16;1579
50;2025-12-11;17;2228
50;2025-12-11;18;2354
50;2025-12-11;19;1354
50;2025-12-11;20;910
50;2025-12-11;21;674
50;2025-12-11;22;265
50;2025-12-11;23;153
50;2025-12-12;0;32
50;2025-12-12;1;2
50;2025-12-12;2;0
50;2025-12-12;3;0
50;2025-12-12;4;3
50;2025-12-12;5;67
50;2025-12-12;6;506
50;2025-12-12;7;1702
50;2025-12-12;8;2693
50;2025-12-12;9;2063
50;2025-12-12;10;1468
50;2025-12-12;11;1485
50;2025-12-12;12;1404
50;2025-12-12;13;1488
50;2025-12-12;14;1442
50;2025-12-12;15;1662
50;2025-12-12;16;2195
50;2025-12-12;17;2108
50;2025-12-12;18;1638
50;2025-12-12;19;1227
50;2025-12-12;20;846
50;2025-12-12;21;563
50;2025-12-12;22;269
50;2025-12-12;23;163
50;2025-12-13;0;42
50;2025-12-13;1;4
50;2025-12-13;2;0
50;2025-12-13;3;1
50;2025-12-13;4;0
50;2025-12-13;5;5
50;2025-12-13;6;25
50;2025-12-13;7;62
50;2025-12-13;8;99
50;2025-12-13;9;88
50;2025-12-13;10;62
50;2025-12-13;11;35
50;2025-12-13;12;51
50;2025-12-13;13;38
50;2025-12-13;14;44
50;2025-12-13;15;50
50;2025-12-13;16;33
50;2025-12-13;17;36
50;2025-12-13;18;17
50;2025-12-13;19;12
50;2025-12-13;20;15
50;2025-12-13;21;9
50;2025-12-13;22;7
50;2025-12-13;23;6
50;2025-12-14;0;3
50;2025-12-14;1;0
50;2025-12-14;2;0
50;2025-12-14;3;0
50;2025-12-14;4;0
50;2025-12-14;5;0
50;2025-12-14;6;4
50;2025-12-14;7;4
50;2025-12-14;8;8
50;2025-12-14;9;5
50;2025-12-14;10;12
50;2025-12-14;11;39
50;2025-12-14;12;32
50;2025-12-14;13;37
50;2025-12-14;14;60
50;2025-12-14;15;48
50;2025-12-14;16;58
50;2025-12-14;17;50
50;2025-12-14;18;33
50;2025-12-14;19;33
50;2025-12-14;20;25
50;2025-12-14;21;15
50;2025-12-14;22;18
50;2025-12-14;23;5
50;2025-12-15;0;4
50;2025-12-15;1;2
50;2025-12-15;2;1
50;2025-12-15;3;0
50;2025-12-15;4;3
50;2025-12-15;5;62
50;2025-12-15;6;488
50;2025-12-15;7;1653
50;2025-12-15;8;2753
50;2025-12-15;9;2131
50;2025-12-15;10;1595
50;2025-12-15;11;1426
50;2025-12-15;12;1281
50;2025-12-15;13;1407
50;2025-12-15;14;1369
50;2025-12-15;15;1597
50;2025-12-15;16;1706
50;2025-12-15;17;2191
50;2025-12-15;18;2310
50;2025-12-15;19;1352
50;2025-12-15;20;887
50;2025-12-15;21;601
50;2025-12-15;22;237
50;2025-12-15;23;121
50;2025-12-16;0;22
50;2025-12-16;1;1
50;2025-12-16;2;0
50;2025-12-16;3;0
50;2025-12-16;4;4
50;2025-12-16;5;71
50;2025-12-16;6;522
50;2025-12-16;7;1772
50;2025-12-16;8;2844
50;2025-12-16;9;2194
50;2025-12-16;10;1655
50;2025-12-16;11;1464
50;2025-12-16;12;1392
50;2025-12-16;13;1418
50;2025-12-16;14;1358
50;2025-12-16;15;1615
50;2025-12-16;16;1674
50;2025-12-16;17;2353
50;2025-12-16;18;2353
50;2025-12-16;19;1425
50;2025-12-16;20;909
50;2025-12-16;21;630
50;2025-12-16;22;241
50;2025-12-16;23;136
50;2025-12-17;0;22
50;2025-12-17;1;3
50;2025-12-17;2;0
50;2025-12-17;3;0
50;2025-12-17;4;3
50;2025-12-17;5;74
50;2025-12-17;6;550
50;2025-12-17;7;1798
50;2025-12-17;8;2827
50;2025-12-17;9;2138
50;2025-12-17;10;1724
50;2025-12-17;11;1590
50;2025-12-17;12;1495
50;2025-12-17;13;1500
50;2025-12-17;14;1476
50;2025-12-17;15;1688
50;2025-12-17;16;1764
50;2025-12-17;17;2396
50;2025-12-17;18;2457
50;2025-12-17;19;1526
50;2025-12-17;20;949
50;2025-12-17;21;642
50;2025-12-17;22;271
50;2025-12-17;23;153
50;2025-12-18;0;35
50;2025-12-18;1;2
50;2025-12-18;2;0
50;2025-12-18;3;0
50;2025-12-18;4;3
50;2025-12-18;5;66
50;2025-12-18;6;471
50;2025-12-18;7;1677
50;2025-12-18;8;2649
50;2025-12-18;9;2056
50;2025-12-18;10;1624
50;2025-12-18;11;1449
50;2025-12-18;12;1421
50;2025-12-18;13;1427
50;2025-12-18;14;1409
50;2025-12-18;15;1563
50;2025-12-18;16;1579
50;2025-12-18;17;2228
50;2025-12-18;18;2354
50;2025-12-18;19;1354
50;2025-12-18;20;910
50;2025-12-18;21;674
50;2025-12-18;22;265
50;2025-12-18;23;153
50;2025-12-19;0;32
50;2025-12-19;1;2
50;2025-12-19;2;0
50;2025-12-19;3;0
50;2025-12-19;4;3
50;2025-12-19;5;67
50;2025-12-19;6;506
50;2025-12-19;7;1702
50;2025-12-19;8;2693
50;2025-12-19;9;2063
50;2025-12-19;10;1468
50;2025-12-19;11;1485
50;2025-12-19;12;1404
50;2025-12-19;13;1488
50;2025-12-19;14;1442
50;2025-12-19;15;1662
50;2025-12-19;16;2195
50;2025-12-19;17;2108
50;2025-12-19;18;1638
50;2025-12-19;19;1227
50;2025-12-19;20;846
50;2025-12-19;21;563
50;2025-12-19;22;269
50;2025-12-19;23;163
50;2025-12-20;0;42
50;2025-12-20;1;4
50;2025-12-20;2;0
50;2025-12-20;3;1
50;2025-12-20;4;0
50;2025-12-20;5;5
50;2025-12-20;6;25
50;2025-12-20;7;62
50;2025-12-20;8;99
50;2025-12-20;9;88
50;2025-12-20;10;62
50;2025-12-20;11;35
50;2025-12-20;12;51
50;2025-12-20;13;38
50;2025-12-20;14;44
50;2025-12-20;15;50
50;2025-12-20;16;33
50;2025-12-20;17;36
50;2025-12-20;18;17
50;2025-12-20;19;12
50;2025-12-20;20;15
50;2025-12-20;21;9
50;2025-12-20;22;7
50;2025-12-20;23;6
50;2025-12-21;0;3
50;2025-12-21;1;0
50;2025-12-21;2;0
50;2025-12-21;3;0
50;2025-12-21;4;0
50;2025-12-21;5;0
50;2025-12-21;6;4
50;2025-12-21;7;4
50;2025-12-21;8;8
50;2025-12-21;9;5
50;2025-12-21;10;12
50;2025-12-21;11;39
50;2025-12-21;12;32
50;2025-12-21;13;37
50;2025-12-21;14;60
50;2025-12-21;15;48
50;2025-12-21;16;58
50;2025-12-21;17;50
50;2025-12-21;18;33
50;2025-12-21;19;33
50;2025-12-21;20;25
50;2025-12-21;21;15
50;2025-12-21;22;18
50;2025-12-21;23;5
50;2025-12-22;0;4
50;2025-12-22;1;2
50;2025-12-22;2;1
50;2025-12-22;3;0
50;2025-12-22;4;3
50;2025-12-22;5;62
50;2025-12-22;6;488
50;2025-12-22;7;1653
50;2025-12-22;8;2753
50;2025-12-22;9;2131
50;2025-12-22;10;1595
50;2025-12-22;11;1426
50;2025-12-22;12;1281
50;2025-12-22;13;1407
50;2025-12-22;14;1369
50;2025-12-22;15;1597
50;2025-12-22;16;1706
50;2025-12-22;17;2191
50;2025-12-22;18;2310
50;2025-12-22;19;1352
50;2025-12-22;20;887
50;2025-12-22;21;601
50;2025-12-22;22;237
50;2025-12-22;23;121
50;2025-12-23;0;22
50;2025-12-23;1;1
50;2025-12-23;2;0
50;2025-12-23;3;0
50;2025-12-23;4;4
50;2025-12-23;5;71
50;2025-12-23;6;522
50;2025-12-23;7;1772
50;2025-12-23;8;2844
50;2025-12-23;9;2194
50;2025-12-23;10;1655
50;2025-12-23;11;1464
50;2025-12-23;12;1392
50;2025-12-23;13;1418
50;2025-12-23;14;1358
50;2025-12-23;15;1615
50;2025-12-23;16;1674
50;2025-12-23;17;2353
50;2025-12-23;18;2353
50;2025-12-23;19;1425
50;2025-12-23;20;909
50;2025-12-23;21;630
50;2025-12-23;22;241
50;2025-12-23;23;136
50;2025-12-24;0;22
50;2025-12-24;1;3
50;2025-12-24;2;0
50;2025-12-24;3;0
50;2025-12-24;4;3
50;2025-12-24;5;74
50;2025-12-24;6;550
50;2025-12-24;7;1798
50;2025-12-24;8;2827
50;2025-12-24;9;2138
50;2025-12-24;10;1724
50;2025-12-24;11;1590
50;2025-12-24;12;1495
50;2025-12-24;13;1500
50;2025-12-24;14;1476
50;2025-12-24;15;1688
50;2025-12-24;16;1764
50;2025-12-24;17;2396
50;2025-12-24;18;2457
50;2025-12-24;19;1526
50;2025-12-24;20;949
50;2025-12-24;21;642
50;2025-12-24;22;271
50;2025-12-24;23;153
50;2025-12-25;0;35
50;2025-12-25;1;2
50;2025-12-25;2;0
50;2025-12-25;3;0
50;2025-12-25;4;3
50;2025-12-25;5;66
50;2025-12-25;6;471
50;2025-12-25;7;1677
50;2025-12-25;8;2649
50;2025-12-25;9;2056
50;2025-12-25;10;1624
50;2025-12-25;11;1449
50;2025-12-25;12;1421
50;2025-12-25;13;1427
50;2025-12-25;14;1409
50;2025-12-25;15;1563
50;2025-12-25;16;1579
50;2025-12-25;17;2228
50;2025-12-25;18;2354
50;2025-12-25;19;1354
50;2025-12-25;20;910
50;2025-12-25;21;674
50;2025-12-25;22;265
50;2025-12-25;23;153
50;2025-12-26;0;32
50;2025-12-26;1;2
50;2025-12-26;2;0
50;2025-12-26;3;0
50;2025-12-26;4;3
50;2025-12-26;5;67
50;2025-12-26;6;506
50;2025-12-26;7;1702
50;2025-12-26;8;2693
50;2025-12-26;9;2063
50;2025-12-26;10;1468
50;2025-12-26;11;1485
50;2025-12-26;12;1404
50;2025-12-26;13;1488
50;2025-12-26;14;1442
50;2025-12-26;15;1662
50;2025-12-26;16;2195
50;2025-12-26;17;2108
50;2025-12-26;18;1638
50;2025-12-26;19;1227
50;2025-12-26;20;846
50;2025-12-26;21;563
50;2025-12-26;22;269
50;2025-12-26;23;163
50;2025-12-27;0;42
50;2025-12-27;1;4
50;2025-12-27;2;0
50;2025-12-27;3;1
50;2025-12-27;4;0
50;2025-12-27;5;5
50;2025-12-27;6;25
50;2025-12-27;7;62
50;2025-12-27;8;99
50;2025-12-27;9;88
50;2025-12-27;10;62
50;2025-12-27;11;35
50;2025-12-27;12;51
50;2025-12-27;13;38
50;2025-12-27;14;44
50;2025-12-27;15;50
50;2025-12-27;16;33
50;2025-12-27;17;36
50;2025-12-27;18;17
50;2025-12-27;19;12
50;2025-12-27;20;15
50;2025-12-27;21;9
50;2025-12-27;22;7
50;2025-12-27;23;6
50;2025-12-28;0;3
50;2025-12-28;1;0
50;2025-12-28;2;0
50;2025-12-28;3;0
50;2025-12-28;4;0
50;2025-12-28;5;0
50;2025-12-28;6;4
50;2025-12-28;7;4
50;2025-12-28;8;8
50;2025-12-28;9;5
50;2025-12-28;10;12
50;2025-12-28;11;39
50;2025-12-28;12;32
50;2025-12-28;13;37
50;2025-12-28;14;60
50;2025-12-28;15;48
50;2025-12-28;16;58
50;2025-12-28;17;50
50;2025-12-28;18;33
50;2025-12-28;19;33
50;2025-12-28;20;25
50;2025-12-28;21;15
50;2025-12-28;22;18
50;2025-12-28;23;5
50;2025-12-29;0;4
50;2025-12-29;1;2
50;2025-12-29;2;1
50;2025-12-29;3;0
50;2025-12-29;4;3
50;2025-12-29;5;62
50;2025-12-29;6;488
50;2025-12-29;7;1653
50;2025-12-29;8;2753
50;2025-12-29;9;2131
50;2025-12-29;10;1595
50;2025-12-29;11;1426
50;2025-12-29;12;1281
50;2025-12-29;13;1407
50;2025-12-29;14;1369
50;2025-12-29;15;1597
50;2025-12-29;16;1706
50;2025-12-29;17;2191
50;2025-12-29;18;2310
50;2025-12-29;19;1352
50;2025-12-29;20;887
50;2025-12-29;21;601
50;2025-12-29;22;237
50;2025-12-29;23;121
50;2025-12-30;0;22
50;2025-12-30;1;1
50;2025-12-30;2;0
50;2025-12-30;3;0
50;2025-12-30;4;4
50;2025-12-30;5;71
50;2025-12-30;6;522
50;2025-12-30;7;1772
50;2025-12-30;8;2844
50;2025-12-30;9;2194
50;2025-12-30;10;1655
50;2025-12-30;11;1464
50;2025-12-30;12;1392
50;2025-12-30;13;1418
50;2025-12-30;14;1358
50;2025-12-30;15;1615
50;2025-12-30;16;1674
50;2025-12-30;17;2353
50;2025-12-30;18;2353
50;2025-12-30;19;1425
50;2025-12-30;20;909
50;2025-12-30;21;630
50;2025-12-30;22;241
50;2025-12-30;23;136
50;2025-12-31;0;22
50;2025-12-31;1;3
50;2025-12-31;2;0
50;2025-12-31;3;0
50;2025-12-31;4;3
50;2025-12-31;5;74
50;2025-12-31;6;550
50;2025-12-31;7;1798
50;2025-12-31;8;2827
50;2025-12-31;9;2138
50;2025-12-31;10;1724
50;2025-12-31;11;1590
50;2025-12-31;12;1495
50;2025-12-31;13;1500
50;2025-12-31;14;1476
50;2025-12-31;15;1688
50;2025-12-31;16;1764
50;2025-12-31;17;2396
50;2025-12-31;18;2457
50;2025-12-31;19;1526
50;2025-12-31;20;949
50;2025-12-31;21;642
50;2025-12-31;22;271
50;2025-12-31;23;153
