schedule_date,route_id,direction,stop_order,source_stop_key,stop_name,time_msk,source_id
2025-07-29,7,0,1,2,"Метро ""Бульвар Рокоссовского""",00:06,official-route7-2025-07-29
2025-07-29,7,0,1,2,"Метро ""Бульвар Рокоссовского""",00:27,official-route7-2025-07-29
2025-07-29,7,0,1,2,"Метро ""Бульвар Рокоссовского""",00:45,official-route7-2025-07-29
2025-07-29,7,0,1,2,"Метро ""Бульвар Рокоссовского""",05:01,official-route7-2025-07-29
2025-07-29,7,0,1,2,"Метро ""Бульвар Рокоссовского""",05:21,official-route7-2025-07-29
2025-07-29,7,0,1,2,"Метро ""Бульвар Рокоссовского""",05:41,official-route7-2025-07-29
2025-07-29,7,0,1,2,"Метро ""Бульвар Рокоссовского""",05:57,official-route7-2025-07-29
2025-07-29,7,0,1,2,"Метро ""Бульвар Рокоссовского""",06:11,official-route7-2025-07-29
2025-07-29,7,0,1,2,"Метро ""Бульвар Рокоссовского""",06:21,official-route7-2025-07-29
2025-07-29,7,0,1,2,"Метро ""Бульвар Рокоссовского""",06:31,official-route7-2025-07-29
2025-07-29,7,0,1,2,"Метро ""Бульвар Рокоссовского""",06:41,official-route7-2025-07-29
2025-07-29,7,0,1,2,"Метро ""Бульвар Рокоссовского""",06:50,official-route7-2025-07-29
2025-07-29,7,0,1,2,"Метро ""Бульвар Рокоссовского""",07:00,official-route7-2025-07-29
2025-07-29,7,0,1,2,"Метро ""Бульвар Рокоссовского""",07:08,official-route7-2025-07-29
2025-07-29,7,0,1,2,"Метро ""Бульвар Рокоссовского""",07:19,official-route7-2025-07-29
2025-07-29,7,0,1,2,"Метро ""Бульвар Рокоссовского""",07:29,official-route7-2025-07-29
2025-07-29,7,0,1,2,"Метро ""Бульвар Рокоссовского""",07:40,official-route7-2025-07-29
2025-07-29,7,0,1,2,"Метро ""Бульвар Рокоссовского""",07:50,official-route7-2025-07-29
2025-07-29,7,0,1,2,"Метро ""Бульвар Рокоссовского""",08:01,official-route7-2025-07-29
2025-07-29,7,0,1,2,"Метро ""Бульвар Рокоссовского""",08:11,official-route7-2025-07-29
2025-07-29,7,0,1,2,"Метро ""Бульвар Рокоссовского""",08:20,official-route7-2025-07-29
2025-07-29,7,0,1,2,"Метро ""Бульвар Рокоссовского""",08:31,official-route7-2025-07-29
2025-07-29,7,0,1,2,"Метро ""Бульвар Рокоссовского""",08:42,official-route7-2025-07-29
2025-07-29,7,0,1,2,"Метро ""Бульвар Рокоссовского""",08:52,official-route7-2025-07-29
2025-07-29,7,0,1,2,"Метро ""Бульвар Рокоссовского""",09:01,official-route7-2025-07-29
2025-07-29,7,0,1,2,"Метро ""Бульвар Рокоссовского""",09:12,official-route7-2025-07-29
2025-07-29,7,0,1,2,"Метро ""Бульвар Рокоссовского""",09:26,official-route7-2025-07-29
2025-07-29,7,0,1,2,"Метро ""Бульвар Рокоссовского""",09:36,official-route7-2025-07-29
2025-07-29,7,0,1,2,"Метро ""Бульвар Рокоссовского""",09:47,official-route7-2025-07-29
2025-07-29,7,0,1,2,"Метро ""Бульвар Рокоссовского""",09:59,official-route7-2025-07-29
2025-07-29,7,0,1,2,"Метро ""Бульвар Рокоссовского""",10:08,official-route7-2025-07-29
2025-07-29,7,0,1,2,"Метро ""Бульвар Рокоссовского""",10:18,official-route7-2025-07-29
2025-07-29,7,0,1,2,"Метро ""Бульвар Рокоссовского""",10:28,official-route7-2025-07-29
2025-07-29,7,0,1,2,"Метро ""Бульвар Рокоссовского""",10:38,official-route7-2025-07-29
2025-07-29,7,0,1,2,"Метро ""Бульвар Рокоссовского""",10:48,official-route7-2025-07-29
2025-07-29,7,0,1,2,"Метро ""Бульвар Рокоссовского""",10:58,official-route7-2025-07-29
2025-07-29,7,0,1,2,"Метро ""Бульвар Рокоссовского""",11:08,official-route7-2025-07-29
2025-07-29,7,0,1,2,"Метро ""Бульвар Рокоссовского""",11:18,official-route7-2025-07-29
2025-07-29,7,0,1,2,"Метро ""Бульвар Рокоссовского""",11:28,official-route7-2025-07-29
2025-07-29,7,0,1,2,"Метро ""Бульвар Рокоссовского""",11:40,official-route7-2025-07-29
2025-07-29,7,0,1,2,"Метро ""Бульвар Рокоссовского""",11:51,official-route7-2025-07-29
2025-07-29,7,0,1,2,"Метро ""Бульвар Рокоссовского""",12:02,official-route7-2025-07-29
2025-07-29,7,0,1,2,"Метро ""Бульвар Рокоссовского""",12:13,official-route7-2025-07-29
2025-07-29,7,0,1,2,"Метро ""Бульвар Рокоссовского""",12:24,official-route7-2025-07-29
2025-07-29,7,0,1,2,"Метро ""Бульвар Рокоссовского""",12:35,official-route7-2025-07-29
2025-07-29,7,0,1,2,"Метро ""Бульвар Рокоссовского""",12:44,official-route7-2025-07-29
2025-07-29,7,0,1,2,"Метро ""Бульвар Рокоссовского""",12:54,official-route7-2025-07-29
2025-07-29,7,0,1,2,"Метро ""Бульвар Рокоссовского""",13:04,official-route7-2025-07-29
2025-07-29,7,0,1,2,"Метро ""Бульвар Рокоссовского""",13:16,official-route7-2025-07-29
2025-07-29,7,0,1,2,"Метро ""Бульвар Рокоссовского""",13:24,official-route7-2025-07-29
2025-07-29,7,0,1,2,"Метро ""Бульвар Рокоссовского""",13:34,official-route7-2025-07-29
2025-07-29,7,0,1,2,"Метро ""Бульвар Рокоссовского""",13:44,official-route7-2025-07-29
2025-07-29,7,0,1,2,"Метро ""Бульвар Рокоссовского""",13:54,official-route7-2025-07-29
2025-07-29,7,0,1,2,"Метро ""Бульвар Рокоссовского""",14:05,official-route7-2025-07-29
2025-07-29,7,0,1,2,"Метро ""Бульвар Рокоссовского""",14:16,official-route7-2025-07-29
2025-07-29,7,0,1,2,"Метро ""Бульвар Рокоссовского""",14:27,official-route7-2025-07-29
2025-07-29,7,0,1,2,"Метро ""Бульвар Рокоссовского""",14:38,official-route7-2025-07-29
2025-07-29,7,0,1,2,"Метро ""Бульвар Рокоссовского""",14:49,official-route7-2025-07-29
2025-07-29,7,0,1,2,"Метро ""Бульвар Рокоссовского""",15:00,official-route7-2025-07-29
2025-07-29,7,0,1,2,"Метро ""Бульвар Рокоссовского""",15:08,official-route7-2025-07-29
2025-07-29,7,0,1,2,"Метро ""Бульвар Рокоссовского""",15:20,official-route7-2025-07-29
2025-07-29,7,0,1,2,"Метро ""Бульвар Рокоссовского""",15:32,official-route7-2025-07-29
2025-07-29,7,0,1,2,"Метро ""Бульвар Рокоссовского""",15:42,official-route7-2025-07-29
2025-07-29,7,0,1,2,"Метро ""Бульвар Рокоссовского""",15:52,official-route7-2025-07-29
2025-07-29,7,0,1,2,"Метро ""Бульвар Рокоссовского""",16:02,official-route7-2025-07-29
2025-07-29,7,0,1,2,"Метро ""Бульвар Рокоссовского""",16:12,official-route7-2025-07-29
2025-07-29,7,0,1,2,"Метро ""Бульвар Рокоссовского""",16:20,official-route7-2025-07-29
2025-07-29,7,0,1,2,"Метро ""Бульвар Рокоссовского""",16:32,official-route7-2025-07-29
2025-07-29,7,0,1,2,"Метро ""Бульвар Рокоссовского""",16:42,official-route7-2025-07-29
2025-07-29,7,0,1,2,"Метро ""Бульвар Рокоссовского""",16:52,official-route7-2025-07-29
2025-07-29,7,0,1,2,"Метро ""Бульвар Рокоссовского""",17:03,official-route7-2025-07-29
2025-07-29,7,0,1,2,"Метро ""Бульвар Рокоссовского""",17:14,official-route7-2025-07-29
2025-07-29,7,0,1,2,"Метро ""Бульвар Рокоссовского""",17:22,official-route7-2025-07-29
2025-07-29,7,0,1,2,"Метро ""Бульвар Рокоссовского""",17:29,official-route7-2025-07-29
2025-07-29,7,0,1,2,"Метро ""Бульвар Рокоссовского""",17:35,official-route7-2025-07-29
2025-07-29,7,0,1,2,"Метро ""Бульвар Рокоссовского""",17:42,official-route7-2025-07-29
2025-07-29,7,0,1,2,"Метро ""Бульвар Рокоссовского""",17:49,official-route7-2025-07-29
2025-07-29,7,0,1,2,"Метро ""Бульвар Рокоссовского""",17:56,official-route7-2025-07-29
2025-07-29,7,0,1,2,"Метро ""Бульвар Рокоссовского""",18:03,official-route7-2025-07-29
2025-07-29,7,0,1,2,"Метро ""Бульвар Рокоссовского""",18:10,official-route7-2025-07-29
2025-07-29,7,0,1,2,"Метро ""Бульвар Рокоссовского""",18:16,official-route7-2025-07-29
2025-07-29,7,0,1,2,"Метро ""Бульвар Рокоссовского""",18:24,official-route7-2025-07-29
2025-07-29,7,0,1,2,"Метро ""Бульвар Рокоссовского""",18:32,official-route7-2025-07-29
2025-07-29,7,0,1,2,"Метро ""Бульвар Рокоссовского""",18:40,official-route7-2025-07-29
2025-07-29,7,0,1,2,"Метро ""Бульвар Рокоссовского""",18:49,official-route7-2025-07-29
2025-07-29,7,0,1,2,"Метро ""Бульвар Рокоссовского""",18:59,official-route7-2025-07-29
2025-07-29,7,0,1,2,"Метро ""Бульвар Рокоссовского""",19:09,official-route7-2025-07-29
2025-07-29,7,0,1,2,"Метро ""Бульвар Рокоссовского""",19:20,official-route7-2025-07-29
2025-07-29,7,0,1,2,"Метро ""Бульвар Рокоссовского""",19:29,official-route7-2025-07-29
2025-07-29,7,0,1,2,"Метро ""Бульвар Рокоссовского""",19:39,official-route7-2025-07-29
2025-07-29,7,0,1,2,"Метро ""Бульвар Рокоссовского""",19:49,official-route7-2025-07-29
2025-07-29,7,0,1,2,"Метро ""Бульвар Рокоссовского""",19:59,official-route7-2025-07-29
2025-07-29,7,0,1,2,"Метро ""Бульвар Рокоссовского""",20:09,official-route7-2025-07-29
2025-07-29,7,0,1,2,"Метро ""Бульвар Рокоссовского""",20:19,official-route7-2025-07-29
2025-07-29,7,0,1,2,"Метро ""Бульвар Рокоссовского""",20:29,official-route7-2025-07-29
2025-07-29,7,0,1,2,"Метро ""Бульвар Рокоссовского""",20:40,official-route7-2025-07-29
2025-07-29,7,0,1,2,"Метро ""Бульвар Рокоссовского""",20:50,official-route7-2025-07-29
2025-07-29,7,0,1,2,"Метро ""Бульвар Рокоссовского""",21:00,official-route7-2025-07-29
2025-07-29,7,0,1,2,"Метро ""Бульвар Рокоссовского""",21:10,official-route7-2025-07-29
2025-07-29,7,0,1,2,"Метро ""Бульвар Рокоссовского""",21:20,official-route7-2025-07-29
2025-07-29,7,0,1,2,"Метро ""Бульвар Рокоссовского""",21:31,official-route7-2025-07-29
2025-07-29,7,0,1,2,"Метро ""Бульвар Рокоссовского""",21:40,official-route7-2025-07-29
2025-07-29,7,0,1,2,"Метро ""Бульвар Рокоссовского""",21:51,official-route7-2025-07-29
2025-07-29,7,0,1,2,"Метро ""Бульвар Рокоссовского""",22:01,official-route7-2025-07-29
2025-07-29,7,0,1,2,"Метро ""Бульвар Рокоссовского""",22:11,official-route7-2025-07-29
2025-07-29,7,0,1,2,"Метро ""Бульвар Рокоссовского""",22:23,official-route7-2025-07-29
2025-07-29,7,0,1,2,"Метро ""Бульвар Рокоссовского""",22:39,official-route7-2025-07-29
2025-07-29,7,0,1,2,"Метро ""Бульвар Рокоссовского""",22:57,official-route7-2025-07-29
2025-07-29,7,0,1,2,"Метро ""Бульвар Рокоссовского""",23:12,official-route7-2025-07-29
2025-07-29,7,0,1,2,"Метро ""Бульвар Рокоссовского""",23:29,official-route7-2025-07-29
2025-07-29,7,0,1,2,"Метро ""Бульвар Рокоссовского""",23:50,official-route7-2025-07-29
2025-07-29,7,0,1,2,"Метро ""Бульвар Рокоссовского""",00:06,official-route7-2025-07-29
2025-07-29,7,0,1,2,"Метро ""Бульвар Рокоссовского""",00:27,official-route7-2025-07-29
2025-07-29,7,0,1,2,"Метро ""Бульвар Рокоссовского""",00:45,official-route7-2025-07-29
2025-07-29,7,0,2,3,5-й пр. Подбельского,00:07,official-route7-2025-07-29
2025-07-29,7,0,2,3,5-й пр. Подбельского,00:28,official-route7-2025-07-29
2025-07-29,7,0,2,3,5-й пр. Подбельского,00:46,official-route7-2025-07-29
2025-07-29,7,0,2,3,5-й пр. Подбельского,05:02,official-route7-2025-07-29
2025-07-29,7,0,2,3,5-й пр. Подбельского,05:22,official-route7-2025-07-29
2025-07-29,7,0,2,3,5-й пр. Подбельского,05:42,official-route7-2025-07-29
2025-07-29,7,0,2,3,5-й пр. Подбельского,05:58,official-route7-2025-07-29
2025-07-29,7,0,2,3,5-й пр. Подбельского,06:12,official-route7-2025-07-29
2025-07-29,7,0,2,3,5-й пр. Подбельского,06:22,official-route7-2025-07-29
2025-07-29,7,0,2,3,5-й пр. Подбельского,06:32,official-route7-2025-07-29
2025-07-29,7,0,2,3,5-й пр. Подбельского,06:42,official-route7-2025-07-29
2025-07-29,7,0,2,3,5-й пр. Подбельского,06:51,official-route7-2025-07-29
2025-07-29,7,0,2,3,5-й пр. Подбельского,07:01,official-route7-2025-07-29
2025-07-29,7,0,2,3,5-й пр. Подбельского,07:10,official-route7-2025-07-29
2025-07-29,7,0,2,3,5-й пр. Подбельского,07:21,official-route7-2025-07-29
2025-07-29,7,0,2,3,5-й пр. Подбельского,07:31,official-route7-2025-07-29
2025-07-29,7,0,2,3,5-й пр. Подбельского,07:42,official-route7-2025-07-29
2025-07-29,7,0,2,3,5-й пр. Подбельского,07:52,official-route7-2025-07-29
2025-07-29,7,0,2,3,5-й пр. Подбельского,08:03,official-route7-2025-07-29
2025-07-29,7,0,2,3,5-й пр. Подбельского,08:13,official-route7-2025-07-29
2025-07-29,7,0,2,3,5-й пр. Подбельского,08:22,official-route7-2025-07-29
2025-07-29,7,0,2,3,5-й пр. Подбельского,08:33,official-route7-2025-07-29
2025-07-29,7,0,2,3,5-й пр. Подбельского,08:44,official-route7-2025-07-29
2025-07-29,7,0,2,3,5-й пр. Подбельского,08:54,official-route7-2025-07-29
2025-07-29,7,0,2,3,5-й пр. Подбельского,09:03,official-route7-2025-07-29
2025-07-29,7,0,2,3,5-й пр. Подбельского,09:14,official-route7-2025-07-29
2025-07-29,7,0,2,3,5-й пр. Подбельского,09:28,official-route7-2025-07-29
2025-07-29,7,0,2,3,5-й пр. Подбельского,09:38,official-route7-2025-07-29
2025-07-29,7,0,2,3,5-й пр. Подбельского,09:49,official-route7-2025-07-29
2025-07-29,7,0,2,3,5-й пр. Подбельского,10:01,official-route7-2025-07-29
2025-07-29,7,0,2,3,5-й пр. Подбельского,10:10,official-route7-2025-07-29
2025-07-29,7,0,2,3,5-й пр. Подбельского,10:20,official-route7-2025-07-29
2025-07-29,7,0,2,3,5-й пр. Подбельского,10:30,official-route7-2025-07-29
2025-07-29,7,0,2,3,5-й пр. Подбельского,10:40,official-route7-2025-07-29
2025-07-29,7,0,2,3,5-й пр. Подбельского,10:50,official-route7-2025-07-29
2025-07-29,7,0,2,3,5-й пр. Подбельского,11:00,official-route7-2025-07-29
2025-07-29,7,0,2,3,5-й пр. Подбельского,11:10,official-route7-2025-07-29
2025-07-29,7,0,2,3,5-й пр. Подбельского,11:20,official-route7-2025-07-29
2025-07-29,7,0,2,3,5-й пр. Подбельского,11:30,official-route7-2025-07-29
2025-07-29,7,0,2,3,5-й пр. Подбельского,11:42,official-route7-2025-07-29
2025-07-29,7,0,2,3,5-й пр. Подбельского,11:53,official-route7-2025-07-29
2025-07-29,7,0,2,3,5-й пр. Подбельского,12:04,official-route7-2025-07-29
2025-07-29,7,0,2,3,5-й пр. Подбельского,12:15,official-route7-2025-07-29
2025-07-29,7,0,2,3,5-й пр. Подбельского,12:26,official-route7-2025-07-29
2025-07-29,7,0,2,3,5-й пр. Подбельского,12:37,official-route7-2025-07-29
2025-07-29,7,0,2,3,5-й пр. Подбельского,12:46,official-route7-2025-07-29
2025-07-29,7,0,2,3,5-й пр. Подбельского,12:56,official-route7-2025-07-29
2025-07-29,7,0,2,3,5-й пр. Подбельского,13:06,official-route7-2025-07-29
2025-07-29,7,0,2,3,5-й пр. Подбельского,13:18,official-route7-2025-07-29
2025-07-29,7,0,2,3,5-й пр. Подбельского,13:26,official-route7-2025-07-29
2025-07-29,7,0,2,3,5-й пр. Подбельского,13:36,official-route7-2025-07-29
2025-07-29,7,0,2,3,5-й пр. Подбельского,13:46,official-route7-2025-07-29
2025-07-29,7,0,2,3,5-й пр. Подбельского,13:56,official-route7-2025-07-29
2025-07-29,7,0,2,3,5-й пр. Подбельского,14:07,official-route7-2025-07-29
2025-07-29,7,0,2,3,5-й пр. Подбельского,14:18,official-route7-2025-07-29
2025-07-29,7,0,2,3,5-й пр. Подбельского,14:29,official-route7-2025-07-29
2025-07-29,7,0,2,3,5-й пр. Подбельского,14:40,official-route7-2025-07-29
2025-07-29,7,0,2,3,5-й пр. Подбельского,14:51,official-route7-2025-07-29
2025-07-29,7,0,2,3,5-й пр. Подбельского,15:02,official-route7-2025-07-29
2025-07-29,7,0,2,3,5-й пр. Подбельского,15:10,official-route7-2025-07-29
2025-07-29,7,0,2,3,5-й пр. Подбельского,15:22,official-route7-2025-07-29
2025-07-29,7,0,2,3,5-й пр. Подбельского,15:34,official-route7-2025-07-29
2025-07-29,7,0,2,3,5-й пр. Подбельского,15:44,official-route7-2025-07-29
2025-07-29,7,0,2,3,5-й пр. Подбельского,15:54,official-route7-2025-07-29
2025-07-29,7,0,2,3,5-й пр. Подбельского,16:04,official-route7-2025-07-29
2025-07-29,7,0,2,3,5-й пр. Подбельского,16:14,official-route7-2025-07-29
2025-07-29,7,0,2,3,5-й пр. Подбельского,16:22,official-route7-2025-07-29
2025-07-29,7,0,2,3,5-й пр. Подбельского,16:34,official-route7-2025-07-29
2025-07-29,7,0,2,3,5-й пр. Подбельского,16:44,official-route7-2025-07-29
2025-07-29,7,0,2,3,5-й пр. Подбельского,16:54,official-route7-2025-07-29
2025-07-29,7,0,2,3,5-й пр. Подбельского,17:05,official-route7-2025-07-29
2025-07-29,7,0,2,3,5-й пр. Подбельского,17:16,official-route7-2025-07-29
2025-07-29,7,0,2,3,5-й пр. Подбельского,17:24,official-route7-2025-07-29
2025-07-29,7,0,2,3,5-й пр. Подбельского,17:31,official-route7-2025-07-29
2025-07-29,7,0,2,3,5-й пр. Подбельского,17:37,official-route7-2025-07-29
2025-07-29,7,0,2,3,5-й пр. Подбельского,17:44,official-route7-2025-07-29
2025-07-29,7,0,2,3,5-й пр. Подбельского,17:51,official-route7-2025-07-29
2025-07-29,7,0,2,3,5-й пр. Подбельского,17:58,official-route7-2025-07-29
2025-07-29,7,0,2,3,5-й пр. Подбельского,18:05,official-route7-2025-07-29
2025-07-29,7,0,2,3,5-й пр. Подбельского,18:12,official-route7-2025-07-29
2025-07-29,7,0,2,3,5-й пр. Подбельского,18:18,official-route7-2025-07-29
2025-07-29,7,0,2,3,5-й пр. Подбельского,18:26,official-route7-2025-07-29
2025-07-29,7,0,2,3,5-й пр. Подбельского,18:34,official-route7-2025-07-29
2025-07-29,7,0,2,3,5-й пр. Подбельского,18:42,official-route7-2025-07-29
2025-07-29,7,0,2,3,5-й пр. Подбельского,18:51,official-route7-2025-07-29
2025-07-29,7,0,2,3,5-й пр. Подбельского,19:01,official-route7-2025-07-29
2025-07-29,7,0,2,3,5-й пр. Подбельского,19:11,official-route7-2025-07-29
2025-07-29,7,0,2,3,5-й пр. Подбельского,19:22,official-route7-2025-07-29
2025-07-29,7,0,2,3,5-й пр. Подбельского,19:31,official-route7-2025-07-29
2025-07-29,7,0,2,3,5-й пр. Подбельского,19:41,official-route7-2025-07-29
2025-07-29,7,0,2,3,5-й пр. Подбельского,19:51,official-route7-2025-07-29
2025-07-29,7,0,2,3,5-й пр. Подбельского,20:01,official-route7-2025-07-29
2025-07-29,7,0,2,3,5-й пр. Подбельского,20:11,official-route7-2025-07-29
2025-07-29,7,0,2,3,5-й пр. Подбельского,20:21,official-route7-2025-07-29
2025-07-29,7,0,2,3,5-й пр. Подбельского,20:31,official-route7-2025-07-29
2025-07-29,7,0,2,3,5-й пр. Подбельского,20:42,official-route7-2025-07-29
2025-07-29,7,0,2,3,5-й пр. Подбельского,20:52,official-route7-2025-07-29
2025-07-29,7,0,2,3,5-й пр. Подбельского,21:02,official-route7-2025-07-29
2025-07-29,7,0,2,3,5-й пр. Подбельского,21:12,official-route7-2025-07-29
2025-07-29,7,0,2,3,5-й пр. Подбельского,21:22,official-route7-2025-07-29
2025-07-29,7,0,2,3,5-й пр. Подбельского,21:33,official-route7-2025-07-29
2025-07-29,7,0,2,3,5-й пр. Подбельского,21:42,official-route7-2025-07-29
2025-07-29,7,0,2,3,5-й пр. Подбельского,21:53,official-route7-2025-07-29
2025-07-29,7,0,2,3,5-й пр. Подбельского,22:03,official-route7-2025-07-29
2025-07-29,7,0,2,3,5-й пр. Подбельского,22:13,official-route7-2025-07-29
2025-07-29,7,0,2,3,5-й пр. Подбельского,22:25,official-route7-2025-07-29
2025-07-29,7,0,2,3,5-й пр. Подбельского,22:41,official-route7-2025-07-29
2025-07-29,7,0,2,3,5-й пр. Подбельского,22:59,official-route7-2025-07-29
2025-07-29,7,0,2,3,5-й пр. Подбельского,23:13,official-route7-2025-07-29
2025-07-29,7,0,2,3,5-й пр. Подбельского,23:30,official-route7-2025-07-29
2025-07-29,7,0,2,3,5-й пр. Подбельского,23:51,official-route7-2025-07-29
2025-07-29,7,0,2,3,5-й пр. Подбельского,00:07,official-route7-2025-07-29
2025-07-29,7,0,2,3,5-й пр. Подбельского,00:28,official-route7-2025-07-29
2025-07-29,7,0,2,3,5-й пр. Подбельского,00:46,official-route7-2025-07-29
2025-07-29,7,0,3,4,3-й проезд Подбельского,00:08,official-route7-2025-07-29
2025-07-29,7,0,3,4,3-й проезд Подбельского,00:29,official-route7-2025-07-29
2025-07-29,7,0,3,4,3-й проезд Подбельского,00:47,official-route7-2025-07-29
2025-07-29,7,0,3,4,3-й проезд Подбельского,05:03,official-route7-2025-07-29
2025-07-29,7,0,3,4,3-й проезд Подбельского,05:23,official-route7-2025-07-29
2025-07-29,7,0,3,4,3-й проезд Подбельского,05:43,official-route7-2025-07-29
2025-07-29,7,0,3,4,3-й проезд Подбельского,05:59,official-route7-2025-07-29
2025-07-29,7,0,3,4,3-й проезд Подбельского,06:13,official-route7-2025-07-29
2025-07-29,7,0,3,4,3-й проезд Подбельского,06:23,official-route7-2025-07-29
2025-07-29,7,0,3,4,3-й проезд Подбельского,06:33,official-route7-2025-07-29
2025-07-29,7,0,3,4,3-й проезд Подбельского,06:43,official-route7-2025-07-29
2025-07-29,7,0,3,4,3-й проезд Подбельского,06:52,official-route7-2025-07-29
2025-07-29,7,0,3,4,3-й проезд Подбельского,07:02,official-route7-2025-07-29
2025-07-29,7,0,3,4,3-й проезд Подбельского,07:11,official-route7-2025-07-29
2025-07-29,7,0,3,4,3-й проезд Подбельского,07:22,official-route7-2025-07-29
2025-07-29,7,0,3,4,3-й проезд Подбельского,07:32,official-route7-2025-07-29
2025-07-29,7,0,3,4,3-й проезд Подбельского,07:43,official-route7-2025-07-29
2025-07-29,7,0,3,4,3-й проезд Подбельского,07:53,official-route7-2025-07-29
2025-07-29,7,0,3,4,3-й проезд Подбельского,08:04,official-route7-2025-07-29
2025-07-29,7,0,3,4,3-й проезд Подбельского,08:14,official-route7-2025-07-29
2025-07-29,7,0,3,4,3-й проезд Подбельского,08:23,official-route7-2025-07-29
2025-07-29,7,0,3,4,3-й проезд Подбельского,08:34,official-route7-2025-07-29
2025-07-29,7,0,3,4,3-й проезд Подбельского,08:45,official-route7-2025-07-29
2025-07-29,7,0,3,4,3-й проезд Подбельского,08:55,official-route7-2025-07-29
2025-07-29,7,0,3,4,3-й проезд Подбельского,09:04,official-route7-2025-07-29
2025-07-29,7,0,3,4,3-й проезд Подбельского,09:15,official-route7-2025-07-29
2025-07-29,7,0,3,4,3-й проезд Подбельского,09:29,official-route7-2025-07-29
2025-07-29,7,0,3,4,3-й проезд Подбельского,09:39,official-route7-2025-07-29
2025-07-29,7,0,3,4,3-й проезд Подбельского,09:50,official-route7-2025-07-29
2025-07-29,7,0,3,4,3-й проезд Подбельского,10:02,official-route7-2025-07-29
2025-07-29,7,0,3,4,3-й проезд Подбельского,10:11,official-route7-2025-07-29
2025-07-29,7,0,3,4,3-й проезд Подбельского,10:21,official-route7-2025-07-29
2025-07-29,7,0,3,4,3-й проезд Подбельского,10:31,official-route7-2025-07-29
2025-07-29,7,0,3,4,3-й проезд Подбельского,10:41,official-route7-2025-07-29
2025-07-29,7,0,3,4,3-й проезд Подбельского,10:51,official-route7-2025-07-29
2025-07-29,7,0,3,4,3-й проезд Подбельского,11:01,official-route7-2025-07-29
2025-07-29,7,0,3,4,3-й проезд Подбельского,11:11,official-route7-2025-07-29
2025-07-29,7,0,3,4,3-й проезд Подбельского,11:21,official-route7-2025-07-29
2025-07-29,7,0,3,4,3-й проезд Подбельского,11:31,official-route7-2025-07-29
2025-07-29,7,0,3,4,3-й проезд Подбельского,11:43,official-route7-2025-07-29
2025-07-29,7,0,3,4,3-й проезд Подбельского,11:54,official-route7-2025-07-29
2025-07-29,7,0,3,4,3-й проезд Подбельского,12:05,official-route7-2025-07-29
2025-07-29,7,0,3,4,3-й проезд Подбельского,12:16,official-route7-2025-07-29
2025-07-29,7,0,3,4,3-й проезд Подбельского,12:27,official-route7-2025-07-29
2025-07-29,7,0,3,4,3-й проезд Подбельского,12:38,official-route7-2025-07-29
2025-07-29,7,0,3,4,3-й проезд Подбельского,12:47,official-route7-2025-07-29
2025-07-29,7,0,3,4,3-й проезд Подбельского,12:57,official-route7-2025-07-29
2025-07-29,7,0,3,4,3-й проезд Подбельского,13:07,official-route7-2025-07-29
2025-07-29,7,0,3,4,3-й проезд Подбельского,13:19,official-route7-2025-07-29
2025-07-29,7,0,3,4,3-й проезд Подбельского,13:27,official-route7-2025-07-29
2025-07-29,7,0,3,4,3-й проезд Подбельского,13:37,official-route7-2025-07-29
2025-07-29,7,0,3,4,3-й проезд Подбельского,13:47,official-route7-2025-07-29
2025-07-29,7,0,3,4,3-й проезд Подбельского,13:57,official-route7-2025-07-29
2025-07-29,7,0,3,4,3-й проезд Подбельского,14:08,official-route7-2025-07-29
2025-07-29,7,0,3,4,3-й проезд Подбельского,14:19,official-route7-2025-07-29
2025-07-29,7,0,3,4,3-й проезд Подбельского,14:30,official-route7-2025-07-29
2025-07-29,7,0,3,4,3-й проезд Подбельского,14:41,official-route7-2025-07-29
2025-07-29,7,0,3,4,3-й проезд Подбельского,14:52,official-route7-2025-07-29
2025-07-29,7,0,3,4,3-й проезд Подбельского,15:03,official-route7-2025-07-29
2025-07-29,7,0,3,4,3-й проезд Подбельского,15:11,official-route7-2025-07-29
2025-07-29,7,0,3,4,3-й проезд Подбельского,15:23,official-route7-2025-07-29
2025-07-29,7,0,3,4,3-й проезд Подбельского,15:35,official-route7-2025-07-29
2025-07-29,7,0,3,4,3-й проезд Подбельского,15:45,official-route7-2025-07-29
2025-07-29,7,0,3,4,3-й проезд Подбельского,15:55,official-route7-2025-07-29
2025-07-29,7,0,3,4,3-й проезд Подбельского,16:05,official-route7-2025-07-29
2025-07-29,7,0,3,4,3-й проезд Подбельского,16:15,official-route7-2025-07-29
2025-07-29,7,0,3,4,3-й проезд Подбельского,16:23,official-route7-2025-07-29
2025-07-29,7,0,3,4,3-й проезд Подбельского,16:35,official-route7-2025-07-29
2025-07-29,7,0,3,4,3-й проезд Подбельского,16:45,official-route7-2025-07-29
2025-07-29,7,0,3,4,3-й проезд Подбельского,16:55,official-route7-2025-07-29
2025-07-29,7,0,3,4,3-й проезд Подбельского,17:06,official-route7-2025-07-29
2025-07-29,7,0,3,4,3-й проезд Подбельского,17:17,official-route7-2025-07-29
2025-07-29,7,0,3,4,3-й проезд Подбельского,17:25,official-route7-2025-07-29
2025-07-29,7,0,3,4,3-й проезд Подбельского,17:32,official-route7-2025-07-29
2025-07-29,7,0,3,4,3-й проезд Подбельского,17:38,official-route7-2025-07-29
2025-07-29,7,0,3,4,3-й проезд Подбельского,17:45,official-route7-2025-07-29
2025-07-29,7,0,3,4,3-й проезд Подбельского,17:52,official-route7-2025-07-29
2025-07-29,7,0,3,4,3-й проезд Подбельского,17:59,official-route7-2025-07-29
2025-07-29,7,0,3,4,3-й проезд Подбельского,18:06,official-route7-2025-07-29
2025-07-29,7,0,3,4,3-й проезд Подбельского,18:13,official-route7-2025-07-29
2025-07-29,7,0,3,4,3-й проезд Подбельского,18:19,official-route7-2025-07-29
2025-07-29,7,0,3,4,3-й проезд Подбельского,18:27,official-route7-2025-07-29
2025-07-29,7,0,3,4,3-й проезд Подбельского,18:35,official-route7-2025-07-29
2025-07-29,7,0,3,4,3-й проезд Подбельского,18:43,official-route7-2025-07-29
2025-07-29,7,0,3,4,3-й проезд Подбельского,18:52,official-route7-2025-07-29
2025-07-29,7,0,3,4,3-й проезд Подбельского,19:02,official-route7-2025-07-29
2025-07-29,7,0,3,4,3-й проезд Подбельского,19:12,official-route7-2025-07-29
2025-07-29,7,0,3,4,3-й проезд Подбельского,19:23,official-route7-2025-07-29
2025-07-29,7,0,3,4,3-й проезд Подбельского,19:32,official-route7-2025-07-29
2025-07-29,7,0,3,4,3-й проезд Подбельского,19:42,official-route7-2025-07-29
2025-07-29,7,0,3,4,3-й проезд Подбельского,19:52,official-route7-2025-07-29
2025-07-29,7,0,3,4,3-й проезд Подбельского,20:02,official-route7-2025-07-29
2025-07-29,7,0,3,4,3-й проезд Подбельского,20:12,official-route7-2025-07-29
2025-07-29,7,0,3,4,3-й проезд Подбельского,20:22,official-route7-2025-07-29
2025-07-29,7,0,3,4,3-й проезд Подбельского,20:32,official-route7-2025-07-29
2025-07-29,7,0,3,4,3-й проезд Подбельского,20:43,official-route7-2025-07-29
2025-07-29,7,0,3,4,3-й проезд Подбельского,20:53,official-route7-2025-07-29
2025-07-29,7,0,3,4,3-й проезд Подбельского,21:03,official-route7-2025-07-29
2025-07-29,7,0,3,4,3-й проезд Подбельского,21:13,official-route7-2025-07-29
2025-07-29,7,0,3,4,3-й проезд Подбельского,21:23,official-route7-2025-07-29
2025-07-29,7,0,3,4,3-й проезд Подбельского,21:34,official-route7-2025-07-29
2025-07-29,7,0,3,4,3-й проезд Подбельского,21:43,official-route7-2025-07-29
2025-07-29,7,0,3,4,3-й проезд Подбельского,21:54,official-route7-2025-07-29
2025-07-29,7,0,3,4,3-й проезд Подбельского,22:04,official-route7-2025-07-29
2025-07-29,7,0,3,4,3-й проезд Подбельского,22:14,official-route7-2025-07-29
2025-07-29,7,0,3,4,3-й проезд Подбельского,22:26,official-route7-2025-07-29
2025-07-29,7,0,3,4,3-й проезд Подбельского,22:42,official-route7-2025-07-29
2025-07-29,7,0,3,4,3-й проезд Подбельского,23:00,official-route7-2025-07-29
2025-07-29,7,0,3,4,3-й проезд Подбельского,23:14,official-route7-2025-07-29
2025-07-29,7,0,3,4,3-й проезд Подбельского,23:31,official-route7-2025-07-29
2025-07-29,7,0,3,4,3-й проезд Подбельского,23:52,official-route7-2025-07-29
2025-07-29,7,0,3,4,3-й проезд Подбельского,00:08,official-route7-2025-07-29
2025-07-29,7,0,3,4,3-й проезд Подбельского,00:29,official-route7-2025-07-29
2025-07-29,7,0,3,4,3-й проезд Подбельского,00:47,official-route7-2025-07-29
2025-07-29,7,0,4,5,Игральная ул.,00:09,official-route7-2025-07-29
2025-07-29,7,0,4,5,Игральная ул.,00:30,official-route7-2025-07-29
2025-07-29,7,0,4,5,Игральная ул.,00:48,official-route7-2025-07-29
2025-07-29,7,0,4,5,Игральная ул.,05:04,official-route7-2025-07-29
2025-07-29,7,0,4,5,Игральная ул.,05:24,official-route7-2025-07-29
2025-07-29,7,0,4,5,Игральная ул.,05:44,official-route7-2025-07-29
2025-07-29,7,0,4,5,Игральная ул.,06:00,official-route7-2025-07-29
2025-07-29,7,0,4,5,Игральная ул.,06:14,official-route7-2025-07-29
2025-07-29,7,0,4,5,Игральная ул.,06:24,official-route7-2025-07-29
2025-07-29,7,0,4,5,Игральная ул.,06:34,official-route7-2025-07-29
2025-07-29,7,0,4,5,Игральная ул.,06:44,official-route7-2025-07-29
2025-07-29,7,0,4,5,Игральная ул.,06:53,official-route7-2025-07-29
2025-07-29,7,0,4,5,Игральная ул.,07:03,official-route7-2025-07-29
2025-07-29,7,0,4,5,Игральная ул.,07:12,official-route7-2025-07-29
2025-07-29,7,0,4,5,Игральная ул.,07:23,official-route7-2025-07-29
2025-07-29,7,0,4,5,Игральная ул.,07:33,official-route7-2025-07-29
2025-07-29,7,0,4,5,Игральная ул.,07:44,official-route7-2025-07-29
2025-07-29,7,0,4,5,Игральная ул.,07:54,official-route7-2025-07-29
2025-07-29,7,0,4,5,Игральная ул.,08:05,official-route7-2025-07-29
2025-07-29,7,0,4,5,Игральная ул.,08:15,official-route7-2025-07-29
2025-07-29,7,0,4,5,Игральная ул.,08:24,official-route7-2025-07-29
2025-07-29,7,0,4,5,Игральная ул.,08:35,official-route7-2025-07-29
2025-07-29,7,0,4,5,Игральная ул.,08:46,official-route7-2025-07-29
2025-07-29,7,0,4,5,Игральная ул.,08:56,official-route7-2025-07-29
2025-07-29,7,0,4,5,Игральная ул.,09:05,official-route7-2025-07-29
2025-07-29,7,0,4,5,Игральная ул.,09:16,official-route7-2025-07-29
2025-07-29,7,0,4,5,Игральная ул.,09:30,official-route7-2025-07-29
2025-07-29,7,0,4,5,Игральная ул.,09:40,official-route7-2025-07-29
2025-07-29,7,0,4,5,Игральная ул.,09:51,official-route7-2025-07-29
2025-07-29,7,0,4,5,Игральная ул.,10:03,official-route7-2025-07-29
2025-07-29,7,0,4,5,Игральная ул.,10:12,official-route7-2025-07-29
2025-07-29,7,0,4,5,Игральная ул.,10:22,official-route7-2025-07-29
2025-07-29,7,0,4,5,Игральная ул.,10:32,official-route7-2025-07-29
2025-07-29,7,0,4,5,Игральная ул.,10:42,official-route7-2025-07-29
2025-07-29,7,0,4,5,Игральная ул.,10:52,official-route7-2025-07-29
2025-07-29,7,0,4,5,Игральная ул.,11:02,official-route7-2025-07-29
2025-07-29,7,0,4,5,Игральная ул.,11:12,official-route7-2025-07-29
2025-07-29,7,0,4,5,Игральная ул.,11:22,official-route7-2025-07-29
2025-07-29,7,0,4,5,Игральная ул.,11:32,official-route7-2025-07-29
2025-07-29,7,0,4,5,Игральная ул.,11:44,official-route7-2025-07-29
2025-07-29,7,0,4,5,Игральная ул.,11:55,official-route7-2025-07-29
2025-07-29,7,0,4,5,Игральная ул.,12:06,official-route7-2025-07-29
2025-07-29,7,0,4,5,Игральная ул.,12:17,official-route7-2025-07-29
2025-07-29,7,0,4,5,Игральная ул.,12:28,official-route7-2025-07-29
2025-07-29,7,0,4,5,Игральная ул.,12:39,official-route7-2025-07-29
2025-07-29,7,0,4,5,Игральная ул.,12:48,official-route7-2025-07-29
2025-07-29,7,0,4,5,Игральная ул.,12:58,official-route7-2025-07-29
2025-07-29,7,0,4,5,Игральная ул.,13:08,official-route7-2025-07-29
2025-07-29,7,0,4,5,Игральная ул.,13:20,official-route7-2025-07-29
2025-07-29,7,0,4,5,Игральная ул.,13:28,official-route7-2025-07-29
2025-07-29,7,0,4,5,Игральная ул.,13:38,official-route7-2025-07-29
2025-07-29,7,0,4,5,Игральная ул.,13:48,official-route7-2025-07-29
2025-07-29,7,0,4,5,Игральная ул.,13:58,official-route7-2025-07-29
2025-07-29,7,0,4,5,Игральная ул.,14:09,official-route7-2025-07-29
2025-07-29,7,0,4,5,Игральная ул.,14:20,official-route7-2025-07-29
2025-07-29,7,0,4,5,Игральная ул.,14:31,official-route7-2025-07-29
2025-07-29,7,0,4,5,Игральная ул.,14:42,official-route7-2025-07-29
2025-07-29,7,0,4,5,Игральная ул.,14:53,official-route7-2025-07-29
2025-07-29,7,0,4,5,Игральная ул.,15:04,official-route7-2025-07-29
2025-07-29,7,0,4,5,Игральная ул.,15:12,official-route7-2025-07-29
2025-07-29,7,0,4,5,Игральная ул.,15:24,official-route7-2025-07-29
2025-07-29,7,0,4,5,Игральная ул.,15:36,official-route7-2025-07-29
2025-07-29,7,0,4,5,Игральная ул.,15:46,official-route7-2025-07-29
2025-07-29,7,0,4,5,Игральная ул.,15:56,official-route7-2025-07-29
2025-07-29,7,0,4,5,Игральная ул.,16:06,official-route7-2025-07-29
2025-07-29,7,0,4,5,Игральная ул.,16:16,official-route7-2025-07-29
2025-07-29,7,0,4,5,Игральная ул.,16:24,official-route7-2025-07-29
2025-07-29,7,0,4,5,Игральная ул.,16:36,official-route7-2025-07-29
2025-07-29,7,0,4,5,Игральная ул.,16:46,official-route7-2025-07-29
2025-07-29,7,0,4,5,Игральная ул.,16:56,official-route7-2025-07-29
2025-07-29,7,0,4,5,Игральная ул.,17:07,official-route7-2025-07-29
2025-07-29,7,0,4,5,Игральная ул.,17:18,official-route7-2025-07-29
2025-07-29,7,0,4,5,Игральная ул.,17:26,official-route7-2025-07-29
2025-07-29,7,0,4,5,Игральная ул.,17:33,official-route7-2025-07-29
2025-07-29,7,0,4,5,Игральная ул.,17:39,official-route7-2025-07-29
2025-07-29,7,0,4,5,Игральная ул.,17:46,official-route7-2025-07-29
2025-07-29,7,0,4,5,Игральная ул.,17:53,official-route7-2025-07-29
2025-07-29,7,0,4,5,Игральная ул.,18:00,official-route7-2025-07-29
2025-07-29,7,0,4,5,Игральная ул.,18:07,official-route7-2025-07-29
2025-07-29,7,0,4,5,Игральная ул.,18:14,official-route7-2025-07-29
2025-07-29,7,0,4,5,Игральная ул.,18:20,official-route7-2025-07-29
2025-07-29,7,0,4,5,Игральная ул.,18:28,official-route7-2025-07-29
2025-07-29,7,0,4,5,Игральная ул.,18:36,official-route7-2025-07-29
2025-07-29,7,0,4,5,Игральная ул.,18:44,official-route7-2025-07-29
2025-07-29,7,0,4,5,Игральная ул.,18:53,official-route7-2025-07-29
2025-07-29,7,0,4,5,Игральная ул.,19:03,official-route7-2025-07-29
2025-07-29,7,0,4,5,Игральная ул.,19:13,official-route7-2025-07-29
2025-07-29,7,0,4,5,Игральная ул.,19:24,official-route7-2025-07-29
2025-07-29,7,0,4,5,Игральная ул.,19:33,official-route7-2025-07-29
2025-07-29,7,0,4,5,Игральная ул.,19:43,official-route7-2025-07-29
2025-07-29,7,0,4,5,Игральная ул.,19:53,official-route7-2025-07-29
2025-07-29,7,0,4,5,Игральная ул.,20:03,official-route7-2025-07-29
2025-07-29,7,0,4,5,Игральная ул.,20:13,official-route7-2025-07-29
2025-07-29,7,0,4,5,Игральная ул.,20:23,official-route7-2025-07-29
2025-07-29,7,0,4,5,Игральная ул.,20:33,official-route7-2025-07-29
2025-07-29,7,0,4,5,Игральная ул.,20:44,official-route7-2025-07-29
2025-07-29,7,0,4,5,Игральная ул.,20:54,official-route7-2025-07-29
2025-07-29,7,0,4,5,Игральная ул.,21:04,official-route7-2025-07-29
2025-07-29,7,0,4,5,Игральная ул.,21:14,official-route7-2025-07-29
2025-07-29,7,0,4,5,Игральная ул.,21:24,official-route7-2025-07-29
2025-07-29,7,0,4,5,Игральная ул.,21:35,official-route7-2025-07-29
2025-07-29,7,0,4,5,Игральная ул.,21:44,official-route7-2025-07-29
2025-07-29,7,0,4,5,Игральная ул.,21:55,official-route7-2025-07-29
2025-07-29,7,0,4,5,Игральная ул.,22:05,official-route7-2025-07-29
2025-07-29,7,0,4,5,Игральная ул.,22:15,official-route7-2025-07-29
2025-07-29,7,0,4,5,Игральная ул.,22:27,official-route7-2025-07-29
2025-07-29,7,0,4,5,Игральная ул.,22:43,official-route7-2025-07-29
2025-07-29,7,0,4,5,Игральная ул.,23:01,official-route7-2025-07-29
2025-07-29,7,0,4,5,Игральная ул.,23:15,official-route7-2025-07-29
2025-07-29,7,0,4,5,Игральная ул.,23:32,official-route7-2025-07-29
2025-07-29,7,0,4,5,Игральная ул.,23:53,official-route7-2025-07-29
2025-07-29,7,0,4,5,Игральная ул.,00:09,official-route7-2025-07-29
2025-07-29,7,0,4,5,Игральная ул.,00:30,official-route7-2025-07-29
2025-07-29,7,0,4,5,Игральная ул.,00:48,official-route7-2025-07-29
2025-07-29,7,0,5,6,Погонный пр.,00:10,official-route7-2025-07-29
2025-07-29,7,0,5,6,Погонный пр.,00:31,official-route7-2025-07-29
2025-07-29,7,0,5,6,Погонный пр.,00:49,official-route7-2025-07-29
2025-07-29,7,0,5,6,Погонный пр.,05:05,official-route7-2025-07-29
2025-07-29,7,0,5,6,Погонный пр.,05:25,official-route7-2025-07-29
2025-07-29,7,0,5,6,Погонный пр.,05:45,official-route7-2025-07-29
2025-07-29,7,0,5,6,Погонный пр.,06:01,official-route7-2025-07-29
2025-07-29,7,0,5,6,Погонный пр.,06:15,official-route7-2025-07-29
2025-07-29,7,0,5,6,Погонный пр.,06:25,official-route7-2025-07-29
2025-07-29,7,0,5,6,Погонный пр.,06:35,official-route7-2025-07-29
2025-07-29,7,0,5,6,Погонный пр.,06:45,official-route7-2025-07-29
2025-07-29,7,0,5,6,Погонный пр.,06:54,official-route7-2025-07-29
2025-07-29,7,0,5,6,Погонный пр.,07:04,official-route7-2025-07-29
2025-07-29,7,0,5,6,Погонный пр.,07:13,official-route7-2025-07-29
2025-07-29,7,0,5,6,Погонный пр.,07:24,official-route7-2025-07-29
2025-07-29,7,0,5,6,Погонный пр.,07:34,official-route7-2025-07-29
2025-07-29,7,0,5,6,Погонный пр.,07:45,official-route7-2025-07-29
2025-07-29,7,0,5,6,Погонный пр.,07:55,official-route7-2025-07-29
2025-07-29,7,0,5,6,Погонный пр.,08:06,official-route7-2025-07-29
2025-07-29,7,0,5,6,Погонный пр.,08:16,official-route7-2025-07-29
2025-07-29,7,0,5,6,Погонный пр.,08:25,official-route7-2025-07-29
2025-07-29,7,0,5,6,Погонный пр.,08:36,official-route7-2025-07-29
2025-07-29,7,0,5,6,Погонный пр.,08:47,official-route7-2025-07-29
2025-07-29,7,0,5,6,Погонный пр.,08:57,official-route7-2025-07-29
2025-07-29,7,0,5,6,Погонный пр.,09:06,official-route7-2025-07-29
2025-07-29,7,0,5,6,Погонный пр.,09:17,official-route7-2025-07-29
2025-07-29,7,0,5,6,Погонный пр.,09:31,official-route7-2025-07-29
2025-07-29,7,0,5,6,Погонный пр.,09:41,official-route7-2025-07-29
2025-07-29,7,0,5,6,Погонный пр.,09:52,official-route7-2025-07-29
2025-07-29,7,0,5,6,Погонный пр.,10:04,official-route7-2025-07-29
2025-07-29,7,0,5,6,Погонный пр.,10:13,official-route7-2025-07-29
2025-07-29,7,0,5,6,Погонный пр.,10:23,official-route7-2025-07-29
2025-07-29,7,0,5,6,Погонный пр.,10:33,official-route7-2025-07-29
2025-07-29,7,0,5,6,Погонный пр.,10:43,official-route7-2025-07-29
2025-07-29,7,0,5,6,Погонный пр.,10:53,official-route7-2025-07-29
2025-07-29,7,0,5,6,Погонный пр.,11:03,official-route7-2025-07-29
2025-07-29,7,0,5,6,Погонный пр.,11:13,official-route7-2025-07-29
2025-07-29,7,0,5,6,Погонный пр.,11:23,official-route7-2025-07-29
2025-07-29,7,0,5,6,Погонный пр.,11:33,official-route7-2025-07-29
2025-07-29,7,0,5,6,Погонный пр.,11:45,official-route7-2025-07-29
2025-07-29,7,0,5,6,Погонный пр.,11:56,official-route7-2025-07-29
2025-07-29,7,0,5,6,Погонный пр.,12:07,official-route7-2025-07-29
2025-07-29,7,0,5,6,Погонный пр.,12:18,official-route7-2025-07-29
2025-07-29,7,0,5,6,Погонный пр.,12:29,official-route7-2025-07-29
2025-07-29,7,0,5,6,Погонный пр.,12:40,official-route7-2025-07-29
2025-07-29,7,0,5,6,Погонный пр.,12:49,official-route7-2025-07-29
2025-07-29,7,0,5,6,Погонный пр.,12:59,official-route7-2025-07-29
2025-07-29,7,0,5,6,Погонный пр.,13:09,official-route7-2025-07-29
2025-07-29,7,0,5,6,Погонный пр.,13:21,official-route7-2025-07-29
2025-07-29,7,0,5,6,Погонный пр.,13:29,official-route7-2025-07-29
2025-07-29,7,0,5,6,Погонный пр.,13:39,official-route7-2025-07-29
2025-07-29,7,0,5,6,Погонный пр.,13:49,official-route7-2025-07-29
2025-07-29,7,0,5,6,Погонный пр.,13:59,official-route7-2025-07-29
2025-07-29,7,0,5,6,Погонный пр.,14:10,official-route7-2025-07-29
2025-07-29,7,0,5,6,Погонный пр.,14:21,official-route7-2025-07-29
2025-07-29,7,0,5,6,Погонный пр.,14:32,official-route7-2025-07-29
2025-07-29,7,0,5,6,Погонный пр.,14:43,official-route7-2025-07-29
2025-07-29,7,0,5,6,Погонный пр.,14:54,official-route7-2025-07-29
2025-07-29,7,0,5,6,Погонный пр.,15:05,official-route7-2025-07-29
2025-07-29,7,0,5,6,Погонный пр.,15:13,official-route7-2025-07-29
2025-07-29,7,0,5,6,Погонный пр.,15:25,official-route7-2025-07-29
2025-07-29,7,0,5,6,Погонный пр.,15:37,official-route7-2025-07-29
2025-07-29,7,0,5,6,Погонный пр.,15:47,official-route7-2025-07-29
2025-07-29,7,0,5,6,Погонный пр.,15:57,official-route7-2025-07-29
2025-07-29,7,0,5,6,Погонный пр.,16:07,official-route7-2025-07-29
2025-07-29,7,0,5,6,Погонный пр.,16:17,official-route7-2025-07-29
2025-07-29,7,0,5,6,Погонный пр.,16:25,official-route7-2025-07-29
2025-07-29,7,0,5,6,Погонный пр.,16:37,official-route7-2025-07-29
2025-07-29,7,0,5,6,Погонный пр.,16:47,official-route7-2025-07-29
2025-07-29,7,0,5,6,Погонный пр.,16:57,official-route7-2025-07-29
2025-07-29,7,0,5,6,Погонный пр.,17:08,official-route7-2025-07-29
2025-07-29,7,0,5,6,Погонный пр.,17:19,official-route7-2025-07-29
2025-07-29,7,0,5,6,Погонный пр.,17:27,official-route7-2025-07-29
2025-07-29,7,0,5,6,Погонный пр.,17:34,official-route7-2025-07-29
2025-07-29,7,0,5,6,Погонный пр.,17:40,official-route7-2025-07-29
2025-07-29,7,0,5,6,Погонный пр.,17:47,official-route7-2025-07-29
2025-07-29,7,0,5,6,Погонный пр.,17:54,official-route7-2025-07-29
2025-07-29,7,0,5,6,Погонный пр.,18:01,official-route7-2025-07-29
2025-07-29,7,0,5,6,Погонный пр.,18:08,official-route7-2025-07-29
2025-07-29,7,0,5,6,Погонный пр.,18:15,official-route7-2025-07-29
2025-07-29,7,0,5,6,Погонный пр.,18:21,official-route7-2025-07-29
2025-07-29,7,0,5,6,Погонный пр.,18:29,official-route7-2025-07-29
2025-07-29,7,0,5,6,Погонный пр.,18:37,official-route7-2025-07-29
2025-07-29,7,0,5,6,Погонный пр.,18:45,official-route7-2025-07-29
2025-07-29,7,0,5,6,Погонный пр.,18:54,official-route7-2025-07-29
2025-07-29,7,0,5,6,Погонный пр.,19:04,official-route7-2025-07-29
2025-07-29,7,0,5,6,Погонный пр.,19:14,official-route7-2025-07-29
2025-07-29,7,0,5,6,Погонный пр.,19:25,official-route7-2025-07-29
2025-07-29,7,0,5,6,Погонный пр.,19:34,official-route7-2025-07-29
2025-07-29,7,0,5,6,Погонный пр.,19:44,official-route7-2025-07-29
2025-07-29,7,0,5,6,Погонный пр.,19:54,official-route7-2025-07-29
2025-07-29,7,0,5,6,Погонный пр.,20:04,official-route7-2025-07-29
2025-07-29,7,0,5,6,Погонный пр.,20:14,official-route7-2025-07-29
2025-07-29,7,0,5,6,Погонный пр.,20:24,official-route7-2025-07-29
2025-07-29,7,0,5,6,Погонный пр.,20:34,official-route7-2025-07-29
2025-07-29,7,0,5,6,Погонный пр.,20:45,official-route7-2025-07-29
2025-07-29,7,0,5,6,Погонный пр.,20:55,official-route7-2025-07-29
2025-07-29,7,0,5,6,Погонный пр.,21:05,official-route7-2025-07-29
2025-07-29,7,0,5,6,Погонный пр.,21:15,official-route7-2025-07-29
2025-07-29,7,0,5,6,Погонный пр.,21:25,official-route7-2025-07-29
2025-07-29,7,0,5,6,Погонный пр.,21:36,official-route7-2025-07-29
2025-07-29,7,0,5,6,Погонный пр.,21:45,official-route7-2025-07-29
2025-07-29,7,0,5,6,Погонный пр.,21:56,official-route7-2025-07-29
2025-07-29,7,0,5,6,Погонный пр.,22:06,official-route7-2025-07-29
2025-07-29,7,0,5,6,Погонный пр.,22:16,official-route7-2025-07-29
2025-07-29,7,0,5,6,Погонный пр.,22:28,official-route7-2025-07-29
2025-07-29,7,0,5,6,Погонный пр.,22:44,official-route7-2025-07-29
2025-07-29,7,0,5,6,Погонный пр.,23:02,official-route7-2025-07-29
2025-07-29,7,0,5,6,Погонный пр.,23:16,official-route7-2025-07-29
2025-07-29,7,0,5,6,Погонный пр.,23:33,official-route7-2025-07-29
2025-07-29,7,0,5,6,Погонный пр.,23:54,official-route7-2025-07-29
2025-07-29,7,0,5,6,Погонный пр.,00:10,official-route7-2025-07-29
2025-07-29,7,0,5,6,Погонный пр.,00:31,official-route7-2025-07-29
2025-07-29,7,0,5,6,Погонный пр.,00:49,official-route7-2025-07-29
2025-07-29,7,0,6,7,Ланинский пер.,00:12,official-route7-2025-07-29
2025-07-29,7,0,6,7,Ланинский пер.,00:33,official-route7-2025-07-29
2025-07-29,7,0,6,7,Ланинский пер.,00:51,official-route7-2025-07-29
2025-07-29,7,0,6,7,Ланинский пер.,05:07,official-route7-2025-07-29
2025-07-29,7,0,6,7,Ланинский пер.,05:27,official-route7-2025-07-29
2025-07-29,7,0,6,7,Ланинский пер.,05:47,official-route7-2025-07-29
2025-07-29,7,0,6,7,Ланинский пер.,06:03,official-route7-2025-07-29
2025-07-29,7,0,6,7,Ланинский пер.,06:17,official-route7-2025-07-29
2025-07-29,7,0,6,7,Ланинский пер.,06:27,official-route7-2025-07-29
2025-07-29,7,0,6,7,Ланинский пер.,06:37,official-route7-2025-07-29
2025-07-29,7,0,6,7,Ланинский пер.,06:47,official-route7-2025-07-29
2025-07-29,7,0,6,7,Ланинский пер.,06:56,official-route7-2025-07-29
2025-07-29,7,0,6,7,Ланинский пер.,07:06,official-route7-2025-07-29
2025-07-29,7,0,6,7,Ланинский пер.,07:15,official-route7-2025-07-29
2025-07-29,7,0,6,7,Ланинский пер.,07:26,official-route7-2025-07-29
2025-07-29,7,0,6,7,Ланинский пер.,07:36,official-route7-2025-07-29
2025-07-29,7,0,6,7,Ланинский пер.,07:47,official-route7-2025-07-29
2025-07-29,7,0,6,7,Ланинский пер.,07:57,official-route7-2025-07-29
2025-07-29,7,0,6,7,Ланинский пер.,08:08,official-route7-2025-07-29
2025-07-29,7,0,6,7,Ланинский пер.,08:18,official-route7-2025-07-29
2025-07-29,7,0,6,7,Ланинский пер.,08:27,official-route7-2025-07-29
2025-07-29,7,0,6,7,Ланинский пер.,08:38,official-route7-2025-07-29
2025-07-29,7,0,6,7,Ланинский пер.,08:49,official-route7-2025-07-29
2025-07-29,7,0,6,7,Ланинский пер.,08:59,official-route7-2025-07-29
2025-07-29,7,0,6,7,Ланинский пер.,09:08,official-route7-2025-07-29
2025-07-29,7,0,6,7,Ланинский пер.,09:19,official-route7-2025-07-29
2025-07-29,7,0,6,7,Ланинский пер.,09:33,official-route7-2025-07-29
2025-07-29,7,0,6,7,Ланинский пер.,09:43,official-route7-2025-07-29
2025-07-29,7,0,6,7,Ланинский пер.,09:54,official-route7-2025-07-29
2025-07-29,7,0,6,7,Ланинский пер.,10:06,official-route7-2025-07-29
2025-07-29,7,0,6,7,Ланинский пер.,10:15,official-route7-2025-07-29
2025-07-29,7,0,6,7,Ланинский пер.,10:25,official-route7-2025-07-29
2025-07-29,7,0,6,7,Ланинский пер.,10:35,official-route7-2025-07-29
2025-07-29,7,0,6,7,Ланинский пер.,10:45,official-route7-2025-07-29
2025-07-29,7,0,6,7,Ланинский пер.,10:55,official-route7-2025-07-29
2025-07-29,7,0,6,7,Ланинский пер.,11:05,official-route7-2025-07-29
2025-07-29,7,0,6,7,Ланинский пер.,11:15,official-route7-2025-07-29
2025-07-29,7,0,6,7,Ланинский пер.,11:25,official-route7-2025-07-29
2025-07-29,7,0,6,7,Ланинский пер.,11:35,official-route7-2025-07-29
2025-07-29,7,0,6,7,Ланинский пер.,11:47,official-route7-2025-07-29
2025-07-29,7,0,6,7,Ланинский пер.,11:58,official-route7-2025-07-29
2025-07-29,7,0,6,7,Ланинский пер.,12:09,official-route7-2025-07-29
2025-07-29,7,0,6,7,Ланинский пер.,12:20,official-route7-2025-07-29
2025-07-29,7,0,6,7,Ланинский пер.,12:31,official-route7-2025-07-29
2025-07-29,7,0,6,7,Ланинский пер.,12:42,official-route7-2025-07-29
2025-07-29,7,0,6,7,Ланинский пер.,12:51,official-route7-2025-07-29
2025-07-29,7,0,6,7,Ланинский пер.,13:01,official-route7-2025-07-29
2025-07-29,7,0,6,7,Ланинский пер.,13:11,official-route7-2025-07-29
2025-07-29,7,0,6,7,Ланинский пер.,13:23,official-route7-2025-07-29
2025-07-29,7,0,6,7,Ланинский пер.,13:31,official-route7-2025-07-29
2025-07-29,7,0,6,7,Ланинский пер.,13:41,official-route7-2025-07-29
2025-07-29,7,0,6,7,Ланинский пер.,13:51,official-route7-2025-07-29
2025-07-29,7,0,6,7,Ланинский пер.,14:01,official-route7-2025-07-29
2025-07-29,7,0,6,7,Ланинский пер.,14:12,official-route7-2025-07-29
2025-07-29,7,0,6,7,Ланинский пер.,14:23,official-route7-2025-07-29
2025-07-29,7,0,6,7,Ланинский пер.,14:34,official-route7-2025-07-29
2025-07-29,7,0,6,7,Ланинский пер.,14:45,official-route7-2025-07-29
2025-07-29,7,0,6,7,Ланинский пер.,14:56,official-route7-2025-07-29
2025-07-29,7,0,6,7,Ланинский пер.,15:07,official-route7-2025-07-29
2025-07-29,7,0,6,7,Ланинский пер.,15:15,official-route7-2025-07-29
2025-07-29,7,0,6,7,Ланинский пер.,15:27,official-route7-2025-07-29
2025-07-29,7,0,6,7,Ланинский пер.,15:39,official-route7-2025-07-29
2025-07-29,7,0,6,7,Ланинский пер.,15:49,official-route7-2025-07-29
2025-07-29,7,0,6,7,Ланинский пер.,15:59,official-route7-2025-07-29
2025-07-29,7,0,6,7,Ланинский пер.,16:09,official-route7-2025-07-29
2025-07-29,7,0,6,7,Ланинский пер.,16:19,official-route7-2025-07-29
2025-07-29,7,0,6,7,Ланинский пер.,16:27,official-route7-2025-07-29
2025-07-29,7,0,6,7,Ланинский пер.,16:39,official-route7-2025-07-29
2025-07-29,7,0,6,7,Ланинский пер.,16:49,official-route7-2025-07-29
2025-07-29,7,0,6,7,Ланинский пер.,16:59,official-route7-2025-07-29
2025-07-29,7,0,6,7,Ланинский пер.,17:10,official-route7-2025-07-29
2025-07-29,7,0,6,7,Ланинский пер.,17:21,official-route7-2025-07-29
2025-07-29,7,0,6,7,Ланинский пер.,17:29,official-route7-2025-07-29
2025-07-29,7,0,6,7,Ланинский пер.,17:36,official-route7-2025-07-29
2025-07-29,7,0,6,7,Ланинский пер.,17:42,official-route7-2025-07-29
2025-07-29,7,0,6,7,Ланинский пер.,17:49,official-route7-2025-07-29
2025-07-29,7,0,6,7,Ланинский пер.,17:56,official-route7-2025-07-29
2025-07-29,7,0,6,7,Ланинский пер.,18:03,official-route7-2025-07-29
2025-07-29,7,0,6,7,Ланинский пер.,18:10,official-route7-2025-07-29
2025-07-29,7,0,6,7,Ланинский пер.,18:17,official-route7-2025-07-29
2025-07-29,7,0,6,7,Ланинский пер.,18:23,official-route7-2025-07-29
2025-07-29,7,0,6,7,Ланинский пер.,18:31,official-route7-2025-07-29
2025-07-29,7,0,6,7,Ланинский пер.,18:39,official-route7-2025-07-29
2025-07-29,7,0,6,7,Ланинский пер.,18:47,official-route7-2025-07-29
2025-07-29,7,0,6,7,Ланинский пер.,18:56,official-route7-2025-07-29
2025-07-29,7,0,6,7,Ланинский пер.,19:06,official-route7-2025-07-29
2025-07-29,7,0,6,7,Ланинский пер.,19:16,official-route7-2025-07-29
2025-07-29,7,0,6,7,Ланинский пер.,19:27,official-route7-2025-07-29
2025-07-29,7,0,6,7,Ланинский пер.,19:36,official-route7-2025-07-29
2025-07-29,7,0,6,7,Ланинский пер.,19:46,official-route7-2025-07-29
2025-07-29,7,0,6,7,Ланинский пер.,19:56,official-route7-2025-07-29
2025-07-29,7,0,6,7,Ланинский пер.,20:06,official-route7-2025-07-29
2025-07-29,7,0,6,7,Ланинский пер.,20:16,official-route7-2025-07-29
2025-07-29,7,0,6,7,Ланинский пер.,20:26,official-route7-2025-07-29
2025-07-29,7,0,6,7,Ланинский пер.,20:36,official-route7-2025-07-29
2025-07-29,7,0,6,7,Ланинский пер.,20:47,official-route7-2025-07-29
2025-07-29,7,0,6,7,Ланинский пер.,20:57,official-route7-2025-07-29
2025-07-29,7,0,6,7,Ланинский пер.,21:07,official-route7-2025-07-29
2025-07-29,7,0,6,7,Ланинский пер.,21:17,official-route7-2025-07-29
2025-07-29,7,0,6,7,Ланинский пер.,21:27,official-route7-2025-07-29
2025-07-29,7,0,6,7,Ланинский пер.,21:38,official-route7-2025-07-29
2025-07-29,7,0,6,7,Ланинский пер.,21:47,official-route7-2025-07-29
2025-07-29,7,0,6,7,Ланинский пер.,21:58,official-route7-2025-07-29
2025-07-29,7,0,6,7,Ланинский пер.,22:08,official-route7-2025-07-29
2025-07-29,7,0,6,7,Ланинский пер.,22:18,official-route7-2025-07-29
2025-07-29,7,0,6,7,Ланинский пер.,22:30,official-route7-2025-07-29
2025-07-29,7,0,6,7,Ланинский пер.,22:46,official-route7-2025-07-29
2025-07-29,7,0,6,7,Ланинский пер.,23:04,official-route7-2025-07-29
2025-07-29,7,0,6,7,Ланинский пер.,23:18,official-route7-2025-07-29
2025-07-29,7,0,6,7,Ланинский пер.,23:35,official-route7-2025-07-29
2025-07-29,7,0,6,7,Ланинский пер.,23:56,official-route7-2025-07-29
2025-07-29,7,0,6,7,Ланинский пер.,00:12,official-route7-2025-07-29
2025-07-29,7,0,6,7,Ланинский пер.,00:33,official-route7-2025-07-29
2025-07-29,7,0,6,7,Ланинский пер.,00:51,official-route7-2025-07-29
2025-07-29,7,0,7,8,Богородское,00:14,official-route7-2025-07-29
2025-07-29,7,0,7,8,Богородское,00:35,official-route7-2025-07-29
2025-07-29,7,0,7,8,Богородское,00:53,official-route7-2025-07-29
2025-07-29,7,0,7,8,Богородское,05:09,official-route7-2025-07-29
2025-07-29,7,0,7,8,Богородское,05:29,official-route7-2025-07-29
2025-07-29,7,0,7,8,Богородское,05:49,official-route7-2025-07-29
2025-07-29,7,0,7,8,Богородское,06:05,official-route7-2025-07-29
2025-07-29,7,0,7,8,Богородское,06:19,official-route7-2025-07-29
2025-07-29,7,0,7,8,Богородское,06:29,official-route7-2025-07-29
2025-07-29,7,0,7,8,Богородское,06:39,official-route7-2025-07-29
2025-07-29,7,0,7,8,Богородское,06:49,official-route7-2025-07-29
2025-07-29,7,0,7,8,Богородское,06:58,official-route7-2025-07-29
2025-07-29,7,0,7,8,Богородское,07:08,official-route7-2025-07-29
2025-07-29,7,0,7,8,Богородское,07:17,official-route7-2025-07-29
2025-07-29,7,0,7,8,Богородское,07:28,official-route7-2025-07-29
2025-07-29,7,0,7,8,Богородское,07:38,official-route7-2025-07-29
2025-07-29,7,0,7,8,Богородское,07:49,official-route7-2025-07-29
2025-07-29,7,0,7,8,Богородское,07:59,official-route7-2025-07-29
2025-07-29,7,0,7,8,Богородское,08:10,official-route7-2025-07-29
2025-07-29,7,0,7,8,Богородское,08:20,official-route7-2025-07-29
2025-07-29,7,0,7,8,Богородское,08:29,official-route7-2025-07-29
2025-07-29,7,0,7,8,Богородское,08:40,official-route7-2025-07-29
2025-07-29,7,0,7,8,Богородское,08:51,official-route7-2025-07-29
2025-07-29,7,0,7,8,Богородское,09:01,official-route7-2025-07-29
2025-07-29,7,0,7,8,Богородское,09:10,official-route7-2025-07-29
2025-07-29,7,0,7,8,Богородское,09:21,official-route7-2025-07-29
2025-07-29,7,0,7,8,Богородское,09:35,official-route7-2025-07-29
2025-07-29,7,0,7,8,Богородское,09:45,official-route7-2025-07-29
2025-07-29,7,0,7,8,Богородское,09:56,official-route7-2025-07-29
2025-07-29,7,0,7,8,Богородское,10:08,official-route7-2025-07-29
2025-07-29,7,0,7,8,Богородское,10:17,official-route7-2025-07-29
2025-07-29,7,0,7,8,Богородское,10:27,official-route7-2025-07-29
2025-07-29,7,0,7,8,Богородское,10:37,official-route7-2025-07-29
2025-07-29,7,0,7,8,Богородское,10:47,official-route7-2025-07-29
2025-07-29,7,0,7,8,Богородское,10:57,official-route7-2025-07-29
2025-07-29,7,0,7,8,Богородское,11:07,official-route7-2025-07-29
2025-07-29,7,0,7,8,Богородское,11:17,official-route7-2025-07-29
2025-07-29,7,0,7,8,Богородское,11:27,official-route7-2025-07-29
2025-07-29,7,0,7,8,Богородское,11:37,official-route7-2025-07-29
2025-07-29,7,0,7,8,Богородское,11:49,official-route7-2025-07-29
2025-07-29,7,0,7,8,Богородское,12:00,official-route7-2025-07-29
2025-07-29,7,0,7,8,Богородское,12:11,official-route7-2025-07-29
2025-07-29,7,0,7,8,Богородское,12:22,official-route7-2025-07-29
2025-07-29,7,0,7,8,Богородское,12:33,official-route7-2025-07-29
2025-07-29,7,0,7,8,Богородское,12:44,official-route7-2025-07-29
2025-07-29,7,0,7,8,Богородское,12:53,official-route7-2025-07-29
2025-07-29,7,0,7,8,Богородское,13:03,official-route7-2025-07-29
2025-07-29,7,0,7,8,Богородское,13:13,official-route7-2025-07-29
2025-07-29,7,0,7,8,Богородское,13:25,official-route7-2025-07-29
2025-07-29,7,0,7,8,Богородское,13:33,official-route7-2025-07-29
2025-07-29,7,0,7,8,Богородское,13:43,official-route7-2025-07-29
2025-07-29,7,0,7,8,Богородское,13:53,official-route7-2025-07-29
2025-07-29,7,0,7,8,Богородское,14:03,official-route7-2025-07-29
2025-07-29,7,0,7,8,Богородское,14:14,official-route7-2025-07-29
2025-07-29,7,0,7,8,Богородское,14:25,official-route7-2025-07-29
2025-07-29,7,0,7,8,Богородское,14:36,official-route7-2025-07-29
2025-07-29,7,0,7,8,Богородское,14:47,official-route7-2025-07-29
2025-07-29,7,0,7,8,Богородское,14:58,official-route7-2025-07-29
2025-07-29,7,0,7,8,Богородское,15:09,official-route7-2025-07-29
2025-07-29,7,0,7,8,Богородское,15:17,official-route7-2025-07-29
2025-07-29,7,0,7,8,Богородское,15:29,official-route7-2025-07-29
2025-07-29,7,0,7,8,Богородское,15:41,official-route7-2025-07-29
2025-07-29,7,0,7,8,Богородское,15:51,official-route7-2025-07-29
2025-07-29,7,0,7,8,Богородское,16:01,official-route7-2025-07-29
2025-07-29,7,0,7,8,Богородское,16:11,official-route7-2025-07-29
2025-07-29,7,0,7,8,Богородское,16:21,official-route7-2025-07-29
2025-07-29,7,0,7,8,Богородское,16:29,official-route7-2025-07-29
2025-07-29,7,0,7,8,Богородское,16:41,official-route7-2025-07-29
2025-07-29,7,0,7,8,Богородское,16:51,official-route7-2025-07-29
2025-07-29,7,0,7,8,Богородское,17:01,official-route7-2025-07-29
2025-07-29,7,0,7,8,Богородское,17:12,official-route7-2025-07-29
2025-07-29,7,0,7,8,Богородское,17:23,official-route7-2025-07-29
2025-07-29,7,0,7,8,Богородское,17:31,official-route7-2025-07-29
2025-07-29,7,0,7,8,Богородское,17:38,official-route7-2025-07-29
2025-07-29,7,0,7,8,Богородское,17:44,official-route7-2025-07-29
2025-07-29,7,0,7,8,Богородское,17:51,official-route7-2025-07-29
2025-07-29,7,0,7,8,Богородское,17:58,official-route7-2025-07-29
2025-07-29,7,0,7,8,Богородское,18:05,official-route7-2025-07-29
2025-07-29,7,0,7,8,Богородское,18:12,official-route7-2025-07-29
2025-07-29,7,0,7,8,Богородское,18:19,official-route7-2025-07-29
2025-07-29,7,0,7,8,Богородское,18:25,official-route7-2025-07-29
2025-07-29,7,0,7,8,Богородское,18:33,official-route7-2025-07-29
2025-07-29,7,0,7,8,Богородское,18:41,official-route7-2025-07-29
2025-07-29,7,0,7,8,Богородское,18:49,official-route7-2025-07-29
2025-07-29,7,0,7,8,Богородское,18:58,official-route7-2025-07-29
2025-07-29,7,0,7,8,Богородское,19:08,official-route7-2025-07-29
2025-07-29,7,0,7,8,Богородское,19:18,official-route7-2025-07-29
2025-07-29,7,0,7,8,Богородское,19:29,official-route7-2025-07-29
2025-07-29,7,0,7,8,Богородское,19:38,official-route7-2025-07-29
2025-07-29,7,0,7,8,Богородское,19:48,official-route7-2025-07-29
2025-07-29,7,0,7,8,Богородское,19:58,official-route7-2025-07-29
2025-07-29,7,0,7,8,Богородское,20:08,official-route7-2025-07-29
2025-07-29,7,0,7,8,Богородское,20:18,official-route7-2025-07-29
2025-07-29,7,0,7,8,Богородское,20:28,official-route7-2025-07-29
2025-07-29,7,0,7,8,Богородское,20:38,official-route7-2025-07-29
2025-07-29,7,0,7,8,Богородское,20:49,official-route7-2025-07-29
2025-07-29,7,0,7,8,Богородское,20:59,official-route7-2025-07-29
2025-07-29,7,0,7,8,Богородское,21:09,official-route7-2025-07-29
2025-07-29,7,0,7,8,Богородское,21:19,official-route7-2025-07-29
2025-07-29,7,0,7,8,Богородское,21:29,official-route7-2025-07-29
2025-07-29,7,0,7,8,Богородское,21:40,official-route7-2025-07-29
2025-07-29,7,0,7,8,Богородское,21:49,official-route7-2025-07-29
2025-07-29,7,0,7,8,Богородское,22:00,official-route7-2025-07-29
2025-07-29,7,0,7,8,Богородское,22:10,official-route7-2025-07-29
2025-07-29,7,0,7,8,Богородское,22:20,official-route7-2025-07-29
2025-07-29,7,0,7,8,Богородское,22:32,official-route7-2025-07-29
2025-07-29,7,0,7,8,Богородское,22:48,official-route7-2025-07-29
2025-07-29,7,0,7,8,Богородское,23:06,official-route7-2025-07-29
2025-07-29,7,0,7,8,Богородское,23:20,official-route7-2025-07-29
2025-07-29,7,0,7,8,Богородское,23:37,official-route7-2025-07-29
2025-07-29,7,0,7,8,Богородское,23:58,official-route7-2025-07-29
2025-07-29,7,0,7,8,Богородское,00:14,official-route7-2025-07-29
2025-07-29,7,0,7,8,Богородское,00:35,official-route7-2025-07-29
2025-07-29,7,0,7,8,Богородское,00:53,official-route7-2025-07-29
2025-07-29,7,0,8,9,Богородский храм,00:15,official-route7-2025-07-29
2025-07-29,7,0,8,9,Богородский храм,00:36,official-route7-2025-07-29
2025-07-29,7,0,8,9,Богородский храм,00:54,official-route7-2025-07-29
2025-07-29,7,0,8,9,Богородский храм,05:10,official-route7-2025-07-29
2025-07-29,7,0,8,9,Богородский храм,05:30,official-route7-2025-07-29
2025-07-29,7,0,8,9,Богородский храм,05:50,official-route7-2025-07-29
2025-07-29,7,0,8,9,Богородский храм,06:06,official-route7-2025-07-29
2025-07-29,7,0,8,9,Богородский храм,06:20,official-route7-2025-07-29
2025-07-29,7,0,8,9,Богородский храм,06:30,official-route7-2025-07-29
2025-07-29,7,0,8,9,Богородский храм,06:40,official-route7-2025-07-29
2025-07-29,7,0,8,9,Богородский храм,06:50,official-route7-2025-07-29
2025-07-29,7,0,8,9,Богородский храм,06:59,official-route7-2025-07-29
2025-07-29,7,0,8,9,Богородский храм,07:10,official-route7-2025-07-29
2025-07-29,7,0,8,9,Богородский храм,07:19,official-route7-2025-07-29
2025-07-29,7,0,8,9,Богородский храм,07:30,official-route7-2025-07-29
2025-07-29,7,0,8,9,Богородский храм,07:40,official-route7-2025-07-29
2025-07-29,7,0,8,9,Богородский храм,07:51,official-route7-2025-07-29
2025-07-29,7,0,8,9,Богородский храм,08:01,official-route7-2025-07-29
2025-07-29,7,0,8,9,Богородский храм,08:12,official-route7-2025-07-29
2025-07-29,7,0,8,9,Богородский храм,08:22,official-route7-2025-07-29
2025-07-29,7,0,8,9,Богородский храм,08:31,official-route7-2025-07-29
2025-07-29,7,0,8,9,Богородский храм,08:42,official-route7-2025-07-29
2025-07-29,7,0,8,9,Богородский храм,08:53,official-route7-2025-07-29
2025-07-29,7,0,8,9,Богородский храм,09:03,official-route7-2025-07-29
2025-07-29,7,0,8,9,Богородский храм,09:12,official-route7-2025-07-29
2025-07-29,7,0,8,9,Богородский храм,09:23,official-route7-2025-07-29
2025-07-29,7,0,8,9,Богородский храм,09:37,official-route7-2025-07-29
2025-07-29,7,0,8,9,Богородский храм,09:47,official-route7-2025-07-29
2025-07-29,7,0,8,9,Богородский храм,09:58,official-route7-2025-07-29
2025-07-29,7,0,8,9,Богородский храм,10:10,official-route7-2025-07-29
2025-07-29,7,0,8,9,Богородский храм,10:19,official-route7-2025-07-29
2025-07-29,7,0,8,9,Богородский храм,10:29,official-route7-2025-07-29
2025-07-29,7,0,8,9,Богородский храм,10:39,official-route7-2025-07-29
2025-07-29,7,0,8,9,Богородский храм,10:49,official-route7-2025-07-29
2025-07-29,7,0,8,9,Богородский храм,10:59,official-route7-2025-07-29
2025-07-29,7,0,8,9,Богородский храм,11:09,official-route7-2025-07-29
2025-07-29,7,0,8,9,Богородский храм,11:19,official-route7-2025-07-29
2025-07-29,7,0,8,9,Богородский храм,11:29,official-route7-2025-07-29
2025-07-29,7,0,8,9,Богородский храм,11:39,official-route7-2025-07-29
2025-07-29,7,0,8,9,Богородский храм,11:51,official-route7-2025-07-29
2025-07-29,7,0,8,9,Богородский храм,12:02,official-route7-2025-07-29
2025-07-29,7,0,8,9,Богородский храм,12:13,official-route7-2025-07-29
2025-07-29,7,0,8,9,Богородский храм,12:24,official-route7-2025-07-29
2025-07-29,7,0,8,9,Богородский храм,12:35,official-route7-2025-07-29
2025-07-29,7,0,8,9,Богородский храм,12:46,official-route7-2025-07-29
2025-07-29,7,0,8,9,Богородский храм,12:55,official-route7-2025-07-29
2025-07-29,7,0,8,9,Богородский храм,13:05,official-route7-2025-07-29
2025-07-29,7,0,8,9,Богородский храм,13:15,official-route7-2025-07-29
2025-07-29,7,0,8,9,Богородский храм,13:27,official-route7-2025-07-29
2025-07-29,7,0,8,9,Богородский храм,13:35,official-route7-2025-07-29
2025-07-29,7,0,8,9,Богородский храм,13:45,official-route7-2025-07-29
2025-07-29,7,0,8,9,Богородский храм,13:55,official-route7-2025-07-29
2025-07-29,7,0,8,9,Богородский храм,14:05,official-route7-2025-07-29
2025-07-29,7,0,8,9,Богородский храм,14:16,official-route7-2025-07-29
2025-07-29,7,0,8,9,Богородский храм,14:27,official-route7-2025-07-29
2025-07-29,7,0,8,9,Богородский храм,14:38,official-route7-2025-07-29
2025-07-29,7,0,8,9,Богородский храм,14:49,official-route7-2025-07-29
2025-07-29,7,0,8,9,Богородский храм,15:00,official-route7-2025-07-29
2025-07-29,7,0,8,9,Богородский храм,15:11,official-route7-2025-07-29
2025-07-29,7,0,8,9,Богородский храм,15:19,official-route7-2025-07-29
2025-07-29,7,0,8,9,Богородский храм,15:31,official-route7-2025-07-29
2025-07-29,7,0,8,9,Богородский храм,15:43,official-route7-2025-07-29
2025-07-29,7,0,8,9,Богородский храм,15:53,official-route7-2025-07-29
2025-07-29,7,0,8,9,Богородский храм,16:03,official-route7-2025-07-29
2025-07-29,7,0,8,9,Богородский храм,16:13,official-route7-2025-07-29
2025-07-29,7,0,8,9,Богородский храм,16:23,official-route7-2025-07-29
2025-07-29,7,0,8,9,Богородский храм,16:31,official-route7-2025-07-29
2025-07-29,7,0,8,9,Богородский храм,16:43,official-route7-2025-07-29
2025-07-29,7,0,8,9,Богородский храм,16:53,official-route7-2025-07-29
2025-07-29,7,0,8,9,Богородский храм,17:03,official-route7-2025-07-29
2025-07-29,7,0,8,9,Богородский храм,17:14,official-route7-2025-07-29
2025-07-29,7,0,8,9,Богородский храм,17:25,official-route7-2025-07-29
2025-07-29,7,0,8,9,Богородский храм,17:33,official-route7-2025-07-29
2025-07-29,7,0,8,9,Богородский храм,17:40,official-route7-2025-07-29
2025-07-29,7,0,8,9,Богородский храм,17:46,official-route7-2025-07-29
2025-07-29,7,0,8,9,Богородский храм,17:53,official-route7-2025-07-29
2025-07-29,7,0,8,9,Богородский храм,18:00,official-route7-2025-07-29
2025-07-29,7,0,8,9,Богородский храм,18:07,official-route7-2025-07-29
2025-07-29,7,0,8,9,Богородский храм,18:14,official-route7-2025-07-29
2025-07-29,7,0,8,9,Богородский храм,18:21,official-route7-2025-07-29
2025-07-29,7,0,8,9,Богородский храм,18:27,official-route7-2025-07-29
2025-07-29,7,0,8,9,Богородский храм,18:35,official-route7-2025-07-29
2025-07-29,7,0,8,9,Богородский храм,18:43,official-route7-2025-07-29
2025-07-29,7,0,8,9,Богородский храм,18:51,official-route7-2025-07-29
2025-07-29,7,0,8,9,Богородский храм,19:00,official-route7-2025-07-29
2025-07-29,7,0,8,9,Богородский храм,19:10,official-route7-2025-07-29
2025-07-29,7,0,8,9,Богородский храм,19:20,official-route7-2025-07-29
2025-07-29,7,0,8,9,Богородский храм,19:31,official-route7-2025-07-29
2025-07-29,7,0,8,9,Богородский храм,19:40,official-route7-2025-07-29
2025-07-29,7,0,8,9,Богородский храм,19:50,official-route7-2025-07-29
2025-07-29,7,0,8,9,Богородский храм,20:00,official-route7-2025-07-29
2025-07-29,7,0,8,9,Богородский храм,20:10,official-route7-2025-07-29
2025-07-29,7,0,8,9,Богородский храм,20:20,official-route7-2025-07-29
2025-07-29,7,0,8,9,Богородский храм,20:30,official-route7-2025-07-29
2025-07-29,7,0,8,9,Богородский храм,20:40,official-route7-2025-07-29
2025-07-29,7,0,8,9,Богородский храм,20:51,official-route7-2025-07-29
2025-07-29,7,0,8,9,Богородский храм,21:01,official-route7-2025-07-29
2025-07-29,7,0,8,9,Богородский храм,21:11,official-route7-2025-07-29
2025-07-29,7,0,8,9,Богородский храм,21:21,official-route7-2025-07-29
2025-07-29,7,0,8,9,Богородский храм,21:31,official-route7-2025-07-29
2025-07-29,7,0,8,9,Богородский храм,21:42,official-route7-2025-07-29
2025-07-29,7,0,8,9,Богородский храм,21:51,official-route7-2025-07-29
2025-07-29,7,0,8,9,Богородский храм,22:02,official-route7-2025-07-29
2025-07-29,7,0,8,9,Богородский храм,22:12,official-route7-2025-07-29
2025-07-29,7,0,8,9,Богородский храм,22:22,official-route7-2025-07-29
2025-07-29,7,0,8,9,Богородский храм,22:34,official-route7-2025-07-29
2025-07-29,7,0,8,9,Богородский храм,22:50,official-route7-2025-07-29
2025-07-29,7,0,8,9,Богородский храм,23:07,official-route7-2025-07-29
2025-07-29,7,0,8,9,Богородский храм,23:21,official-route7-2025-07-29
2025-07-29,7,0,8,9,Богородский храм,23:38,official-route7-2025-07-29
2025-07-29,7,0,8,9,Богородский храм,23:59,official-route7-2025-07-29
2025-07-29,7,0,8,9,Богородский храм,00:15,official-route7-2025-07-29
2025-07-29,7,0,8,9,Богородский храм,00:36,official-route7-2025-07-29
2025-07-29,7,0,8,9,Богородский храм,00:54,official-route7-2025-07-29
2025-07-29,7,0,9,10,Инновационный университет,00:01,official-route7-2025-07-29
2025-07-29,7,0,9,10,Инновационный университет,00:17,official-route7-2025-07-29
2025-07-29,7,0,9,10,Инновационный университет,00:38,official-route7-2025-07-29
2025-07-29,7,0,9,10,Инновационный университет,00:56,official-route7-2025-07-29
2025-07-29,7,0,9,10,Инновационный университет,05:12,official-route7-2025-07-29
2025-07-29,7,0,9,10,Инновационный университет,05:32,official-route7-2025-07-29
2025-07-29,7,0,9,10,Инновационный университет,05:52,official-route7-2025-07-29
2025-07-29,7,0,9,10,Инновационный университет,06:08,official-route7-2025-07-29
2025-07-29,7,0,9,10,Инновационный университет,06:22,official-route7-2025-07-29
2025-07-29,7,0,9,10,Инновационный университет,06:32,official-route7-2025-07-29
2025-07-29,7,0,9,10,Инновационный университет,06:42,official-route7-2025-07-29
2025-07-29,7,0,9,10,Инновационный университет,06:52,official-route7-2025-07-29
2025-07-29,7,0,9,10,Инновационный университет,07:01,official-route7-2025-07-29
2025-07-29,7,0,9,10,Инновационный университет,07:12,official-route7-2025-07-29
2025-07-29,7,0,9,10,Инновационный университет,07:21,official-route7-2025-07-29
2025-07-29,7,0,9,10,Инновационный университет,07:32,official-route7-2025-07-29
2025-07-29,7,0,9,10,Инновационный университет,07:42,official-route7-2025-07-29
2025-07-29,7,0,9,10,Инновационный университет,07:53,official-route7-2025-07-29
2025-07-29,7,0,9,10,Инновационный университет,08:03,official-route7-2025-07-29
2025-07-29,7,0,9,10,Инновационный университет,08:14,official-route7-2025-07-29
2025-07-29,7,0,9,10,Инновационный университет,08:24,official-route7-2025-07-29
2025-07-29,7,0,9,10,Инновационный университет,08:33,official-route7-2025-07-29
2025-07-29,7,0,9,10,Инновационный университет,08:44,official-route7-2025-07-29
2025-07-29,7,0,9,10,Инновационный университет,08:55,official-route7-2025-07-29
2025-07-29,7,0,9,10,Инновационный университет,09:05,official-route7-2025-07-29
2025-07-29,7,0,9,10,Инновационный университет,09:14,official-route7-2025-07-29
2025-07-29,7,0,9,10,Инновационный университет,09:25,official-route7-2025-07-29
2025-07-29,7,0,9,10,Инновационный университет,09:39,official-route7-2025-07-29
2025-07-29,7,0,9,10,Инновационный университет,09:49,official-route7-2025-07-29
2025-07-29,7,0,9,10,Инновационный университет,10:00,official-route7-2025-07-29
2025-07-29,7,0,9,10,Инновационный университет,10:12,official-route7-2025-07-29
2025-07-29,7,0,9,10,Инновационный университет,10:21,official-route7-2025-07-29
2025-07-29,7,0,9,10,Инновационный университет,10:31,official-route7-2025-07-29
2025-07-29,7,0,9,10,Инновационный университет,10:41,official-route7-2025-07-29
2025-07-29,7,0,9,10,Инновационный университет,10:51,official-route7-2025-07-29
2025-07-29,7,0,9,10,Инновационный университет,11:01,official-route7-2025-07-29
2025-07-29,7,0,9,10,Инновационный университет,11:11,official-route7-2025-07-29
2025-07-29,7,0,9,10,Инновационный университет,11:21,official-route7-2025-07-29
2025-07-29,7,0,9,10,Инновационный университет,11:31,official-route7-2025-07-29
2025-07-29,7,0,9,10,Инновационный университет,11:41,official-route7-2025-07-29
2025-07-29,7,0,9,10,Инновационный университет,11:53,official-route7-2025-07-29
2025-07-29,7,0,9,10,Инновационный университет,12:04,official-route7-2025-07-29
2025-07-29,7,0,9,10,Инновационный университет,12:15,official-route7-2025-07-29
2025-07-29,7,0,9,10,Инновационный университет,12:26,official-route7-2025-07-29
2025-07-29,7,0,9,10,Инновационный университет,12:37,official-route7-2025-07-29
2025-07-29,7,0,9,10,Инновационный университет,12:48,official-route7-2025-07-29
2025-07-29,7,0,9,10,Инновационный университет,12:57,official-route7-2025-07-29
2025-07-29,7,0,9,10,Инновационный университет,13:07,official-route7-2025-07-29
2025-07-29,7,0,9,10,Инновационный университет,13:17,official-route7-2025-07-29
2025-07-29,7,0,9,10,Инновационный университет,13:29,official-route7-2025-07-29
2025-07-29,7,0,9,10,Инновационный университет,13:37,official-route7-2025-07-29
2025-07-29,7,0,9,10,Инновационный университет,13:47,official-route7-2025-07-29
2025-07-29,7,0,9,10,Инновационный университет,13:57,official-route7-2025-07-29
2025-07-29,7,0,9,10,Инновационный университет,14:07,official-route7-2025-07-29
2025-07-29,7,0,9,10,Инновационный университет,14:18,official-route7-2025-07-29
2025-07-29,7,0,9,10,Инновационный университет,14:29,official-route7-2025-07-29
2025-07-29,7,0,9,10,Инновационный университет,14:40,official-route7-2025-07-29
2025-07-29,7,0,9,10,Инновационный университет,14:51,official-route7-2025-07-29
2025-07-29,7,0,9,10,Инновационный университет,15:02,official-route7-2025-07-29
2025-07-29,7,0,9,10,Инновационный университет,15:13,official-route7-2025-07-29
2025-07-29,7,0,9,10,Инновационный университет,15:21,official-route7-2025-07-29
2025-07-29,7,0,9,10,Инновационный университет,15:33,official-route7-2025-07-29
2025-07-29,7,0,9,10,Инновационный университет,15:45,official-route7-2025-07-29
2025-07-29,7,0,9,10,Инновационный университет,15:55,official-route7-2025-07-29
2025-07-29,7,0,9,10,Инновационный университет,16:05,official-route7-2025-07-29
2025-07-29,7,0,9,10,Инновационный университет,16:15,official-route7-2025-07-29
2025-07-29,7,0,9,10,Инновационный университет,16:25,official-route7-2025-07-29
2025-07-29,7,0,9,10,Инновационный университет,16:33,official-route7-2025-07-29
2025-07-29,7,0,9,10,Инновационный университет,16:45,official-route7-2025-07-29
2025-07-29,7,0,9,10,Инновационный университет,16:55,official-route7-2025-07-29
2025-07-29,7,0,9,10,Инновационный университет,17:05,official-route7-2025-07-29
2025-07-29,7,0,9,10,Инновационный университет,17:16,official-route7-2025-07-29
2025-07-29,7,0,9,10,Инновационный университет,17:27,official-route7-2025-07-29
2025-07-29,7,0,9,10,Инновационный университет,17:35,official-route7-2025-07-29
2025-07-29,7,0,9,10,Инновационный университет,17:42,official-route7-2025-07-29
2025-07-29,7,0,9,10,Инновационный университет,17:48,official-route7-2025-07-29
2025-07-29,7,0,9,10,Инновационный университет,17:55,official-route7-2025-07-29
2025-07-29,7,0,9,10,Инновационный университет,18:02,official-route7-2025-07-29
2025-07-29,7,0,9,10,Инновационный университет,18:09,official-route7-2025-07-29
2025-07-29,7,0,9,10,Инновационный университет,18:16,official-route7-2025-07-29
2025-07-29,7,0,9,10,Инновационный университет,18:23,official-route7-2025-07-29
2025-07-29,7,0,9,10,Инновационный университет,18:29,official-route7-2025-07-29
2025-07-29,7,0,9,10,Инновационный университет,18:37,official-route7-2025-07-29
2025-07-29,7,0,9,10,Инновационный университет,18:45,official-route7-2025-07-29
2025-07-29,7,0,9,10,Инновационный университет,18:53,official-route7-2025-07-29
2025-07-29,7,0,9,10,Инновационный университет,19:02,official-route7-2025-07-29
2025-07-29,7,0,9,10,Инновационный университет,19:12,official-route7-2025-07-29
2025-07-29,7,0,9,10,Инновационный университет,19:22,official-route7-2025-07-29
2025-07-29,7,0,9,10,Инновационный университет,19:33,official-route7-2025-07-29
2025-07-29,7,0,9,10,Инновационный университет,19:42,official-route7-2025-07-29
2025-07-29,7,0,9,10,Инновационный университет,19:52,official-route7-2025-07-29
2025-07-29,7,0,9,10,Инновационный университет,20:02,official-route7-2025-07-29
2025-07-29,7,0,9,10,Инновационный университет,20:12,official-route7-2025-07-29
2025-07-29,7,0,9,10,Инновационный университет,20:22,official-route7-2025-07-29
2025-07-29,7,0,9,10,Инновационный университет,20:32,official-route7-2025-07-29
2025-07-29,7,0,9,10,Инновационный университет,20:42,official-route7-2025-07-29
2025-07-29,7,0,9,10,Инновационный университет,20:53,official-route7-2025-07-29
2025-07-29,7,0,9,10,Инновационный университет,21:03,official-route7-2025-07-29
2025-07-29,7,0,9,10,Инновационный университет,21:13,official-route7-2025-07-29
2025-07-29,7,0,9,10,Инновационный университет,21:23,official-route7-2025-07-29
2025-07-29,7,0,9,10,Инновационный университет,21:33,official-route7-2025-07-29
2025-07-29,7,0,9,10,Инновационный университет,21:44,official-route7-2025-07-29
2025-07-29,7,0,9,10,Инновационный университет,21:53,official-route7-2025-07-29
2025-07-29,7,0,9,10,Инновационный университет,22:04,official-route7-2025-07-29
2025-07-29,7,0,9,10,Инновационный университет,22:14,official-route7-2025-07-29
2025-07-29,7,0,9,10,Инновационный университет,22:24,official-route7-2025-07-29
2025-07-29,7,0,9,10,Инновационный университет,22:36,official-route7-2025-07-29
2025-07-29,7,0,9,10,Инновационный университет,22:52,official-route7-2025-07-29
2025-07-29,7,0,9,10,Инновационный университет,23:09,official-route7-2025-07-29
2025-07-29,7,0,9,10,Инновационный университет,23:23,official-route7-2025-07-29
2025-07-29,7,0,9,10,Инновационный университет,23:40,official-route7-2025-07-29
2025-07-29,7,0,9,10,Инновационный университет,00:01,official-route7-2025-07-29
2025-07-29,7,0,9,10,Инновационный университет,00:17,official-route7-2025-07-29
2025-07-29,7,0,9,10,Инновационный университет,00:38,official-route7-2025-07-29
2025-07-29,7,0,9,10,Инновационный университет,00:56,official-route7-2025-07-29
2025-07-29,7,0,10,11,1-я Прогонная ул.,00:02,official-route7-2025-07-29
2025-07-29,7,0,10,11,1-я Прогонная ул.,00:18,official-route7-2025-07-29
2025-07-29,7,0,10,11,1-я Прогонная ул.,00:39,official-route7-2025-07-29
2025-07-29,7,0,10,11,1-я Прогонная ул.,00:57,official-route7-2025-07-29
2025-07-29,7,0,10,11,1-я Прогонная ул.,05:13,official-route7-2025-07-29
2025-07-29,7,0,10,11,1-я Прогонная ул.,05:33,official-route7-2025-07-29
2025-07-29,7,0,10,11,1-я Прогонная ул.,05:53,official-route7-2025-07-29
2025-07-29,7,0,10,11,1-я Прогонная ул.,06:09,official-route7-2025-07-29
2025-07-29,7,0,10,11,1-я Прогонная ул.,06:23,official-route7-2025-07-29
2025-07-29,7,0,10,11,1-я Прогонная ул.,06:33,official-route7-2025-07-29
2025-07-29,7,0,10,11,1-я Прогонная ул.,06:43,official-route7-2025-07-29
2025-07-29,7,0,10,11,1-я Прогонная ул.,06:53,official-route7-2025-07-29
2025-07-29,7,0,10,11,1-я Прогонная ул.,07:02,official-route7-2025-07-29
2025-07-29,7,0,10,11,1-я Прогонная ул.,07:13,official-route7-2025-07-29
2025-07-29,7,0,10,11,1-я Прогонная ул.,07:22,official-route7-2025-07-29
2025-07-29,7,0,10,11,1-я Прогонная ул.,07:33,official-route7-2025-07-29
2025-07-29,7,0,10,11,1-я Прогонная ул.,07:43,official-route7-2025-07-29
2025-07-29,7,0,10,11,1-я Прогонная ул.,07:54,official-route7-2025-07-29
2025-07-29,7,0,10,11,1-я Прогонная ул.,08:04,official-route7-2025-07-29
2025-07-29,7,0,10,11,1-я Прогонная ул.,08:15,official-route7-2025-07-29
2025-07-29,7,0,10,11,1-я Прогонная ул.,08:25,official-route7-2025-07-29
2025-07-29,7,0,10,11,1-я Прогонная ул.,08:34,official-route7-2025-07-29
2025-07-29,7,0,10,11,1-я Прогонная ул.,08:45,official-route7-2025-07-29
2025-07-29,7,0,10,11,1-я Прогонная ул.,08:56,official-route7-2025-07-29
2025-07-29,7,0,10,11,1-я Прогонная ул.,09:06,official-route7-2025-07-29
2025-07-29,7,0,10,11,1-я Прогонная ул.,09:15,official-route7-2025-07-29
2025-07-29,7,0,10,11,1-я Прогонная ул.,09:26,official-route7-2025-07-29
2025-07-29,7,0,10,11,1-я Прогонная ул.,09:40,official-route7-2025-07-29
2025-07-29,7,0,10,11,1-я Прогонная ул.,09:50,official-route7-2025-07-29
2025-07-29,7,0,10,11,1-я Прогонная ул.,10:01,official-route7-2025-07-29
2025-07-29,7,0,10,11,1-я Прогонная ул.,10:13,official-route7-2025-07-29
2025-07-29,7,0,10,11,1-я Прогонная ул.,10:22,official-route7-2025-07-29
2025-07-29,7,0,10,11,1-я Прогонная ул.,10:32,official-route7-2025-07-29
2025-07-29,7,0,10,11,1-я Прогонная ул.,10:42,official-route7-2025-07-29
2025-07-29,7,0,10,11,1-я Прогонная ул.,10:52,official-route7-2025-07-29
2025-07-29,7,0,10,11,1-я Прогонная ул.,11:02,official-route7-2025-07-29
2025-07-29,7,0,10,11,1-я Прогонная ул.,11:12,official-route7-2025-07-29
2025-07-29,7,0,10,11,1-я Прогонная ул.,11:22,official-route7-2025-07-29
2025-07-29,7,0,10,11,1-я Прогонная ул.,11:32,official-route7-2025-07-29
2025-07-29,7,0,10,11,1-я Прогонная ул.,11:42,official-route7-2025-07-29
2025-07-29,7,0,10,11,1-я Прогонная ул.,11:54,official-route7-2025-07-29
2025-07-29,7,0,10,11,1-я Прогонная ул.,12:05,official-route7-2025-07-29
2025-07-29,7,0,10,11,1-я Прогонная ул.,12:16,official-route7-2025-07-29
2025-07-29,7,0,10,11,1-я Прогонная ул.,12:27,official-route7-2025-07-29
2025-07-29,7,0,10,11,1-я Прогонная ул.,12:38,official-route7-2025-07-29
2025-07-29,7,0,10,11,1-я Прогонная ул.,12:49,official-route7-2025-07-29
2025-07-29,7,0,10,11,1-я Прогонная ул.,12:58,official-route7-2025-07-29
2025-07-29,7,0,10,11,1-я Прогонная ул.,13:08,official-route7-2025-07-29
2025-07-29,7,0,10,11,1-я Прогонная ул.,13:18,official-route7-2025-07-29
2025-07-29,7,0,10,11,1-я Прогонная ул.,13:30,official-route7-2025-07-29
2025-07-29,7,0,10,11,1-я Прогонная ул.,13:38,official-route7-2025-07-29
2025-07-29,7,0,10,11,1-я Прогонная ул.,13:48,official-route7-2025-07-29
2025-07-29,7,0,10,11,1-я Прогонная ул.,13:58,official-route7-2025-07-29
2025-07-29,7,0,10,11,1-я Прогонная ул.,14:08,official-route7-2025-07-29
2025-07-29,7,0,10,11,1-я Прогонная ул.,14:19,official-route7-2025-07-29
2025-07-29,7,0,10,11,1-я Прогонная ул.,14:30,official-route7-2025-07-29
2025-07-29,7,0,10,11,1-я Прогонная ул.,14:41,official-route7-2025-07-29
2025-07-29,7,0,10,11,1-я Прогонная ул.,14:52,official-route7-2025-07-29
2025-07-29,7,0,10,11,1-я Прогонная ул.,15:03,official-route7-2025-07-29
2025-07-29,7,0,10,11,1-я Прогонная ул.,15:14,official-route7-2025-07-29
2025-07-29,7,0,10,11,1-я Прогонная ул.,15:22,official-route7-2025-07-29
2025-07-29,7,0,10,11,1-я Прогонная ул.,15:34,official-route7-2025-07-29
2025-07-29,7,0,10,11,1-я Прогонная ул.,15:46,official-route7-2025-07-29
2025-07-29,7,0,10,11,1-я Прогонная ул.,15:56,official-route7-2025-07-29
2025-07-29,7,0,10,11,1-я Прогонная ул.,16:06,official-route7-2025-07-29
2025-07-29,7,0,10,11,1-я Прогонная ул.,16:16,official-route7-2025-07-29
2025-07-29,7,0,10,11,1-я Прогонная ул.,16:26,official-route7-2025-07-29
2025-07-29,7,0,10,11,1-я Прогонная ул.,16:34,official-route7-2025-07-29
2025-07-29,7,0,10,11,1-я Прогонная ул.,16:46,official-route7-2025-07-29
2025-07-29,7,0,10,11,1-я Прогонная ул.,16:56,official-route7-2025-07-29
2025-07-29,7,0,10,11,1-я Прогонная ул.,17:06,official-route7-2025-07-29
2025-07-29,7,0,10,11,1-я Прогонная ул.,17:17,official-route7-2025-07-29
2025-07-29,7,0,10,11,1-я Прогонная ул.,17:28,official-route7-2025-07-29
2025-07-29,7,0,10,11,1-я Прогонная ул.,17:36,official-route7-2025-07-29
2025-07-29,7,0,10,11,1-я Прогонная ул.,17:43,official-route7-2025-07-29
2025-07-29,7,0,10,11,1-я Прогонная ул.,17:49,official-route7-2025-07-29
2025-07-29,7,0,10,11,1-я Прогонная ул.,17:56,official-route7-2025-07-29
2025-07-29,7,0,10,11,1-я Прогонная ул.,18:03,official-route7-2025-07-29
2025-07-29,7,0,10,11,1-я Прогонная ул.,18:10,official-route7-2025-07-29
2025-07-29,7,0,10,11,1-я Прогонная ул.,18:17,official-route7-2025-07-29
2025-07-29,7,0,10,11,1-я Прогонная ул.,18:24,official-route7-2025-07-29
2025-07-29,7,0,10,11,1-я Прогонная ул.,18:30,official-route7-2025-07-29
2025-07-29,7,0,10,11,1-я Прогонная ул.,18:38,official-route7-2025-07-29
2025-07-29,7,0,10,11,1-я Прогонная ул.,18:46,official-route7-2025-07-29
2025-07-29,7,0,10,11,1-я Прогонная ул.,18:54,official-route7-2025-07-29
2025-07-29,7,0,10,11,1-я Прогонная ул.,19:03,official-route7-2025-07-29
2025-07-29,7,0,10,11,1-я Прогонная ул.,19:13,official-route7-2025-07-29
2025-07-29,7,0,10,11,1-я Прогонная ул.,19:23,official-route7-2025-07-29
2025-07-29,7,0,10,11,1-я Прогонная ул.,19:34,official-route7-2025-07-29
2025-07-29,7,0,10,11,1-я Прогонная ул.,19:43,official-route7-2025-07-29
2025-07-29,7,0,10,11,1-я Прогонная ул.,19:53,official-route7-2025-07-29
2025-07-29,7,0,10,11,1-я Прогонная ул.,20:03,official-route7-2025-07-29
2025-07-29,7,0,10,11,1-я Прогонная ул.,20:13,official-route7-2025-07-29
2025-07-29,7,0,10,11,1-я Прогонная ул.,20:23,official-route7-2025-07-29
2025-07-29,7,0,10,11,1-я Прогонная ул.,20:33,official-route7-2025-07-29
2025-07-29,7,0,10,11,1-я Прогонная ул.,20:43,official-route7-2025-07-29
2025-07-29,7,0,10,11,1-я Прогонная ул.,20:54,official-route7-2025-07-29
2025-07-29,7,0,10,11,1-я Прогонная ул.,21:04,official-route7-2025-07-29
2025-07-29,7,0,10,11,1-я Прогонная ул.,21:14,official-route7-2025-07-29
2025-07-29,7,0,10,11,1-я Прогонная ул.,21:24,official-route7-2025-07-29
2025-07-29,7,0,10,11,1-я Прогонная ул.,21:34,official-route7-2025-07-29
2025-07-29,7,0,10,11,1-я Прогонная ул.,21:45,official-route7-2025-07-29
2025-07-29,7,0,10,11,1-я Прогонная ул.,21:54,official-route7-2025-07-29
2025-07-29,7,0,10,11,1-я Прогонная ул.,22:05,official-route7-2025-07-29
2025-07-29,7,0,10,11,1-я Прогонная ул.,22:15,official-route7-2025-07-29
2025-07-29,7,0,10,11,1-я Прогонная ул.,22:25,official-route7-2025-07-29
2025-07-29,7,0,10,11,1-я Прогонная ул.,22:37,official-route7-2025-07-29
2025-07-29,7,0,10,11,1-я Прогонная ул.,22:53,official-route7-2025-07-29
2025-07-29,7,0,10,11,1-я Прогонная ул.,23:10,official-route7-2025-07-29
2025-07-29,7,0,10,11,1-я Прогонная ул.,23:24,official-route7-2025-07-29
2025-07-29,7,0,10,11,1-я Прогонная ул.,23:41,official-route7-2025-07-29
2025-07-29,7,0,10,11,1-я Прогонная ул.,00:02,official-route7-2025-07-29
2025-07-29,7,0,10,11,1-я Прогонная ул.,00:18,official-route7-2025-07-29
2025-07-29,7,0,10,11,1-я Прогонная ул.,00:39,official-route7-2025-07-29
2025-07-29,7,0,10,11,1-я Прогонная ул.,00:57,official-route7-2025-07-29
2025-07-29,7,0,11,12,"Телерадиокомпания ""МИР""",00:03,official-route7-2025-07-29
2025-07-29,7,0,11,12,"Телерадиокомпания ""МИР""",00:19,official-route7-2025-07-29
2025-07-29,7,0,11,12,"Телерадиокомпания ""МИР""",00:40,official-route7-2025-07-29
2025-07-29,7,0,11,12,"Телерадиокомпания ""МИР""",00:58,official-route7-2025-07-29
2025-07-29,7,0,11,12,"Телерадиокомпания ""МИР""",05:14,official-route7-2025-07-29
2025-07-29,7,0,11,12,"Телерадиокомпания ""МИР""",05:34,official-route7-2025-07-29
2025-07-29,7,0,11,12,"Телерадиокомпания ""МИР""",05:54,official-route7-2025-07-29
2025-07-29,7,0,11,12,"Телерадиокомпания ""МИР""",06:10,official-route7-2025-07-29
2025-07-29,7,0,11,12,"Телерадиокомпания ""МИР""",06:24,official-route7-2025-07-29
2025-07-29,7,0,11,12,"Телерадиокомпания ""МИР""",06:34,official-route7-2025-07-29
2025-07-29,7,0,11,12,"Телерадиокомпания ""МИР""",06:44,official-route7-2025-07-29
2025-07-29,7,0,11,12,"Телерадиокомпания ""МИР""",06:54,official-route7-2025-07-29
2025-07-29,7,0,11,12,"Телерадиокомпания ""МИР""",07:03,official-route7-2025-07-29
2025-07-29,7,0,11,12,"Телерадиокомпания ""МИР""",07:14,official-route7-2025-07-29
2025-07-29,7,0,11,12,"Телерадиокомпания ""МИР""",07:23,official-route7-2025-07-29
2025-07-29,7,0,11,12,"Телерадиокомпания ""МИР""",07:34,official-route7-2025-07-29
2025-07-29,7,0,11,12,"Телерадиокомпания ""МИР""",07:44,official-route7-2025-07-29
2025-07-29,7,0,11,12,"Телерадиокомпания ""МИР""",07:55,official-route7-2025-07-29
2025-07-29,7,0,11,12,"Телерадиокомпания ""МИР""",08:05,official-route7-2025-07-29
2025-07-29,7,0,11,12,"Телерадиокомпания ""МИР""",08:16,official-route7-2025-07-29
2025-07-29,7,0,11,12,"Телерадиокомпания ""МИР""",08:26,official-route7-2025-07-29
2025-07-29,7,0,11,12,"Телерадиокомпания ""МИР""",08:35,official-route7-2025-07-29
2025-07-29,7,0,11,12,"Телерадиокомпания ""МИР""",08:46,official-route7-2025-07-29
2025-07-29,7,0,11,12,"Телерадиокомпания ""МИР""",08:57,official-route7-2025-07-29
2025-07-29,7,0,11,12,"Телерадиокомпания ""МИР""",09:07,official-route7-2025-07-29
2025-07-29,7,0,11,12,"Телерадиокомпания ""МИР""",09:16,official-route7-2025-07-29
2025-07-29,7,0,11,12,"Телерадиокомпания ""МИР""",09:27,official-route7-2025-07-29
2025-07-29,7,0,11,12,"Телерадиокомпания ""МИР""",09:41,official-route7-2025-07-29
2025-07-29,7,0,11,12,"Телерадиокомпания ""МИР""",09:51,official-route7-2025-07-29
2025-07-29,7,0,11,12,"Телерадиокомпания ""МИР""",10:02,official-route7-2025-07-29
2025-07-29,7,0,11,12,"Телерадиокомпания ""МИР""",10:14,official-route7-2025-07-29
2025-07-29,7,0,11,12,"Телерадиокомпания ""МИР""",10:23,official-route7-2025-07-29
2025-07-29,7,0,11,12,"Телерадиокомпания ""МИР""",10:33,official-route7-2025-07-29
2025-07-29,7,0,11,12,"Телерадиокомпания ""МИР""",10:43,official-route7-2025-07-29
2025-07-29,7,0,11,12,"Телерадиокомпания ""МИР""",10:53,official-route7-2025-07-29
2025-07-29,7,0,11,12,"Телерадиокомпания ""МИР""",11:03,official-route7-2025-07-29
2025-07-29,7,0,11,12,"Телерадиокомпания ""МИР""",11:13,official-route7-2025-07-29
2025-07-29,7,0,11,12,"Телерадиокомпания ""МИР""",11:23,official-route7-2025-07-29
2025-07-29,7,0,11,12,"Телерадиокомпания ""МИР""",11:33,official-route7-2025-07-29
2025-07-29,7,0,11,12,"Телерадиокомпания ""МИР""",11:43,official-route7-2025-07-29
2025-07-29,7,0,11,12,"Телерадиокомпания ""МИР""",11:55,official-route7-2025-07-29
2025-07-29,7,0,11,12,"Телерадиокомпания ""МИР""",12:06,official-route7-2025-07-29
2025-07-29,7,0,11,12,"Телерадиокомпания ""МИР""",12:17,official-route7-2025-07-29
2025-07-29,7,0,11,12,"Телерадиокомпания ""МИР""",12:28,official-route7-2025-07-29
2025-07-29,7,0,11,12,"Телерадиокомпания ""МИР""",12:39,official-route7-2025-07-29
2025-07-29,7,0,11,12,"Телерадиокомпания ""МИР""",12:50,official-route7-2025-07-29
2025-07-29,7,0,11,12,"Телерадиокомпания ""МИР""",12:59,official-route7-2025-07-29
2025-07-29,7,0,11,12,"Телерадиокомпания ""МИР""",13:09,official-route7-2025-07-29
2025-07-29,7,0,11,12,"Телерадиокомпания ""МИР""",13:19,official-route7-2025-07-29
2025-07-29,7,0,11,12,"Телерадиокомпания ""МИР""",13:31,official-route7-2025-07-29
2025-07-29,7,0,11,12,"Телерадиокомпания ""МИР""",13:39,official-route7-2025-07-29
2025-07-29,7,0,11,12,"Телерадиокомпания ""МИР""",13:49,official-route7-2025-07-29
2025-07-29,7,0,11,12,"Телерадиокомпания ""МИР""",13:59,official-route7-2025-07-29
2025-07-29,7,0,11,12,"Телерадиокомпания ""МИР""",14:09,official-route7-2025-07-29
2025-07-29,7,0,11,12,"Телерадиокомпания ""МИР""",14:20,official-route7-2025-07-29
2025-07-29,7,0,11,12,"Телерадиокомпания ""МИР""",14:31,official-route7-2025-07-29
2025-07-29,7,0,11,12,"Телерадиокомпания ""МИР""",14:42,official-route7-2025-07-29
2025-07-29,7,0,11,12,"Телерадиокомпания ""МИР""",14:53,official-route7-2025-07-29
2025-07-29,7,0,11,12,"Телерадиокомпания ""МИР""",15:04,official-route7-2025-07-29
2025-07-29,7,0,11,12,"Телерадиокомпания ""МИР""",15:15,official-route7-2025-07-29
2025-07-29,7,0,11,12,"Телерадиокомпания ""МИР""",15:23,official-route7-2025-07-29
2025-07-29,7,0,11,12,"Телерадиокомпания ""МИР""",15:35,official-route7-2025-07-29
2025-07-29,7,0,11,12,"Телерадиокомпания ""МИР""",15:47,official-route7-2025-07-29
2025-07-29,7,0,11,12,"Телерадиокомпания ""МИР""",15:57,official-route7-2025-07-29
2025-07-29,7,0,11,12,"Телерадиокомпания ""МИР""",16:07,official-route7-2025-07-29
2025-07-29,7,0,11,12,"Телерадиокомпания ""МИР""",16:17,official-route7-2025-07-29
2025-07-29,7,0,11,12,"Телерадиокомпания ""МИР""",16:27,official-route7-2025-07-29
2025-07-29,7,0,11,12,"Телерадиокомпания ""МИР""",16:35,official-route7-2025-07-29
2025-07-29,7,0,11,12,"Телерадиокомпания ""МИР""",16:47,official-route7-2025-07-29
2025-07-29,7,0,11,12,"Телерадиокомпания ""МИР""",16:57,official-route7-2025-07-29
2025-07-29,7,0,11,12,"Телерадиокомпания ""МИР""",17:07,official-route7-2025-07-29
2025-07-29,7,0,11,12,"Телерадиокомпания ""МИР""",17:18,official-route7-2025-07-29
2025-07-29,7,0,11,12,"Телерадиокомпания ""МИР""",17:29,official-route7-2025-07-29
2025-07-29,7,0,11,12,"Телерадиокомпания ""МИР""",17:37,official-route7-2025-07-29
2025-07-29,7,0,11,12,"Телерадиокомпания ""МИР""",17:44,official-route7-2025-07-29
2025-07-29,7,0,11,12,"Телерадиокомпания ""МИР""",17:50,official-route7-2025-07-29
2025-07-29,7,0,11,12,"Телерадиокомпания ""МИР""",17:57,official-route7-2025-07-29
2025-07-29,7,0,11,12,"Телерадиокомпания ""МИР""",18:04,official-route7-2025-07-29
2025-07-29,7,0,11,12,"Телерадиокомпания ""МИР""",18:11,official-route7-2025-07-29
2025-07-29,7,0,11,12,"Телерадиокомпания ""МИР""",18:18,official-route7-2025-07-29
2025-07-29,7,0,11,12,"Телерадиокомпания ""МИР""",18:25,official-route7-2025-07-29
2025-07-29,7,0,11,12,"Телерадиокомпания ""МИР""",18:31,official-route7-2025-07-29
2025-07-29,7,0,11,12,"Телерадиокомпания ""МИР""",18:39,official-route7-2025-07-29
2025-07-29,7,0,11,12,"Телерадиокомпания ""МИР""",18:47,official-route7-2025-07-29
2025-07-29,7,0,11,12,"Телерадиокомпания ""МИР""",18:55,official-route7-2025-07-29
2025-07-29,7,0,11,12,"Телерадиокомпания ""МИР""",19:04,official-route7-2025-07-29
2025-07-29,7,0,11,12,"Телерадиокомпания ""МИР""",19:14,official-route7-2025-07-29
2025-07-29,7,0,11,12,"Телерадиокомпания ""МИР""",19:24,official-route7-2025-07-29
2025-07-29,7,0,11,12,"Телерадиокомпания ""МИР""",19:35,official-route7-2025-07-29
2025-07-29,7,0,11,12,"Телерадиокомпания ""МИР""",19:44,official-route7-2025-07-29
2025-07-29,7,0,11,12,"Телерадиокомпания ""МИР""",19:54,official-route7-2025-07-29
2025-07-29,7,0,11,12,"Телерадиокомпания ""МИР""",20:04,official-route7-2025-07-29
2025-07-29,7,0,11,12,"Телерадиокомпания ""МИР""",20:14,official-route7-2025-07-29
2025-07-29,7,0,11,12,"Телерадиокомпания ""МИР""",20:24,official-route7-2025-07-29
2025-07-29,7,0,11,12,"Телерадиокомпания ""МИР""",20:34,official-route7-2025-07-29
2025-07-29,7,0,11,12,"Телерадиокомпания ""МИР""",20:44,official-route7-2025-07-29
2025-07-29,7,0,11,12,"Телерадиокомпания ""МИР""",20:55,official-route7-2025-07-29
2025-07-29,7,0,11,12,"Телерадиокомпания ""МИР""",21:05,official-route7-2025-07-29
2025-07-29,7,0,11,12,"Телерадиокомпания ""МИР""",21:15,official-route7-2025-07-29
2025-07-29,7,0,11,12,"Телерадиокомпания ""МИР""",21:25,official-route7-2025-07-29
2025-07-29,7,0,11,12,"Телерадиокомпания ""МИР""",21:35,official-route7-2025-07-29
2025-07-29,7,0,11,12,"Телерадиокомпания ""МИР""",21:46,official-route7-2025-07-29
2025-07-29,7,0,11,12,"Телерадиокомпания ""МИР""",21:55,official-route7-2025-07-29
2025-07-29,7,0,11,12,"Телерадиокомпания ""МИР""",22:06,official-route7-2025-07-29
2025-07-29,7,0,11,12,"Телерадиокомпания ""МИР""",22:16,official-route7-2025-07-29
2025-07-29,7,0,11,12,"Телерадиокомпания ""МИР""",22:26,official-route7-2025-07-29
2025-07-29,7,0,11,12,"Телерадиокомпания ""МИР""",22:38,official-route7-2025-07-29
2025-07-29,7,0,11,12,"Телерадиокомпания ""МИР""",22:54,official-route7-2025-07-29
2025-07-29,7,0,11,12,"Телерадиокомпания ""МИР""",23:11,official-route7-2025-07-29
2025-07-29,7,0,11,12,"Телерадиокомпания ""МИР""",23:25,official-route7-2025-07-29
2025-07-29,7,0,11,12,"Телерадиокомпания ""МИР""",23:42,official-route7-2025-07-29
2025-07-29,7,0,11,12,"Телерадиокомпания ""МИР""",00:03,official-route7-2025-07-29
2025-07-29,7,0,11,12,"Телерадиокомпания ""МИР""",00:19,official-route7-2025-07-29
2025-07-29,7,0,11,12,"Телерадиокомпания ""МИР""",00:40,official-route7-2025-07-29
2025-07-29,7,0,11,12,"Телерадиокомпания ""МИР""",00:58,official-route7-2025-07-29
2025-07-29,7,0,12,13,Мосгорсуд,00:04,official-route7-2025-07-29
2025-07-29,7,0,12,13,Мосгорсуд,00:20,official-route7-2025-07-29
2025-07-29,7,0,12,13,Мосгорсуд,00:41,official-route7-2025-07-29
2025-07-29,7,0,12,13,Мосгорсуд,00:59,official-route7-2025-07-29
2025-07-29,7,0,12,13,Мосгорсуд,05:15,official-route7-2025-07-29
2025-07-29,7,0,12,13,Мосгорсуд,05:35,official-route7-2025-07-29
2025-07-29,7,0,12,13,Мосгорсуд,05:55,official-route7-2025-07-29
2025-07-29,7,0,12,13,Мосгорсуд,06:11,official-route7-2025-07-29
2025-07-29,7,0,12,13,Мосгорсуд,06:25,official-route7-2025-07-29
2025-07-29,7,0,12,13,Мосгорсуд,06:35,official-route7-2025-07-29
2025-07-29,7,0,12,13,Мосгорсуд,06:45,official-route7-2025-07-29
2025-07-29,7,0,12,13,Мосгорсуд,06:55,official-route7-2025-07-29
2025-07-29,7,0,12,13,Мосгорсуд,07:04,official-route7-2025-07-29
2025-07-29,7,0,12,13,Мосгорсуд,07:15,official-route7-2025-07-29
2025-07-29,7,0,12,13,Мосгорсуд,07:24,official-route7-2025-07-29
2025-07-29,7,0,12,13,Мосгорсуд,07:35,official-route7-2025-07-29
2025-07-29,7,0,12,13,Мосгорсуд,07:45,official-route7-2025-07-29
2025-07-29,7,0,12,13,Мосгорсуд,07:56,official-route7-2025-07-29
2025-07-29,7,0,12,13,Мосгорсуд,08:06,official-route7-2025-07-29
2025-07-29,7,0,12,13,Мосгорсуд,08:17,official-route7-2025-07-29
2025-07-29,7,0,12,13,Мосгорсуд,08:27,official-route7-2025-07-29
2025-07-29,7,0,12,13,Мосгорсуд,08:36,official-route7-2025-07-29
2025-07-29,7,0,12,13,Мосгорсуд,08:47,official-route7-2025-07-29
2025-07-29,7,0,12,13,Мосгорсуд,08:58,official-route7-2025-07-29
2025-07-29,7,0,12,13,Мосгорсуд,09:08,official-route7-2025-07-29
2025-07-29,7,0,12,13,Мосгорсуд,09:17,official-route7-2025-07-29
2025-07-29,7,0,12,13,Мосгорсуд,09:28,official-route7-2025-07-29
2025-07-29,7,0,12,13,Мосгорсуд,09:42,official-route7-2025-07-29
2025-07-29,7,0,12,13,Мосгорсуд,09:52,official-route7-2025-07-29
2025-07-29,7,0,12,13,Мосгорсуд,10:03,official-route7-2025-07-29
2025-07-29,7,0,12,13,Мосгорсуд,10:15,official-route7-2025-07-29
2025-07-29,7,0,12,13,Мосгорсуд,10:24,official-route7-2025-07-29
2025-07-29,7,0,12,13,Мосгорсуд,10:34,official-route7-2025-07-29
2025-07-29,7,0,12,13,Мосгорсуд,10:44,official-route7-2025-07-29
2025-07-29,7,0,12,13,Мосгорсуд,10:54,official-route7-2025-07-29
2025-07-29,7,0,12,13,Мосгорсуд,11:04,official-route7-2025-07-29
2025-07-29,7,0,12,13,Мосгорсуд,11:14,official-route7-2025-07-29
2025-07-29,7,0,12,13,Мосгорсуд,11:24,official-route7-2025-07-29
2025-07-29,7,0,12,13,Мосгорсуд,11:34,official-route7-2025-07-29
2025-07-29,7,0,12,13,Мосгорсуд,11:44,official-route7-2025-07-29
2025-07-29,7,0,12,13,Мосгорсуд,11:56,official-route7-2025-07-29
2025-07-29,7,0,12,13,Мосгорсуд,12:07,official-route7-2025-07-29
2025-07-29,7,0,12,13,Мосгорсуд,12:18,official-route7-2025-07-29
2025-07-29,7,0,12,13,Мосгорсуд,12:29,official-route7-2025-07-29
2025-07-29,7,0,12,13,Мосгорсуд,12:40,official-route7-2025-07-29
2025-07-29,7,0,12,13,Мосгорсуд,12:51,official-route7-2025-07-29
2025-07-29,7,0,12,13,Мосгорсуд,13:00,official-route7-2025-07-29
2025-07-29,7,0,12,13,Мосгорсуд,13:10,official-route7-2025-07-29
2025-07-29,7,0,12,13,Мосгорсуд,13:20,official-route7-2025-07-29
2025-07-29,7,0,12,13,Мосгорсуд,13:32,official-route7-2025-07-29
2025-07-29,7,0,12,13,Мосгорсуд,13:40,official-route7-2025-07-29
2025-07-29,7,0,12,13,Мосгорсуд,13:50,official-route7-2025-07-29
2025-07-29,7,0,12,13,Мосгорсуд,14:00,official-route7-2025-07-29
2025-07-29,7,0,12,13,Мосгорсуд,14:10,official-route7-2025-07-29
2025-07-29,7,0,12,13,Мосгорсуд,14:21,official-route7-2025-07-29
2025-07-29,7,0,12,13,Мосгорсуд,14:32,official-route7-2025-07-29
2025-07-29,7,0,12,13,Мосгорсуд,14:43,official-route7-2025-07-29
2025-07-29,7,0,12,13,Мосгорсуд,14:54,official-route7-2025-07-29
2025-07-29,7,0,12,13,Мосгорсуд,15:05,official-route7-2025-07-29
2025-07-29,7,0,12,13,Мосгорсуд,15:16,official-route7-2025-07-29
2025-07-29,7,0,12,13,Мосгорсуд,15:24,official-route7-2025-07-29
2025-07-29,7,0,12,13,Мосгорсуд,15:36,official-route7-2025-07-29
2025-07-29,7,0,12,13,Мосгорсуд,15:48,official-route7-2025-07-29
2025-07-29,7,0,12,13,Мосгорсуд,15:58,official-route7-2025-07-29
2025-07-29,7,0,12,13,Мосгорсуд,16:08,official-route7-2025-07-29
2025-07-29,7,0,12,13,Мосгорсуд,16:18,official-route7-2025-07-29
2025-07-29,7,0,12,13,Мосгорсуд,16:28,official-route7-2025-07-29
2025-07-29,7,0,12,13,Мосгорсуд,16:36,official-route7-2025-07-29
2025-07-29,7,0,12,13,Мосгорсуд,16:48,official-route7-2025-07-29
2025-07-29,7,0,12,13,Мосгорсуд,16:58,official-route7-2025-07-29
2025-07-29,7,0,12,13,Мосгорсуд,17:08,official-route7-2025-07-29
2025-07-29,7,0,12,13,Мосгорсуд,17:19,official-route7-2025-07-29
2025-07-29,7,0,12,13,Мосгорсуд,17:30,official-route7-2025-07-29
2025-07-29,7,0,12,13,Мосгорсуд,17:38,official-route7-2025-07-29
2025-07-29,7,0,12,13,Мосгорсуд,17:45,official-route7-2025-07-29
2025-07-29,7,0,12,13,Мосгорсуд,17:51,official-route7-2025-07-29
2025-07-29,7,0,12,13,Мосгорсуд,17:58,official-route7-2025-07-29
2025-07-29,7,0,12,13,Мосгорсуд,18:05,official-route7-2025-07-29
2025-07-29,7,0,12,13,Мосгорсуд,18:12,official-route7-2025-07-29
2025-07-29,7,0,12,13,Мосгорсуд,18:19,official-route7-2025-07-29
2025-07-29,7,0,12,13,Мосгорсуд,18:26,official-route7-2025-07-29
2025-07-29,7,0,12,13,Мосгорсуд,18:32,official-route7-2025-07-29
2025-07-29,7,0,12,13,Мосгорсуд,18:40,official-route7-2025-07-29
2025-07-29,7,0,12,13,Мосгорсуд,18:48,official-route7-2025-07-29
2025-07-29,7,0,12,13,Мосгорсуд,18:56,official-route7-2025-07-29
2025-07-29,7,0,12,13,Мосгорсуд,19:05,official-route7-2025-07-29
2025-07-29,7,0,12,13,Мосгорсуд,19:15,official-route7-2025-07-29
2025-07-29,7,0,12,13,Мосгорсуд,19:25,official-route7-2025-07-29
2025-07-29,7,0,12,13,Мосгорсуд,19:36,official-route7-2025-07-29
2025-07-29,7,0,12,13,Мосгорсуд,19:45,official-route7-2025-07-29
2025-07-29,7,0,12,13,Мосгорсуд,19:55,official-route7-2025-07-29
2025-07-29,7,0,12,13,Мосгорсуд,20:05,official-route7-2025-07-29
2025-07-29,7,0,12,13,Мосгорсуд,20:15,official-route7-2025-07-29
2025-07-29,7,0,12,13,Мосгорсуд,20:25,official-route7-2025-07-29
2025-07-29,7,0,12,13,Мосгорсуд,20:35,official-route7-2025-07-29
2025-07-29,7,0,12,13,Мосгорсуд,20:45,official-route7-2025-07-29
2025-07-29,7,0,12,13,Мосгорсуд,20:56,official-route7-2025-07-29
2025-07-29,7,0,12,13,Мосгорсуд,21:06,official-route7-2025-07-29
2025-07-29,7,0,12,13,Мосгорсуд,21:16,official-route7-2025-07-29
2025-07-29,7,0,12,13,Мосгорсуд,21:26,official-route7-2025-07-29
2025-07-29,7,0,12,13,Мосгорсуд,21:36,official-route7-2025-07-29
2025-07-29,7,0,12,13,Мосгорсуд,21:47,official-route7-2025-07-29
2025-07-29,7,0,12,13,Мосгорсуд,21:56,official-route7-2025-07-29
2025-07-29,7,0,12,13,Мосгорсуд,22:07,official-route7-2025-07-29
2025-07-29,7,0,12,13,Мосгорсуд,22:17,official-route7-2025-07-29
2025-07-29,7,0,12,13,Мосгорсуд,22:27,official-route7-2025-07-29
2025-07-29,7,0,12,13,Мосгорсуд,22:39,official-route7-2025-07-29
2025-07-29,7,0,12,13,Мосгорсуд,22:55,official-route7-2025-07-29
2025-07-29,7,0,12,13,Мосгорсуд,23:12,official-route7-2025-07-29
2025-07-29,7,0,12,13,Мосгорсуд,23:26,official-route7-2025-07-29
2025-07-29,7,0,12,13,Мосгорсуд,23:43,official-route7-2025-07-29
2025-07-29,7,0,12,13,Мосгорсуд,00:04,official-route7-2025-07-29
2025-07-29,7,0,12,13,Мосгорсуд,00:20,official-route7-2025-07-29
2025-07-29,7,0,12,13,Мосгорсуд,00:41,official-route7-2025-07-29
2025-07-29,7,0,12,13,Мосгорсуд,00:59,official-route7-2025-07-29
2025-07-29,7,0,13,14,Улица Хромова,00:06,official-route7-2025-07-29
2025-07-29,7,0,13,14,Улица Хромова,00:22,official-route7-2025-07-29
2025-07-29,7,0,13,14,Улица Хромова,00:43,official-route7-2025-07-29
2025-07-29,7,0,13,14,Улица Хромова,01:01,official-route7-2025-07-29
2025-07-29,7,0,13,14,Улица Хромова,05:17,official-route7-2025-07-29
2025-07-29,7,0,13,14,Улица Хромова,05:37,official-route7-2025-07-29
2025-07-29,7,0,13,14,Улица Хромова,05:57,official-route7-2025-07-29
2025-07-29,7,0,13,14,Улица Хромова,06:13,official-route7-2025-07-29
2025-07-29,7,0,13,14,Улица Хромова,06:27,official-route7-2025-07-29
2025-07-29,7,0,13,14,Улица Хромова,06:37,official-route7-2025-07-29
2025-07-29,7,0,13,14,Улица Хромова,06:47,official-route7-2025-07-29
2025-07-29,7,0,13,14,Улица Хромова,06:57,official-route7-2025-07-29
2025-07-29,7,0,13,14,Улица Хромова,07:06,official-route7-2025-07-29
2025-07-29,7,0,13,14,Улица Хромова,07:17,official-route7-2025-07-29
2025-07-29,7,0,13,14,Улица Хромова,07:26,official-route7-2025-07-29
2025-07-29,7,0,13,14,Улица Хромова,07:37,official-route7-2025-07-29
2025-07-29,7,0,13,14,Улица Хромова,07:47,official-route7-2025-07-29
2025-07-29,7,0,13,14,Улица Хромова,07:58,official-route7-2025-07-29
2025-07-29,7,0,13,14,Улица Хромова,08:08,official-route7-2025-07-29
2025-07-29,7,0,13,14,Улица Хромова,08:19,official-route7-2025-07-29
2025-07-29,7,0,13,14,Улица Хромова,08:29,official-route7-2025-07-29
2025-07-29,7,0,13,14,Улица Хромова,08:38,official-route7-2025-07-29
2025-07-29,7,0,13,14,Улица Хромова,08:49,official-route7-2025-07-29
2025-07-29,7,0,13,14,Улица Хромова,09:00,official-route7-2025-07-29
2025-07-29,7,0,13,14,Улица Хромова,09:10,official-route7-2025-07-29
2025-07-29,7,0,13,14,Улица Хромова,09:19,official-route7-2025-07-29
2025-07-29,7,0,13,14,Улица Хромова,09:30,official-route7-2025-07-29
2025-07-29,7,0,13,14,Улица Хромова,09:44,official-route7-2025-07-29
2025-07-29,7,0,13,14,Улица Хромова,09:54,official-route7-2025-07-29
2025-07-29,7,0,13,14,Улица Хромова,10:05,official-route7-2025-07-29
2025-07-29,7,0,13,14,Улица Хромова,10:17,official-route7-2025-07-29
2025-07-29,7,0,13,14,Улица Хромова,10:26,official-route7-2025-07-29
2025-07-29,7,0,13,14,Улица Хромова,10:36,official-route7-2025-07-29
2025-07-29,7,0,13,14,Улица Хромова,10:46,official-route7-2025-07-29
2025-07-29,7,0,13,14,Улица Хромова,10:56,official-route7-2025-07-29
2025-07-29,7,0,13,14,Улица Хромова,11:06,official-route7-2025-07-29
2025-07-29,7,0,13,14,Улица Хромова,11:16,official-route7-2025-07-29
2025-07-29,7,0,13,14,Улица Хромова,11:26,official-route7-2025-07-29
2025-07-29,7,0,13,14,Улица Хромова,11:36,official-route7-2025-07-29
2025-07-29,7,0,13,14,Улица Хромова,11:46,official-route7-2025-07-29
2025-07-29,7,0,13,14,Улица Хромова,11:58,official-route7-2025-07-29
2025-07-29,7,0,13,14,Улица Хромова,12:09,official-route7-2025-07-29
2025-07-29,7,0,13,14,Улица Хромова,12:20,official-route7-2025-07-29
2025-07-29,7,0,13,14,Улица Хромова,12:31,official-route7-2025-07-29
2025-07-29,7,0,13,14,Улица Хромова,12:42,official-route7-2025-07-29
2025-07-29,7,0,13,14,Улица Хромова,12:53,official-route7-2025-07-29
2025-07-29,7,0,13,14,Улица Хромова,13:02,official-route7-2025-07-29
2025-07-29,7,0,13,14,Улица Хромова,13:12,official-route7-2025-07-29
2025-07-29,7,0,13,14,Улица Хромова,13:22,official-route7-2025-07-29
2025-07-29,7,0,13,14,Улица Хромова,13:34,official-route7-2025-07-29
2025-07-29,7,0,13,14,Улица Хромова,13:42,official-route7-2025-07-29
2025-07-29,7,0,13,14,Улица Хромова,13:52,official-route7-2025-07-29
2025-07-29,7,0,13,14,Улица Хромова,14:02,official-route7-2025-07-29
2025-07-29,7,0,13,14,Улица Хромова,14:12,official-route7-2025-07-29
2025-07-29,7,0,13,14,Улица Хромова,14:23,official-route7-2025-07-29
2025-07-29,7,0,13,14,Улица Хромова,14:34,official-route7-2025-07-29
2025-07-29,7,0,13,14,Улица Хромова,14:45,official-route7-2025-07-29
2025-07-29,7,0,13,14,Улица Хромова,14:56,official-route7-2025-07-29
2025-07-29,7,0,13,14,Улица Хромова,15:07,official-route7-2025-07-29
2025-07-29,7,0,13,14,Улица Хромова,15:18,official-route7-2025-07-29
2025-07-29,7,0,13,14,Улица Хромова,15:26,official-route7-2025-07-29
2025-07-29,7,0,13,14,Улица Хромова,15:38,official-route7-2025-07-29
2025-07-29,7,0,13,14,Улица Хромова,15:50,official-route7-2025-07-29
2025-07-29,7,0,13,14,Улица Хромова,16:00,official-route7-2025-07-29
2025-07-29,7,0,13,14,Улица Хромова,16:10,official-route7-2025-07-29
2025-07-29,7,0,13,14,Улица Хромова,16:20,official-route7-2025-07-29
2025-07-29,7,0,13,14,Улица Хромова,16:30,official-route7-2025-07-29
2025-07-29,7,0,13,14,Улица Хромова,16:38,official-route7-2025-07-29
2025-07-29,7,0,13,14,Улица Хромова,16:50,official-route7-2025-07-29
2025-07-29,7,0,13,14,Улица Хромова,17:00,official-route7-2025-07-29
2025-07-29,7,0,13,14,Улица Хромова,17:10,official-route7-2025-07-29
2025-07-29,7,0,13,14,Улица Хромова,17:21,official-route7-2025-07-29
2025-07-29,7,0,13,14,Улица Хромова,17:32,official-route7-2025-07-29
2025-07-29,7,0,13,14,Улица Хромова,17:40,official-route7-2025-07-29
2025-07-29,7,0,13,14,Улица Хромова,17:47,official-route7-2025-07-29
2025-07-29,7,0,13,14,Улица Хромова,17:53,official-route7-2025-07-29
2025-07-29,7,0,13,14,Улица Хромова,18:00,official-route7-2025-07-29
2025-07-29,7,0,13,14,Улица Хромова,18:07,official-route7-2025-07-29
2025-07-29,7,0,13,14,Улица Хромова,18:14,official-route7-2025-07-29
2025-07-29,7,0,13,14,Улица Хромова,18:21,official-route7-2025-07-29
2025-07-29,7,0,13,14,Улица Хромова,18:28,official-route7-2025-07-29
2025-07-29,7,0,13,14,Улица Хромова,18:34,official-route7-2025-07-29
2025-07-29,7,0,13,14,Улица Хромова,18:42,official-route7-2025-07-29
2025-07-29,7,0,13,14,Улица Хромова,18:50,official-route7-2025-07-29
2025-07-29,7,0,13,14,Улица Хромова,18:58,official-route7-2025-07-29
2025-07-29,7,0,13,14,Улица Хромова,19:07,official-route7-2025-07-29
2025-07-29,7,0,13,14,Улица Хромова,19:17,official-route7-2025-07-29
2025-07-29,7,0,13,14,Улица Хромова,19:27,official-route7-2025-07-29
2025-07-29,7,0,13,14,Улица Хромова,19:38,official-route7-2025-07-29
2025-07-29,7,0,13,14,Улица Хромова,19:47,official-route7-2025-07-29
2025-07-29,7,0,13,14,Улица Хромова,19:57,official-route7-2025-07-29
2025-07-29,7,0,13,14,Улица Хромова,20:07,official-route7-2025-07-29
2025-07-29,7,0,13,14,Улица Хромова,20:17,official-route7-2025-07-29
2025-07-29,7,0,13,14,Улица Хромова,20:27,official-route7-2025-07-29
2025-07-29,7,0,13,14,Улица Хромова,20:37,official-route7-2025-07-29
2025-07-29,7,0,13,14,Улица Хромова,20:47,official-route7-2025-07-29
2025-07-29,7,0,13,14,Улица Хромова,20:58,official-route7-2025-07-29
2025-07-29,7,0,13,14,Улица Хромова,21:08,official-route7-2025-07-29
2025-07-29,7,0,13,14,Улица Хромова,21:18,official-route7-2025-07-29
2025-07-29,7,0,13,14,Улица Хромова,21:28,official-route7-2025-07-29
2025-07-29,7,0,13,14,Улица Хромова,21:38,official-route7-2025-07-29
2025-07-29,7,0,13,14,Улица Хромова,21:49,official-route7-2025-07-29
2025-07-29,7,0,13,14,Улица Хромова,21:58,official-route7-2025-07-29
2025-07-29,7,0,13,14,Улица Хромова,22:09,official-route7-2025-07-29
2025-07-29,7,0,13,14,Улица Хромова,22:19,official-route7-2025-07-29
2025-07-29,7,0,13,14,Улица Хромова,22:29,official-route7-2025-07-29
2025-07-29,7,0,13,14,Улица Хромова,22:41,official-route7-2025-07-29
2025-07-29,7,0,13,14,Улица Хромова,22:57,official-route7-2025-07-29
2025-07-29,7,0,13,14,Улица Хромова,23:14,official-route7-2025-07-29
2025-07-29,7,0,13,14,Улица Хромова,23:28,official-route7-2025-07-29
2025-07-29,7,0,13,14,Улица Хромова,23:45,official-route7-2025-07-29
2025-07-29,7,0,13,14,Улица Хромова,00:06,official-route7-2025-07-29
2025-07-29,7,0,13,14,Улица Хромова,00:22,official-route7-2025-07-29
2025-07-29,7,0,13,14,Улица Хромова,00:43,official-route7-2025-07-29
2025-07-29,7,0,13,14,Улица Хромова,01:01,official-route7-2025-07-29
2025-07-29,7,0,14,15,"Метро ""Преображенская площадь""",00:08,official-route7-2025-07-29
2025-07-29,7,0,14,15,"Метро ""Преображенская площадь""",00:24,official-route7-2025-07-29
2025-07-29,7,0,14,15,"Метро ""Преображенская площадь""",00:45,official-route7-2025-07-29
2025-07-29,7,0,14,15,"Метро ""Преображенская площадь""",01:03,official-route7-2025-07-29
2025-07-29,7,0,14,15,"Метро ""Преображенская площадь""",05:19,official-route7-2025-07-29
2025-07-29,7,0,14,15,"Метро ""Преображенская площадь""",05:39,official-route7-2025-07-29
2025-07-29,7,0,14,15,"Метро ""Преображенская площадь""",05:59,official-route7-2025-07-29
2025-07-29,7,0,14,15,"Метро ""Преображенская площадь""",06:15,official-route7-2025-07-29
2025-07-29,7,0,14,15,"Метро ""Преображенская площадь""",06:29,official-route7-2025-07-29
2025-07-29,7,0,14,15,"Метро ""Преображенская площадь""",06:39,official-route7-2025-07-29
2025-07-29,7,0,14,15,"Метро ""Преображенская площадь""",06:49,official-route7-2025-07-29
2025-07-29,7,0,14,15,"Метро ""Преображенская площадь""",06:59,official-route7-2025-07-29
2025-07-29,7,0,14,15,"Метро ""Преображенская площадь""",07:08,official-route7-2025-07-29
2025-07-29,7,0,14,15,"Метро ""Преображенская площадь""",07:19,official-route7-2025-07-29
2025-07-29,7,0,14,15,"Метро ""Преображенская площадь""",07:28,official-route7-2025-07-29
2025-07-29,7,0,14,15,"Метро ""Преображенская площадь""",07:39,official-route7-2025-07-29
2025-07-29,7,0,14,15,"Метро ""Преображенская площадь""",07:49,official-route7-2025-07-29
2025-07-29,7,0,14,15,"Метро ""Преображенская площадь""",08:00,official-route7-2025-07-29
2025-07-29,7,0,14,15,"Метро ""Преображенская площадь""",08:10,official-route7-2025-07-29
2025-07-29,7,0,14,15,"Метро ""Преображенская площадь""",08:21,official-route7-2025-07-29
2025-07-29,7,0,14,15,"Метро ""Преображенская площадь""",08:31,official-route7-2025-07-29
2025-07-29,7,0,14,15,"Метро ""Преображенская площадь""",08:40,official-route7-2025-07-29
2025-07-29,7,0,14,15,"Метро ""Преображенская площадь""",08:51,official-route7-2025-07-29
2025-07-29,7,0,14,15,"Метро ""Преображенская площадь""",09:02,official-route7-2025-07-29
2025-07-29,7,0,14,15,"Метро ""Преображенская площадь""",09:12,official-route7-2025-07-29
2025-07-29,7,0,14,15,"Метро ""Преображенская площадь""",09:21,official-route7-2025-07-29
2025-07-29,7,0,14,15,"Метро ""Преображенская площадь""",09:32,official-route7-2025-07-29
2025-07-29,7,0,14,15,"Метро ""Преображенская площадь""",09:46,official-route7-2025-07-29
2025-07-29,7,0,14,15,"Метро ""Преображенская площадь""",09:56,official-route7-2025-07-29
2025-07-29,7,0,14,15,"Метро ""Преображенская площадь""",10:07,official-route7-2025-07-29
2025-07-29,7,0,14,15,"Метро ""Преображенская площадь""",10:19,official-route7-2025-07-29
2025-07-29,7,0,14,15,"Метро ""Преображенская площадь""",10:28,official-route7-2025-07-29
2025-07-29,7,0,14,15,"Метро ""Преображенская площадь""",10:38,official-route7-2025-07-29
2025-07-29,7,0,14,15,"Метро ""Преображенская площадь""",10:48,official-route7-2025-07-29
2025-07-29,7,0,14,15,"Метро ""Преображенская площадь""",10:58,official-route7-2025-07-29
2025-07-29,7,0,14,15,"Метро ""Преображенская площадь""",11:08,official-route7-2025-07-29
2025-07-29,7,0,14,15,"Метро ""Преображенская площадь""",11:18,official-route7-2025-07-29
2025-07-29,7,0,14,15,"Метро ""Преображенская площадь""",11:28,official-route7-2025-07-29
2025-07-29,7,0,14,15,"Метро ""Преображенская площадь""",11:38,official-route7-2025-07-29
2025-07-29,7,0,14,15,"Метро ""Преображенская площадь""",11:48,official-route7-2025-07-29
2025-07-29,7,0,14,15,"Метро ""Преображенская площадь""",12:00,official-route7-2025-07-29
2025-07-29,7,0,14,15,"Метро ""Преображенская площадь""",12:11,official-route7-2025-07-29
2025-07-29,7,0,14,15,"Метро ""Преображенская площадь""",12:22,official-route7-2025-07-29
2025-07-29,7,0,14,15,"Метро ""Преображенская площадь""",12:33,official-route7-2025-07-29
2025-07-29,7,0,14,15,"Метро ""Преображенская площадь""",12:44,official-route7-2025-07-29
2025-07-29,7,0,14,15,"Метро ""Преображенская площадь""",12:55,official-route7-2025-07-29
2025-07-29,7,0,14,15,"Метро ""Преображенская площадь""",13:04,official-route7-2025-07-29
2025-07-29,7,0,14,15,"Метро ""Преображенская площадь""",13:14,official-route7-2025-07-29
2025-07-29,7,0,14,15,"Метро ""Преображенская площадь""",13:24,official-route7-2025-07-29
2025-07-29,7,0,14,15,"Метро ""Преображенская площадь""",13:36,official-route7-2025-07-29
2025-07-29,7,0,14,15,"Метро ""Преображенская площадь""",13:44,official-route7-2025-07-29
2025-07-29,7,0,14,15,"Метро ""Преображенская площадь""",13:54,official-route7-2025-07-29
2025-07-29,7,0,14,15,"Метро ""Преображенская площадь""",14:04,official-route7-2025-07-29
2025-07-29,7,0,14,15,"Метро ""Преображенская площадь""",14:14,official-route7-2025-07-29
2025-07-29,7,0,14,15,"Метро ""Преображенская площадь""",14:25,official-route7-2025-07-29
2025-07-29,7,0,14,15,"Метро ""Преображенская площадь""",14:36,official-route7-2025-07-29
2025-07-29,7,0,14,15,"Метро ""Преображенская площадь""",14:47,official-route7-2025-07-29
2025-07-29,7,0,14,15,"Метро ""Преображенская площадь""",14:58,official-route7-2025-07-29
2025-07-29,7,0,14,15,"Метро ""Преображенская площадь""",15:09,official-route7-2025-07-29
2025-07-29,7,0,14,15,"Метро ""Преображенская площадь""",15:20,official-route7-2025-07-29
2025-07-29,7,0,14,15,"Метро ""Преображенская площадь""",15:28,official-route7-2025-07-29
2025-07-29,7,0,14,15,"Метро ""Преображенская площадь""",15:40,official-route7-2025-07-29
2025-07-29,7,0,14,15,"Метро ""Преображенская площадь""",15:52,official-route7-2025-07-29
2025-07-29,7,0,14,15,"Метро ""Преображенская площадь""",16:02,official-route7-2025-07-29
2025-07-29,7,0,14,15,"Метро ""Преображенская площадь""",16:12,official-route7-2025-07-29
2025-07-29,7,0,14,15,"Метро ""Преображенская площадь""",16:22,official-route7-2025-07-29
2025-07-29,7,0,14,15,"Метро ""Преображенская площадь""",16:32,official-route7-2025-07-29
2025-07-29,7,0,14,15,"Метро ""Преображенская площадь""",16:40,official-route7-2025-07-29
2025-07-29,7,0,14,15,"Метро ""Преображенская площадь""",16:52,official-route7-2025-07-29
2025-07-29,7,0,14,15,"Метро ""Преображенская площадь""",17:02,official-route7-2025-07-29
2025-07-29,7,0,14,15,"Метро ""Преображенская площадь""",17:12,official-route7-2025-07-29
2025-07-29,7,0,14,15,"Метро ""Преображенская площадь""",17:23,official-route7-2025-07-29
2025-07-29,7,0,14,15,"Метро ""Преображенская площадь""",17:34,official-route7-2025-07-29
2025-07-29,7,0,14,15,"Метро ""Преображенская площадь""",17:42,official-route7-2025-07-29
2025-07-29,7,0,14,15,"Метро ""Преображенская площадь""",17:49,official-route7-2025-07-29
2025-07-29,7,0,14,15,"Метро ""Преображенская площадь""",17:55,official-route7-2025-07-29
2025-07-29,7,0,14,15,"Метро ""Преображенская площадь""",18:02,official-route7-2025-07-29
2025-07-29,7,0,14,15,"Метро ""Преображенская площадь""",18:09,official-route7-2025-07-29
2025-07-29,7,0,14,15,"Метро ""Преображенская площадь""",18:16,official-route7-2025-07-29
2025-07-29,7,0,14,15,"Метро ""Преображенская площадь""",18:23,official-route7-2025-07-29
2025-07-29,7,0,14,15,"Метро ""Преображенская площадь""",18:30,official-route7-2025-07-29
2025-07-29,7,0,14,15,"Метро ""Преображенская площадь""",18:36,official-route7-2025-07-29
2025-07-29,7,0,14,15,"Метро ""Преображенская площадь""",18:44,official-route7-2025-07-29
2025-07-29,7,0,14,15,"Метро ""Преображенская площадь""",18:52,official-route7-2025-07-29
2025-07-29,7,0,14,15,"Метро ""Преображенская площадь""",19:00,official-route7-2025-07-29
2025-07-29,7,0,14,15,"Метро ""Преображенская площадь""",19:09,official-route7-2025-07-29
2025-07-29,7,0,14,15,"Метро ""Преображенская площадь""",19:19,official-route7-2025-07-29
2025-07-29,7,0,14,15,"Метро ""Преображенская площадь""",19:29,official-route7-2025-07-29
2025-07-29,7,0,14,15,"Метро ""Преображенская площадь""",19:40,official-route7-2025-07-29
2025-07-29,7,0,14,15,"Метро ""Преображенская площадь""",19:49,official-route7-2025-07-29
2025-07-29,7,0,14,15,"Метро ""Преображенская площадь""",19:59,official-route7-2025-07-29
2025-07-29,7,0,14,15,"Метро ""Преображенская площадь""",20:09,official-route7-2025-07-29
2025-07-29,7,0,14,15,"Метро ""Преображенская площадь""",20:19,official-route7-2025-07-29
2025-07-29,7,0,14,15,"Метро ""Преображенская площадь""",20:29,official-route7-2025-07-29
2025-07-29,7,0,14,15,"Метро ""Преображенская площадь""",20:39,official-route7-2025-07-29
2025-07-29,7,0,14,15,"Метро ""Преображенская площадь""",20:49,official-route7-2025-07-29
2025-07-29,7,0,14,15,"Метро ""Преображенская площадь""",21:00,official-route7-2025-07-29
2025-07-29,7,0,14,15,"Метро ""Преображенская площадь""",21:10,official-route7-2025-07-29
2025-07-29,7,0,14,15,"Метро ""Преображенская площадь""",21:20,official-route7-2025-07-29
2025-07-29,7,0,14,15,"Метро ""Преображенская площадь""",21:30,official-route7-2025-07-29
2025-07-29,7,0,14,15,"Метро ""Преображенская площадь""",21:40,official-route7-2025-07-29
2025-07-29,7,0,14,15,"Метро ""Преображенская площадь""",21:51,official-route7-2025-07-29
2025-07-29,7,0,14,15,"Метро ""Преображенская площадь""",22:00,official-route7-2025-07-29
2025-07-29,7,0,14,15,"Метро ""Преображенская площадь""",22:11,official-route7-2025-07-29
2025-07-29,7,0,14,15,"Метро ""Преображенская площадь""",22:21,official-route7-2025-07-29
2025-07-29,7,0,14,15,"Метро ""Преображенская площадь""",22:31,official-route7-2025-07-29
2025-07-29,7,0,14,15,"Метро ""Преображенская площадь""",22:43,official-route7-2025-07-29
2025-07-29,7,0,14,15,"Метро ""Преображенская площадь""",22:59,official-route7-2025-07-29
2025-07-29,7,0,14,15,"Метро ""Преображенская площадь""",23:16,official-route7-2025-07-29
2025-07-29,7,0,14,15,"Метро ""Преображенская площадь""",23:30,official-route7-2025-07-29
2025-07-29,7,0,14,15,"Метро ""Преображенская площадь""",23:47,official-route7-2025-07-29
2025-07-29,7,0,14,15,"Метро ""Преображенская площадь""",00:08,official-route7-2025-07-29
2025-07-29,7,0,14,15,"Метро ""Преображенская площадь""",00:24,official-route7-2025-07-29
2025-07-29,7,0,14,15,"Метро ""Преображенская площадь""",00:45,official-route7-2025-07-29
2025-07-29,7,0,14,15,"Метро ""Преображенская площадь""",01:03,official-route7-2025-07-29
2025-07-29,7,0,15,16,Преображенская площадь,00:10,official-route7-2025-07-29
2025-07-29,7,0,15,16,Преображенская площадь,00:26,official-route7-2025-07-29
2025-07-29,7,0,15,16,Преображенская площадь,00:47,official-route7-2025-07-29
2025-07-29,7,0,15,16,Преображенская площадь,01:05,official-route7-2025-07-29
2025-07-29,7,0,15,16,Преображенская площадь,05:21,official-route7-2025-07-29
2025-07-29,7,0,15,16,Преображенская площадь,05:41,official-route7-2025-07-29
2025-07-29,7,0,15,16,Преображенская площадь,06:01,official-route7-2025-07-29
2025-07-29,7,0,15,16,Преображенская площадь,06:17,official-route7-2025-07-29
2025-07-29,7,0,15,16,Преображенская площадь,06:31,official-route7-2025-07-29
2025-07-29,7,0,15,16,Преображенская площадь,06:41,official-route7-2025-07-29
2025-07-29,7,0,15,16,Преображенская площадь,06:51,official-route7-2025-07-29
2025-07-29,7,0,15,16,Преображенская площадь,07:01,official-route7-2025-07-29
2025-07-29,7,0,15,16,Преображенская площадь,07:11,official-route7-2025-07-29
2025-07-29,7,0,15,16,Преображенская площадь,07:22,official-route7-2025-07-29
2025-07-29,7,0,15,16,Преображенская площадь,07:31,official-route7-2025-07-29
2025-07-29,7,0,15,16,Преображенская площадь,07:42,official-route7-2025-07-29
2025-07-29,7,0,15,16,Преображенская площадь,07:52,official-route7-2025-07-29
2025-07-29,7,0,15,16,Преображенская площадь,08:03,official-route7-2025-07-29
2025-07-29,7,0,15,16,Преображенская площадь,08:13,official-route7-2025-07-29
2025-07-29,7,0,15,16,Преображенская площадь,08:24,official-route7-2025-07-29
2025-07-29,7,0,15,16,Преображенская площадь,08:34,official-route7-2025-07-29
2025-07-29,7,0,15,16,Преображенская площадь,08:43,official-route7-2025-07-29
2025-07-29,7,0,15,16,Преображенская площадь,08:54,official-route7-2025-07-29
2025-07-29,7,0,15,16,Преображенская площадь,09:05,official-route7-2025-07-29
2025-07-29,7,0,15,16,Преображенская площадь,09:15,official-route7-2025-07-29
2025-07-29,7,0,15,16,Преображенская площадь,09:24,official-route7-2025-07-29
2025-07-29,7,0,15,16,Преображенская площадь,09:35,official-route7-2025-07-29
2025-07-29,7,0,15,16,Преображенская площадь,09:49,official-route7-2025-07-29
2025-07-29,7,0,15,16,Преображенская площадь,09:59,official-route7-2025-07-29
2025-07-29,7,0,15,16,Преображенская площадь,10:10,official-route7-2025-07-29
2025-07-29,7,0,15,16,Преображенская площадь,10:22,official-route7-2025-07-29
2025-07-29,7,0,15,16,Преображенская площадь,10:31,official-route7-2025-07-29
2025-07-29,7,0,15,16,Преображенская площадь,10:41,official-route7-2025-07-29
2025-07-29,7,0,15,16,Преображенская площадь,10:51,official-route7-2025-07-29
2025-07-29,7,0,15,16,Преображенская площадь,11:01,official-route7-2025-07-29
2025-07-29,7,0,15,16,Преображенская площадь,11:11,official-route7-2025-07-29
2025-07-29,7,0,15,16,Преображенская площадь,11:21,official-route7-2025-07-29
2025-07-29,7,0,15,16,Преображенская площадь,11:31,official-route7-2025-07-29
2025-07-29,7,0,15,16,Преображенская площадь,11:41,official-route7-2025-07-29
2025-07-29,7,0,15,16,Преображенская площадь,11:51,official-route7-2025-07-29
2025-07-29,7,0,15,16,Преображенская площадь,12:03,official-route7-2025-07-29
2025-07-29,7,0,15,16,Преображенская площадь,12:14,official-route7-2025-07-29
2025-07-29,7,0,15,16,Преображенская площадь,12:25,official-route7-2025-07-29
2025-07-29,7,0,15,16,Преображенская площадь,12:36,official-route7-2025-07-29
2025-07-29,7,0,15,16,Преображенская площадь,12:47,official-route7-2025-07-29
2025-07-29,7,0,15,16,Преображенская площадь,12:58,official-route7-2025-07-29
2025-07-29,7,0,15,16,Преображенская площадь,13:07,official-route7-2025-07-29
2025-07-29,7,0,15,16,Преображенская площадь,13:17,official-route7-2025-07-29
2025-07-29,7,0,15,16,Преображенская площадь,13:27,official-route7-2025-07-29
2025-07-29,7,0,15,16,Преображенская площадь,13:39,official-route7-2025-07-29
2025-07-29,7,0,15,16,Преображенская площадь,13:47,official-route7-2025-07-29
2025-07-29,7,0,15,16,Преображенская площадь,13:57,official-route7-2025-07-29
2025-07-29,7,0,15,16,Преображенская площадь,14:07,official-route7-2025-07-29
2025-07-29,7,0,15,16,Преображенская площадь,14:17,official-route7-2025-07-29
2025-07-29,7,0,15,16,Преображенская площадь,14:28,official-route7-2025-07-29
2025-07-29,7,0,15,16,Преображенская площадь,14:39,official-route7-2025-07-29
2025-07-29,7,0,15,16,Преображенская площадь,14:50,official-route7-2025-07-29
2025-07-29,7,0,15,16,Преображенская площадь,15:01,official-route7-2025-07-29
2025-07-29,7,0,15,16,Преображенская площадь,15:12,official-route7-2025-07-29
2025-07-29,7,0,15,16,Преображенская площадь,15:23,official-route7-2025-07-29
2025-07-29,7,0,15,16,Преображенская площадь,15:31,official-route7-2025-07-29
2025-07-29,7,0,15,16,Преображенская площадь,15:43,official-route7-2025-07-29
2025-07-29,7,0,15,16,Преображенская площадь,15:55,official-route7-2025-07-29
2025-07-29,7,0,15,16,Преображенская площадь,16:05,official-route7-2025-07-29
2025-07-29,7,0,15,16,Преображенская площадь,16:15,official-route7-2025-07-29
2025-07-29,7,0,15,16,Преображенская площадь,16:25,official-route7-2025-07-29
2025-07-29,7,0,15,16,Преображенская площадь,16:35,official-route7-2025-07-29
2025-07-29,7,0,15,16,Преображенская площадь,16:43,official-route7-2025-07-29
2025-07-29,7,0,15,16,Преображенская площадь,16:55,official-route7-2025-07-29
2025-07-29,7,0,15,16,Преображенская площадь,17:05,official-route7-2025-07-29
2025-07-29,7,0,15,16,Преображенская площадь,17:15,official-route7-2025-07-29
2025-07-29,7,0,15,16,Преображенская площадь,17:26,official-route7-2025-07-29
2025-07-29,7,0,15,16,Преображенская площадь,17:37,official-route7-2025-07-29
2025-07-29,7,0,15,16,Преображенская площадь,17:45,official-route7-2025-07-29
2025-07-29,7,0,15,16,Преображенская площадь,17:52,official-route7-2025-07-29
2025-07-29,7,0,15,16,Преображенская площадь,17:58,official-route7-2025-07-29
2025-07-29,7,0,15,16,Преображенская площадь,18:05,official-route7-2025-07-29
2025-07-29,7,0,15,16,Преображенская площадь,18:12,official-route7-2025-07-29
2025-07-29,7,0,15,16,Преображенская площадь,18:19,official-route7-2025-07-29
2025-07-29,7,0,15,16,Преображенская площадь,18:26,official-route7-2025-07-29
2025-07-29,7,0,15,16,Преображенская площадь,18:33,official-route7-2025-07-29
2025-07-29,7,0,15,16,Преображенская площадь,18:39,official-route7-2025-07-29
2025-07-29,7,0,15,16,Преображенская площадь,18:47,official-route7-2025-07-29
2025-07-29,7,0,15,16,Преображенская площадь,18:55,official-route7-2025-07-29
2025-07-29,7,0,15,16,Преображенская площадь,19:03,official-route7-2025-07-29
2025-07-29,7,0,15,16,Преображенская площадь,19:12,official-route7-2025-07-29
2025-07-29,7,0,15,16,Преображенская площадь,19:22,official-route7-2025-07-29
2025-07-29,7,0,15,16,Преображенская площадь,19:32,official-route7-2025-07-29
2025-07-29,7,0,15,16,Преображенская площадь,19:43,official-route7-2025-07-29
2025-07-29,7,0,15,16,Преображенская площадь,19:52,official-route7-2025-07-29
2025-07-29,7,0,15,16,Преображенская площадь,20:02,official-route7-2025-07-29
2025-07-29,7,0,15,16,Преображенская площадь,20:12,official-route7-2025-07-29
2025-07-29,7,0,15,16,Преображенская площадь,20:22,official-route7-2025-07-29
2025-07-29,7,0,15,16,Преображенская площадь,20:32,official-route7-2025-07-29
2025-07-29,7,0,15,16,Преображенская площадь,20:42,official-route7-2025-07-29
2025-07-29,7,0,15,16,Преображенская площадь,20:52,official-route7-2025-07-29
2025-07-29,7,0,15,16,Преображенская площадь,21:03,official-route7-2025-07-29
2025-07-29,7,0,15,16,Преображенская площадь,21:12,official-route7-2025-07-29
2025-07-29,7,0,15,16,Преображенская площадь,21:22,official-route7-2025-07-29
2025-07-29,7,0,15,16,Преображенская площадь,21:32,official-route7-2025-07-29
2025-07-29,7,0,15,16,Преображенская площадь,21:42,official-route7-2025-07-29
2025-07-29,7,0,15,16,Преображенская площадь,21:53,official-route7-2025-07-29
2025-07-29,7,0,15,16,Преображенская площадь,22:02,official-route7-2025-07-29
2025-07-29,7,0,15,16,Преображенская площадь,22:13,official-route7-2025-07-29
2025-07-29,7,0,15,16,Преображенская площадь,22:23,official-route7-2025-07-29
2025-07-29,7,0,15,16,Преображенская площадь,22:33,official-route7-2025-07-29
2025-07-29,7,0,15,16,Преображенская площадь,22:45,official-route7-2025-07-29
2025-07-29,7,0,15,16,Преображенская площадь,23:01,official-route7-2025-07-29
2025-07-29,7,0,15,16,Преображенская площадь,23:18,official-route7-2025-07-29
2025-07-29,7,0,15,16,Преображенская площадь,23:32,official-route7-2025-07-29
2025-07-29,7,0,15,16,Преображенская площадь,23:49,official-route7-2025-07-29
2025-07-29,7,0,15,16,Преображенская площадь,00:10,official-route7-2025-07-29
2025-07-29,7,0,15,16,Преображенская площадь,00:26,official-route7-2025-07-29
2025-07-29,7,0,15,16,Преображенская площадь,00:47,official-route7-2025-07-29
2025-07-29,7,0,15,16,Преображенская площадь,01:05,official-route7-2025-07-29
2025-07-29,7,0,16,17,Трамв. депо им. Русакова,00:11,official-route7-2025-07-29
2025-07-29,7,0,16,17,Трамв. депо им. Русакова,00:27,official-route7-2025-07-29
2025-07-29,7,0,16,17,Трамв. депо им. Русакова,00:48,official-route7-2025-07-29
2025-07-29,7,0,16,17,Трамв. депо им. Русакова,01:06,official-route7-2025-07-29
2025-07-29,7,0,16,17,Трамв. депо им. Русакова,05:22,official-route7-2025-07-29
2025-07-29,7,0,16,17,Трамв. депо им. Русакова,05:42,official-route7-2025-07-29
2025-07-29,7,0,16,17,Трамв. депо им. Русакова,06:02,official-route7-2025-07-29
2025-07-29,7,0,16,17,Трамв. депо им. Русакова,06:18,official-route7-2025-07-29
2025-07-29,7,0,16,17,Трамв. депо им. Русакова,06:32,official-route7-2025-07-29
2025-07-29,7,0,16,17,Трамв. депо им. Русакова,06:42,official-route7-2025-07-29
2025-07-29,7,0,16,17,Трамв. депо им. Русакова,06:52,official-route7-2025-07-29
2025-07-29,7,0,16,17,Трамв. депо им. Русакова,07:03,official-route7-2025-07-29
2025-07-29,7,0,16,17,Трамв. депо им. Русакова,07:13,official-route7-2025-07-29
2025-07-29,7,0,16,17,Трамв. депо им. Русакова,07:24,official-route7-2025-07-29
2025-07-29,7,0,16,17,Трамв. депо им. Русакова,07:33,official-route7-2025-07-29
2025-07-29,7,0,16,17,Трамв. депо им. Русакова,07:44,official-route7-2025-07-29
2025-07-29,7,0,16,17,Трамв. депо им. Русакова,07:54,official-route7-2025-07-29
2025-07-29,7,0,16,17,Трамв. депо им. Русакова,08:05,official-route7-2025-07-29
2025-07-29,7,0,16,17,Трамв. депо им. Русакова,08:15,official-route7-2025-07-29
2025-07-29,7,0,16,17,Трамв. депо им. Русакова,08:26,official-route7-2025-07-29
2025-07-29,7,0,16,17,Трамв. депо им. Русакова,08:36,official-route7-2025-07-29
2025-07-29,7,0,16,17,Трамв. депо им. Русакова,08:45,official-route7-2025-07-29
2025-07-29,7,0,16,17,Трамв. депо им. Русакова,08:56,official-route7-2025-07-29
2025-07-29,7,0,16,17,Трамв. депо им. Русакова,09:07,official-route7-2025-07-29
2025-07-29,7,0,16,17,Трамв. депо им. Русакова,09:17,official-route7-2025-07-29
2025-07-29,7,0,16,17,Трамв. депо им. Русакова,09:26,official-route7-2025-07-29
2025-07-29,7,0,16,17,Трамв. депо им. Русакова,09:37,official-route7-2025-07-29
2025-07-29,7,0,16,17,Трамв. депо им. Русакова,09:51,official-route7-2025-07-29
2025-07-29,7,0,16,17,Трамв. депо им. Русакова,10:01,official-route7-2025-07-29
2025-07-29,7,0,16,17,Трамв. депо им. Русакова,10:12,official-route7-2025-07-29
2025-07-29,7,0,16,17,Трамв. депо им. Русакова,10:24,official-route7-2025-07-29
2025-07-29,7,0,16,17,Трамв. депо им. Русакова,10:33,official-route7-2025-07-29
2025-07-29,7,0,16,17,Трамв. депо им. Русакова,10:43,official-route7-2025-07-29
2025-07-29,7,0,16,17,Трамв. депо им. Русакова,10:53,official-route7-2025-07-29
2025-07-29,7,0,16,17,Трамв. депо им. Русакова,11:03,official-route7-2025-07-29
2025-07-29,7,0,16,17,Трамв. депо им. Русакова,11:13,official-route7-2025-07-29
2025-07-29,7,0,16,17,Трамв. депо им. Русакова,11:23,official-route7-2025-07-29
2025-07-29,7,0,16,17,Трамв. депо им. Русакова,11:33,official-route7-2025-07-29
2025-07-29,7,0,16,17,Трамв. депо им. Русакова,11:43,official-route7-2025-07-29
2025-07-29,7,0,16,17,Трамв. депо им. Русакова,11:53,official-route7-2025-07-29
2025-07-29,7,0,16,17,Трамв. депо им. Русакова,12:05,official-route7-2025-07-29
2025-07-29,7,0,16,17,Трамв. депо им. Русакова,12:16,official-route7-2025-07-29
2025-07-29,7,0,16,17,Трамв. депо им. Русакова,12:27,official-route7-2025-07-29
2025-07-29,7,0,16,17,Трамв. депо им. Русакова,12:38,official-route7-2025-07-29
2025-07-29,7,0,16,17,Трамв. депо им. Русакова,12:49,official-route7-2025-07-29
2025-07-29,7,0,16,17,Трамв. депо им. Русакова,13:00,official-route7-2025-07-29
2025-07-29,7,0,16,17,Трамв. депо им. Русакова,13:09,official-route7-2025-07-29
2025-07-29,7,0,16,17,Трамв. депо им. Русакова,13:19,official-route7-2025-07-29
2025-07-29,7,0,16,17,Трамв. депо им. Русакова,13:29,official-route7-2025-07-29
2025-07-29,7,0,16,17,Трамв. депо им. Русакова,13:41,official-route7-2025-07-29
2025-07-29,7,0,16,17,Трамв. депо им. Русакова,13:49,official-route7-2025-07-29
2025-07-29,7,0,16,17,Трамв. депо им. Русакова,13:59,official-route7-2025-07-29
2025-07-29,7,0,16,17,Трамв. депо им. Русакова,14:09,official-route7-2025-07-29
2025-07-29,7,0,16,17,Трамв. депо им. Русакова,14:19,official-route7-2025-07-29
2025-07-29,7,0,16,17,Трамв. депо им. Русакова,14:30,official-route7-2025-07-29
2025-07-29,7,0,16,17,Трамв. депо им. Русакова,14:41,official-route7-2025-07-29
2025-07-29,7,0,16,17,Трамв. депо им. Русакова,14:52,official-route7-2025-07-29
2025-07-29,7,0,16,17,Трамв. депо им. Русакова,15:03,official-route7-2025-07-29
2025-07-29,7,0,16,17,Трамв. депо им. Русакова,15:14,official-route7-2025-07-29
2025-07-29,7,0,16,17,Трамв. депо им. Русакова,15:25,official-route7-2025-07-29
2025-07-29,7,0,16,17,Трамв. депо им. Русакова,15:33,official-route7-2025-07-29
2025-07-29,7,0,16,17,Трамв. депо им. Русакова,15:45,official-route7-2025-07-29
2025-07-29,7,0,16,17,Трамв. депо им. Русакова,15:57,official-route7-2025-07-29
2025-07-29,7,0,16,17,Трамв. депо им. Русакова,16:07,official-route7-2025-07-29
2025-07-29,7,0,16,17,Трамв. депо им. Русакова,16:17,official-route7-2025-07-29
2025-07-29,7,0,16,17,Трамв. депо им. Русакова,16:27,official-route7-2025-07-29
2025-07-29,7,0,16,17,Трамв. депо им. Русакова,16:37,official-route7-2025-07-29
2025-07-29,7,0,16,17,Трамв. депо им. Русакова,16:45,official-route7-2025-07-29
2025-07-29,7,0,16,17,Трамв. депо им. Русакова,16:57,official-route7-2025-07-29
2025-07-29,7,0,16,17,Трамв. депо им. Русакова,17:07,official-route7-2025-07-29
2025-07-29,7,0,16,17,Трамв. депо им. Русакова,17:17,official-route7-2025-07-29
2025-07-29,7,0,16,17,Трамв. депо им. Русакова,17:28,official-route7-2025-07-29
2025-07-29,7,0,16,17,Трамв. депо им. Русакова,17:39,official-route7-2025-07-29
2025-07-29,7,0,16,17,Трамв. депо им. Русакова,17:47,official-route7-2025-07-29
2025-07-29,7,0,16,17,Трамв. депо им. Русакова,17:54,official-route7-2025-07-29
2025-07-29,7,0,16,17,Трамв. депо им. Русакова,18:00,official-route7-2025-07-29
2025-07-29,7,0,16,17,Трамв. депо им. Русакова,18:07,official-route7-2025-07-29
2025-07-29,7,0,16,17,Трамв. депо им. Русакова,18:14,official-route7-2025-07-29
2025-07-29,7,0,16,17,Трамв. депо им. Русакова,18:21,official-route7-2025-07-29
2025-07-29,7,0,16,17,Трамв. депо им. Русакова,18:28,official-route7-2025-07-29
2025-07-29,7,0,16,17,Трамв. депо им. Русакова,18:35,official-route7-2025-07-29
2025-07-29,7,0,16,17,Трамв. депо им. Русакова,18:41,official-route7-2025-07-29
2025-07-29,7,0,16,17,Трамв. депо им. Русакова,18:49,official-route7-2025-07-29
2025-07-29,7,0,16,17,Трамв. депо им. Русакова,18:57,official-route7-2025-07-29
2025-07-29,7,0,16,17,Трамв. депо им. Русакова,19:05,official-route7-2025-07-29
2025-07-29,7,0,16,17,Трамв. депо им. Русакова,19:14,official-route7-2025-07-29
2025-07-29,7,0,16,17,Трамв. депо им. Русакова,19:24,official-route7-2025-07-29
2025-07-29,7,0,16,17,Трамв. депо им. Русакова,19:34,official-route7-2025-07-29
2025-07-29,7,0,16,17,Трамв. депо им. Русакова,19:45,official-route7-2025-07-29
2025-07-29,7,0,16,17,Трамв. депо им. Русакова,19:54,official-route7-2025-07-29
2025-07-29,7,0,16,17,Трамв. депо им. Русакова,20:04,official-route7-2025-07-29
2025-07-29,7,0,16,17,Трамв. депо им. Русакова,20:14,official-route7-2025-07-29
2025-07-29,7,0,16,17,Трамв. депо им. Русакова,20:24,official-route7-2025-07-29
2025-07-29,7,0,16,17,Трамв. депо им. Русакова,20:34,official-route7-2025-07-29
2025-07-29,7,0,16,17,Трамв. депо им. Русакова,20:44,official-route7-2025-07-29
2025-07-29,7,0,16,17,Трамв. депо им. Русакова,20:54,official-route7-2025-07-29
2025-07-29,7,0,16,17,Трамв. депо им. Русакова,21:05,official-route7-2025-07-29
2025-07-29,7,0,16,17,Трамв. депо им. Русакова,21:14,official-route7-2025-07-29
2025-07-29,7,0,16,17,Трамв. депо им. Русакова,21:24,official-route7-2025-07-29
2025-07-29,7,0,16,17,Трамв. депо им. Русакова,21:34,official-route7-2025-07-29
2025-07-29,7,0,16,17,Трамв. депо им. Русакова,21:44,official-route7-2025-07-29
2025-07-29,7,0,16,17,Трамв. депо им. Русакова,21:55,official-route7-2025-07-29
2025-07-29,7,0,16,17,Трамв. депо им. Русакова,22:04,official-route7-2025-07-29
2025-07-29,7,0,16,17,Трамв. депо им. Русакова,22:15,official-route7-2025-07-29
2025-07-29,7,0,16,17,Трамв. депо им. Русакова,22:25,official-route7-2025-07-29
2025-07-29,7,0,16,17,Трамв. депо им. Русакова,22:35,official-route7-2025-07-29
2025-07-29,7,0,16,17,Трамв. депо им. Русакова,22:47,official-route7-2025-07-29
2025-07-29,7,0,16,17,Трамв. депо им. Русакова,23:02,official-route7-2025-07-29
2025-07-29,7,0,16,17,Трамв. депо им. Русакова,23:19,official-route7-2025-07-29
2025-07-29,7,0,16,17,Трамв. депо им. Русакова,23:33,official-route7-2025-07-29
2025-07-29,7,0,16,17,Трамв. депо им. Русакова,23:50,official-route7-2025-07-29
2025-07-29,7,0,16,17,Трамв. депо им. Русакова,00:11,official-route7-2025-07-29
2025-07-29,7,0,16,17,Трамв. депо им. Русакова,00:27,official-route7-2025-07-29
2025-07-29,7,0,16,17,Трамв. депо им. Русакова,00:48,official-route7-2025-07-29
2025-07-29,7,0,16,17,Трамв. депо им. Русакова,01:06,official-route7-2025-07-29
2025-07-29,7,0,17,18,Малая Остроумовская улица,00:12,official-route7-2025-07-29
2025-07-29,7,0,17,18,Малая Остроумовская улица,00:28,official-route7-2025-07-29
2025-07-29,7,0,17,18,Малая Остроумовская улица,00:49,official-route7-2025-07-29
2025-07-29,7,0,17,18,Малая Остроумовская улица,01:07,official-route7-2025-07-29
2025-07-29,7,0,17,18,Малая Остроумовская улица,05:23,official-route7-2025-07-29
2025-07-29,7,0,17,18,Малая Остроумовская улица,05:43,official-route7-2025-07-29
2025-07-29,7,0,17,18,Малая Остроумовская улица,06:03,official-route7-2025-07-29
2025-07-29,7,0,17,18,Малая Остроумовская улица,06:19,official-route7-2025-07-29
2025-07-29,7,0,17,18,Малая Остроумовская улица,06:33,official-route7-2025-07-29
2025-07-29,7,0,17,18,Малая Остроумовская улица,06:43,official-route7-2025-07-29
2025-07-29,7,0,17,18,Малая Остроумовская улица,06:53,official-route7-2025-07-29
2025-07-29,7,0,17,18,Малая Остроумовская улица,07:05,official-route7-2025-07-29
2025-07-29,7,0,17,18,Малая Остроумовская улица,07:15,official-route7-2025-07-29
2025-07-29,7,0,17,18,Малая Остроумовская улица,07:26,official-route7-2025-07-29
2025-07-29,7,0,17,18,Малая Остроумовская улица,07:35,official-route7-2025-07-29
2025-07-29,7,0,17,18,Малая Остроумовская улица,07:46,official-route7-2025-07-29
2025-07-29,7,0,17,18,Малая Остроумовская улица,07:56,official-route7-2025-07-29
2025-07-29,7,0,17,18,Малая Остроумовская улица,08:07,official-route7-2025-07-29
2025-07-29,7,0,17,18,Малая Остроумовская улица,08:17,official-route7-2025-07-29
2025-07-29,7,0,17,18,Малая Остроумовская улица,08:28,official-route7-2025-07-29
2025-07-29,7,0,17,18,Малая Остроумовская улица,08:38,official-route7-2025-07-29
2025-07-29,7,0,17,18,Малая Остроумовская улица,08:47,official-route7-2025-07-29
2025-07-29,7,0,17,18,Малая Остроумовская улица,08:58,official-route7-2025-07-29
2025-07-29,7,0,17,18,Малая Остроумовская улица,09:09,official-route7-2025-07-29
2025-07-29,7,0,17,18,Малая Остроумовская улица,09:19,official-route7-2025-07-29
2025-07-29,7,0,17,18,Малая Остроумовская улица,09:28,official-route7-2025-07-29
2025-07-29,7,0,17,18,Малая Остроумовская улица,09:39,official-route7-2025-07-29
2025-07-29,7,0,17,18,Малая Остроумовская улица,09:53,official-route7-2025-07-29
2025-07-29,7,0,17,18,Малая Остроумовская улица,10:03,official-route7-2025-07-29
2025-07-29,7,0,17,18,Малая Остроумовская улица,10:14,official-route7-2025-07-29
2025-07-29,7,0,17,18,Малая Остроумовская улица,10:26,official-route7-2025-07-29
2025-07-29,7,0,17,18,Малая Остроумовская улица,10:35,official-route7-2025-07-29
2025-07-29,7,0,17,18,Малая Остроумовская улица,10:45,official-route7-2025-07-29
2025-07-29,7,0,17,18,Малая Остроумовская улица,10:55,official-route7-2025-07-29
2025-07-29,7,0,17,18,Малая Остроумовская улица,11:05,official-route7-2025-07-29
2025-07-29,7,0,17,18,Малая Остроумовская улица,11:15,official-route7-2025-07-29
2025-07-29,7,0,17,18,Малая Остроумовская улица,11:25,official-route7-2025-07-29
2025-07-29,7,0,17,18,Малая Остроумовская улица,11:35,official-route7-2025-07-29
2025-07-29,7,0,17,18,Малая Остроумовская улица,11:45,official-route7-2025-07-29
2025-07-29,7,0,17,18,Малая Остроумовская улица,11:55,official-route7-2025-07-29
2025-07-29,7,0,17,18,Малая Остроумовская улица,12:07,official-route7-2025-07-29
2025-07-29,7,0,17,18,Малая Остроумовская улица,12:18,official-route7-2025-07-29
2025-07-29,7,0,17,18,Малая Остроумовская улица,12:29,official-route7-2025-07-29
2025-07-29,7,0,17,18,Малая Остроумовская улица,12:40,official-route7-2025-07-29
2025-07-29,7,0,17,18,Малая Остроумовская улица,12:51,official-route7-2025-07-29
2025-07-29,7,0,17,18,Малая Остроумовская улица,13:02,official-route7-2025-07-29
2025-07-29,7,0,17,18,Малая Остроумовская улица,13:11,official-route7-2025-07-29
2025-07-29,7,0,17,18,Малая Остроумовская улица,13:21,official-route7-2025-07-29
2025-07-29,7,0,17,18,Малая Остроумовская улица,13:31,official-route7-2025-07-29
2025-07-29,7,0,17,18,Малая Остроумовская улица,13:43,official-route7-2025-07-29
2025-07-29,7,0,17,18,Малая Остроумовская улица,13:51,official-route7-2025-07-29
2025-07-29,7,0,17,18,Малая Остроумовская улица,14:01,official-route7-2025-07-29
2025-07-29,7,0,17,18,Малая Остроумовская улица,14:11,official-route7-2025-07-29
2025-07-29,7,0,17,18,Малая Остроумовская улица,14:21,official-route7-2025-07-29
2025-07-29,7,0,17,18,Малая Остроумовская улица,14:32,official-route7-2025-07-29
2025-07-29,7,0,17,18,Малая Остроумовская улица,14:43,official-route7-2025-07-29
2025-07-29,7,0,17,18,Малая Остроумовская улица,14:54,official-route7-2025-07-29
2025-07-29,7,0,17,18,Малая Остроумовская улица,15:05,official-route7-2025-07-29
2025-07-29,7,0,17,18,Малая Остроумовская улица,15:16,official-route7-2025-07-29
2025-07-29,7,0,17,18,Малая Остроумовская улица,15:27,official-route7-2025-07-29
2025-07-29,7,0,17,18,Малая Остроумовская улица,15:35,official-route7-2025-07-29
2025-07-29,7,0,17,18,Малая Остроумовская улица,15:47,official-route7-2025-07-29
2025-07-29,7,0,17,18,Малая Остроумовская улица,15:59,official-route7-2025-07-29
2025-07-29,7,0,17,18,Малая Остроумовская улица,16:09,official-route7-2025-07-29
2025-07-29,7,0,17,18,Малая Остроумовская улица,16:19,official-route7-2025-07-29
2025-07-29,7,0,17,18,Малая Остроумовская улица,16:29,official-route7-2025-07-29
2025-07-29,7,0,17,18,Малая Остроумовская улица,16:39,official-route7-2025-07-29
2025-07-29,7,0,17,18,Малая Остроумовская улица,16:47,official-route7-2025-07-29
2025-07-29,7,0,17,18,Малая Остроумовская улица,16:59,official-route7-2025-07-29
2025-07-29,7,0,17,18,Малая Остроумовская улица,17:09,official-route7-2025-07-29
2025-07-29,7,0,17,18,Малая Остроумовская улица,17:19,official-route7-2025-07-29
2025-07-29,7,0,17,18,Малая Остроумовская улица,17:30,official-route7-2025-07-29
2025-07-29,7,0,17,18,Малая Остроумовская улица,17:41,official-route7-2025-07-29
2025-07-29,7,0,17,18,Малая Остроумовская улица,17:49,official-route7-2025-07-29
2025-07-29,7,0,17,18,Малая Остроумовская улица,17:56,official-route7-2025-07-29
2025-07-29,7,0,17,18,Малая Остроумовская улица,18:02,official-route7-2025-07-29
2025-07-29,7,0,17,18,Малая Остроумовская улица,18:09,official-route7-2025-07-29
2025-07-29,7,0,17,18,Малая Остроумовская улица,18:16,official-route7-2025-07-29
2025-07-29,7,0,17,18,Малая Остроумовская улица,18:23,official-route7-2025-07-29
2025-07-29,7,0,17,18,Малая Остроумовская улица,18:30,official-route7-2025-07-29
2025-07-29,7,0,17,18,Малая Остроумовская улица,18:37,official-route7-2025-07-29
2025-07-29,7,0,17,18,Малая Остроумовская улица,18:43,official-route7-2025-07-29
2025-07-29,7,0,17,18,Малая Остроумовская улица,18:51,official-route7-2025-07-29
2025-07-29,7,0,17,18,Малая Остроумовская улица,18:59,official-route7-2025-07-29
2025-07-29,7,0,17,18,Малая Остроумовская улица,19:07,official-route7-2025-07-29
2025-07-29,7,0,17,18,Малая Остроумовская улица,19:16,official-route7-2025-07-29
2025-07-29,7,0,17,18,Малая Остроумовская улица,19:26,official-route7-2025-07-29
2025-07-29,7,0,17,18,Малая Остроумовская улица,19:36,official-route7-2025-07-29
2025-07-29,7,0,17,18,Малая Остроумовская улица,19:47,official-route7-2025-07-29
2025-07-29,7,0,17,18,Малая Остроумовская улица,19:56,official-route7-2025-07-29
2025-07-29,7,0,17,18,Малая Остроумовская улица,20:06,official-route7-2025-07-29
2025-07-29,7,0,17,18,Малая Остроумовская улица,20:16,official-route7-2025-07-29
2025-07-29,7,0,17,18,Малая Остроумовская улица,20:26,official-route7-2025-07-29
2025-07-29,7,0,17,18,Малая Остроумовская улица,20:36,official-route7-2025-07-29
2025-07-29,7,0,17,18,Малая Остроумовская улица,20:46,official-route7-2025-07-29
2025-07-29,7,0,17,18,Малая Остроумовская улица,20:56,official-route7-2025-07-29
2025-07-29,7,0,17,18,Малая Остроумовская улица,21:07,official-route7-2025-07-29
2025-07-29,7,0,17,18,Малая Остроумовская улица,21:16,official-route7-2025-07-29
2025-07-29,7,0,17,18,Малая Остроумовская улица,21:26,official-route7-2025-07-29
2025-07-29,7,0,17,18,Малая Остроумовская улица,21:36,official-route7-2025-07-29
2025-07-29,7,0,17,18,Малая Остроумовская улица,21:46,official-route7-2025-07-29
2025-07-29,7,0,17,18,Малая Остроумовская улица,21:57,official-route7-2025-07-29
2025-07-29,7,0,17,18,Малая Остроумовская улица,22:06,official-route7-2025-07-29
2025-07-29,7,0,17,18,Малая Остроумовская улица,22:17,official-route7-2025-07-29
2025-07-29,7,0,17,18,Малая Остроумовская улица,22:27,official-route7-2025-07-29
2025-07-29,7,0,17,18,Малая Остроумовская улица,22:37,official-route7-2025-07-29
2025-07-29,7,0,17,18,Малая Остроумовская улица,22:49,official-route7-2025-07-29
2025-07-29,7,0,17,18,Малая Остроумовская улица,23:03,official-route7-2025-07-29
2025-07-29,7,0,17,18,Малая Остроумовская улица,23:20,official-route7-2025-07-29
2025-07-29,7,0,17,18,Малая Остроумовская улица,23:34,official-route7-2025-07-29
2025-07-29,7,0,17,18,Малая Остроумовская улица,23:51,official-route7-2025-07-29
2025-07-29,7,0,17,18,Малая Остроумовская улица,00:12,official-route7-2025-07-29
2025-07-29,7,0,17,18,Малая Остроумовская улица,00:28,official-route7-2025-07-29
2025-07-29,7,0,17,18,Малая Остроумовская улица,00:49,official-route7-2025-07-29
2025-07-29,7,0,17,18,Малая Остроумовская улица,01:07,official-route7-2025-07-29
2025-07-29,7,0,18,19,"Клуб Русакова - Сцена ""Мельников""",00:13,official-route7-2025-07-29
2025-07-29,7,0,18,19,"Клуб Русакова - Сцена ""Мельников""",00:29,official-route7-2025-07-29
2025-07-29,7,0,18,19,"Клуб Русакова - Сцена ""Мельников""",00:50,official-route7-2025-07-29
2025-07-29,7,0,18,19,"Клуб Русакова - Сцена ""Мельников""",01:08,official-route7-2025-07-29
2025-07-29,7,0,18,19,"Клуб Русакова - Сцена ""Мельников""",05:24,official-route7-2025-07-29
2025-07-29,7,0,18,19,"Клуб Русакова - Сцена ""Мельников""",05:44,official-route7-2025-07-29
2025-07-29,7,0,18,19,"Клуб Русакова - Сцена ""Мельников""",06:04,official-route7-2025-07-29
2025-07-29,7,0,18,19,"Клуб Русакова - Сцена ""Мельников""",06:20,official-route7-2025-07-29
2025-07-29,7,0,18,19,"Клуб Русакова - Сцена ""Мельников""",06:34,official-route7-2025-07-29
2025-07-29,7,0,18,19,"Клуб Русакова - Сцена ""Мельников""",06:44,official-route7-2025-07-29
2025-07-29,7,0,18,19,"Клуб Русакова - Сцена ""Мельников""",06:54,official-route7-2025-07-29
2025-07-29,7,0,18,19,"Клуб Русакова - Сцена ""Мельников""",07:06,official-route7-2025-07-29
2025-07-29,7,0,18,19,"Клуб Русакова - Сцена ""Мельников""",07:16,official-route7-2025-07-29
2025-07-29,7,0,18,19,"Клуб Русакова - Сцена ""Мельников""",07:27,official-route7-2025-07-29
2025-07-29,7,0,18,19,"Клуб Русакова - Сцена ""Мельников""",07:36,official-route7-2025-07-29
2025-07-29,7,0,18,19,"Клуб Русакова - Сцена ""Мельников""",07:47,official-route7-2025-07-29
2025-07-29,7,0,18,19,"Клуб Русакова - Сцена ""Мельников""",07:57,official-route7-2025-07-29
2025-07-29,7,0,18,19,"Клуб Русакова - Сцена ""Мельников""",08:08,official-route7-2025-07-29
2025-07-29,7,0,18,19,"Клуб Русакова - Сцена ""Мельников""",08:18,official-route7-2025-07-29
2025-07-29,7,0,18,19,"Клуб Русакова - Сцена ""Мельников""",08:29,official-route7-2025-07-29
2025-07-29,7,0,18,19,"Клуб Русакова - Сцена ""Мельников""",08:39,official-route7-2025-07-29
2025-07-29,7,0,18,19,"Клуб Русакова - Сцена ""Мельников""",08:48,official-route7-2025-07-29
2025-07-29,7,0,18,19,"Клуб Русакова - Сцена ""Мельников""",08:59,official-route7-2025-07-29
2025-07-29,7,0,18,19,"Клуб Русакова - Сцена ""Мельников""",09:10,official-route7-2025-07-29
2025-07-29,7,0,18,19,"Клуб Русакова - Сцена ""Мельников""",09:20,official-route7-2025-07-29
2025-07-29,7,0,18,19,"Клуб Русакова - Сцена ""Мельников""",09:29,official-route7-2025-07-29
2025-07-29,7,0,18,19,"Клуб Русакова - Сцена ""Мельников""",09:40,official-route7-2025-07-29
2025-07-29,7,0,18,19,"Клуб Русакова - Сцена ""Мельников""",09:54,official-route7-2025-07-29
2025-07-29,7,0,18,19,"Клуб Русакова - Сцена ""Мельников""",10:04,official-route7-2025-07-29
2025-07-29,7,0,18,19,"Клуб Русакова - Сцена ""Мельников""",10:15,official-route7-2025-07-29
2025-07-29,7,0,18,19,"Клуб Русакова - Сцена ""Мельников""",10:27,official-route7-2025-07-29
2025-07-29,7,0,18,19,"Клуб Русакова - Сцена ""Мельников""",10:36,official-route7-2025-07-29
2025-07-29,7,0,18,19,"Клуб Русакова - Сцена ""Мельников""",10:46,official-route7-2025-07-29
2025-07-29,7,0,18,19,"Клуб Русакова - Сцена ""Мельников""",10:56,official-route7-2025-07-29
2025-07-29,7,0,18,19,"Клуб Русакова - Сцена ""Мельников""",11:06,official-route7-2025-07-29
2025-07-29,7,0,18,19,"Клуб Русакова - Сцена ""Мельников""",11:16,official-route7-2025-07-29
2025-07-29,7,0,18,19,"Клуб Русакова - Сцена ""Мельников""",11:26,official-route7-2025-07-29
2025-07-29,7,0,18,19,"Клуб Русакова - Сцена ""Мельников""",11:36,official-route7-2025-07-29
2025-07-29,7,0,18,19,"Клуб Русакова - Сцена ""Мельников""",11:46,official-route7-2025-07-29
2025-07-29,7,0,18,19,"Клуб Русакова - Сцена ""Мельников""",11:56,official-route7-2025-07-29
2025-07-29,7,0,18,19,"Клуб Русакова - Сцена ""Мельников""",12:08,official-route7-2025-07-29
2025-07-29,7,0,18,19,"Клуб Русакова - Сцена ""Мельников""",12:19,official-route7-2025-07-29
2025-07-29,7,0,18,19,"Клуб Русакова - Сцена ""Мельников""",12:30,official-route7-2025-07-29
2025-07-29,7,0,18,19,"Клуб Русакова - Сцена ""Мельников""",12:41,official-route7-2025-07-29
2025-07-29,7,0,18,19,"Клуб Русакова - Сцена ""Мельников""",12:52,official-route7-2025-07-29
2025-07-29,7,0,18,19,"Клуб Русакова - Сцена ""Мельников""",13:03,official-route7-2025-07-29
2025-07-29,7,0,18,19,"Клуб Русакова - Сцена ""Мельников""",13:12,official-route7-2025-07-29
2025-07-29,7,0,18,19,"Клуб Русакова - Сцена ""Мельников""",13:22,official-route7-2025-07-29
2025-07-29,7,0,18,19,"Клуб Русакова - Сцена ""Мельников""",13:32,official-route7-2025-07-29
2025-07-29,7,0,18,19,"Клуб Русакова - Сцена ""Мельников""",13:44,official-route7-2025-07-29
2025-07-29,7,0,18,19,"Клуб Русакова - Сцена ""Мельников""",13:52,official-route7-2025-07-29
2025-07-29,7,0,18,19,"Клуб Русакова - Сцена ""Мельников""",14:02,official-route7-2025-07-29
2025-07-29,7,0,18,19,"Клуб Русакова - Сцена ""Мельников""",14:12,official-route7-2025-07-29
2025-07-29,7,0,18,19,"Клуб Русакова - Сцена ""Мельников""",14:22,official-route7-2025-07-29
2025-07-29,7,0,18,19,"Клуб Русакова - Сцена ""Мельников""",14:33,official-route7-2025-07-29
2025-07-29,7,0,18,19,"Клуб Русакова - Сцена ""Мельников""",14:44,official-route7-2025-07-29
2025-07-29,7,0,18,19,"Клуб Русакова - Сцена ""Мельников""",14:55,official-route7-2025-07-29
2025-07-29,7,0,18,19,"Клуб Русакова - Сцена ""Мельников""",15:06,official-route7-2025-07-29
2025-07-29,7,0,18,19,"Клуб Русакова - Сцена ""Мельников""",15:17,official-route7-2025-07-29
2025-07-29,7,0,18,19,"Клуб Русакова - Сцена ""Мельников""",15:28,official-route7-2025-07-29
2025-07-29,7,0,18,19,"Клуб Русакова - Сцена ""Мельников""",15:36,official-route7-2025-07-29
2025-07-29,7,0,18,19,"Клуб Русакова - Сцена ""Мельников""",15:48,official-route7-2025-07-29
2025-07-29,7,0,18,19,"Клуб Русакова - Сцена ""Мельников""",16:00,official-route7-2025-07-29
2025-07-29,7,0,18,19,"Клуб Русакова - Сцена ""Мельников""",16:10,official-route7-2025-07-29
2025-07-29,7,0,18,19,"Клуб Русакова - Сцена ""Мельников""",16:20,official-route7-2025-07-29
2025-07-29,7,0,18,19,"Клуб Русакова - Сцена ""Мельников""",16:30,official-route7-2025-07-29
2025-07-29,7,0,18,19,"Клуб Русакова - Сцена ""Мельников""",16:40,official-route7-2025-07-29
2025-07-29,7,0,18,19,"Клуб Русакова - Сцена ""Мельников""",16:48,official-route7-2025-07-29
2025-07-29,7,0,18,19,"Клуб Русакова - Сцена ""Мельников""",17:00,official-route7-2025-07-29
2025-07-29,7,0,18,19,"Клуб Русакова - Сцена ""Мельников""",17:10,official-route7-2025-07-29
2025-07-29,7,0,18,19,"Клуб Русакова - Сцена ""Мельников""",17:20,official-route7-2025-07-29
2025-07-29,7,0,18,19,"Клуб Русакова - Сцена ""Мельников""",17:31,official-route7-2025-07-29
2025-07-29,7,0,18,19,"Клуб Русакова - Сцена ""Мельников""",17:42,official-route7-2025-07-29
2025-07-29,7,0,18,19,"Клуб Русакова - Сцена ""Мельников""",17:50,official-route7-2025-07-29
2025-07-29,7,0,18,19,"Клуб Русакова - Сцена ""Мельников""",17:57,official-route7-2025-07-29
2025-07-29,7,0,18,19,"Клуб Русакова - Сцена ""Мельников""",18:03,official-route7-2025-07-29
2025-07-29,7,0,18,19,"Клуб Русакова - Сцена ""Мельников""",18:10,official-route7-2025-07-29
2025-07-29,7,0,18,19,"Клуб Русакова - Сцена ""Мельников""",18:17,official-route7-2025-07-29
2025-07-29,7,0,18,19,"Клуб Русакова - Сцена ""Мельников""",18:24,official-route7-2025-07-29
2025-07-29,7,0,18,19,"Клуб Русакова - Сцена ""Мельников""",18:31,official-route7-2025-07-29
2025-07-29,7,0,18,19,"Клуб Русакова - Сцена ""Мельников""",18:38,official-route7-2025-07-29
2025-07-29,7,0,18,19,"Клуб Русакова - Сцена ""Мельников""",18:44,official-route7-2025-07-29
2025-07-29,7,0,18,19,"Клуб Русакова - Сцена ""Мельников""",18:52,official-route7-2025-07-29
2025-07-29,7,0,18,19,"Клуб Русакова - Сцена ""Мельников""",19:00,official-route7-2025-07-29
2025-07-29,7,0,18,19,"Клуб Русакова - Сцена ""Мельников""",19:08,official-route7-2025-07-29
2025-07-29,7,0,18,19,"Клуб Русакова - Сцена ""Мельников""",19:17,official-route7-2025-07-29
2025-07-29,7,0,18,19,"Клуб Русакова - Сцена ""Мельников""",19:27,official-route7-2025-07-29
2025-07-29,7,0,18,19,"Клуб Русакова - Сцена ""Мельников""",19:37,official-route7-2025-07-29
2025-07-29,7,0,18,19,"Клуб Русакова - Сцена ""Мельников""",19:48,official-route7-2025-07-29
2025-07-29,7,0,18,19,"Клуб Русакова - Сцена ""Мельников""",19:57,official-route7-2025-07-29
2025-07-29,7,0,18,19,"Клуб Русакова - Сцена ""Мельников""",20:07,official-route7-2025-07-29
2025-07-29,7,0,18,19,"Клуб Русакова - Сцена ""Мельников""",20:17,official-route7-2025-07-29
2025-07-29,7,0,18,19,"Клуб Русакова - Сцена ""Мельников""",20:27,official-route7-2025-07-29
2025-07-29,7,0,18,19,"Клуб Русакова - Сцена ""Мельников""",20:37,official-route7-2025-07-29
2025-07-29,7,0,18,19,"Клуб Русакова - Сцена ""Мельников""",20:47,official-route7-2025-07-29
2025-07-29,7,0,18,19,"Клуб Русакова - Сцена ""Мельников""",20:57,official-route7-2025-07-29
2025-07-29,7,0,18,19,"Клуб Русакова - Сцена ""Мельников""",21:08,official-route7-2025-07-29
2025-07-29,7,0,18,19,"Клуб Русакова - Сцена ""Мельников""",21:17,official-route7-2025-07-29
2025-07-29,7,0,18,19,"Клуб Русакова - Сцена ""Мельников""",21:27,official-route7-2025-07-29
2025-07-29,7,0,18,19,"Клуб Русакова - Сцена ""Мельников""",21:37,official-route7-2025-07-29
2025-07-29,7,0,18,19,"Клуб Русакова - Сцена ""Мельников""",21:47,official-route7-2025-07-29
2025-07-29,7,0,18,19,"Клуб Русакова - Сцена ""Мельников""",21:58,official-route7-2025-07-29
2025-07-29,7,0,18,19,"Клуб Русакова - Сцена ""Мельников""",22:07,official-route7-2025-07-29
2025-07-29,7,0,18,19,"Клуб Русакова - Сцена ""Мельников""",22:18,official-route7-2025-07-29
2025-07-29,7,0,18,19,"Клуб Русакова - Сцена ""Мельников""",22:28,official-route7-2025-07-29
2025-07-29,7,0,18,19,"Клуб Русакова - Сцена ""Мельников""",22:38,official-route7-2025-07-29
2025-07-29,7,0,18,19,"Клуб Русакова - Сцена ""Мельников""",22:50,official-route7-2025-07-29
2025-07-29,7,0,18,19,"Клуб Русакова - Сцена ""Мельников""",23:04,official-route7-2025-07-29
2025-07-29,7,0,18,19,"Клуб Русакова - Сцена ""Мельников""",23:21,official-route7-2025-07-29
2025-07-29,7,0,18,19,"Клуб Русакова - Сцена ""Мельников""",23:35,official-route7-2025-07-29
2025-07-29,7,0,18,19,"Клуб Русакова - Сцена ""Мельников""",23:52,official-route7-2025-07-29
2025-07-29,7,0,18,19,"Клуб Русакова - Сцена ""Мельников""",00:13,official-route7-2025-07-29
2025-07-29,7,0,18,19,"Клуб Русакова - Сцена ""Мельников""",00:29,official-route7-2025-07-29
2025-07-29,7,0,18,19,"Клуб Русакова - Сцена ""Мельников""",00:50,official-route7-2025-07-29
2025-07-29,7,0,18,19,"Клуб Русакова - Сцена ""Мельников""",01:08,official-route7-2025-07-29
2025-07-29,7,0,19,20,2-й Полевой переулок,00:15,official-route7-2025-07-29
2025-07-29,7,0,19,20,2-й Полевой переулок,00:31,official-route7-2025-07-29
2025-07-29,7,0,19,20,2-й Полевой переулок,00:52,official-route7-2025-07-29
2025-07-29,7,0,19,20,2-й Полевой переулок,01:10,official-route7-2025-07-29
2025-07-29,7,0,19,20,2-й Полевой переулок,05:26,official-route7-2025-07-29
2025-07-29,7,0,19,20,2-й Полевой переулок,05:46,official-route7-2025-07-29
2025-07-29,7,0,19,20,2-й Полевой переулок,06:06,official-route7-2025-07-29
2025-07-29,7,0,19,20,2-й Полевой переулок,06:22,official-route7-2025-07-29
2025-07-29,7,0,19,20,2-й Полевой переулок,06:36,official-route7-2025-07-29
2025-07-29,7,0,19,20,2-й Полевой переулок,06:46,official-route7-2025-07-29
2025-07-29,7,0,19,20,2-й Полевой переулок,06:56,official-route7-2025-07-29
2025-07-29,7,0,19,20,2-й Полевой переулок,07:08,official-route7-2025-07-29
2025-07-29,7,0,19,20,2-й Полевой переулок,07:18,official-route7-2025-07-29
2025-07-29,7,0,19,20,2-й Полевой переулок,07:29,official-route7-2025-07-29
2025-07-29,7,0,19,20,2-й Полевой переулок,07:38,official-route7-2025-07-29
2025-07-29,7,0,19,20,2-й Полевой переулок,07:49,official-route7-2025-07-29
2025-07-29,7,0,19,20,2-й Полевой переулок,07:59,official-route7-2025-07-29
2025-07-29,7,0,19,20,2-й Полевой переулок,08:10,official-route7-2025-07-29
2025-07-29,7,0,19,20,2-й Полевой переулок,08:20,official-route7-2025-07-29
2025-07-29,7,0,19,20,2-й Полевой переулок,08:31,official-route7-2025-07-29
2025-07-29,7,0,19,20,2-й Полевой переулок,08:41,official-route7-2025-07-29
2025-07-29,7,0,19,20,2-й Полевой переулок,08:50,official-route7-2025-07-29
2025-07-29,7,0,19,20,2-й Полевой переулок,09:01,official-route7-2025-07-29
2025-07-29,7,0,19,20,2-й Полевой переулок,09:12,official-route7-2025-07-29
2025-07-29,7,0,19,20,2-й Полевой переулок,09:22,official-route7-2025-07-29
2025-07-29,7,0,19,20,2-й Полевой переулок,09:31,official-route7-2025-07-29
2025-07-29,7,0,19,20,2-й Полевой переулок,09:42,official-route7-2025-07-29
2025-07-29,7,0,19,20,2-й Полевой переулок,09:56,official-route7-2025-07-29
2025-07-29,7,0,19,20,2-й Полевой переулок,10:06,official-route7-2025-07-29
2025-07-29,7,0,19,20,2-й Полевой переулок,10:17,official-route7-2025-07-29
2025-07-29,7,0,19,20,2-й Полевой переулок,10:29,official-route7-2025-07-29
2025-07-29,7,0,19,20,2-й Полевой переулок,10:38,official-route7-2025-07-29
2025-07-29,7,0,19,20,2-й Полевой переулок,10:48,official-route7-2025-07-29
2025-07-29,7,0,19,20,2-й Полевой переулок,10:58,official-route7-2025-07-29
2025-07-29,7,0,19,20,2-й Полевой переулок,11:08,official-route7-2025-07-29
2025-07-29,7,0,19,20,2-й Полевой переулок,11:18,official-route7-2025-07-29
2025-07-29,7,0,19,20,2-й Полевой переулок,11:28,official-route7-2025-07-29
2025-07-29,7,0,19,20,2-й Полевой переулок,11:38,official-route7-2025-07-29
2025-07-29,7,0,19,20,2-й Полевой переулок,11:48,official-route7-2025-07-29
2025-07-29,7,0,19,20,2-й Полевой переулок,11:58,official-route7-2025-07-29
2025-07-29,7,0,19,20,2-й Полевой переулок,12:10,official-route7-2025-07-29
2025-07-29,7,0,19,20,2-й Полевой переулок,12:21,official-route7-2025-07-29
2025-07-29,7,0,19,20,2-й Полевой переулок,12:32,official-route7-2025-07-29
2025-07-29,7,0,19,20,2-й Полевой переулок,12:43,official-route7-2025-07-29
2025-07-29,7,0,19,20,2-й Полевой переулок,12:54,official-route7-2025-07-29
2025-07-29,7,0,19,20,2-й Полевой переулок,13:05,official-route7-2025-07-29
2025-07-29,7,0,19,20,2-й Полевой переулок,13:14,official-route7-2025-07-29
2025-07-29,7,0,19,20,2-й Полевой переулок,13:24,official-route7-2025-07-29
2025-07-29,7,0,19,20,2-й Полевой переулок,13:34,official-route7-2025-07-29
2025-07-29,7,0,19,20,2-й Полевой переулок,13:46,official-route7-2025-07-29
2025-07-29,7,0,19,20,2-й Полевой переулок,13:54,official-route7-2025-07-29
2025-07-29,7,0,19,20,2-й Полевой переулок,14:04,official-route7-2025-07-29
2025-07-29,7,0,19,20,2-й Полевой переулок,14:14,official-route7-2025-07-29
2025-07-29,7,0,19,20,2-й Полевой переулок,14:24,official-route7-2025-07-29
2025-07-29,7,0,19,20,2-й Полевой переулок,14:35,official-route7-2025-07-29
2025-07-29,7,0,19,20,2-й Полевой переулок,14:46,official-route7-2025-07-29
2025-07-29,7,0,19,20,2-й Полевой переулок,14:57,official-route7-2025-07-29
2025-07-29,7,0,19,20,2-й Полевой переулок,15:08,official-route7-2025-07-29
2025-07-29,7,0,19,20,2-й Полевой переулок,15:19,official-route7-2025-07-29
2025-07-29,7,0,19,20,2-й Полевой переулок,15:30,official-route7-2025-07-29
2025-07-29,7,0,19,20,2-й Полевой переулок,15:38,official-route7-2025-07-29
2025-07-29,7,0,19,20,2-й Полевой переулок,15:50,official-route7-2025-07-29
2025-07-29,7,0,19,20,2-й Полевой переулок,16:02,official-route7-2025-07-29
2025-07-29,7,0,19,20,2-й Полевой переулок,16:12,official-route7-2025-07-29
2025-07-29,7,0,19,20,2-й Полевой переулок,16:22,official-route7-2025-07-29
2025-07-29,7,0,19,20,2-й Полевой переулок,16:32,official-route7-2025-07-29
2025-07-29,7,0,19,20,2-й Полевой переулок,16:42,official-route7-2025-07-29
2025-07-29,7,0,19,20,2-й Полевой переулок,16:50,official-route7-2025-07-29
2025-07-29,7,0,19,20,2-й Полевой переулок,17:02,official-route7-2025-07-29
2025-07-29,7,0,19,20,2-й Полевой переулок,17:12,official-route7-2025-07-29
2025-07-29,7,0,19,20,2-й Полевой переулок,17:22,official-route7-2025-07-29
2025-07-29,7,0,19,20,2-й Полевой переулок,17:33,official-route7-2025-07-29
2025-07-29,7,0,19,20,2-й Полевой переулок,17:44,official-route7-2025-07-29
2025-07-29,7,0,19,20,2-й Полевой переулок,17:52,official-route7-2025-07-29
2025-07-29,7,0,19,20,2-й Полевой переулок,17:59,official-route7-2025-07-29
2025-07-29,7,0,19,20,2-й Полевой переулок,18:05,official-route7-2025-07-29
2025-07-29,7,0,19,20,2-й Полевой переулок,18:12,official-route7-2025-07-29
2025-07-29,7,0,19,20,2-й Полевой переулок,18:19,official-route7-2025-07-29
2025-07-29,7,0,19,20,2-й Полевой переулок,18:26,official-route7-2025-07-29
2025-07-29,7,0,19,20,2-й Полевой переулок,18:33,official-route7-2025-07-29
2025-07-29,7,0,19,20,2-й Полевой переулок,18:40,official-route7-2025-07-29
2025-07-29,7,0,19,20,2-й Полевой переулок,18:46,official-route7-2025-07-29
2025-07-29,7,0,19,20,2-й Полевой переулок,18:54,official-route7-2025-07-29
2025-07-29,7,0,19,20,2-й Полевой переулок,19:02,official-route7-2025-07-29
2025-07-29,7,0,19,20,2-й Полевой переулок,19:10,official-route7-2025-07-29
2025-07-29,7,0,19,20,2-й Полевой переулок,19:19,official-route7-2025-07-29
2025-07-29,7,0,19,20,2-й Полевой переулок,19:29,official-route7-2025-07-29
2025-07-29,7,0,19,20,2-й Полевой переулок,19:39,official-route7-2025-07-29
2025-07-29,7,0,19,20,2-й Полевой переулок,19:50,official-route7-2025-07-29
2025-07-29,7,0,19,20,2-й Полевой переулок,19:59,official-route7-2025-07-29
2025-07-29,7,0,19,20,2-й Полевой переулок,20:09,official-route7-2025-07-29
2025-07-29,7,0,19,20,2-й Полевой переулок,20:19,official-route7-2025-07-29
2025-07-29,7,0,19,20,2-й Полевой переулок,20:29,official-route7-2025-07-29
2025-07-29,7,0,19,20,2-й Полевой переулок,20:39,official-route7-2025-07-29
2025-07-29,7,0,19,20,2-й Полевой переулок,20:49,official-route7-2025-07-29
2025-07-29,7,0,19,20,2-й Полевой переулок,20:59,official-route7-2025-07-29
2025-07-29,7,0,19,20,2-й Полевой переулок,21:10,official-route7-2025-07-29
2025-07-29,7,0,19,20,2-й Полевой переулок,21:19,official-route7-2025-07-29
2025-07-29,7,0,19,20,2-й Полевой переулок,21:29,official-route7-2025-07-29
2025-07-29,7,0,19,20,2-й Полевой переулок,21:39,official-route7-2025-07-29
2025-07-29,7,0,19,20,2-й Полевой переулок,21:49,official-route7-2025-07-29
2025-07-29,7,0,19,20,2-й Полевой переулок,22:00,official-route7-2025-07-29
2025-07-29,7,0,19,20,2-й Полевой переулок,22:09,official-route7-2025-07-29
2025-07-29,7,0,19,20,2-й Полевой переулок,22:20,official-route7-2025-07-29
2025-07-29,7,0,19,20,2-й Полевой переулок,22:30,official-route7-2025-07-29
2025-07-29,7,0,19,20,2-й Полевой переулок,22:40,official-route7-2025-07-29
2025-07-29,7,0,19,20,2-й Полевой переулок,22:52,official-route7-2025-07-29
2025-07-29,7,0,19,20,2-й Полевой переулок,23:06,official-route7-2025-07-29
2025-07-29,7,0,19,20,2-й Полевой переулок,23:23,official-route7-2025-07-29
2025-07-29,7,0,19,20,2-й Полевой переулок,23:37,official-route7-2025-07-29
2025-07-29,7,0,19,20,2-й Полевой переулок,23:54,official-route7-2025-07-29
2025-07-29,7,0,19,20,2-й Полевой переулок,00:15,official-route7-2025-07-29
2025-07-29,7,0,19,20,2-й Полевой переулок,00:31,official-route7-2025-07-29
2025-07-29,7,0,19,20,2-й Полевой переулок,00:52,official-route7-2025-07-29
2025-07-29,7,0,19,20,2-й Полевой переулок,01:10,official-route7-2025-07-29
2025-07-29,7,0,20,21,"Метро ""Сокольники""",00:16,official-route7-2025-07-29
2025-07-29,7,0,20,21,"Метро ""Сокольники""",00:32,official-route7-2025-07-29
2025-07-29,7,0,20,21,"Метро ""Сокольники""",00:53,official-route7-2025-07-29
2025-07-29,7,0,20,21,"Метро ""Сокольники""",01:11,official-route7-2025-07-29
2025-07-29,7,0,20,21,"Метро ""Сокольники""",05:27,official-route7-2025-07-29
2025-07-29,7,0,20,21,"Метро ""Сокольники""",05:47,official-route7-2025-07-29
2025-07-29,7,0,20,21,"Метро ""Сокольники""",06:07,official-route7-2025-07-29
2025-07-29,7,0,20,21,"Метро ""Сокольники""",06:23,official-route7-2025-07-29
2025-07-29,7,0,20,21,"Метро ""Сокольники""",06:37,official-route7-2025-07-29
2025-07-29,7,0,20,21,"Метро ""Сокольники""",06:47,official-route7-2025-07-29
2025-07-29,7,0,20,21,"Метро ""Сокольники""",06:57,official-route7-2025-07-29
2025-07-29,7,0,20,21,"Метро ""Сокольники""",07:09,official-route7-2025-07-29
2025-07-29,7,0,20,21,"Метро ""Сокольники""",07:19,official-route7-2025-07-29
2025-07-29,7,0,20,21,"Метро ""Сокольники""",07:30,official-route7-2025-07-29
2025-07-29,7,0,20,21,"Метро ""Сокольники""",07:39,official-route7-2025-07-29
2025-07-29,7,0,20,21,"Метро ""Сокольники""",07:50,official-route7-2025-07-29
2025-07-29,7,0,20,21,"Метро ""Сокольники""",08:00,official-route7-2025-07-29
2025-07-29,7,0,20,21,"Метро ""Сокольники""",08:11,official-route7-2025-07-29
2025-07-29,7,0,20,21,"Метро ""Сокольники""",08:21,official-route7-2025-07-29
2025-07-29,7,0,20,21,"Метро ""Сокольники""",08:32,official-route7-2025-07-29
2025-07-29,7,0,20,21,"Метро ""Сокольники""",08:42,official-route7-2025-07-29
2025-07-29,7,0,20,21,"Метро ""Сокольники""",08:51,official-route7-2025-07-29
2025-07-29,7,0,20,21,"Метро ""Сокольники""",09:02,official-route7-2025-07-29
2025-07-29,7,0,20,21,"Метро ""Сокольники""",09:13,official-route7-2025-07-29
2025-07-29,7,0,20,21,"Метро ""Сокольники""",09:23,official-route7-2025-07-29
2025-07-29,7,0,20,21,"Метро ""Сокольники""",09:32,official-route7-2025-07-29
2025-07-29,7,0,20,21,"Метро ""Сокольники""",09:43,official-route7-2025-07-29
2025-07-29,7,0,20,21,"Метро ""Сокольники""",09:57,official-route7-2025-07-29
2025-07-29,7,0,20,21,"Метро ""Сокольники""",10:07,official-route7-2025-07-29
2025-07-29,7,0,20,21,"Метро ""Сокольники""",10:18,official-route7-2025-07-29
2025-07-29,7,0,20,21,"Метро ""Сокольники""",10:30,official-route7-2025-07-29
2025-07-29,7,0,20,21,"Метро ""Сокольники""",10:39,official-route7-2025-07-29
2025-07-29,7,0,20,21,"Метро ""Сокольники""",10:49,official-route7-2025-07-29
2025-07-29,7,0,20,21,"Метро ""Сокольники""",10:59,official-route7-2025-07-29
2025-07-29,7,0,20,21,"Метро ""Сокольники""",11:09,official-route7-2025-07-29
2025-07-29,7,0,20,21,"Метро ""Сокольники""",11:19,official-route7-2025-07-29
2025-07-29,7,0,20,21,"Метро ""Сокольники""",11:29,official-route7-2025-07-29
2025-07-29,7,0,20,21,"Метро ""Сокольники""",11:39,official-route7-2025-07-29
2025-07-29,7,0,20,21,"Метро ""Сокольники""",11:49,official-route7-2025-07-29
2025-07-29,7,0,20,21,"Метро ""Сокольники""",11:59,official-route7-2025-07-29
2025-07-29,7,0,20,21,"Метро ""Сокольники""",12:11,official-route7-2025-07-29
2025-07-29,7,0,20,21,"Метро ""Сокольники""",12:22,official-route7-2025-07-29
2025-07-29,7,0,20,21,"Метро ""Сокольники""",12:33,official-route7-2025-07-29
2025-07-29,7,0,20,21,"Метро ""Сокольники""",12:44,official-route7-2025-07-29
2025-07-29,7,0,20,21,"Метро ""Сокольники""",12:55,official-route7-2025-07-29
2025-07-29,7,0,20,21,"Метро ""Сокольники""",13:06,official-route7-2025-07-29
2025-07-29,7,0,20,21,"Метро ""Сокольники""",13:15,official-route7-2025-07-29
2025-07-29,7,0,20,21,"Метро ""Сокольники""",13:25,official-route7-2025-07-29
2025-07-29,7,0,20,21,"Метро ""Сокольники""",13:35,official-route7-2025-07-29
2025-07-29,7,0,20,21,"Метро ""Сокольники""",13:47,official-route7-2025-07-29
2025-07-29,7,0,20,21,"Метро ""Сокольники""",13:55,official-route7-2025-07-29
2025-07-29,7,0,20,21,"Метро ""Сокольники""",14:05,official-route7-2025-07-29
2025-07-29,7,0,20,21,"Метро ""Сокольники""",14:15,official-route7-2025-07-29
2025-07-29,7,0,20,21,"Метро ""Сокольники""",14:25,official-route7-2025-07-29
2025-07-29,7,0,20,21,"Метро ""Сокольники""",14:36,official-route7-2025-07-29
2025-07-29,7,0,20,21,"Метро ""Сокольники""",14:47,official-route7-2025-07-29
2025-07-29,7,0,20,21,"Метро ""Сокольники""",14:58,official-route7-2025-07-29
2025-07-29,7,0,20,21,"Метро ""Сокольники""",15:09,official-route7-2025-07-29
2025-07-29,7,0,20,21,"Метро ""Сокольники""",15:20,official-route7-2025-07-29
2025-07-29,7,0,20,21,"Метро ""Сокольники""",15:31,official-route7-2025-07-29
2025-07-29,7,0,20,21,"Метро ""Сокольники""",15:39,official-route7-2025-07-29
2025-07-29,7,0,20,21,"Метро ""Сокольники""",15:51,official-route7-2025-07-29
2025-07-29,7,0,20,21,"Метро ""Сокольники""",16:03,official-route7-2025-07-29
2025-07-29,7,0,20,21,"Метро ""Сокольники""",16:13,official-route7-2025-07-29
2025-07-29,7,0,20,21,"Метро ""Сокольники""",16:23,official-route7-2025-07-29
2025-07-29,7,0,20,21,"Метро ""Сокольники""",16:33,official-route7-2025-07-29
2025-07-29,7,0,20,21,"Метро ""Сокольники""",16:43,official-route7-2025-07-29
2025-07-29,7,0,20,21,"Метро ""Сокольники""",16:51,official-route7-2025-07-29
2025-07-29,7,0,20,21,"Метро ""Сокольники""",17:03,official-route7-2025-07-29
2025-07-29,7,0,20,21,"Метро ""Сокольники""",17:13,official-route7-2025-07-29
2025-07-29,7,0,20,21,"Метро ""Сокольники""",17:23,official-route7-2025-07-29
2025-07-29,7,0,20,21,"Метро ""Сокольники""",17:34,official-route7-2025-07-29
2025-07-29,7,0,20,21,"Метро ""Сокольники""",17:45,official-route7-2025-07-29
2025-07-29,7,0,20,21,"Метро ""Сокольники""",17:53,official-route7-2025-07-29
2025-07-29,7,0,20,21,"Метро ""Сокольники""",18:00,official-route7-2025-07-29
2025-07-29,7,0,20,21,"Метро ""Сокольники""",18:06,official-route7-2025-07-29
2025-07-29,7,0,20,21,"Метро ""Сокольники""",18:13,official-route7-2025-07-29
2025-07-29,7,0,20,21,"Метро ""Сокольники""",18:20,official-route7-2025-07-29
2025-07-29,7,0,20,21,"Метро ""Сокольники""",18:27,official-route7-2025-07-29
2025-07-29,7,0,20,21,"Метро ""Сокольники""",18:34,official-route7-2025-07-29
2025-07-29,7,0,20,21,"Метро ""Сокольники""",18:41,official-route7-2025-07-29
2025-07-29,7,0,20,21,"Метро ""Сокольники""",18:47,official-route7-2025-07-29
2025-07-29,7,0,20,21,"Метро ""Сокольники""",18:55,official-route7-2025-07-29
2025-07-29,7,0,20,21,"Метро ""Сокольники""",19:03,official-route7-2025-07-29
2025-07-29,7,0,20,21,"Метро ""Сокольники""",19:11,official-route7-2025-07-29
2025-07-29,7,0,20,21,"Метро ""Сокольники""",19:20,official-route7-2025-07-29
2025-07-29,7,0,20,21,"Метро ""Сокольники""",19:30,official-route7-2025-07-29
2025-07-29,7,0,20,21,"Метро ""Сокольники""",19:40,official-route7-2025-07-29
2025-07-29,7,0,20,21,"Метро ""Сокольники""",19:51,official-route7-2025-07-29
2025-07-29,7,0,20,21,"Метро ""Сокольники""",20:00,official-route7-2025-07-29
2025-07-29,7,0,20,21,"Метро ""Сокольники""",20:10,official-route7-2025-07-29
2025-07-29,7,0,20,21,"Метро ""Сокольники""",20:20,official-route7-2025-07-29
2025-07-29,7,0,20,21,"Метро ""Сокольники""",20:30,official-route7-2025-07-29
2025-07-29,7,0,20,21,"Метро ""Сокольники""",20:40,official-route7-2025-07-29
2025-07-29,7,0,20,21,"Метро ""Сокольники""",20:50,official-route7-2025-07-29
2025-07-29,7,0,20,21,"Метро ""Сокольники""",21:00,official-route7-2025-07-29
2025-07-29,7,0,20,21,"Метро ""Сокольники""",21:11,official-route7-2025-07-29
2025-07-29,7,0,20,21,"Метро ""Сокольники""",21:20,official-route7-2025-07-29
2025-07-29,7,0,20,21,"Метро ""Сокольники""",21:30,official-route7-2025-07-29
2025-07-29,7,0,20,21,"Метро ""Сокольники""",21:40,official-route7-2025-07-29
2025-07-29,7,0,20,21,"Метро ""Сокольники""",21:50,official-route7-2025-07-29
2025-07-29,7,0,20,21,"Метро ""Сокольники""",22:01,official-route7-2025-07-29
2025-07-29,7,0,20,21,"Метро ""Сокольники""",22:10,official-route7-2025-07-29
2025-07-29,7,0,20,21,"Метро ""Сокольники""",22:21,official-route7-2025-07-29
2025-07-29,7,0,20,21,"Метро ""Сокольники""",22:31,official-route7-2025-07-29
2025-07-29,7,0,20,21,"Метро ""Сокольники""",22:41,official-route7-2025-07-29
2025-07-29,7,0,20,21,"Метро ""Сокольники""",22:53,official-route7-2025-07-29
2025-07-29,7,0,20,21,"Метро ""Сокольники""",23:07,official-route7-2025-07-29
2025-07-29,7,0,20,21,"Метро ""Сокольники""",23:24,official-route7-2025-07-29
2025-07-29,7,0,20,21,"Метро ""Сокольники""",23:38,official-route7-2025-07-29
2025-07-29,7,0,20,21,"Метро ""Сокольники""",23:55,official-route7-2025-07-29
2025-07-29,7,0,20,21,"Метро ""Сокольники""",00:16,official-route7-2025-07-29
2025-07-29,7,0,20,21,"Метро ""Сокольники""",00:32,official-route7-2025-07-29
2025-07-29,7,0,20,21,"Метро ""Сокольники""",00:53,official-route7-2025-07-29
2025-07-29,7,0,20,21,"Метро ""Сокольники""",01:11,official-route7-2025-07-29
