id,timestamp,latitude,longitude,category,severity,injured_count,dead_count,published_at,coordinate_valid
1478741,2025-01-01 00:10:00+03:00,55.759867,37.626168,Наезд на пешехода,Тяжёлый,1,0,,True
1478747,2025-01-01 00:40:00+03:00,55.751958,37.646059,Наезд на пешехода,Легкий,1,0,,True
1478771,2025-01-01 02:40:00+03:00,55.766775,37.652544,Наезд на пешехода,Тяжёлый,1,0,,True
1478781,2025-01-01 03:10:00+03:00,55.703803,37.816524,Наезд на препятствие,Тяжёлый,1,0,,True
1478787,2025-01-01 04:05:00+03:00,55.748299,37.531132,Наезд на препятствие,Тяжёлый,1,0,,True
1478788,2025-01-01 04:10:00+03:00,55.71471,37.576064,Наезд на стоящее ТС,Тяжёлый,1,0,,True
1478800,2025-01-01 05:44:00+03:00,55.859493,37.52838,Наезд на пешехода,Тяжёлый,1,0,,True
1478837,2025-01-01 08:20:00+03:00,55.670881,37.520188,Столкновение,Тяжёлый,2,0,,True
1478890,2025-01-01 15:30:00+03:00,55.817403,37.581375,Столкновение,Тяжёлый,1,0,,True
1478913,2025-01-01 16:49:00+03:00,55.794267,37.58531,Столкновение,Тяжёлый,1,0,,True
1478967,2025-01-01 19:30:00+03:00,55.853029,37.417363,Наезд на пешехода,Тяжёлый,1,0,,True
1478975,2025-01-01 20:10:00+03:00,55.737386,37.588724,Столкновение,Тяжёлый,1,0,,True
1478986,2025-01-01 21:30:00+03:00,55.729406,37.54554,Столкновение,Тяжёлый,1,0,,True
1479003,2025-01-01 22:19:00+03:00,55.679835,37.418747,Столкновение,Тяжёлый,1,0,,True
1479159,2025-01-02 15:17:00+03:00,55.65353,37.77768,Наезд на препятствие,Тяжёлый,1,0,,True
1479183,2025-01-02 16:25:00+03:00,55.790781,37.678256,Наезд на пешехода,Легкий,2,0,,True
1479191,2025-01-02 16:40:00+03:00,55.888926,37.597545,Наезд на пешехода,Тяжёлый,1,0,,True
1479195,2025-01-02 16:57:00+03:00,55.810416,37.839564,Столкновение,Легкий,2,0,,True
1479202,2025-01-02 17:06:00+03:00,55.613855,37.488581,Наезд на препятствие,Тяжёлый,3,0,,True
1479223,2025-01-02 17:50:00+03:00,55.765541,37.564284,Наезд на пешехода,С погибшими,0,1,,True
1479224,2025-01-02 17:50:00+03:00,55.483748,37.304592,Наезд на пешехода,Тяжёлый,1,0,,True
1479225,2025-01-02 17:50:00+03:00,55.575234,37.611971,Столкновение,Тяжёлый,2,0,,True
1479244,2025-01-02 19:00:00+03:00,55.765396,37.60442,Столкновение,Легкий,1,0,,True
1479260,2025-01-02 20:05:00+03:00,55.758581,37.710303,Наезд на пешехода,Тяжёлый,1,0,,True
1479277,2025-01-02 20:55:00+03:00,55.90235,37.609001,Наезд на пешехода,Тяжёлый,1,0,,True
1479307,2025-01-03 00:19:00+03:00,55.724923,37.550304,Столкновение,Тяжёлый,1,0,,True
1479398,2025-01-03 13:15:00+03:00,55.832445,37.395219,Наезд на стоящее ТС,С погибшими,1,1,,True
1479426,2025-01-03 15:28:00+03:00,55.880053,37.585409,Наезд на велосипедиста,Тяжёлый,1,0,,True
1479453,2025-01-03 17:10:00+03:00,55.609784,37.718457,Наезд на пешехода,Легкий,1,0,,True
1479464,2025-01-03 17:30:00+03:00,55.64417,37.656165,Столкновение,Тяжёлый,1,0,,True
1479476,2025-01-03 18:15:00+03:00,55.619744,37.697074,Столкновение,Тяжёлый,2,0,,True
1479493,2025-01-03 19:32:00+03:00,55.793163,37.614634,Столкновение,Тяжёлый,3,0,,True
1479574,2025-01-04 08:45:00+03:00,55.939899,37.362571,Столкновение,Тяжёлый,1,0,,True
1479721,2025-01-04 17:40:00+03:00,55.684952,37.841731,Столкновение,Тяжёлый,1,0,,True
1479736,2025-01-04 18:44:00+03:00,55.654245,37.757199,Наезд на пешехода,Тяжёлый,1,0,,True
1479762,2025-01-04 19:46:00+03:00,55.770985,37.50241,Столкновение,Тяжёлый,1,0,,True
1479763,2025-01-04 19:48:00+03:00,55.58356,37.708125,Столкновение,Тяжёлый,1,0,,True
1479809,2025-01-05 00:03:00+03:00,55.879506,37.587179,Столкновение,Тяжёлый,1,0,,True
1479827,2025-01-05 05:10:00+03:00,55.838398,37.341993,Наезд на препятствие,Тяжёлый,1,0,,True
1479829,2025-01-05 05:34:00+03:00,55.676834,37.506541,Столкновение,Тяжёлый,2,0,,True
1479847,2025-01-05 08:35:00+03:00,55.585152,37.556039,Столкновение,Тяжёлый,1,0,,True
1479892,2025-01-05 12:56:00+03:00,55.634519,37.384694,Наезд на пешехода,Тяжёлый,1,0,,True
1479910,2025-01-05 13:50:00+03:00,55.993197,37.21418,Наезд на препятствие,Тяжёлый,1,0,,True
1479930,2025-01-05 15:00:00+03:00,55.822062,37.63352,Падение пассажира,Тяжёлый,1,0,,True
1479945,2025-01-05 15:53:00+03:00,55.806943,37.769269,Столкновение,Тяжёлый,1,0,,True
1479973,2025-01-05 17:23:00+03:00,55.587134,37.546662,Наезд на препятствие,Тяжёлый,1,0,,True
1479994,2025-01-05 18:20:00+03:00,55.737972,37.527655,Наезд на пешехода,Легкий,1,0,,True
1480012,2025-01-05 19:08:00+03:00,55.769482,37.821057,Наезд на велосипедиста,Легкий,1,0,,True
1480038,2025-01-05 20:50:00+03:00,55.716566,37.743348,Столкновение,Тяжёлый,1,0,,True
1480063,2025-01-06 00:40:00+03:00,55.894319,37.695271,Столкновение,Тяжёлый,2,0,,True
1480133,2025-01-06 12:27:00+03:00,55.624555,37.71571,Наезд на пешехода,Тяжёлый,1,0,,True
1480153,2025-01-06 13:55:00+03:00,55.793766,37.784193,Наезд на пешехода,Легкий,1,0,,True
1480158,2025-01-06 14:01:00+03:00,55.711404,37.526776,Столкновение,Тяжёлый,1,0,,True
1480161,2025-01-06 14:04:00+03:00,55.726047,37.766597,Наезд на велосипедиста,Тяжёлый,1,0,,True
1480181,2025-01-06 14:55:00+03:00,55.625646,37.488796,Наезд на пешехода,Тяжёлый,1,0,,True
1480230,2025-01-06 18:27:00+03:00,55.738914,37.414638,Наезд на пешехода,Тяжёлый,1,0,,True
1480234,2025-01-06 18:30:00+03:00,55.849656,37.474333,Наезд на препятствие,С погибшими,0,1,,True
1480245,2025-01-06 19:20:00+03:00,55.621375,37.66669,Наезд на пешехода,Тяжёлый,1,0,,True
1480258,2025-01-06 20:20:00+03:00,55.87584,37.425506,Столкновение,Тяжёлый,1,0,,True
1480266,2025-01-06 21:00:00+03:00,55.624164,37.411773,Столкновение,Тяжёлый,1,0,,True
1480272,2025-01-06 21:18:00+03:00,55.811109,37.798569,Наезд на пешехода,Легкий,1,0,,True
1480279,2025-01-06 21:55:00+03:00,55.680911,37.749377,Столкновение,Тяжёлый,2,0,,True
1480290,2025-01-06 23:06:00+03:00,55.572401,37.656369,Столкновение,Тяжёлый,2,0,,True
1480318,2025-01-07 06:58:00+03:00,55.864596,37.68023,Наезд на пешехода,Тяжёлый,1,0,,True
1480325,2025-01-07 08:00:00+03:00,55.647071,37.574927,Столкновение,Тяжёлый,1,0,,True
1480326,2025-01-07 08:05:00+03:00,55.717406,37.790136,Столкновение,Тяжёлый,1,0,,True
1480327,2025-01-07 08:18:00+03:00,55.816408,37.597811,Падение пассажира,Тяжёлый,1,0,,True
1480341,2025-01-07 10:09:00+03:00,55.824647,37.812388,Наезд на пешехода,Тяжёлый,1,0,,True
1480363,2025-01-07 11:48:00+03:00,55.724334,37.436423,Наезд на пешехода,Тяжёлый,1,0,,True
1480365,2025-01-07 11:57:00+03:00,55.680072,37.49692,Падение пассажира,Тяжёлый,1,0,,True
1480399,2025-01-07 14:05:00+03:00,55.898627,37.563254,Столкновение,Легкий,1,0,,True
1480403,2025-01-07 14:18:00+03:00,55.76629,37.536174,Столкновение,Тяжёлый,1,0,,True
1480410,2025-01-07 15:00:00+03:00,55.762046,37.628013,Столкновение,Тяжёлый,1,0,,True
1480424,2025-01-07 15:52:00+03:00,55.761883,37.605332,Наезд на пешехода,Тяжёлый,1,0,,True
1480446,2025-01-07 17:35:00+03:00,55.595262,37.540411,Наезд на пешехода,Тяжёлый,1,0,,True
1480463,2025-01-07 18:14:00+03:00,55.566798,37.572969,Наезд на пешехода,Тяжёлый,1,0,,True
1480513,2025-01-07 21:24:00+03:00,55.825636,37.760975,Наезд на велосипедиста,Тяжёлый,1,0,,True
1480514,2025-01-07 21:25:00+03:00,55.677243,37.6632,Столкновение,Тяжёлый,1,0,,True
1480516,2025-01-07 21:37:00+03:00,55.738419,37.816851,Столкновение,Тяжёлый,1,0,,True
1480538,2025-01-07 23:00:00+03:00,55.576683,37.592479,Наезд на препятствие,Тяжёлый,1,0,,True
1480543,2025-01-07 23:30:00+03:00,55.679702,37.669802,Столкновение,Тяжёлый,1,0,,True
1480553,2025-01-08 01:57:00+03:00,55.740155,37.414933,Наезд на пешехода,Тяжёлый,1,0,,True
1480573,2025-01-08 07:05:00+03:00,55.704719,37.81933,Наезд на препятствие,Тяжёлый,1,0,,True
1480677,2025-01-08 16:10:00+03:00,55.779306,37.477401,Наезд на пешехода,Тяжёлый,1,0,,True
1480700,2025-01-08 17:45:00+03:00,55.750805,37.761759,Наезд на пешехода,Легкий,1,0,,True
1480708,2025-01-08 18:00:00+03:00,55.773532,37.842911,Столкновение,Тяжёлый,1,0,,True
1480714,2025-01-08 18:17:00+03:00,55.645431,37.662334,Наезд на пешехода,Тяжёлый,1,0,,True
1480776,2025-01-08 23:28:00+03:00,55.710111,37.80403,Столкновение,Тяжёлый,1,0,,True
1480780,2025-01-09 00:53:00+03:00,55.822906,37.393041,Столкновение,С погибшими,0,1,,True
1480785,2025-01-09 01:48:00+03:00,55.793537,37.823578,Наезд на препятствие,Легкий,1,0,,True
1480791,2025-01-09 03:39:00+03:00,55.77454,37.686045,Наезд на препятствие,Тяжёлый,1,0,,True
1480812,2025-01-09 07:15:00+03:00,55.929995,37.356745,Столкновение,Тяжёлый,1,0,,True
1480819,2025-01-09 07:30:00+03:00,55.817433,37.677977,Столкновение,Тяжёлый,1,0,,True
1480834,2025-01-09 08:00:00+03:00,55.857666,37.450204,Столкновение,Тяжёлый,1,0,,True
1480836,2025-01-09 08:00:00+03:00,55.8117,37.398416,Наезд на пешехода,Тяжёлый,1,0,,True
1480863,2025-01-09 09:00:00+03:00,55.816709,37.555314,Столкновение,Тяжёлый,1,0,,True
1480869,2025-01-09 09:19:00+03:00,55.713111,37.408903,Наезд на пешехода,С погибшими,0,1,,True
1480907,2025-01-09 11:50:00+03:00,55.734924,37.619532,Столкновение,Тяжёлый,1,0,,True
1480944,2025-01-09 15:05:00+03:00,55.620708,37.505822,Наезд на пешехода,Тяжёлый,1,0,,True
1480945,2025-01-09 15:13:00+03:00,55.509443,37.551323,Столкновение,Тяжёлый,1,0,,True
1481001,2025-01-09 17:38:00+03:00,55.651454,37.643087,Столкновение,Тяжёлый,1,0,,True
1481021,2025-01-09 18:45:00+03:00,55.798278,37.467177,Падение пассажира,Тяжёлый,1,0,,True
1481027,2025-01-09 19:00:00+03:00,55.894462,37.630261,Наезд на велосипедиста,Легкий,1,0,,True
1481056,2025-01-09 21:37:00+03:00,55.628844,37.647765,Наезд на пешехода,Тяжёлый,1,0,,True
1481069,2025-01-09 22:50:00+03:00,55.775752,37.695379,Столкновение,Тяжёлый,1,0,,True
1481072,2025-01-09 23:25:00+03:00,55.766784,37.747564,Столкновение,Легкий,1,0,,True
1481090,2025-01-10 05:30:00+03:00,55.61631,37.626778,Столкновение,Тяжёлый,1,0,,True
1481118,2025-01-10 08:15:00+03:00,55.721763,37.4497,Столкновение,Тяжёлый,1,0,,True
1481123,2025-01-10 08:25:00+03:00,55.894133,37.602124,Наезд на пешехода,Тяжёлый,1,0,,True
1481124,2025-01-10 08:25:00+03:00,55.723497,37.792046,Наезд на пешехода,Тяжёлый,1,0,,True
1481135,2025-01-10 09:00:00+03:00,55.763012,37.769151,Падение пассажира,Легкий,1,0,,True
1481142,2025-01-10 09:25:00+03:00,55.788977,37.472692,Наезд на пешехода,Тяжёлый,1,0,,True
1481165,2025-01-10 11:00:00+03:00,55.806105,37.416966,Столкновение,Тяжёлый,1,0,,True
1481175,2025-01-10 12:00:00+03:00,55.730747,37.6346,Падение пассажира,Тяжёлый,1,0,,True
1481182,2025-01-10 12:20:00+03:00,55.675007,37.6552,Падение пассажира,Тяжёлый,1,0,,True
1481183,2025-01-10 12:26:00+03:00,55.822092,37.589614,Наезд на пешехода,Тяжёлый,1,0,,True
1481215,2025-01-10 15:05:00+03:00,55.696073,37.804459,Наезд на пешехода,Тяжёлый,1,0,,True
1481231,2025-01-10 16:05:00+03:00,55.826136,37.649674,Наезд на пешехода,Тяжёлый,1,0,,True
1481241,2025-01-10 16:40:00+03:00,55.849415,37.634289,Наезд на пешехода,Тяжёлый,1,0,,True
1481269,2025-01-10 18:00:00+03:00,55.505166,37.590666,Наезд на пешехода,Тяжёлый,1,0,,True
1481271,2025-01-10 18:05:00+03:00,55.704344,37.637111,Столкновение,Тяжёлый,1,0,,True
1481275,2025-01-10 18:10:00+03:00,55.868449,37.672441,Наезд на пешехода,Тяжёлый,1,0,,True
1481279,2025-01-10 18:15:00+03:00,55.820205,37.817398,Наезд на пешехода,Легкий,1,0,,True
1481285,2025-01-10 18:30:00+03:00,55.70241,37.934171,Наезд на пешехода,Тяжёлый,1,0,,True
1481286,2025-01-10 18:32:00+03:00,55.691809,37.469759,Наезд на пешехода,Тяжёлый,1,0,,True
1481304,2025-01-10 20:00:00+03:00,55.655389,37.648484,Столкновение,Тяжёлый,2,0,,True
1481311,2025-01-10 20:50:00+03:00,55.905736,37.603862,Столкновение,Тяжёлый,1,0,,True
1481316,2025-01-10 21:30:00+03:00,55.811254,37.714938,Наезд на пешехода,Легкий,1,0,,True
1481320,2025-01-10 22:15:00+03:00,55.878645,37.669319,Наезд на пешехода,Тяжёлый,1,0,,True
1481326,2025-01-10 22:50:00+03:00,55.543265,37.531523,Столкновение,Тяжёлый,1,0,,True
1481331,2025-01-10 23:15:00+03:00,55.673808,37.523875,Наезд на велосипедиста,Тяжёлый,1,0,,True
1481336,2025-01-10 23:40:00+03:00,55.782154,37.708125,Столкновение,Легкий,2,0,,True
1481364,2025-01-11 07:30:00+03:00,55.551274,37.587136,Столкновение,Легкий,1,0,,True
1481403,2025-01-11 11:40:00+03:00,55.5439,37.524854,Наезд на пешехода,Тяжёлый,1,0,,True
1481432,2025-01-11 13:20:00+03:00,55.610578,37.720056,Наезд на пешехода,Тяжёлый,1,0,,True
1481449,2025-01-11 14:40:00+03:00,55.686609,37.928635,Наезд на пешехода,Тяжёлый,1,0,,True
1481450,2025-01-11 14:50:00+03:00,55.56507,37.596573,Наезд на стоящее ТС,Тяжёлый,2,0,,True
1481451,2025-01-11 14:57:00+03:00,55.896937,37.603427,Наезд на пешехода,Тяжёлый,1,0,,True
1481481,2025-01-11 16:50:00+03:00,55.639038,37.757171,Наезд на пешехода,Тяжёлый,1,0,,True
1481493,2025-01-11 17:33:00+03:00,55.736974,37.24773,Наезд на пешехода,Тяжёлый,1,0,,True
1481519,2025-01-11 19:00:00+03:00,55.879885,37.586567,Столкновение,Тяжёлый,1,0,,True
1481524,2025-01-11 19:15:00+03:00,55.677665,37.454916,Наезд на пешехода,Тяжёлый,1,0,,True
1481525,2025-01-11 19:20:00+03:00,55.804067,37.513568,Наезд на пешехода,Тяжёлый,1,0,,True
1481530,2025-01-11 19:32:00+03:00,55.656006,37.538159,Столкновение,Легкий,1,0,,True
1481533,2025-01-11 19:44:00+03:00,55.661144,37.472998,Наезд на пешехода,Тяжёлый,1,0,,True
1481541,2025-01-11 20:17:00+03:00,55.886057,37.687443,Наезд на пешехода,Тяжёлый,2,0,,True
1481559,2025-01-11 21:00:00+03:00,55.69302,37.534693,Наезд на пешехода,Легкий,1,0,,True
1481561,2025-01-11 21:09:00+03:00,55.808426,37.645469,Наезд на пешехода,Тяжёлый,1,0,,True
1481563,2025-01-11 21:20:00+03:00,55.787976,37.685723,Наезд на пешехода,С погибшими,0,1,,True
1481573,2025-01-11 22:27:00+03:00,55.847584,37.599785,Столкновение,Тяжёлый,1,0,,True
1481574,2025-01-11 22:28:00+03:00,55.665223,37.545744,Наезд на пешехода,Тяжёлый,1,0,,True
1481587,2025-01-11 23:41:00+03:00,55.662897,37.624101,"Наезд на лицо, не являющееся участником дорожного движения, осуществляющее несение службы",Тяжёлый,1,0,,True
1481603,2025-01-12 02:20:00+03:00,55.551092,37.532133,Столкновение,Тяжёлый,1,0,,True
1481608,2025-01-12 04:50:00+03:00,55.831511,37.487766,Наезд на пешехода,Тяжёлый,1,0,,True
1481621,2025-01-12 08:10:00+03:00,55.642664,37.788205,Столкновение,Тяжёлый,3,0,,True
1481628,2025-01-12 08:50:00+03:00,55.983493,37.146835,Столкновение,Легкий,1,0,,True
1481648,2025-01-12 10:55:00+03:00,55.738287,37.436764,Столкновение,Тяжёлый,1,0,,True
1481678,2025-01-12 14:27:00+03:00,55.756215,37.791413,Наезд на пешехода,Легкий,1,0,,True
1481679,2025-01-12 14:30:00+03:00,55.704758,37.100545,Столкновение,Легкий,1,0,,True
1481683,2025-01-12 15:00:00+03:00,55.802897,37.708747,Наезд на препятствие,Тяжёлый,1,0,,True
1481708,2025-01-12 17:05:00+03:00,55.642361,37.712824,Наезд на пешехода,Тяжёлый,1,0,,True
1481714,2025-01-12 17:48:00+03:00,55.758732,37.657582,Наезд на пешехода,Тяжёлый,1,0,,True
1481733,2025-01-12 18:38:00+03:00,55.67701,37.664335,Столкновение,Тяжёлый,1,0,,True
1481768,2025-01-12 21:40:00+03:00,55.636021,37.65667,Столкновение,Тяжёлый,1,0,,True
1481777,2025-01-12 22:31:00+03:00,55.708648,37.652078,Столкновение,Тяжёлый,1,0,,True
1481829,2025-01-13 08:17:00+03:00,55.807462,37.815456,Наезд на пешехода,Легкий,1,0,,True
1481839,2025-01-13 08:35:00+03:00,55.803084,37.407364,Наезд на пешехода,Тяжёлый,1,0,,True
1481850,2025-01-13 09:05:00+03:00,55.984693,37.211959,Наезд на стоящее ТС,Тяжёлый,1,0,,True
1481859,2025-01-13 09:37:00+03:00,55.639878,37.687011,Столкновение,Легкий,1,0,,True
1481860,2025-01-13 09:40:00+03:00,55.815118,37.457896,Наезд на пешехода,Тяжёлый,1,0,,True
1481894,2025-01-13 12:00:00+03:00,55.777852,37.598251,Наезд на пешехода,Тяжёлый,1,0,,True
1481899,2025-01-13 12:25:00+03:00,55.711549,37.62252,Столкновение,Тяжёлый,1,0,,True
1481906,2025-01-13 12:43:00+03:00,55.729862,37.457191,"Наезд на лицо, не являющееся участником дорожного движения, осуществляющее производство работ",Тяжёлый,1,0,,True
1481936,2025-01-13 14:21:00+03:00,55.766851,37.631404,Столкновение,Тяжёлый,1,0,,True
1481937,2025-01-13 14:25:00+03:00,55.808637,37.497293,Наезд на стоящее ТС,Тяжёлый,2,0,,True
1481945,2025-01-13 15:00:00+03:00,55.852733,37.678792,Падение пассажира,Тяжёлый,1,0,,True
1481952,2025-01-13 15:30:00+03:00,55.66316,37.508816,Столкновение,Тяжёлый,1,0,,True
1481955,2025-01-13 15:48:00+03:00,55.881071,37.484321,Столкновение,Тяжёлый,1,0,,True
1481993,2025-01-13 17:30:00+03:00,55.581529,37.6714,Наезд на пешехода,Легкий,1,0,,True
1482000,2025-01-13 17:45:00+03:00,55.653094,37.489965,Наезд на пешехода,Тяжёлый,1,0,,True
1482022,2025-01-13 18:52:00+03:00,55.752242,37.791542,Наезд на пешехода,Легкий,1,0,,True
1482028,2025-01-13 19:30:00+03:00,55.773827,37.624526,Столкновение,Тяжёлый,1,0,,True
1482029,2025-01-13 19:32:00+03:00,56.00381,37.197336,Столкновение,Легкий,1,0,,True
1482037,2025-01-13 20:00:00+03:00,55.781183,37.608154,Столкновение,Легкий,1,0,,True
1482038,2025-01-13 20:17:00+03:00,55.667396,37.6602,Наезд на пешехода,Легкий,1,0,,True
1482052,2025-01-13 21:55:00+03:00,55.760797,37.471833,Наезд на стоящее ТС,Тяжёлый,1,0,,True
1482059,2025-01-13 22:35:00+03:00,55.625246,37.596599,Наезд на препятствие,С погибшими,2,1,,True
1482072,2025-01-14 01:11:00+03:00,55.572986,37.646501,Столкновение,Тяжёлый,1,0,,True
1482074,2025-01-14 01:25:00+03:00,55.715878,37.402232,Столкновение,Тяжёлый,1,0,,True
1482122,2025-01-14 08:15:00+03:00,55.835211,37.644493,Наезд на пешехода,Тяжёлый,1,0,,True
1482147,2025-01-14 10:30:00+03:00,55.690244,37.622037,Наезд на препятствие,Тяжёлый,1,0,,True
1482171,2025-01-14 12:40:00+03:00,55.755701,37.414327,Наезд на пешехода,Легкий,1,0,,True
1482175,2025-01-14 13:05:00+03:00,55.77387,37.549939,Наезд на стоящее ТС,Тяжёлый,1,0,,True
1482179,2025-01-14 13:20:00+03:00,55.639307,37.34189,Падение пассажира,Тяжёлый,1,0,,True
1482188,2025-01-14 14:00:00+03:00,55.860803,37.371808,Наезд на пешехода,Тяжёлый,1,0,,True
1482202,2025-01-14 14:53:00+03:00,55.716892,37.384436,Столкновение,Тяжёлый,1,0,,True
1482205,2025-01-14 15:00:00+03:00,55.461619,36.914878,Столкновение,Тяжёлый,1,0,,True
1482213,2025-01-14 15:40:00+03:00,55.504424,37.559906,Наезд на пешехода,Тяжёлый,1,0,,True
1482219,2025-01-14 16:00:00+03:00,55.85843,37.397139,Столкновение,Тяжёлый,1,0,,True
1482223,2025-01-14 16:20:00+03:00,55.751312,37.411955,Столкновение,Легкий,1,0,,True
1482226,2025-01-14 16:50:00+03:00,55.884206,37.711612,Наезд на пешехода,Тяжёлый,2,0,,True
1482228,2025-01-14 16:55:00+03:00,55.730113,37.636789,Наезд на пешехода,Тяжёлый,1,0,,True
1482234,2025-01-14 17:08:00+03:00,55.702536,37.840616,Наезд на пешехода,Тяжёлый,1,0,,True
1482243,2025-01-14 17:30:00+03:00,55.812683,37.829254,Столкновение,Тяжёлый,1,0,,True
1482312,2025-01-14 20:12:00+03:00,55.742545,37.65491,Наезд на пешехода,Тяжёлый,1,0,,True
1482313,2025-01-14 20:15:00+03:00,55.408188,37.419112,Столкновение,С погибшими,0,1,,True
1482318,2025-01-14 20:30:00+03:00,55.700966,37.532597,Наезд на пешехода,Тяжёлый,1,0,,True
1482333,2025-01-14 22:50:00+03:00,55.61299,37.369931,Столкновение,Тяжёлый,1,0,,True
1482345,2025-01-15 02:20:00+03:00,55.583875,37.709755,Столкновение,Тяжёлый,1,0,,True
1482363,2025-01-15 07:28:00+03:00,55.614214,37.706881,Столкновение,Тяжёлый,2,0,,True
1482374,2025-01-15 07:40:00+03:00,55.745174,37.182589,Наезд на пешехода,С погибшими,0,1,,True
1482411,2025-01-15 08:40:00+03:00,55.665387,37.838888,Столкновение,Тяжёлый,1,0,,True
1482416,2025-01-15 08:50:00+03:00,55.621102,37.614527,Столкновение,Тяжёлый,1,0,,True
1482417,2025-01-15 08:54:00+03:00,55.791903,37.63695,Столкновение,Тяжёлый,1,0,,True
1482428,2025-01-15 09:20:00+03:00,55.76679,37.637539,Наезд на пешехода,Тяжёлый,1,0,,True
1482436,2025-01-15 09:58:00+03:00,55.710631,37.850754,Наезд на пешехода,Тяжёлый,1,0,,True
1482514,2025-01-15 14:37:00+03:00,55.831192,37.593369,Наезд на пешехода,Тяжёлый,1,0,,True
1482521,2025-01-15 15:17:00+03:00,55.605742,37.607714,Наезд на пешехода,Тяжёлый,1,0,,True
1482526,2025-01-15 15:50:00+03:00,55.701642,37.930555,Наезд на пешехода,Тяжёлый,1,0,,True
1482536,2025-01-15 16:20:00+03:00,55.675818,37.835069,Столкновение,Тяжёлый,1,0,,True
1482547,2025-01-15 16:55:00+03:00,55.579389,37.684398,Наезд на пешехода,Тяжёлый,1,0,,True
1482559,2025-01-15 17:30:00+03:00,55.64626,37.669217,Наезд на пешехода,Тяжёлый,1,0,,True
1482570,2025-01-15 17:50:00+03:00,55.635724,37.70614,Наезд на пешехода,Тяжёлый,1,0,,True
1482572,2025-01-15 17:52:00+03:00,55.676695,37.762917,Наезд на пешехода,Тяжёлый,1,0,,True
1482577,2025-01-15 18:00:00+03:00,55.680887,37.749377,Столкновение,Тяжёлый,1,0,,True
1482587,2025-01-15 18:20:00+03:00,55.680045,37.55343,Наезд на пешехода,Тяжёлый,1,0,,True
1482615,2025-01-15 19:17:00+03:00,55.850548,37.644138,Наезд на пешехода,Легкий,1,0,,True
1482652,2025-01-15 21:45:00+03:00,55.872548,37.52007,Наезд на пешехода,Тяжёлый,1,0,,True
1482672,2025-01-16 03:19:00+03:00,55.869767,37.569584,Наезд на препятствие,Тяжёлый,1,0,,True
1482727,2025-01-16 08:50:00+03:00,55.802596,37.546023,Столкновение,Тяжёлый,1,0,,True
1482789,2025-01-16 12:40:00+03:00,55.692451,37.620621,Наезд на пешехода,Тяжёлый,1,0,,True
1482856,2025-01-16 15:55:00+03:00,55.652978,37.545428,Столкновение,Тяжёлый,5,0,,True
1482857,2025-01-16 16:05:00+03:00,55.873863,37.646085,Наезд на пешехода,Тяжёлый,1,0,,True
1482863,2025-01-16 16:30:00+03:00,55.838109,37.416226,Наезд на пешехода,Тяжёлый,2,0,,True
1482870,2025-01-16 16:39:00+03:00,55.605457,37.524018,Наезд на пешехода,Тяжёлый,1,0,,True
1482875,2025-01-16 16:50:00+03:00,55.717448,37.64755,Наезд на пешехода,С погибшими,0,1,,True
1482899,2025-01-16 17:55:00+03:00,55.804839,37.725785,Наезд на пешехода,Легкий,1,0,,True
1482903,2025-01-16 18:01:00+03:00,55.672018,37.540294,Наезд на пешехода,Тяжёлый,1,0,,True
1482926,2025-01-16 19:05:00+03:00,55.730952,37.737297,Столкновение,Тяжёлый,1,0,,True
1482929,2025-01-16 19:20:00+03:00,55.936462,37.370349,Наезд на стоящее ТС,С погибшими,1,1,,True
1482945,2025-01-16 20:24:00+03:00,55.885054,37.504814,Наезд на пешехода,Тяжёлый,1,0,,True
1482948,2025-01-16 20:40:00+03:00,55.716119,37.820628,Падение пассажира,Легкий,1,0,,True
1482949,2025-01-16 20:40:00+03:00,55.789218,37.716429,Столкновение,Легкий,1,0,,True
1482989,2025-01-17 06:45:00+03:00,55.68852,37.5741,Столкновение,Тяжёлый,1,0,,True
1482991,2025-01-17 07:10:00+03:00,55.708206,37.058706,Столкновение,Тяжёлый,3,0,,True
1482994,2025-01-17 07:30:00+03:00,55.844518,37.454689,Столкновение,Тяжёлый,4,0,,True
1483053,2025-01-17 09:07:00+03:00,55.703318,37.461368,Столкновение,Тяжёлый,1,0,,True
1483058,2025-01-17 09:50:00+03:00,55.681389,37.524297,Падение пассажира,Тяжёлый,1,0,,True
1483082,2025-01-17 11:30:00+03:00,55.846602,37.360736,Столкновение,Тяжёлый,1,0,,True
1483131,2025-01-17 14:33:00+03:00,55.624277,37.742404,Наезд на пешехода,Легкий,1,0,,True
1483167,2025-01-17 16:10:00+03:00,55.820338,37.824243,Наезд на пешехода,Легкий,1,0,,True
1483168,2025-01-17 16:17:00+03:00,55.678189,37.529855,Наезд на пешехода,Тяжёлый,1,0,,True
1483218,2025-01-17 18:00:00+03:00,55.98237,37.161963,Наезд на пешехода,С погибшими,0,1,,True
1483223,2025-01-17 18:06:00+03:00,55.547615,37.419755,Столкновение,Тяжёлый,1,0,,True
1483235,2025-01-17 18:35:00+03:00,55.633074,37.525998,Наезд на пешехода,Тяжёлый,1,0,,True
1483258,2025-01-17 19:32:00+03:00,55.74168,37.816014,"Наезд на лицо, не являющееся участником дорожного движения, осуществляющее производство работ",Легкий,1,0,,True
1483262,2025-01-17 19:44:00+03:00,55.857786,37.515907,Столкновение,Тяжёлый,1,0,,True
1483264,2025-01-17 19:45:00+03:00,55.794979,37.504352,Наезд на пешехода,Тяжёлый,1,0,,True
1483268,2025-01-17 19:59:00+03:00,55.608372,37.698963,Наезд на пешехода,Легкий,1,0,,True
1483271,2025-01-17 20:10:00+03:00,55.621411,37.657185,Наезд на препятствие,Легкий,5,0,,True
1483298,2025-01-17 21:40:00+03:00,55.720155,37.734936,Наезд на пешехода,Тяжёлый,1,0,,True
1483309,2025-01-18 00:01:00+03:00,55.705075,37.631652,Наезд на стоящее ТС,Легкий,2,0,,True
1483310,2025-01-18 00:05:00+03:00,55.784894,37.622572,Столкновение,Тяжёлый,2,0,,True
1483316,2025-01-18 01:20:00+03:00,55.765378,37.604399,Столкновение,Легкий,1,0,,True
1483390,2025-01-18 12:00:00+03:00,55.719031,37.782111,Столкновение,Тяжёлый,3,0,,True
1483395,2025-01-18 12:25:00+03:00,55.691594,37.445809,Столкновение,Тяжёлый,1,0,,True
1483406,2025-01-18 12:50:00+03:00,55.613299,37.774504,Столкновение,Тяжёлый,2,0,,True
1483466,2025-01-18 16:55:00+03:00,55.740206,37.730141,Наезд на препятствие,С погибшими,2,2,,True
1483475,2025-01-18 17:25:00+03:00,55.863476,37.566612,Столкновение,Тяжёлый,1,0,,True
1483491,2025-01-18 17:56:00+03:00,55.665708,37.83832,Столкновение,Тяжёлый,1,0,,True
1483494,2025-01-18 18:00:00+03:00,55.844892,37.358043,Падение пассажира,Тяжёлый,1,0,,True
1483500,2025-01-18 18:18:00+03:00,55.817999,37.522624,Наезд на пешехода,Тяжёлый,1,0,,True
1483506,2025-01-18 18:38:00+03:00,55.717261,37.580484,Наезд на пешехода,Тяжёлый,1,0,,True
1483533,2025-01-18 20:00:00+03:00,55.723225,37.16827,Наезд на пешехода,Тяжёлый,1,0,,True
1483538,2025-01-18 20:02:00+03:00,55.620745,37.721858,Столкновение,Тяжёлый,2,0,,True
1483551,2025-01-18 20:50:00+03:00,55.589929,37.669377,Столкновение,Тяжёлый,1,0,,True
1483556,2025-01-18 21:10:00+03:00,55.791667,37.548963,Столкновение,Тяжёлый,1,0,,True
1483562,2025-01-18 21:20:00+03:00,55.633332,37.76149,Наезд на пешехода,Тяжёлый,1,0,,True
1483565,2025-01-18 21:35:00+03:00,55.608578,37.292286,Наезд на пешехода,Тяжёлый,1,0,,True
1483568,2025-01-18 22:15:00+03:00,55.733104,37.679318,Наезд на пешехода,Тяжёлый,1,0,,True
1483572,2025-01-18 22:45:00+03:00,55.81334,37.566462,Столкновение,Тяжёлый,1,0,,True
1483575,2025-01-18 23:30:00+03:00,55.798537,37.463154,Наезд на пешехода,Тяжёлый,1,0,,True
1483617,2025-01-19 06:20:00+03:00,55.842296,37.351831,Наезд на пешехода,Тяжёлый,1,0,,True
1483621,2025-01-19 07:15:00+03:00,55.796565,37.708308,Наезд на пешехода,Легкий,1,0,,True
1483661,2025-01-19 11:30:00+03:00,55.857756,37.644052,Наезд на пешехода,Тяжёлый,1,0,,True
1483691,2025-01-19 13:40:00+03:00,55.822022,37.573301,Столкновение,Тяжёлый,1,0,,True
1483707,2025-01-19 14:40:00+03:00,55.635336,37.262256,Наезд на пешехода,С погибшими,0,1,,True
1483712,2025-01-19 14:58:00+03:00,55.816089,37.798247,Столкновение,Тяжёлый,1,0,,True
1483734,2025-01-19 16:03:00+03:00,55.736619,37.841367,Наезд на препятствие,Тяжёлый,1,0,,True
1483740,2025-01-19 16:20:00+03:00,55.756959,37.420941,Наезд на пешехода,Тяжёлый,1,0,,True
1483763,2025-01-19 17:30:00+03:00,55.764828,37.605043,Столкновение,Тяжёлый,1,0,,True
1483789,2025-01-19 18:55:00+03:00,55.808812,37.416483,Наезд на пешехода,Тяжёлый,1,0,,True
1483790,2025-01-19 18:55:00+03:00,55.707022,37.579304,Столкновение,Тяжёлый,1,0,,True
1483816,2025-01-19 20:58:00+03:00,55.791243,37.616351,Столкновение,Тяжёлый,3,0,,True
1483827,2025-01-19 22:30:00+03:00,55.548549,37.486145,Наезд на пешехода,Тяжёлый,2,0,,True
1483830,2025-01-20 00:30:00+03:00,55.703359,37.461179,Столкновение,Тяжёлый,1,0,,True
1483835,2025-01-20 03:00:00+03:00,55.602301,37.605445,Наезд на стоящее ТС,Легкий,1,0,,True
1483842,2025-01-20 05:05:00+03:00,55.636031,37.674142,Наезд на препятствие,Тяжёлый,2,0,,True
1483852,2025-01-20 06:48:00+03:00,55.84238,37.423028,Наезд на пешехода,Легкий,1,0,,True
1483861,2025-01-20 07:12:00+03:00,55.729708,37.565957,Наезд на пешехода,Тяжёлый,1,0,,True
1483871,2025-01-20 07:38:00+03:00,55.82292,37.643024,Падение пассажира,Тяжёлый,1,0,,True
1483882,2025-01-20 07:45:00+03:00,55.666282,37.768378,Столкновение,Тяжёлый,1,0,,True
1483908,2025-01-20 08:35:00+03:00,55.660188,37.514094,Наезд на пешехода,Тяжёлый,1,0,,True
1483928,2025-01-20 10:10:00+03:00,55.804809,37.415764,Столкновение,Тяжёлый,1,0,,True
1483930,2025-01-20 10:15:00+03:00,55.724973,37.663429,Столкновение,Тяжёлый,1,0,,True
1483966,2025-01-20 12:10:00+03:00,55.784079,37.567781,Наезд на пешехода,Тяжёлый,1,0,,True
1483969,2025-01-20 12:23:00+03:00,55.720035,37.427791,Наезд на пешехода,Тяжёлый,1,0,,True
1483975,2025-01-20 12:35:00+03:00,55.561438,37.583628,Наезд на пешехода,Тяжёлый,1,0,,True
1483992,2025-01-20 13:30:00+03:00,55.793544,37.560171,Столкновение,Тяжёлый,1,0,,True
1484005,2025-01-20 14:11:00+03:00,55.644226,37.521572,Наезд на пешехода,Тяжёлый,1,0,,True
1484034,2025-01-20 15:49:00+03:00,55.984135,37.164463,Столкновение,Легкий,1,0,,True
1484050,2025-01-20 16:35:00+03:00,55.749929,37.785416,Падение пассажира,Легкий,1,0,,True
1484065,2025-01-20 17:10:00+03:00,55.590023,37.62536,Столкновение,Тяжёлый,1,0,,True
1484077,2025-01-20 17:45:00+03:00,55.666881,37.56791,Столкновение,Тяжёлый,3,0,,True
1484103,2025-01-20 18:34:00+03:00,55.817149,37.510639,Наезд на пешехода,Тяжёлый,1,0,,True
1484105,2025-01-20 18:40:00+03:00,55.808119,37.513129,Наезд на пешехода,Тяжёлый,1,0,,True
1484115,2025-01-20 19:00:00+03:00,55.541453,37.513429,Столкновение,Тяжёлый,1,0,,True
1484138,2025-01-20 20:00:00+03:00,55.718429,37.453823,Наезд на пешехода,Тяжёлый,1,0,,True
1484156,2025-01-20 21:20:00+03:00,55.632884,37.480448,Наезд на пешехода,Тяжёлый,1,0,,True
1484161,2025-01-20 21:31:00+03:00,55.883183,37.464945,Наезд на стоящее ТС,Тяжёлый,1,0,,True
1484176,2025-01-20 22:49:00+03:00,55.844368,37.366068,Столкновение,Тяжёлый,2,0,,True
1484206,2025-01-21 07:55:00+03:00,55.796649,37.499857,Наезд на пешехода,Тяжёлый,1,0,,True
1484207,2025-01-21 08:04:00+03:00,55.581037,37.170224,Наезд на пешехода,Легкий,1,0,,True
1484227,2025-01-21 09:30:00+03:00,55.691526,37.539006,Столкновение,Тяжёлый,1,0,,True
1484237,2025-01-21 10:19:00+03:00,55.73142,37.54576,Наезд на велосипедиста,Тяжёлый,1,0,,True
1484239,2025-01-21 10:25:00+03:00,55.491273,37.29912,Наезд на пешехода,Тяжёлый,1,0,,True
1484244,2025-01-21 10:45:00+03:00,55.812882,37.618561,Столкновение,Тяжёлый,1,0,,True
1484270,2025-01-21 12:08:00+03:00,55.783548,37.74588,Падение пассажира,Легкий,1,0,,True
1484271,2025-01-21 12:10:00+03:00,55.862898,37.44897,Наезд на пешехода,Тяжёлый,1,0,,True
1484281,2025-01-21 12:50:00+03:00,55.809013,37.505801,Столкновение,Тяжёлый,1,0,,True
1484308,2025-01-21 14:28:00+03:00,55.75511,37.599807,Наезд на пешехода,Тяжёлый,1,0,,True
1484334,2025-01-21 16:33:00+03:00,55.611899,37.591567,Наезд на пешехода,Легкий,3,0,,True
1484345,2025-01-21 17:10:00+03:00,55.831427,37.646778,Наезд на пешехода,Легкий,1,0,,True
1484366,2025-01-21 18:01:00+03:00,55.533852,37.516744,Столкновение,Тяжёлый,4,0,,True
1484382,2025-01-21 18:45:00+03:00,55.620026,37.717702,Столкновение,Тяжёлый,1,0,,True
1484398,2025-01-21 19:40:00+03:00,55.68269,37.73042,Столкновение,Тяжёлый,1,0,,True
1484399,2025-01-21 19:45:00+03:00,55.742344,37.588456,Столкновение,Тяжёлый,1,0,,True
1484429,2025-01-21 22:38:00+03:00,55.844542,37.454689,Столкновение,Легкий,1,0,,True
1484438,2025-01-22 01:38:00+03:00,55.984129,37.156942,Наезд на стоящее ТС,Легкий,1,0,,True
1484507,2025-01-22 09:20:00+03:00,55.732155,37.716773,Столкновение,Тяжёлый,1,0,,True
1484546,2025-01-22 12:05:00+03:00,55.727357,37.670575,Наезд на пешехода,Тяжёлый,1,0,,True
1484547,2025-01-22 12:10:00+03:00,55.802059,37.317049,Столкновение,Легкий,1,0,,True
1484556,2025-01-22 12:35:00+03:00,55.875154,37.637208,Столкновение,Тяжёлый,1,0,,True
1484576,2025-01-22 14:14:00+03:00,55.756251,37.529469,Наезд на велосипедиста,Тяжёлый,1,0,,True
1484599,2025-01-22 15:30:00+03:00,55.792409,37.388996,Падение пассажира,Тяжёлый,1,0,,True
1484647,2025-01-22 18:20:00+03:00,55.761738,37.740365,Падение пассажира,Легкий,1,0,,True
1484670,2025-01-22 19:55:00+03:00,55.815829,37.707192,Наезд на пешехода,Легкий,1,0,,True
1484674,2025-01-22 20:05:00+03:00,55.664969,37.539564,Наезд на пешехода,Тяжёлый,1,0,,True
1484699,2025-01-22 23:06:00+03:00,55.791873,37.550529,Наезд на велосипедиста,Легкий,1,0,,True
1484708,2025-01-23 00:55:00+03:00,55.585029,37.712099,Столкновение,Тяжёлый,1,0,,True
1484728,2025-01-23 07:15:00+03:00,55.685883,37.52316,Падение пассажира,Легкий,1,0,,True
1484737,2025-01-23 07:39:00+03:00,55.892306,37.567926,Наезд на пешехода,Тяжёлый,1,0,,True
1484776,2025-01-23 09:40:00+03:00,55.720827,37.653828,Столкновение,Тяжёлый,1,0,,True
1484803,2025-01-23 11:45:00+03:00,55.657114,37.828857,Наезд на пешехода,Тяжёлый,1,0,,True
1484812,2025-01-23 12:20:00+03:00,55.83691,37.405872,Столкновение,Легкий,1,0,,True
1484819,2025-01-23 12:50:00+03:00,55.709029,37.725377,Наезд на пешехода,Тяжёлый,1,0,,True
1484827,2025-01-23 13:15:00+03:00,55.765493,37.648033,Наезд на велосипедиста,Тяжёлый,1,0,,True
1484833,2025-01-23 13:34:00+03:00,55.870225,37.631178,Наезд на пешехода,Тяжёлый,1,0,,True
1484838,2025-01-23 13:46:00+03:00,55.874721,37.526819,Столкновение,Тяжёлый,1,0,,True
1484846,2025-01-23 14:10:00+03:00,55.54529,37.155601,Наезд на пешехода,Тяжёлый,1,0,,True
1484847,2025-01-23 14:20:00+03:00,55.842115,37.382741,Столкновение,Легкий,1,0,,True
1484851,2025-01-23 14:43:00+03:00,55.715272,37.40157,Наезд на пешехода,Тяжёлый,1,0,,True
1484853,2025-01-23 14:45:00+03:00,55.623635,37.657191,Столкновение,Тяжёлый,1,0,,True
1484898,2025-01-23 17:49:00+03:00,55.737525,37.491939,Столкновение,Тяжёлый,1,0,,True
1484900,2025-01-23 17:55:00+03:00,55.919981,37.382988,Столкновение,Тяжёлый,1,0,,True
1484920,2025-01-23 18:30:00+03:00,55.870062,37.587125,Наезд на пешехода,Тяжёлый,1,0,,True
1484921,2025-01-23 18:35:00+03:00,55.80886,37.775438,Наезд на пешехода,Тяжёлый,1,0,,True
1484925,2025-01-23 18:45:00+03:00,55.716501,37.575159,Падение пассажира,Тяжёлый,1,0,,True
1484938,2025-01-23 19:35:00+03:00,55.810066,37.801284,Падение пассажира,Тяжёлый,1,0,,True
1484950,2025-01-23 20:07:00+03:00,55.646333,37.729529,Наезд на пешехода,С погибшими,0,1,,True
1484956,2025-01-23 20:30:00+03:00,55.685992,37.542118,Столкновение,Тяжёлый,1,0,,True
1484976,2025-01-23 23:55:00+03:00,55.71772,37.692633,Столкновение,Тяжёлый,2,0,,True
1484992,2025-01-24 06:25:00+03:00,55.865782,37.583392,Наезд на пешехода,Тяжёлый,1,0,,True
1484994,2025-01-24 06:35:00+03:00,55.710031,37.476086,Наезд на пешехода,Тяжёлый,1,0,,True
1484999,2025-01-24 07:12:00+03:00,55.857255,37.653353,Наезд на пешехода,Тяжёлый,1,0,,True
1485028,2025-01-24 08:18:00+03:00,55.900131,37.546393,Наезд на пешехода,Тяжёлый,1,0,,True
1485030,2025-01-24 08:25:00+03:00,55.526487,37.383782,Падение пассажира,Легкий,1,0,,True
1485065,2025-01-24 11:17:00+03:00,55.782793,37.553204,Наезд на пешехода,Тяжёлый,1,0,,True
1485073,2025-01-24 11:46:00+03:00,55.793242,37.714573,Падение пассажира,Легкий,1,0,,True
1485080,2025-01-24 12:24:00+03:00,55.651624,37.387236,Столкновение,Тяжёлый,1,0,,True
1485082,2025-01-24 12:30:00+03:00,55.665714,37.629021,Наезд на пешехода,Тяжёлый,1,0,,True
1485106,2025-01-24 14:30:00+03:00,55.60579,37.534747,Падение пассажира,Тяжёлый,1,0,,True
1485107,2025-01-24 14:30:00+03:00,55.631975,37.539532,Наезд на препятствие,С погибшими,0,1,,True
1485111,2025-01-24 14:49:00+03:00,55.898573,37.585044,Падение пассажира,Тяжёлый,1,0,,True
1485143,2025-01-24 17:10:00+03:00,55.85504,37.682644,"Наезд на лицо, не являющееся участником дорожного движения, осуществляющее производство работ",Тяжёлый,1,0,,True
1485167,2025-01-24 18:10:00+03:00,55.747261,37.653632,Наезд на пешехода,Легкий,1,0,,True
1485168,2025-01-24 18:14:00+03:00,55.726399,37.62298,Наезд на пешехода,Легкий,1,0,,True
1485212,2025-01-24 19:50:00+03:00,55.672115,37.607982,Столкновение,Тяжёлый,1,0,,True
1485230,2025-01-24 20:37:00+03:00,55.712034,37.065585,Наезд на пешехода,Тяжёлый,1,0,,True
1485232,2025-01-24 20:45:00+03:00,55.806563,37.799073,Наезд на пешехода,Легкий,1,0,,True
1485237,2025-01-24 21:10:00+03:00,55.81636,37.588788,Наезд на внезапно возникшее препятствие,Тяжёлый,1,0,,True
1485240,2025-01-24 21:36:00+03:00,55.747085,37.764301,Столкновение,Легкий,1,0,,True
1485244,2025-01-24 21:50:00+03:00,55.890921,37.680574,Опрокидывание,Тяжёлый,1,0,,True
1485245,2025-01-24 21:50:00+03:00,55.641985,37.590698,Опрокидывание,Тяжёлый,1,0,,True
1485250,2025-01-24 22:25:00+03:00,55.628602,37.641456,Наезд на пешехода,Тяжёлый,1,0,,True
1485262,2025-01-25 00:30:00+03:00,55.604618,37.60036,Столкновение,Тяжёлый,1,0,,True
1485271,2025-01-25 03:10:00+03:00,55.892364,37.542472,Наезд на препятствие,Тяжёлый,1,0,,True
1485274,2025-01-25 03:45:00+03:00,55.727104,37.547804,Наезд на стоящее ТС,Тяжёлый,1,0,,True
1485336,2025-01-25 12:15:00+03:00,55.731647,37.457628,Столкновение,Тяжёлый,1,0,,True
1485340,2025-01-25 12:34:00+03:00,55.397137,37.438252,Столкновение,Тяжёлый,2,0,,True
1485344,2025-01-25 12:46:00+03:00,55.609831,37.612537,Наезд на пешехода,Тяжёлый,1,0,,True
1485375,2025-01-25 15:31:00+03:00,55.634053,37.770112,Падение пассажира,Легкий,1,0,,True
1485376,2025-01-25 15:50:00+03:00,55.725461,37.761383,Наезд на пешехода,Тяжёлый,1,0,,True
1485382,2025-01-25 16:33:00+03:00,55.88923,37.532537,Наезд на пешехода,Тяжёлый,1,0,,True
1485383,2025-01-25 16:40:00+03:00,55.87903,37.448058,Наезд на препятствие,Тяжёлый,2,0,,True
1485395,2025-01-25 17:23:00+03:00,55.651333,37.748358,Наезд на пешехода,Тяжёлый,1,0,,True
1485422,2025-01-25 18:40:00+03:00,55.651945,37.743005,Наезд на пешехода,Тяжёлый,1,0,,True
1485426,2025-01-25 18:45:00+03:00,55.708896,37.584916,Столкновение,Легкий,2,0,,True
1485442,2025-01-25 19:38:00+03:00,55.424387,37.177734,Столкновение,Тяжёлый,2,0,,True
1485451,2025-01-25 20:20:00+03:00,55.648337,37.743326,Столкновение,Тяжёлый,1,0,,True
1485452,2025-01-25 20:20:00+03:00,55.591547,37.546013,Падение пассажира,Тяжёлый,1,0,,True
1485478,2025-01-25 22:10:00+03:00,55.70091,37.615288,Отбрасывание предмета,Тяжёлый,1,0,,True
1485481,2025-01-25 22:20:00+03:00,55.615347,37.659545,Наезд на препятствие,Легкий,1,0,,True
1485496,2025-01-26 00:05:00+03:00,55.586895,37.673589,Наезд на пешехода,Легкий,1,0,,True
1485514,2025-01-26 03:00:00+03:00,55.605675,37.511487,Столкновение,Тяжёлый,1,0,,True
1485528,2025-01-26 05:56:00+03:00,55.586632,37.716524,Наезд на стоящее ТС,Тяжёлый,1,0,,True
1485558,2025-01-26 11:15:00+03:00,55.532741,37.46222,Наезд на пешехода,Тяжёлый,1,0,,True
1485566,2025-01-26 11:56:00+03:00,55.579327,37.684168,Наезд на пешехода,Тяжёлый,1,0,,True
1485597,2025-01-26 15:19:00+03:00,55.750467,37.603916,Наезд на пешехода,Тяжёлый,1,0,,True
1485643,2025-01-26 18:30:00+03:00,55.853565,37.342497,Наезд на пешехода,Тяжёлый,1,0,,True
1485665,2025-01-26 19:41:00+03:00,55.583645,37.683518,Наезд на пешехода,Тяжёлый,1,0,,True
1485693,2025-01-26 21:33:00+03:00,55.776259,37.659116,Наезд на пешехода,Тяжёлый,1,0,,True
1485700,2025-01-26 22:30:00+03:00,55.746334,37.558313,Наезд на пешехода,Легкий,1,0,,True
1485711,2025-01-27 00:23:00+03:00,55.710244,37.505887,Столкновение,Тяжёлый,1,0,,True
1485739,2025-01-27 07:20:00+03:00,55.81771,37.522688,Столкновение,Тяжёлый,1,0,,True
1485740,2025-01-27 07:25:00+03:00,55.63484,37.474859,Наезд на пешехода,Тяжёлый,1,0,,True
1485764,2025-01-27 08:11:00+03:00,55.643015,37.74044,Наезд на пешехода,Тяжёлый,1,0,,True
1485776,2025-01-27 08:41:00+03:00,55.793109,37.787883,Наезд на пешехода,Тяжёлый,1,0,,True
1485781,2025-01-27 09:00:00+03:00,55.788308,37.572963,Наезд на пешехода,Тяжёлый,1,0,,True
1485790,2025-01-27 09:10:00+03:00,55.657598,37.813246,Столкновение,Тяжёлый,1,0,,True
1485791,2025-01-27 09:15:00+03:00,55.618956,37.665742,Наезд на пешехода,Тяжёлый,1,0,,True
1485798,2025-01-27 09:50:00+03:00,55.594992,37.60595,Наезд на пешехода,Тяжёлый,1,0,,True
1485807,2025-01-27 10:47:00+03:00,55.77956,37.73307,Наезд на стоящее ТС,Тяжёлый,1,0,,True
1485838,2025-01-27 12:34:00+03:00,55.717448,37.707181,Столкновение,Тяжёлый,1,0,,True
1485842,2025-01-27 12:54:00+03:00,55.870044,37.472316,Наезд на пешехода,Тяжёлый,1,0,,True
1485844,2025-01-27 12:55:00+03:00,55.722869,37.794009,Наезд на велосипедиста,Тяжёлый,1,0,,True
1485845,2025-01-27 13:00:00+03:00,55.632314,37.620009,Столкновение,Тяжёлый,2,0,,True
1485859,2025-01-27 14:00:00+03:00,55.799984,37.533213,Столкновение,Тяжёлый,1,0,,True
1485880,2025-01-27 15:42:00+03:00,55.623504,37.607697,Наезд на пешехода,Легкий,1,0,,True
1485917,2025-01-27 17:55:00+03:00,55.804501,37.707267,Наезд на пешехода,Тяжёлый,1,0,,True
1485945,2025-01-27 18:47:00+03:00,55.795262,37.612746,Наезд на пешехода,Тяжёлый,1,0,,True
1485974,2025-01-27 20:20:00+03:00,55.805345,37.415045,Наезд на пешехода,Легкий,1,0,,True
1485977,2025-01-27 20:25:00+03:00,55.819127,37.720656,Падение пассажира,Легкий,1,0,,True
1485981,2025-01-27 20:37:00+03:00,55.851409,37.624794,Наезд на пешехода,Тяжёлый,1,0,,True
1485990,2025-01-27 21:30:00+03:00,55.543457,37.494417,Наезд на пешехода,С погибшими,0,1,,True
1485999,2025-01-27 22:20:00+03:00,55.560989,37.59234,Падение пассажира,Тяжёлый,1,0,,True
1486007,2025-01-27 23:30:00+03:00,55.669217,37.584561,Наезд на пешехода,Тяжёлый,1,0,,True
1486009,2025-01-27 23:48:00+03:00,55.865746,37.462928,Наезд на пешехода,Легкий,1,0,,True
1486011,2025-01-27 23:50:00+03:00,55.865011,37.4634,Наезд на стоящее ТС,Легкий,1,0,,True
1486012,2025-01-27 23:50:00+03:00,55.635966,37.645274,Наезд на пешехода,Легкий,1,0,,True
1486022,2025-01-28 01:00:00+03:00,55.824183,37.52876,Наезд на препятствие,Тяжёлый,1,0,,True
1486033,2025-01-28 07:15:00+03:00,55.777285,37.737565,Наезд на пешехода,Легкий,1,0,,True
1486044,2025-01-28 07:30:00+03:00,55.82443,37.432952,Столкновение,Легкий,2,0,,True
1486049,2025-01-28 07:40:00+03:00,55.676949,37.537118,Наезд на пешехода,Тяжёлый,1,0,,True
1486072,2025-01-28 08:20:00+03:00,55.73114,37.861279,Столкновение,Легкий,2,0,,True
1486081,2025-01-28 08:45:00+03:00,55.868103,37.618838,Наезд на пешехода,Тяжёлый,1,0,,True
1486098,2025-01-28 10:00:00+03:00,55.745762,37.563556,Столкновение,Тяжёлый,1,0,,True
1486115,2025-01-28 10:55:00+03:00,55.633895,37.765911,Наезд на пешехода,Тяжёлый,1,0,,True
1486116,2025-01-28 10:55:00+03:00,55.584224,37.596551,Наезд на пешехода,Тяжёлый,1,0,,True
1486122,2025-01-28 11:10:00+03:00,55.932099,37.547268,Столкновение,Тяжёлый,2,0,,True
1486177,2025-01-28 14:50:00+03:00,55.730729,37.629558,Наезд на пешехода,Легкий,1,0,,True
1486190,2025-01-28 15:50:00+03:00,55.780037,37.602156,Наезд на пешехода,С погибшими,0,1,,True
1486199,2025-01-28 16:20:00+03:00,55.59434,37.616168,Наезд на велосипедиста,Тяжёлый,1,0,,True
1486237,2025-01-28 18:30:00+03:00,55.788133,37.634869,Столкновение,Тяжёлый,1,0,,True
1486256,2025-01-28 19:15:00+03:00,55.535018,37.152243,Наезд на пешехода,Тяжёлый,1,0,,True
1486286,2025-01-28 20:50:00+03:00,55.760682,37.585623,Столкновение,Тяжёлый,1,0,,True
1486295,2025-01-28 21:45:00+03:00,55.651212,37.742146,Наезд на пешехода,Тяжёлый,1,0,,True
1486308,2025-01-28 23:25:00+03:00,55.87748,37.586433,Наезд на пешехода,Тяжёлый,1,0,,True
1486323,2025-01-29 02:55:00+03:00,55.902794,37.615235,Наезд на стоящее ТС,С погибшими,0,1,,True
1486325,2025-01-29 03:57:00+03:00,55.591182,37.727684,Наезд на пешехода,Тяжёлый,1,0,,True
1486355,2025-01-29 07:39:00+03:00,55.402486,37.220575,Столкновение,Тяжёлый,1,0,,True
1486370,2025-01-29 08:00:00+03:00,55.625985,37.754892,Столкновение,Легкий,3,0,,True
1486381,2025-01-29 08:08:00+03:00,55.803343,37.815285,Столкновение,Легкий,1,0,,True
1486387,2025-01-29 08:25:00+03:00,55.779023,37.623249,Падение пассажира,Тяжёлый,1,0,,True
1486414,2025-01-29 09:35:00+03:00,55.643584,37.746513,Наезд на пешехода,Тяжёлый,1,0,,True
1486415,2025-01-29 09:40:00+03:00,55.835518,37.354975,Наезд на стоящее ТС,Тяжёлый,2,0,,True
1486419,2025-01-29 09:47:00+03:00,55.799128,37.735258,Наезд на пешехода,Тяжёлый,1,0,,True
1486443,2025-01-29 11:49:00+03:00,55.860044,37.483255,Столкновение,Тяжёлый,1,0,,True
1486456,2025-01-29 12:20:00+03:00,55.6837,37.732308,Столкновение,Тяжёлый,1,0,,True
1486465,2025-01-29 12:54:00+03:00,55.666277,37.426317,Наезд на пешехода,Тяжёлый,1,0,,True
1486475,2025-01-29 13:35:00+03:00,55.865354,37.681389,Столкновение,Легкий,1,0,,True
1486476,2025-01-29 13:37:00+03:00,55.97007,37.175428,Столкновение,Легкий,1,0,,True
1486509,2025-01-29 16:10:00+03:00,55.810535,37.632743,Столкновение,Легкий,1,0,,True
1486514,2025-01-29 16:37:00+03:00,55.743697,37.880838,Столкновение,Тяжёлый,1,0,,True
1486527,2025-01-29 17:10:00+03:00,55.761829,37.769591,Наезд на пешехода,Легкий,1,0,,True
1486535,2025-01-29 17:30:00+03:00,55.659541,37.514824,Наезд на пешехода,Тяжёлый,1,0,,True
1486545,2025-01-29 17:50:00+03:00,55.840829,37.581832,Наезд на пешехода,Легкий,1,0,,True
1486550,2025-01-29 18:00:00+03:00,55.600645,37.480642,Наезд на пешехода,Тяжёлый,1,0,,True
1486571,2025-01-29 18:40:00+03:00,55.709543,37.619001,Наезд на пешехода,Легкий,1,0,,True
1486577,2025-01-29 19:00:00+03:00,55.788935,37.454292,Наезд на пешехода,Тяжёлый,1,0,,True
1486588,2025-01-29 19:22:00+03:00,55.745974,37.780706,Наезд на пешехода,Легкий,1,0,,True
1486605,2025-01-29 20:30:00+03:00,55.731744,37.774773,Столкновение,Тяжёлый,1,0,,True
1486609,2025-01-29 20:45:00+03:00,55.723763,37.556398,Наезд на пешехода,Тяжёлый,1,0,,True
1486623,2025-01-29 22:20:00+03:00,55.679677,37.848351,Столкновение,Тяжёлый,2,0,,True
1486646,2025-01-30 05:25:00+03:00,55.792078,37.551967,Столкновение,Тяжёлый,4,0,,True
1486658,2025-01-30 07:10:00+03:00,55.730838,37.635534,Столкновение,Тяжёлый,1,0,,True
1486670,2025-01-30 07:45:00+03:00,55.604299,37.555164,Наезд на пешехода,Тяжёлый,1,0,,True
1486689,2025-01-30 08:25:00+03:00,55.813279,37.59515,Наезд на пешехода,Тяжёлый,1,0,,True
1486713,2025-01-30 10:35:00+03:00,55.871868,37.595998,Столкновение,Тяжёлый,1,0,,True
1486771,2025-01-30 14:00:00+03:00,55.573408,37.643173,Столкновение,Тяжёлый,1,0,,True
1486775,2025-01-30 14:25:00+03:00,55.633196,37.485851,Наезд на пешехода,Тяжёлый,1,0,,True
1486777,2025-01-30 14:35:00+03:00,55.766024,37.747629,Наезд на стоящее ТС,Легкий,1,0,,True
1486779,2025-01-30 14:40:00+03:00,55.759275,37.645308,Наезд на велосипедиста,Тяжёлый,1,0,,True
1486784,2025-01-30 15:10:00+03:00,55.636044,37.414532,Наезд на пешехода,Тяжёлый,1,0,,True
1486792,2025-01-30 15:40:00+03:00,55.750189,37.412159,Столкновение,Тяжёлый,1,0,,True
1486798,2025-01-30 16:05:00+03:00,55.60583,37.668111,Столкновение,Тяжёлый,1,0,,True
1486802,2025-01-30 16:16:00+03:00,55.889681,37.587619,Наезд на велосипедиста,Тяжёлый,2,0,,True
1486822,2025-01-30 17:10:00+03:00,55.800407,37.332144,Столкновение,Тяжёлый,1,0,,True
1486846,2025-01-30 18:30:00+03:00,55.788658,37.465557,Наезд на пешехода,Тяжёлый,1,0,,True
1486870,2025-01-30 19:49:00+03:00,55.892951,37.673806,Столкновение,Тяжёлый,1,0,,True
1486891,2025-01-30 20:50:00+03:00,55.7918,37.634622,Столкновение,Тяжёлый,1,0,,True
1486912,2025-01-31 00:10:00+03:00,55.752039,37.512888,Наезд на пешехода,Тяжёлый,1,0,,True
1486928,2025-01-31 06:25:00+03:00,55.840235,37.438552,Столкновение,Тяжёлый,2,0,,True
1486955,2025-01-31 07:50:00+03:00,55.662428,37.716547,Столкновение,Тяжёлый,1,0,,True
1486981,2025-01-31 08:30:00+03:00,55.664074,37.608218,Наезд на пешехода,Легкий,1,0,,True
1486988,2025-01-31 08:55:00+03:00,55.725712,37.409589,Наезд на пешехода,Тяжёлый,1,0,,True
1487014,2025-01-31 10:20:00+03:00,55.756423,37.626924,Наезд на пешехода,Тяжёлый,1,0,,True
1487030,2025-01-31 12:08:00+03:00,55.709982,37.622857,Наезд на пешехода,Легкий,1,0,,True
1487053,2025-01-31 13:20:00+03:00,55.800949,37.608186,Наезд на велосипедиста,Тяжёлый,1,0,,True
1487072,2025-01-31 14:26:00+03:00,55.710461,37.600719,Падение пассажира,Тяжёлый,1,0,,True
1487096,2025-01-31 15:45:00+03:00,55.657619,37.592109,Наезд на пешехода,Тяжёлый,1,0,,True
1487099,2025-01-31 15:58:00+03:00,55.816815,37.655723,Наезд на пешехода,Тяжёлый,1,0,,True
1487146,2025-01-31 17:50:00+03:00,55.879084,37.557632,Наезд на пешехода,Тяжёлый,1,0,,True
1487147,2025-01-31 17:55:00+03:00,55.798537,37.6159,Наезд на пешехода,Тяжёлый,1,0,,True
1487150,2025-01-31 18:00:00+03:00,55.675675,37.625842,Столкновение,Тяжёлый,1,0,,True
1487205,2025-01-31 20:35:00+03:00,55.743994,37.421838,Наезд на пешехода,Тяжёлый,1,0,,True
1487222,2025-01-31 22:00:00+03:00,55.475448,37.31442,Наезд на пешехода,Тяжёлый,1,0,,True
1487238,2025-01-31 23:57:00+03:00,55.681045,37.609055,Столкновение,Легкий,2,0,,True
1487319,2025-02-01 12:00:00+03:00,55.898077,37.587117,Столкновение,Тяжёлый,1,0,,True
1487328,2025-02-01 12:40:00+03:00,55.564149,37.577408,Наезд на пешехода,Тяжёлый,1,0,,True
1487330,2025-02-01 12:52:00+03:00,55.745183,37.570431,Наезд на пешехода,Тяжёлый,1,0,,True
1487390,2025-02-01 17:52:00+03:00,55.763414,37.560834,Столкновение,Тяжёлый,4,0,,True
1487392,2025-02-01 17:58:00+03:00,55.692391,37.829511,Столкновение,Тяжёлый,1,0,,True
1487404,2025-02-01 18:19:00+03:00,55.841061,37.356691,Наезд на пешехода,Тяжёлый,1,0,,True
1487420,2025-02-01 18:59:00+03:00,55.717394,37.408179,Столкновение,С погибшими,1,1,,True
1487430,2025-02-01 19:28:00+03:00,55.823312,37.502416,Наезд на пешехода,Тяжёлый,1,0,,True
1487449,2025-02-01 20:30:00+03:00,55.808836,37.513719,Наезд на пешехода,Тяжёлый,1,0,,True
1487468,2025-02-01 21:37:00+03:00,55.791474,37.775524,Наезд на пешехода,Легкий,1,0,,True
1487477,2025-02-01 22:20:00+03:00,55.871542,37.652493,Столкновение,Тяжёлый,3,0,,True
1487508,2025-02-02 03:42:00+03:00,55.760797,37.369437,Столкновение,Тяжёлый,1,0,,True
1487526,2025-02-02 06:42:00+03:00,55.585663,37.552962,Наезд на стоящее ТС,С погибшими,1,1,,True
1487549,2025-02-02 10:25:00+03:00,55.84912,37.637808,Наезд на пешехода,Легкий,1,0,,True
1487591,2025-02-02 14:10:00+03:00,55.659795,37.735956,Столкновение,Тяжёлый,1,0,,True
1487595,2025-02-02 14:38:00+03:00,55.835922,37.484246,Столкновение,Легкий,1,0,,True
1487602,2025-02-02 15:00:00+03:00,55.84694,37.587919,Столкновение,Тяжёлый,1,0,,True
1487626,2025-02-02 16:20:00+03:00,55.815305,37.798376,Наезд на велосипедиста,Легкий,1,0,,True
1487642,2025-02-02 17:34:00+03:00,55.697022,37.541474,Наезд на стоящее ТС,Тяжёлый,2,0,,True
1487655,2025-02-02 18:10:00+03:00,55.768161,37.521379,Столкновение,Тяжёлый,2,0,,True
1487656,2025-02-02 18:19:00+03:00,55.698945,37.500436,Столкновение,Тяжёлый,1,0,,True
1487657,2025-02-02 18:27:00+03:00,55.630537,37.469627,Наезд на препятствие,Тяжёлый,1,0,,True
1487662,2025-02-02 18:57:00+03:00,55.750738,37.592382,Наезд на пешехода,Тяжёлый,1,0,,True
1487669,2025-02-02 19:15:00+03:00,55.88123,37.566703,Наезд на пешехода,Тяжёлый,1,0,,True
1487727,2025-02-02 23:47:00+03:00,55.635682,37.708254,Наезд на препятствие,Легкий,1,0,,True
1487730,2025-02-03 00:20:00+03:00,55.706581,37.621365,Падение пассажира,Легкий,1,0,,True
1487740,2025-02-03 02:00:00+03:00,55.609048,37.665354,Столкновение,Легкий,1,0,,True
1487808,2025-02-03 10:00:00+03:00,55.743488,37.533625,Наезд на пешехода,Тяжёлый,1,0,,True
1487814,2025-02-03 10:34:00+03:00,55.73758,37.675241,Наезд на пешехода,Тяжёлый,1,0,,True
1487822,2025-02-03 11:20:00+03:00,55.808619,37.50609,Столкновение,Легкий,2,0,,True
1487837,2025-02-03 12:05:00+03:00,55.878212,37.669051,Наезд на стоящее ТС,Тяжёлый,1,0,,True
1487852,2025-02-03 13:30:00+03:00,55.717567,37.415427,Наезд на пешехода,Легкий,1,0,,True
1487873,2025-02-03 15:30:00+03:00,55.639428,37.380395,Столкновение,Тяжёлый,5,0,,True
1487915,2025-02-03 18:15:00+03:00,55.5681,37.567513,Наезд на пешехода,Тяжёлый,1,0,,True
1487918,2025-02-03 18:25:00+03:00,55.610148,37.712728,Наезд на пешехода,С погибшими,0,1,,True
1487925,2025-02-03 18:40:00+03:00,55.88695,37.507335,Столкновение,Тяжёлый,1,0,,True
1487927,2025-02-03 18:46:00+03:00,55.841332,37.493162,Наезд на пешехода,Тяжёлый,1,0,,True
1487934,2025-02-03 19:09:00+03:00,55.834108,37.409509,Столкновение,Тяжёлый,1,0,,True
1487937,2025-02-03 19:15:00+03:00,55.562864,37.571488,Столкновение,Тяжёлый,1,0,,True
1487954,2025-02-03 20:30:00+03:00,55.633435,37.701548,Столкновение,Тяжёлый,1,0,,True
1487972,2025-02-03 21:20:00+03:00,55.880643,37.647604,Наезд на велосипедиста,Тяжёлый,1,0,,True
1487986,2025-02-03 22:30:00+03:00,55.797614,37.573006,Столкновение,Тяжёлый,1,0,,True
1487994,2025-02-04 00:30:00+03:00,55.60002,37.172713,Столкновение,Тяжёлый,1,0,,True
1488001,2025-02-04 02:18:00+03:00,55.708646,37.8653,Столкновение,Легкий,1,0,,True
1488023,2025-02-04 07:28:00+03:00,55.888394,37.502915,Столкновение,Тяжёлый,1,0,,True
1488040,2025-02-04 08:10:00+03:00,55.701082,37.641289,Наезд на велосипедиста,Тяжёлый,1,0,,True
1488042,2025-02-04 08:19:00+03:00,55.859683,37.498173,Наезд на пешехода,Тяжёлый,1,0,,True
1488043,2025-02-04 08:20:00+03:00,55.761062,37.703426,Столкновение,Тяжёлый,2,0,,True
1488067,2025-02-04 09:55:00+03:00,55.80842,37.83965,Столкновение,Легкий,2,0,,True
1488089,2025-02-04 11:20:00+03:00,55.696067,37.230402,Столкновение,Тяжёлый,1,0,,True
1488090,2025-02-04 11:30:00+03:00,55.683016,37.840691,Столкновение,Тяжёлый,1,0,,True
1488096,2025-02-04 11:40:00+03:00,55.819862,37.497582,Наезд на препятствие,Легкий,1,0,,True
1488136,2025-02-04 14:00:00+03:00,55.378836,37.399328,Столкновение,Тяжёлый,2,0,,True
1488160,2025-02-04 15:10:00+03:00,55.866026,37.675087,Наезд на пешехода,Тяжёлый,1,0,,True
1488175,2025-02-04 16:00:00+03:00,55.746465,37.532531,Столкновение,Тяжёлый,1,0,,True
1488184,2025-02-04 16:50:00+03:00,55.563471,37.343527,Наезд на пешехода,С погибшими,1,2,,True
1488200,2025-02-04 17:40:00+03:00,55.816376,37.63625,Наезд на пешехода,Тяжёлый,1,0,,True
1488202,2025-02-04 17:40:00+03:00,55.683718,37.518965,Столкновение,Легкий,2,0,,True
1488228,2025-02-04 18:40:00+03:00,55.863985,37.697997,Наезд на пешехода,Тяжёлый,1,0,,True
1488234,2025-02-04 18:56:00+03:00,55.654929,37.71202,Наезд на пешехода,Тяжёлый,2,0,,True
1488241,2025-02-04 19:20:00+03:00,55.760785,37.82095,Падение пассажира,Тяжёлый,1,0,,True
1488248,2025-02-04 19:40:00+03:00,55.713743,37.664995,Столкновение,Тяжёлый,1,0,,True
1488253,2025-02-04 20:00:00+03:00,55.911936,37.405111,Столкновение,Тяжёлый,1,0,,True
1488259,2025-02-04 20:35:00+03:00,55.722687,37.796402,Падение пассажира,Тяжёлый,1,0,,True
1488262,2025-02-04 20:48:00+03:00,55.692657,37.563061,Столкновение,Тяжёлый,1,0,,True
1488281,2025-02-04 22:30:00+03:00,55.575118,37.610729,Наезд на пешехода,Тяжёлый,1,0,,True
1488289,2025-02-04 23:20:00+03:00,55.775197,37.477069,Наезд на препятствие,Легкий,3,0,,True
1488296,2025-02-05 02:05:00+03:00,55.84235,37.383471,Столкновение,Тяжёлый,3,0,,True
1488326,2025-02-05 07:50:00+03:00,55.798236,37.812302,Наезд на пешехода,Тяжёлый,1,0,,True
1488342,2025-02-05 08:20:00+03:00,55.802173,37.702374,Столкновение,Легкий,1,0,,True
1488348,2025-02-05 08:32:00+03:00,55.86176,37.515725,Наезд на пешехода,Тяжёлый,1,0,,True
1488375,2025-02-05 10:45:00+03:00,55.619498,37.50505,Столкновение,Легкий,1,0,,True
1488380,2025-02-05 10:55:00+03:00,55.892966,37.673846,Столкновение,Тяжёлый,1,0,,True
1488392,2025-02-05 11:29:00+03:00,55.647876,37.713543,Наезд на пешехода,Тяжёлый,1,0,,True
1488414,2025-02-05 13:13:00+03:00,55.796028,37.58313,Наезд на пешехода,Тяжёлый,1,0,,True
1488423,2025-02-05 13:56:00+03:00,55.668187,37.590968,Столкновение,Легкий,1,0,,True
1488429,2025-02-05 14:14:00+03:00,55.611634,37.609666,Наезд на стоящее ТС,Тяжёлый,1,0,,True
1488433,2025-02-05 14:20:00+03:00,55.884284,37.408533,Столкновение,Тяжёлый,1,0,,True
1488437,2025-02-05 14:48:00+03:00,55.757114,37.659974,Наезд на пешехода,Тяжёлый,1,0,,True
1488460,2025-02-05 16:50:00+03:00,55.539893,37.461458,Наезд на стоящее ТС,Легкий,1,0,,True
1488464,2025-02-05 17:00:00+03:00,55.646611,37.71482,Наезд на пешехода,Тяжёлый,1,0,,True
1488499,2025-02-05 19:02:00+03:00,55.862477,37.561709,Наезд на препятствие,Тяжёлый,1,0,,True
1488510,2025-02-05 19:40:00+03:00,55.70814,37.747403,Столкновение,С погибшими,2,1,,True
1488512,2025-02-05 19:55:00+03:00,55.801383,37.699145,Столкновение,Тяжёлый,1,0,,True
1488547,2025-02-06 05:32:00+03:00,55.685557,37.737222,Столкновение,Тяжёлый,1,0,,True
1488553,2025-02-06 06:50:00+03:00,55.757259,37.629021,Столкновение,Тяжёлый,1,0,,True
1488563,2025-02-06 07:17:00+03:00,55.754566,37.759302,Наезд на пешехода,Тяжёлый,1,0,,True
1488584,2025-02-06 07:55:00+03:00,55.725817,37.448219,Столкновение,Легкий,1,0,,True
1488601,2025-02-06 08:50:00+03:00,55.887148,37.698802,Наезд на пешехода,Тяжёлый,1,0,,True
1488606,2025-02-06 09:02:00+03:00,55.766863,37.607875,Наезд на пешехода,Тяжёлый,1,0,,True
1488617,2025-02-06 09:55:00+03:00,55.806887,37.544335,Наезд на пешехода,Тяжёлый,1,0,,True
1488624,2025-02-06 10:12:00+03:00,55.747164,37.760096,Наезд на пешехода,Легкий,1,0,,True
1488648,2025-02-06 12:14:00+03:00,55.487225,37.317628,Столкновение,Тяжёлый,1,0,,True
1488671,2025-02-06 13:30:00+03:00,55.621066,37.322069,Наезд на пешехода,Тяжёлый,1,0,,True
1488679,2025-02-06 14:00:00+03:00,55.705819,37.462424,Наезд на велосипедиста,Тяжёлый,1,0,,True
1488686,2025-02-06 14:30:00+03:00,55.7295,37.646139,Наезд на пешехода,Тяжёлый,1,0,,True
1488689,2025-02-06 14:50:00+03:00,55.809222,37.496767,Наезд на пешехода,Легкий,1,0,,True
1488696,2025-02-06 15:29:00+03:00,55.518555,37.348666,Столкновение,Тяжёлый,2,0,,True
1488698,2025-02-06 15:45:00+03:00,55.79791,37.380466,Столкновение,Тяжёлый,1,0,,True
1488763,2025-02-06 19:50:00+03:00,55.754089,37.699242,Наезд на пешехода,Тяжёлый,1,0,,True
1488772,2025-02-06 20:40:00+03:00,55.777201,37.502722,Наезд на пешехода,Тяжёлый,1,0,,True
1488775,2025-02-06 21:00:00+03:00,55.741254,37.657233,Наезд на пешехода,Тяжёлый,1,0,,True
1488788,2025-02-06 23:13:00+03:00,55.791227,37.570088,Столкновение,Тяжёлый,1,0,,True
1488797,2025-02-07 01:52:00+03:00,55.724349,37.380627,Столкновение,Тяжёлый,1,0,,True
1488798,2025-02-07 02:35:00+03:00,55.621817,37.738681,Наезд на препятствие,Тяжёлый,1,0,,True
1488802,2025-02-07 05:15:00+03:00,55.77568,37.584175,Столкновение,Тяжёлый,1,0,,True
1488806,2025-02-07 06:40:00+03:00,55.793013,37.505763,Столкновение,Тяжёлый,1,0,,True
1488831,2025-02-07 08:15:00+03:00,55.631369,37.479521,Наезд на пешехода,Тяжёлый,1,0,,True
1488863,2025-02-07 10:41:00+03:00,55.898627,37.576933,Столкновение,Тяжёлый,3,0,,True
1488877,2025-02-07 11:50:00+03:00,55.82692,37.762978,Наезд на пешехода,Легкий,1,0,,True
1488882,2025-02-07 12:00:00+03:00,55.583863,37.709048,Столкновение,Тяжёлый,1,0,,True
1488907,2025-02-07 13:40:00+03:00,55.764527,37.824855,Наезд на пешехода,Легкий,1,0,,True
1488993,2025-02-07 18:16:00+03:00,55.844874,37.584432,Наезд на пешехода,Тяжёлый,2,0,,True
1488995,2025-02-07 18:20:00+03:00,55.751759,37.50932,Наезд на пешехода,Тяжёлый,1,0,,True
1488998,2025-02-07 18:21:00+03:00,55.85165,37.438767,Наезд на пешехода,Тяжёлый,1,0,,True
1489009,2025-02-07 18:46:00+03:00,55.586925,37.669405,Столкновение,Тяжёлый,1,0,,True
1489018,2025-02-07 19:20:00+03:00,55.638558,37.657689,Наезд на пешехода,Тяжёлый,1,0,,True
1489032,2025-02-07 20:05:00+03:00,55.671408,37.627294,Столкновение,Тяжёлый,1,0,,True
1489051,2025-02-07 21:05:00+03:00,55.617976,37.506681,Падение пассажира,Тяжёлый,1,0,,True
1489056,2025-02-07 21:22:00+03:00,55.897929,37.59971,Падение пассажира,Легкий,1,0,,True
1489064,2025-02-07 22:46:00+03:00,55.677004,37.85481,Столкновение,Тяжёлый,1,0,,True
1489065,2025-02-07 23:00:00+03:00,55.727599,37.612178,Столкновение,Тяжёлый,3,0,,True
1489084,2025-02-08 07:00:00+03:00,55.628247,37.515623,Столкновение,Тяжёлый,1,0,,True
1489099,2025-02-08 08:50:00+03:00,55.78257,37.70422,Падение пассажира,Тяжёлый,1,0,,True
1489100,2025-02-08 09:00:00+03:00,55.910349,37.583971,Столкновение,Тяжёлый,1,0,,True
1489113,2025-02-08 10:00:00+03:00,55.59848,37.65399,Столкновение,Тяжёлый,1,0,,True
1489138,2025-02-08 12:00:00+03:00,55.897936,37.579001,Наезд на пешехода,Тяжёлый,1,0,,True
1489142,2025-02-08 12:05:00+03:00,55.731777,37.445156,Наезд на пешехода,Легкий,1,0,,True
1489151,2025-02-08 12:26:00+03:00,55.799144,37.505238,Наезд на пешехода,Тяжёлый,1,0,,True
1489161,2025-02-08 13:00:00+03:00,55.65307,37.628335,Наезд на пешехода,Тяжёлый,1,0,,True
1489172,2025-02-08 13:55:00+03:00,55.63203,37.622273,Столкновение,Тяжёлый,1,0,,True
1489175,2025-02-08 14:03:00+03:00,55.853261,37.782364,Столкновение,Тяжёлый,1,0,,True
1489214,2025-02-08 17:05:00+03:00,55.622347,37.711199,Столкновение,Тяжёлый,1,0,,True
1489240,2025-02-08 18:47:00+03:00,55.87577,37.717603,Наезд на пешехода,Тяжёлый,1,0,,True
1489263,2025-02-08 20:17:00+03:00,55.878404,37.54656,Столкновение,Тяжёлый,2,0,,True
1489267,2025-02-08 20:34:00+03:00,55.978283,37.169033,Столкновение,Тяжёлый,2,0,,True
1489270,2025-02-08 20:48:00+03:00,55.803723,37.582748,Наезд на стоящее ТС,Тяжёлый,1,0,,True
1489284,2025-02-08 23:15:00+03:00,55.748998,37.641401,Столкновение,Тяжёлый,1,0,,True
1489287,2025-02-08 23:20:00+03:00,55.730789,37.660746,Столкновение,Тяжёлый,1,0,,True
1489298,2025-02-09 01:30:00+03:00,55.802342,37.408243,Столкновение,Легкий,1,0,,True
1489299,2025-02-09 01:36:00+03:00,55.792023,37.58454,Наезд на стоящее ТС,Тяжёлый,2,0,,True
1489318,2025-02-09 06:25:00+03:00,55.802825,37.747854,Столкновение,Легкий,1,0,,True
1489320,2025-02-09 07:30:00+03:00,55.573917,37.436492,Наезд на препятствие,С погибшими,0,1,,True
1489340,2025-02-09 10:00:00+03:00,55.744549,37.804685,Наезд на пешехода,Тяжёлый,1,0,,True
1489344,2025-02-09 11:06:00+03:00,55.868684,37.496016,Наезд на пешехода,Тяжёлый,1,0,,True
1489356,2025-02-09 12:20:00+03:00,55.793824,37.634361,Наезд на пешехода,Тяжёлый,1,0,,True
1489362,2025-02-09 12:30:00+03:00,55.702831,37.616153,Столкновение,Тяжёлый,2,0,,True
1489385,2025-02-09 14:10:00+03:00,55.77247,37.476007,Столкновение,Тяжёлый,1,0,,True
1489407,2025-02-09 16:25:00+03:00,55.843892,37.355973,Падение пассажира,Тяжёлый,1,0,,True
1489415,2025-02-09 17:21:00+03:00,55.545053,37.546463,Столкновение,Тяжёлый,8,0,,True
1489431,2025-02-09 18:25:00+03:00,55.391537,37.364491,Наезд на препятствие,С погибшими,0,1,,True
1489433,2025-02-09 18:30:00+03:00,55.658839,37.769237,Столкновение,Тяжёлый,3,0,,True
1489461,2025-02-09 21:01:00+03:00,55.862344,37.421933,Наезд на пешехода,Тяжёлый,1,0,,True
1489464,2025-02-09 21:08:00+03:00,55.739753,37.480127,Наезд на велосипедиста,Тяжёлый,1,0,,True
1489472,2025-02-09 21:55:00+03:00,55.895115,37.680415,Наезд на пешехода,Тяжёлый,1,0,,True
1489514,2025-02-10 07:40:00+03:00,55.676973,37.740591,Столкновение,Тяжёлый,1,0,,True
1489521,2025-02-10 07:52:00+03:00,55.715762,37.384619,Столкновение,Тяжёлый,1,0,,True
1489533,2025-02-10 08:10:00+03:00,55.830095,37.827194,Столкновение,Легкий,1,0,,True
1489557,2025-02-10 10:00:00+03:00,55.70322,37.94122,Наезд на велосипедиста,Тяжёлый,1,0,,True
1489591,2025-02-10 12:30:00+03:00,55.790147,37.735838,Столкновение,Легкий,2,0,,True
1489623,2025-02-10 14:45:00+03:00,55.673814,37.620542,Наезд на пешехода,Тяжёлый,1,0,,True
1489679,2025-02-10 18:00:00+03:00,55.704066,37.539457,Столкновение,Тяжёлый,1,0,,True
1489680,2025-02-10 18:15:00+03:00,55.6507,37.605371,Наезд на пешехода,Тяжёлый,2,0,,True
1489687,2025-02-10 18:40:00+03:00,55.802282,37.408125,Наезд на пешехода,Тяжёлый,1,0,,True
1489688,2025-02-10 18:55:00+03:00,55.824765,37.585025,Падение пассажира,Легкий,1,0,,True
1489703,2025-02-10 19:30:00+03:00,55.648702,37.514152,Наезд на пешехода,Тяжёлый,1,0,,True
1489710,2025-02-10 19:40:00+03:00,55.703957,37.550519,Столкновение,Тяжёлый,1,0,,True
1489711,2025-02-10 19:48:00+03:00,55.684179,37.572019,Наезд на пешехода,Тяжёлый,1,0,,True
1489726,2025-02-10 20:37:00+03:00,55.728898,37.478935,Столкновение,Тяжёлый,2,0,,True
1489782,2025-02-11 08:30:00+03:00,55.653076,37.721204,Столкновение,Тяжёлый,1,0,,True
1489796,2025-02-11 09:00:00+03:00,55.65557,37.741824,Столкновение,Тяжёлый,1,0,,True
1489803,2025-02-11 09:15:00+03:00,55.852885,37.35091,Столкновение,Тяжёлый,1,0,,True
1489805,2025-02-11 09:20:00+03:00,55.545611,37.512699,Столкновение,Тяжёлый,1,0,,True
1489818,2025-02-11 10:20:00+03:00,55.800799,37.506058,Столкновение,Тяжёлый,2,0,,True
1489823,2025-02-11 10:50:00+03:00,55.680252,37.559359,Наезд на пешехода,Тяжёлый,1,0,,True
1489829,2025-02-11 11:25:00+03:00,55.625506,37.592447,Наезд на препятствие,Тяжёлый,2,0,,True
1489836,2025-02-11 12:05:00+03:00,55.547531,37.544954,Падение пассажира,Тяжёлый,1,0,,True
1489842,2025-02-11 12:25:00+03:00,55.86409,37.568489,Наезд на пешехода,Тяжёлый,1,0,,True
1489855,2025-02-11 13:15:00+03:00,55.768456,37.624354,Наезд на пешехода,Тяжёлый,1,0,,True
1489858,2025-02-11 13:25:00+03:00,55.875269,37.739571,Столкновение,Легкий,1,0,,True
1489914,2025-02-11 16:23:00+03:00,55.981848,37.176361,Падение пассажира,Легкий,1,0,,True
1489916,2025-02-11 16:40:00+03:00,55.68804,37.557208,Столкновение,Тяжёлый,2,0,,True
1489939,2025-02-11 17:43:00+03:00,55.723781,37.380531,Столкновение,Тяжёлый,1,0,,True
1489942,2025-02-11 17:50:00+03:00,55.761841,37.651681,Падение пассажира,Тяжёлый,1,0,,True
1489953,2025-02-11 18:30:00+03:00,55.68073,37.597039,Столкновение,Тяжёлый,1,0,,True
1489962,2025-02-11 19:10:00+03:00,55.73436,37.544296,Столкновение,Тяжёлый,1,0,,True
1489963,2025-02-11 19:12:00+03:00,55.729286,37.209526,Наезд на пешехода,Тяжёлый,1,0,,True
1489971,2025-02-11 19:40:00+03:00,55.700759,37.752618,Столкновение,Тяжёлый,1,0,,True
1489983,2025-02-11 20:48:00+03:00,55.935915,37.349836,Столкновение,Тяжёлый,1,0,,True
1489985,2025-02-11 20:50:00+03:00,55.670451,37.495222,Столкновение,Тяжёлый,1,0,,True
1489987,2025-02-11 21:00:00+03:00,55.352812,37.340888,Столкновение,Тяжёлый,3,0,,True
1490003,2025-02-11 23:15:00+03:00,55.728161,37.447007,Столкновение,Тяжёлый,1,0,,True
1490004,2025-02-11 23:24:00+03:00,55.883056,37.463733,Наезд на стоящее ТС,Тяжёлый,1,0,,True
1490020,2025-02-12 05:20:00+03:00,55.878356,37.546538,Столкновение,Тяжёлый,2,0,,True
1490026,2025-02-12 06:57:00+03:00,55.888977,37.605718,Столкновение,Легкий,1,0,,True
1490083,2025-02-12 11:06:00+03:00,55.85049,37.583858,Наезд на препятствие,Тяжёлый,1,0,,True
1490084,2025-02-12 11:10:00+03:00,55.682945,37.568514,Наезд на пешехода,Тяжёлый,1,0,,True
1490088,2025-02-12 11:40:00+03:00,55.646369,37.732726,Наезд на велосипедиста,Тяжёлый,1,0,,True
1490129,2025-02-12 14:52:00+03:00,55.704445,37.634123,Наезд на пешехода,Тяжёлый,1,0,,True
1490141,2025-02-12 15:55:00+03:00,55.746463,37.579744,Наезд на пешехода,Тяжёлый,1,0,,True
1490144,2025-02-12 16:02:00+03:00,55.605002,37.355694,Столкновение,Тяжёлый,1,0,,True
1490197,2025-02-12 20:10:00+03:00,55.745175,37.570449,Наезд на пешехода,Тяжёлый,1,0,,True
1490199,2025-02-12 20:15:00+03:00,55.792928,37.615052,Столкновение,Тяжёлый,1,0,,True
1490208,2025-02-12 20:50:00+03:00,55.724433,37.415432,Наезд на пешехода,Тяжёлый,1,0,,True
1490222,2025-02-12 22:05:00+03:00,55.877676,37.450011,Столкновение,Легкий,1,0,,True
1490228,2025-02-12 23:20:00+03:00,55.537194,37.582829,Наезд на стоящее ТС,Тяжёлый,2,0,,True
1490229,2025-02-12 23:30:00+03:00,55.7975,37.799224,Падение пассажира,Тяжёлый,1,0,,True
1490230,2025-02-12 23:43:00+03:00,55.688623,37.754012,Наезд на пешехода,Тяжёлый,3,0,,True
1490247,2025-02-13 05:46:00+03:00,55.671547,37.425452,Наезд на стоящее ТС,Тяжёлый,1,0,,True
1490303,2025-02-13 09:03:00+03:00,55.76124,37.561756,Наезд на пешехода,Тяжёлый,1,0,,True
1490314,2025-02-13 09:32:00+03:00,55.577156,37.6898,Наезд на препятствие,Тяжёлый,1,0,,True
1490321,2025-02-13 09:58:00+03:00,55.762213,37.571167,Столкновение,Тяжёлый,1,0,,True
1490337,2025-02-13 11:09:00+03:00,55.754889,37.535192,Наезд на пешехода,Тяжёлый,1,0,,True
1490347,2025-02-13 11:40:00+03:00,55.761529,37.627597,Столкновение,Тяжёлый,2,0,,True
1490363,2025-02-13 12:57:00+03:00,55.793175,37.79093,Падение пассажира,Тяжёлый,1,0,,True
1490426,2025-02-13 17:06:00+03:00,55.797679,37.557544,Наезд на пешехода,Тяжёлый,1,0,,True
1490428,2025-02-13 17:11:00+03:00,55.760781,37.578808,Столкновение,Тяжёлый,1,0,,True
1490435,2025-02-13 17:40:00+03:00,55.910198,37.565078,Столкновение,Тяжёлый,1,0,,True
1490453,2025-02-13 18:59:00+03:00,55.541842,37.515329,Наезд на велосипедиста,Тяжёлый,1,0,,True
1490468,2025-02-13 19:30:00+03:00,55.767871,37.673128,Столкновение,Тяжёлый,1,0,,True
1490485,2025-02-13 20:20:00+03:00,55.708823,37.810628,Наезд на пешехода,Тяжёлый,1,0,,True
1490519,2025-02-14 00:10:00+03:00,55.608566,37.352539,Столкновение,Тяжёлый,2,0,,True
1490520,2025-02-14 00:22:00+03:00,55.733431,37.501376,Наезд на стоящее ТС,Тяжёлый,1,0,,True
1490523,2025-02-14 03:20:00+03:00,55.91994,37.558642,Наезд на препятствие,С погибшими,1,1,,True
1490531,2025-02-14 06:10:00+03:00,55.638068,37.69951,Наезд на стоящее ТС,Тяжёлый,1,0,,True
1490532,2025-02-14 06:13:00+03:00,55.545879,37.487733,Наезд на пешехода,Тяжёлый,1,0,,True
1490556,2025-02-14 07:56:00+03:00,55.879861,37.587211,Падение пассажира,Легкий,1,0,,True
1490575,2025-02-14 09:20:00+03:00,55.709454,37.621623,Столкновение,Тяжёлый,1,0,,True
1490577,2025-02-14 09:25:00+03:00,55.51033,37.55025,Столкновение,Тяжёлый,1,0,,True
1490606,2025-02-14 11:36:00+03:00,55.740339,37.617069,Наезд на пешехода,С погибшими,0,1,,True
1490620,2025-02-14 12:27:00+03:00,55.845205,37.529147,Наезд на велосипедиста,Тяжёлый,1,0,,True
1490624,2025-02-14 12:40:00+03:00,55.705378,37.497422,Наезд на пешехода,Тяжёлый,1,0,,True
1490640,2025-02-14 13:40:00+03:00,55.672085,37.621511,Наезд на пешехода,Легкий,1,0,,True
1490683,2025-02-14 16:04:00+03:00,55.892262,37.529683,Столкновение,Тяжёлый,1,0,,True
1490688,2025-02-14 16:15:00+03:00,55.761587,37.551098,Столкновение,Тяжёлый,1,0,,True
1490689,2025-02-14 16:16:00+03:00,55.680328,37.607312,Наезд на пешехода,Тяжёлый,1,0,,True
1490695,2025-02-14 16:30:00+03:00,55.704767,37.510875,Столкновение,Тяжёлый,1,0,,True
1490696,2025-02-14 16:32:00+03:00,55.600493,37.663107,Столкновение,Легкий,1,0,,True
1490750,2025-02-14 19:25:00+03:00,55.597784,37.458315,Столкновение,Тяжёлый,1,0,,True
1490753,2025-02-14 19:30:00+03:00,55.646221,37.596543,Столкновение,Тяжёлый,1,0,,True
1490754,2025-02-14 19:36:00+03:00,55.737953,37.522334,Наезд на пешехода,Тяжёлый,1,0,,True
1490755,2025-02-14 19:38:00+03:00,55.845338,37.521626,Столкновение,Тяжёлый,2,0,,True
1490815,2025-02-15 01:15:00+03:00,55.772519,37.726128,Столкновение,Тяжёлый,1,0,,True
1490819,2025-02-15 01:58:00+03:00,55.687081,37.736932,Наезд на препятствие,Тяжёлый,2,0,,True
1490916,2025-02-15 12:00:00+03:00,55.56267,37.395777,Наезд на препятствие,Тяжёлый,1,0,,True
1490920,2025-02-15 12:10:00+03:00,55.76428,37.562138,Наезд на пешехода,Тяжёлый,1,0,,True
1490921,2025-02-15 12:22:00+03:00,55.65804,37.760278,Столкновение,Тяжёлый,1,0,,True
1490927,2025-02-15 12:50:00+03:00,55.950173,37.543867,Наезд на препятствие,Тяжёлый,5,0,,True
1490931,2025-02-15 13:10:00+03:00,55.743739,37.556505,Наезд на велосипедиста,Тяжёлый,1,0,,True
1490948,2025-02-15 13:50:00+03:00,55.853054,37.590086,Наезд на велосипедиста,Легкий,1,0,,True
1490961,2025-02-15 14:20:00+03:00,55.723575,37.460643,Наезд на пешехода,Тяжёлый,1,0,,True
1490963,2025-02-15 14:30:00+03:00,55.887407,37.676378,Столкновение,Тяжёлый,1,0,,True
1490976,2025-02-15 15:17:00+03:00,55.592385,37.614468,Наезд на велосипедиста,Тяжёлый,1,0,,True
1490982,2025-02-15 15:37:00+03:00,55.821116,37.642862,Наезд на пешехода,Тяжёлый,1,0,,True
1490986,2025-02-15 15:45:00+03:00,55.607887,37.591052,Наезд на пешехода,Тяжёлый,1,0,,True
1490992,2025-02-15 15:56:00+03:00,55.705426,37.628227,Наезд на пешехода,Тяжёлый,1,0,,True
1491013,2025-02-15 17:14:00+03:00,55.79069,37.622445,Столкновение,Тяжёлый,1,0,,True
1491015,2025-02-15 17:20:00+03:00,55.682193,37.567719,Столкновение,Тяжёлый,1,0,,True
1491045,2025-02-15 19:00:00+03:00,55.705118,37.634504,Наезд на велосипедиста,Тяжёлый,1,0,,True
1491080,2025-02-15 21:00:00+03:00,55.77994,37.577598,Столкновение,Тяжёлый,1,0,,True
1491101,2025-02-15 22:40:00+03:00,55.887455,37.536378,Падение пассажира,Тяжёлый,1,0,,True
1491139,2025-02-16 05:08:00+03:00,55.747393,37.690465,Наезд на препятствие,Тяжёлый,1,0,,True
1491142,2025-02-16 06:15:00+03:00,55.718197,37.788066,Столкновение,Тяжёлый,1,0,,True
1491171,2025-02-16 09:50:00+03:00,55.883977,37.722234,Столкновение,Тяжёлый,1,0,,True
1491216,2025-02-16 13:05:00+03:00,55.60974,37.718459,Наезд на пешехода,Тяжёлый,1,0,,True
1491217,2025-02-16 13:05:00+03:00,55.569126,37.586278,Столкновение,Тяжёлый,1,0,,True
1491265,2025-02-16 15:35:00+03:00,55.720426,37.66306,Столкновение,Тяжёлый,1,0,,True
1491267,2025-02-16 15:40:00+03:00,55.80763,37.540905,Столкновение,Тяжёлый,1,0,,True
1491303,2025-02-16 18:29:00+03:00,55.896684,37.388545,Наезд на пешехода,Тяжёлый,1,0,,True
1491311,2025-02-16 19:00:00+03:00,55.793634,37.646692,Столкновение,Легкий,1,0,,True
1491334,2025-02-16 20:33:00+03:00,55.748474,37.878767,Столкновение,Легкий,1,0,,True
1491357,2025-02-16 22:45:00+03:00,55.538351,37.543513,Наезд на стоящее ТС,Тяжёлый,1,0,,True
1491359,2025-02-16 22:49:00+03:00,55.785068,37.675273,Наезд на пешехода,Легкий,1,0,,True
1491381,2025-02-17 03:25:00+03:00,55.597895,37.603084,Столкновение,Тяжёлый,1,0,,True
1491392,2025-02-17 07:05:00+03:00,55.846301,37.505286,Столкновение,Тяжёлый,1,0,,True
1491408,2025-02-17 08:02:00+03:00,55.957693,37.186661,Столкновение,Легкий,1,0,,True
1491425,2025-02-17 09:10:00+03:00,55.674729,37.835026,Столкновение,Тяжёлый,1,0,,True
1491447,2025-02-17 10:15:00+03:00,55.693975,37.537011,Столкновение,Легкий,2,0,,True
1491474,2025-02-17 11:40:00+03:00,55.802867,37.83965,Столкновение,Тяжёлый,2,0,,True
1491501,2025-02-17 13:10:00+03:00,55.612397,37.609962,Наезд на пешехода,Легкий,1,0,,True
1491526,2025-02-17 15:00:00+03:00,55.581873,37.596406,Наезд на пешехода,С погибшими,0,1,,True
1491549,2025-02-17 16:50:00+03:00,55.743377,37.595183,Наезд на пешехода,Тяжёлый,1,0,,True
1491556,2025-02-17 17:20:00+03:00,55.621938,37.616833,Столкновение,Тяжёлый,1,0,,True
1491570,2025-02-17 18:20:00+03:00,55.671335,37.51919,Столкновение,Тяжёлый,1,0,,True
1491572,2025-02-17 18:25:00+03:00,55.667799,37.518944,Наезд на пешехода,Тяжёлый,1,0,,True
1491579,2025-02-17 18:50:00+03:00,55.675304,37.62664,Падение пассажира,Легкий,1,0,,True
1491618,2025-02-17 21:15:00+03:00,55.858135,37.468132,Столкновение,Тяжёлый,1,0,,True
1491637,2025-02-18 05:24:00+03:00,55.672424,37.424755,Наезд на препятствие,С погибшими,0,1,,True
1491643,2025-02-18 06:30:00+03:00,55.888057,37.614838,Столкновение,Легкий,1,0,,True
1491663,2025-02-18 08:00:00+03:00,55.62517,37.596527,Наезд на пешехода,Легкий,1,0,,True
1491666,2025-02-18 08:05:00+03:00,55.742529,37.630239,Падение пассажира,Тяжёлый,1,0,,True
1491677,2025-02-18 08:35:00+03:00,55.482586,37.37228,Наезд на препятствие,Тяжёлый,1,0,,True
1491683,2025-02-18 09:10:00+03:00,55.587853,37.119842,Столкновение,Тяжёлый,1,0,,True
1491705,2025-02-18 10:40:00+03:00,55.831939,37.383771,Столкновение,Тяжёлый,2,0,,True
1491716,2025-02-18 11:18:00+03:00,55.542868,37.489375,Наезд на пешехода,Тяжёлый,1,0,,True
1491726,2025-02-18 11:49:00+03:00,55.64833,37.619247,Наезд на пешехода,Легкий,1,0,,True
1491730,2025-02-18 12:00:00+03:00,55.702416,37.569498,Наезд на пешехода,Легкий,1,0,,True
1491743,2025-02-18 12:50:00+03:00,55.3372,37.343634,Столкновение,Тяжёлый,2,0,,True
1491752,2025-02-18 13:05:00+03:00,55.752024,37.813622,Падение пассажира,Легкий,1,0,,True
1491760,2025-02-18 13:28:00+03:00,55.594668,37.478507,Столкновение,Тяжёлый,1,0,,True
1491769,2025-02-18 13:40:00+03:00,55.644348,37.619823,Столкновение,Тяжёлый,1,0,,True
1491777,2025-02-18 14:02:00+03:00,55.750618,37.411215,Наезд на пешехода,Тяжёлый,1,0,,True
1491789,2025-02-18 15:00:00+03:00,55.893622,37.388577,Столкновение,Тяжёлый,1,0,,True
1491801,2025-02-18 15:33:00+03:00,55.716886,37.795973,Наезд на пешехода,Тяжёлый,1,0,,True
1491809,2025-02-18 16:00:00+03:00,55.74471,37.547713,Падение пассажира,Тяжёлый,1,0,,True
1491810,2025-02-18 16:00:00+03:00,55.751197,37.671518,Столкновение,Тяжёлый,1,0,,True
1491813,2025-02-18 16:25:00+03:00,55.813457,37.656563,Падение пассажира,Легкий,1,0,,True
1491816,2025-02-18 16:35:00+03:00,55.910986,37.57277,Столкновение,Тяжёлый,1,0,,True
1491819,2025-02-18 16:45:00+03:00,55.898579,37.584884,Падение пассажира,Легкий,1,0,,True
1491825,2025-02-18 17:22:00+03:00,55.745986,37.780663,Наезд на пешехода,Легкий,1,0,,True
1491826,2025-02-18 17:23:00+03:00,55.770997,37.524437,Наезд на пешехода,Тяжёлый,1,0,,True
1491829,2025-02-18 17:30:00+03:00,55.861826,37.612241,Наезд на пешехода,Легкий,1,0,,True
1491835,2025-02-18 17:48:00+03:00,55.605863,37.741867,Наезд на пешехода,Тяжёлый,1,0,,True
1491836,2025-02-18 17:50:00+03:00,55.611796,37.542354,Наезд на пешехода,Тяжёлый,1,0,,True
1491847,2025-02-18 18:22:00+03:00,55.847126,37.600558,Наезд на пешехода,Легкий,1,0,,True
1491852,2025-02-18 18:40:00+03:00,55.77987,37.517661,Столкновение,Тяжёлый,1,0,,True
1491961,2025-02-19 08:10:00+03:00,55.674832,37.640394,Столкновение,Тяжёлый,1,0,,True
1491983,2025-02-19 09:35:00+03:00,55.678443,37.756877,Столкновение,Тяжёлый,1,0,,True
1491984,2025-02-19 09:40:00+03:00,55.604372,37.713565,Столкновение,Тяжёлый,2,0,,True
1491986,2025-02-19 09:50:00+03:00,55.600869,37.598616,Наезд на препятствие,Тяжёлый,1,0,,True
1491989,2025-02-19 09:55:00+03:00,55.864217,37.76105,Столкновение,Тяжёлый,1,0,,True
1491990,2025-02-19 09:55:00+03:00,55.863669,37.37183,Столкновение,Тяжёлый,1,0,,True
1492006,2025-02-19 10:28:00+03:00,55.817282,37.510425,Наезд на пешехода,Тяжёлый,1,0,,True
1492014,2025-02-19 10:50:00+03:00,55.686833,37.655962,Наезд на пешехода,Тяжёлый,1,0,,True
1492021,2025-02-19 11:22:00+03:00,55.582347,37.566655,Столкновение,Тяжёлый,1,0,,True
1492022,2025-02-19 11:28:00+03:00,55.648318,37.741363,Наезд на пешехода,Тяжёлый,1,0,,True
1492030,2025-02-19 12:00:00+03:00,55.605548,37.70319,Наезд на пешехода,Тяжёлый,1,0,,True
1492037,2025-02-19 12:18:00+03:00,55.794707,37.403287,Наезд на пешехода,Тяжёлый,1,0,,True
1492041,2025-02-19 12:20:00+03:00,55.721084,37.437035,Наезд на пешехода,Тяжёлый,1,0,,True
1492043,2025-02-19 12:30:00+03:00,55.790467,37.542461,Столкновение,Тяжёлый,1,0,,True
1492045,2025-02-19 12:35:00+03:00,55.681105,37.418275,Столкновение,Тяжёлый,1,0,,True
1492047,2025-02-19 12:45:00+03:00,55.668606,37.42718,Наезд на стоящее ТС,Тяжёлый,1,0,,True
1492048,2025-02-19 12:45:00+03:00,55.811863,37.637551,Столкновение,Тяжёлый,1,0,,True
1492049,2025-02-19 12:50:00+03:00,55.844533,37.576089,Наезд на пешехода,Легкий,1,0,,True
1492061,2025-02-19 13:30:00+03:00,55.783481,37.629365,Наезд на пешехода,Тяжёлый,1,0,,True
1492062,2025-02-19 13:30:00+03:00,55.657991,37.541656,Столкновение,Тяжёлый,1,0,,True
1492066,2025-02-19 13:40:00+03:00,55.54515,37.51315,Наезд на пешехода,Тяжёлый,1,0,,True
1492074,2025-02-19 14:00:00+03:00,55.680192,37.452307,Наезд на пешехода,Тяжёлый,1,0,,True
1492075,2025-02-19 14:00:00+03:00,55.707586,37.584415,Падение пассажира,Легкий,1,0,,True
1492088,2025-02-19 14:50:00+03:00,55.61382,37.605611,Наезд на пешехода,Тяжёлый,1,0,,True
1492099,2025-02-19 15:30:00+03:00,55.791869,37.536971,Наезд на пешехода,Тяжёлый,1,0,,True
1492132,2025-02-19 17:30:00+03:00,55.678074,37.653751,Наезд на пешехода,Тяжёлый,1,0,,True
1492140,2025-02-19 18:00:00+03:00,55.757021,37.602078,Наезд на пешехода,Тяжёлый,1,0,,True
1492142,2025-02-19 18:07:00+03:00,55.731503,37.620998,Наезд на пешехода,Тяжёлый,1,0,,True
1492169,2025-02-19 19:30:00+03:00,55.688194,37.725999,Наезд на пешехода,Тяжёлый,1,0,,True
1492176,2025-02-19 20:00:00+03:00,55.398142,37.251903,Наезд на пешехода,С погибшими,0,1,,True
1492190,2025-02-19 21:24:00+03:00,55.782341,37.721139,Наезд на пешехода,Легкий,1,0,,True
1492195,2025-02-19 21:41:00+03:00,55.733701,37.709842,Столкновение,Тяжёлый,1,0,,True
1492210,2025-02-20 01:07:00+03:00,55.866589,37.756416,Наезд на стоящее ТС,Тяжёлый,3,0,,True
1492220,2025-02-20 05:40:00+03:00,55.717641,37.383342,Наезд на препятствие,Тяжёлый,1,0,,True
1492224,2025-02-20 06:10:00+03:00,55.862939,37.549944,Столкновение,Тяжёлый,1,0,,True
1492250,2025-02-20 08:15:00+03:00,55.656787,37.604184,Наезд на пешехода,Тяжёлый,1,0,,True
1492259,2025-02-20 08:40:00+03:00,55.711803,37.84951,Столкновение,Тяжёлый,3,0,,True
1492274,2025-02-20 09:30:00+03:00,55.693685,37.55614,Наезд на стоящее ТС,Тяжёлый,1,0,,True
1492278,2025-02-20 09:30:00+03:00,55.794352,37.494632,Столкновение,Тяжёлый,1,0,,True
1492290,2025-02-20 10:05:00+03:00,55.79136,37.70732,Наезд на пешехода,Тяжёлый,1,0,,True
1492312,2025-02-20 11:40:00+03:00,55.660013,37.754399,Наезд на пешехода,Тяжёлый,1,0,,True
1492338,2025-02-20 13:20:00+03:00,55.634368,37.464409,Наезд на стоящее ТС,Тяжёлый,1,0,,True
1492342,2025-02-20 13:33:00+03:00,55.795148,37.707009,Столкновение,Тяжёлый,1,0,,True
1492372,2025-02-20 16:04:00+03:00,55.748999,37.60928,Столкновение,Тяжёлый,2,0,,True
1492388,2025-02-20 17:00:00+03:00,55.662875,37.625953,Столкновение,Тяжёлый,1,0,,True
1492436,2025-02-20 21:30:00+03:00,55.641477,37.820692,Наезд на препятствие,Тяжёлый,1,0,,True
1492443,2025-02-20 22:12:00+03:00,55.543475,37.171962,Столкновение,Тяжёлый,1,0,,True
1492463,2025-02-21 07:00:00+03:00,55.795232,37.634729,Наезд на пешехода,Тяжёлый,1,0,,True
1492465,2025-02-21 07:05:00+03:00,55.851475,37.354299,Наезд на пешехода,Тяжёлый,1,0,,True
1492470,2025-02-21 07:21:00+03:00,55.584621,37.185255,Наезд на пешехода,Тяжёлый,1,0,,True
1492488,2025-02-21 08:25:00+03:00,55.731762,37.660071,Столкновение,Легкий,1,0,,True
1492489,2025-02-21 08:29:00+03:00,55.848399,37.506986,Наезд на пешехода,Тяжёлый,1,0,,True
1492500,2025-02-21 08:52:00+03:00,55.788057,37.585995,Наезд на пешехода,Тяжёлый,1,0,,True
1492512,2025-02-21 09:49:00+03:00,55.735483,37.409134,Наезд на пешехода,Тяжёлый,1,0,,True
1492513,2025-02-21 09:49:00+03:00,55.792832,37.620846,Столкновение,Тяжёлый,1,0,,True
1492524,2025-02-21 10:17:00+03:00,55.991637,37.186403,Столкновение,Тяжёлый,2,0,,True
1492526,2025-02-21 10:21:00+03:00,55.508143,37.566977,Наезд на пешехода,Тяжёлый,1,0,,True
1492541,2025-02-21 11:13:00+03:00,55.736166,37.482616,Наезд на пешехода,Тяжёлый,1,0,,True
1492548,2025-02-21 11:44:00+03:00,55.706947,37.668144,Столкновение,Тяжёлый,1,0,,True
1492550,2025-02-21 11:50:00+03:00,55.90911,37.389704,Столкновение,Тяжёлый,1,0,,True
1492563,2025-02-21 12:40:00+03:00,55.678123,37.653741,Наезд на пешехода,Тяжёлый,1,0,,True
1492589,2025-02-21 13:50:00+03:00,55.724717,37.380424,Столкновение,Тяжёлый,1,0,,True
1492606,2025-02-21 14:50:00+03:00,55.558423,37.554789,Наезд на пешехода,Тяжёлый,1,0,,True
1492608,2025-02-21 14:53:00+03:00,55.70811,37.809834,Столкновение,Тяжёлый,4,0,,True
1492617,2025-02-21 15:35:00+03:00,55.892443,37.625717,Наезд на велосипедиста,Тяжёлый,1,0,,True
1492620,2025-02-21 15:46:00+03:00,55.716521,37.798327,Падение пассажира,Тяжёлый,1,0,,True
1492625,2025-02-21 15:55:00+03:00,55.699629,37.566601,Столкновение,Тяжёлый,1,0,,True
1492632,2025-02-21 16:20:00+03:00,55.848982,37.42306,Столкновение,Тяжёлый,1,0,,True
1492644,2025-02-21 17:12:00+03:00,55.810764,37.567339,Наезд на пешехода,Тяжёлый,1,0,,True
1492649,2025-02-21 17:44:00+03:00,55.68477,37.459409,Наезд на пешехода,Тяжёлый,1,0,,True
1492652,2025-02-21 17:47:00+03:00,55.521738,37.219791,Наезд на пешехода,Тяжёлый,1,0,,True
1492655,2025-02-21 17:51:00+03:00,55.878988,37.587297,Столкновение,Легкий,1,0,,True
1492686,2025-02-21 19:10:00+03:00,55.812414,37.586733,Наезд на пешехода,Тяжёлый,1,0,,True
1492687,2025-02-21 19:11:00+03:00,55.789876,37.786059,Наезд на пешехода,Тяжёлый,1,0,,True
1492699,2025-02-21 19:45:00+03:00,55.729684,37.675477,Наезд на пешехода,Тяжёлый,1,0,,True
1492702,2025-02-21 20:00:00+03:00,55.847034,37.622819,Наезд на стоящее ТС,Тяжёлый,3,0,,True
1492716,2025-02-21 20:45:00+03:00,55.61708,37.705464,Наезд на пешехода,Тяжёлый,1,0,,True
1492720,2025-02-21 20:53:00+03:00,55.720962,37.430887,Столкновение,Тяжёлый,2,0,,True
1492742,2025-02-21 22:50:00+03:00,55.887335,37.504567,Столкновение,Тяжёлый,1,0,,True
1492745,2025-02-21 23:16:00+03:00,55.856774,37.355865,Столкновение,Легкий,1,0,,True
1492753,2025-02-22 00:47:00+03:00,55.813379,37.566467,Столкновение,Тяжёлый,3,0,,True
1492759,2025-02-22 03:30:00+03:00,55.780549,37.671423,Наезд на стоящее ТС,Тяжёлый,1,0,,True
1492779,2025-02-22 08:00:00+03:00,55.712692,37.779343,Столкновение,Тяжёлый,1,0,,True
1492780,2025-02-22 08:28:00+03:00,55.651787,37.34519,Падение пассажира,Тяжёлый,1,0,,True
1492806,2025-02-22 11:17:00+03:00,55.603824,37.747838,Столкновение,Тяжёлый,1,0,,True
1492821,2025-02-22 12:25:00+03:00,55.751034,37.600515,Иной вид ДТП,Тяжёлый,1,0,,True
1492824,2025-02-22 12:31:00+03:00,55.757567,37.633676,Наезд на велосипедиста,Тяжёлый,1,0,,True
1492837,2025-02-22 13:10:00+03:00,55.793157,37.389983,Наезд на велосипедиста,Тяжёлый,1,0,,True
1492840,2025-02-22 13:22:00+03:00,55.664013,37.483871,Падение пассажира,Тяжёлый,1,0,,True
1492860,2025-02-22 14:40:00+03:00,55.761569,37.74912,Наезд на стоящее ТС,Тяжёлый,2,0,,True
1492889,2025-02-22 17:00:00+03:00,55.781358,37.480524,Столкновение,Тяжёлый,2,0,,True
1492893,2025-02-22 17:12:00+03:00,55.773668,37.578719,Столкновение,Тяжёлый,1,0,,True
1492894,2025-02-22 17:16:00+03:00,55.738026,37.7291,Столкновение,Тяжёлый,1,0,,True
1492900,2025-02-22 17:45:00+03:00,55.778703,37.457768,Наезд на пешехода,Тяжёлый,1,0,,True
1492911,2025-02-22 18:30:00+03:00,55.730578,37.659492,Столкновение,Тяжёлый,2,0,,True
1492918,2025-02-22 19:00:00+03:00,55.75444,37.509727,Наезд на пешехода,Тяжёлый,1,0,,True
1492938,2025-02-22 20:15:00+03:00,55.54013,37.491295,Наезд на пешехода,Тяжёлый,1,0,,True
1492963,2025-02-22 22:44:00+03:00,55.648681,37.408694,Столкновение,Тяжёлый,4,0,,True
1492983,2025-02-23 02:15:00+03:00,55.87998,37.586546,Опрокидывание,Тяжёлый,2,0,,True
1493001,2025-02-23 06:53:00+03:00,55.710613,37.387741,Наезд на стоящее ТС,Тяжёлый,1,0,,True
1493026,2025-02-23 10:43:00+03:00,55.695348,37.610557,Столкновение,Тяжёлый,1,0,,True
1493042,2025-02-23 12:43:00+03:00,55.874197,37.671282,Наезд на велосипедиста,Тяжёлый,1,0,,True
1493102,2025-02-23 16:15:00+03:00,55.702267,37.580811,Наезд на велосипедиста,Тяжёлый,1,0,,True
1493103,2025-02-23 16:19:00+03:00,55.857738,37.588992,Наезд на пешехода,Тяжёлый,1,0,,True
1493113,2025-02-23 16:54:00+03:00,55.784688,37.473807,Наезд на пешехода,Легкий,1,0,,True
1493145,2025-02-23 19:01:00+03:00,55.791209,37.532194,Наезд на пешехода,Тяжёлый,1,0,,True
1493151,2025-02-23 19:20:00+03:00,55.783241,37.267793,Наезд на пешехода,Тяжёлый,1,0,,True
1493160,2025-02-23 20:00:00+03:00,55.706304,37.396738,Столкновение,Тяжёлый,1,0,,True
1493177,2025-02-23 21:29:00+03:00,55.837283,37.506595,Наезд на пешехода,С погибшими,0,1,,True
1493178,2025-02-23 21:30:00+03:00,55.645642,37.75722,Наезд на пешехода,С погибшими,0,1,,True
1493191,2025-02-23 22:27:00+03:00,55.999575,37.193667,Столкновение,Легкий,1,0,,True
1493205,2025-02-24 00:02:00+03:00,55.766609,37.674834,Столкновение,Тяжёлый,1,0,,True
1493209,2025-02-24 00:40:00+03:00,55.822032,37.443767,Наезд на пешехода,Тяжёлый,1,0,,True
1493217,2025-02-24 02:49:00+03:00,55.839067,37.571096,Наезд на препятствие,Тяжёлый,1,0,,True
1493226,2025-02-24 06:35:00+03:00,55.800799,37.840261,Столкновение,Тяжёлый,2,0,,True
1493232,2025-02-24 07:10:00+03:00,55.466418,37.292479,Наезд на пешехода,Тяжёлый,1,0,,True
1493243,2025-02-24 07:40:00+03:00,55.780435,37.369909,Столкновение,Тяжёлый,1,0,,True
1493253,2025-02-24 08:00:00+03:00,55.86164,37.69289,Столкновение,Тяжёлый,1,0,,True
1493257,2025-02-24 08:25:00+03:00,55.83308,37.66552,Наезд на пешехода,Тяжёлый,2,0,,True
1493272,2025-02-24 09:00:00+03:00,55.789303,37.486188,Столкновение,Легкий,2,0,,True
1493273,2025-02-24 09:00:00+03:00,55.83656,37.454013,Столкновение,Легкий,1,0,,True
1493276,2025-02-24 09:02:00+03:00,55.721521,37.436732,Наезд на пешехода,Тяжёлый,1,0,,True
1493277,2025-02-24 09:05:00+03:00,55.875136,37.42336,Столкновение,Тяжёлый,1,0,,True
1493283,2025-02-24 09:25:00+03:00,55.764153,37.382172,Столкновение,Тяжёлый,1,0,,True
1493288,2025-02-24 09:30:00+03:00,55.811784,37.637808,Столкновение,Тяжёлый,1,0,,True
1493289,2025-02-24 09:38:00+03:00,55.409278,37.199986,Наезд на пешехода,Тяжёлый,1,0,,True
1493310,2025-02-24 11:00:00+03:00,55.811013,37.626532,Наезд на велосипедиста,Легкий,1,0,,True
1493313,2025-02-24 11:07:00+03:00,55.807456,37.725753,Наезд на пешехода,Тяжёлый,1,0,,True
1493325,2025-02-24 12:00:00+03:00,55.687668,37.414938,Столкновение,Тяжёлый,1,0,,True
1493331,2025-02-24 12:12:00+03:00,55.759041,37.64311,Столкновение,Тяжёлый,1,0,,True
1493337,2025-02-24 12:40:00+03:00,55.65604,37.613685,Наезд на пешехода,Тяжёлый,1,0,,True
1493343,2025-02-24 12:55:00+03:00,55.678265,37.644616,Наезд на пешехода,Тяжёлый,1,0,,True
1493360,2025-02-24 14:03:00+03:00,55.884019,37.722791,Столкновение,Тяжёлый,1,0,,True
1493388,2025-02-24 15:50:00+03:00,55.527999,37.391174,Столкновение,Тяжёлый,1,0,,True
1493410,2025-02-24 17:15:00+03:00,55.727328,37.619851,Наезд на пешехода,Тяжёлый,1,0,,True
1493425,2025-02-24 18:10:00+03:00,55.702415,37.576742,Наезд на пешехода,Тяжёлый,1,0,,True
1493428,2025-02-24 18:30:00+03:00,55.834283,37.349728,Столкновение,Тяжёлый,2,0,,True
1493431,2025-02-24 18:51:00+03:00,55.774352,37.828889,Наезд на пешехода,Тяжёлый,1,0,,True
1493444,2025-02-24 19:45:00+03:00,55.822538,37.495297,Падение пассажира,Тяжёлый,1,0,,True
1493468,2025-02-24 22:00:00+03:00,55.717043,37.452221,Столкновение,Тяжёлый,1,0,,True
1493475,2025-02-24 22:50:00+03:00,55.908196,37.54848,Столкновение,Тяжёлый,2,0,,True
1493476,2025-02-24 22:51:00+03:00,55.74303,37.399408,Столкновение,Тяжёлый,1,0,,True
1493489,2025-02-25 03:03:00+03:00,55.621454,37.614666,Столкновение,С погибшими,0,1,,True
1493490,2025-02-25 03:36:00+03:00,55.739017,37.372688,Столкновение,С погибшими,1,1,,True
1493527,2025-02-25 08:40:00+03:00,55.605059,37.750207,Столкновение,Тяжёлый,2,0,,True
1493532,2025-02-25 08:45:00+03:00,55.838006,37.416033,Наезд на пешехода,Тяжёлый,1,0,,True
1493536,2025-02-25 08:50:00+03:00,55.76108,37.843019,Столкновение,Легкий,1,0,,True
1493544,2025-02-25 09:20:00+03:00,55.809722,37.611925,Наезд на пешехода,Тяжёлый,1,0,,True
1493558,2025-02-25 10:20:00+03:00,55.805847,37.539784,Наезд на пешехода,Тяжёлый,1,0,,True
1493562,2025-02-25 10:38:00+03:00,55.739747,37.56673,Наезд на пешехода,Тяжёлый,1,0,,True
1493569,2025-02-25 11:05:00+03:00,55.570193,37.452693,Наезд на стоящее ТС,Тяжёлый,1,0,,True
1493589,2025-02-25 12:10:00+03:00,55.54568,37.58528,Столкновение,Тяжёлый,1,0,,True
1493611,2025-02-25 14:00:00+03:00,55.776645,37.68141,Столкновение,Тяжёлый,1,0,,True
1493626,2025-02-25 15:05:00+03:00,55.98791,37.212689,Столкновение,Легкий,1,0,,True
1493629,2025-02-25 15:17:00+03:00,55.832058,37.530987,Наезд на пешехода,Тяжёлый,1,0,,True
1493638,2025-02-25 15:50:00+03:00,55.635685,37.715714,Опрокидывание,Тяжёлый,1,0,,True
1493644,2025-02-25 16:10:00+03:00,55.692306,37.488871,Столкновение,Тяжёлый,1,0,,True
1493645,2025-02-25 16:11:00+03:00,55.889501,37.536925,Наезд на пешехода,Тяжёлый,1,0,,True
1493646,2025-02-25 16:20:00+03:00,55.64497,37.656155,Наезд на пешехода,Тяжёлый,1,0,,True
1493667,2025-02-25 18:00:00+03:00,55.80962,37.454313,Наезд на пешехода,Тяжёлый,1,0,,True
1493669,2025-02-25 18:09:00+03:00,55.585325,37.622316,Наезд на пешехода,Тяжёлый,1,0,,True
1493693,2025-02-25 19:42:00+03:00,55.766066,37.615685,Наезд на пешехода,Тяжёлый,1,0,,True
1493706,2025-02-25 21:30:00+03:00,55.545666,37.540498,Столкновение,Тяжёлый,1,0,,True
1493707,2025-02-25 21:33:00+03:00,55.430535,37.314312,Столкновение,Тяжёлый,1,0,,True
1493720,2025-02-26 03:46:00+03:00,55.59157,37.287061,Столкновение,Тяжёлый,1,0,,True
1493741,2025-02-26 07:55:00+03:00,55.847512,37.6605,Столкновение,Легкий,2,0,,True
1493769,2025-02-26 10:50:00+03:00,55.658893,37.71158,Наезд на пешехода,Тяжёлый,1,0,,True
1493772,2025-02-26 11:00:00+03:00,55.490465,37.302575,Наезд на пешехода,Тяжёлый,1,0,,True
1493785,2025-02-26 11:42:00+03:00,55.749676,37.583091,Столкновение,Тяжёлый,1,0,,True
1493823,2025-02-26 14:31:00+03:00,55.832566,37.550669,Наезд на пешехода,Тяжёлый,1,0,,True
1493827,2025-02-26 14:45:00+03:00,55.620992,37.657211,Падение пассажира,Тяжёлый,1,0,,True
1493832,2025-02-26 15:15:00+03:00,55.792693,37.491832,Столкновение,Тяжёлый,1,0,,True
1493839,2025-02-26 15:53:00+03:00,55.600693,37.540058,Наезд на велосипедиста,Тяжёлый,1,0,,True
1493845,2025-02-26 16:25:00+03:00,55.669254,37.576837,Наезд на пешехода,Тяжёлый,1,0,,True
1493848,2025-02-26 16:30:00+03:00,55.836157,37.657678,Наезд на пешехода,Легкий,1,0,,True
1493880,2025-02-26 18:15:00+03:00,55.81302,37.389897,Столкновение,Тяжёлый,1,0,,True
1493884,2025-02-26 18:26:00+03:00,55.809668,37.578167,Наезд на пешехода,Тяжёлый,1,0,,True
1493885,2025-02-26 18:27:00+03:00,55.748939,37.424186,Столкновение,Тяжёлый,1,0,,True
1493937,2025-02-27 01:16:00+03:00,55.511946,37.241861,Наезд на препятствие,Тяжёлый,1,0,,True
1493939,2025-02-27 02:10:00+03:00,55.28682,37.168196,Столкновение,С погибшими,1,1,,True
1493951,2025-02-27 06:39:00+03:00,55.747719,37.699564,Падение пассажира,Тяжёлый,1,0,,True
1493967,2025-02-27 07:50:00+03:00,55.659541,37.734926,Наезд на пешехода,Тяжёлый,1,0,,True
1493974,2025-02-27 08:10:00+03:00,55.778486,37.458047,Столкновение,Тяжёлый,1,0,,True
1493975,2025-02-27 08:12:00+03:00,55.805511,37.763834,Столкновение,Тяжёлый,1,0,,True
1493982,2025-02-27 08:25:00+03:00,55.753135,37.806466,Наезд на пешехода,Легкий,1,0,,True
1493984,2025-02-27 08:29:00+03:00,55.748196,37.793108,Наезд на пешехода,Тяжёлый,1,0,,True
1493985,2025-02-27 08:30:00+03:00,55.804411,37.819812,Наезд на пешехода,Легкий,1,0,,True
1493994,2025-02-27 09:00:00+03:00,55.713616,37.627466,Наезд на пешехода,Тяжёлый,1,0,,True
1494006,2025-02-27 10:13:00+03:00,55.88941,37.557449,Наезд на стоящее ТС,Тяжёлый,1,0,,True
1494007,2025-02-27 10:15:00+03:00,55.706079,37.731224,Наезд на пешехода,Тяжёлый,1,0,,True
1494021,2025-02-27 11:20:00+03:00,55.683339,37.568509,Наезд на велосипедиста,Тяжёлый,1,0,,True
1494043,2025-02-27 12:25:00+03:00,55.748993,37.561902,Столкновение,Тяжёлый,1,0,,True
1494068,2025-02-27 13:52:00+03:00,55.782438,37.734025,Наезд на велосипедиста,Легкий,1,0,,True
1494070,2025-02-27 13:56:00+03:00,55.682726,37.681024,Наезд на пешехода,Тяжёлый,1,0,,True
1494071,2025-02-27 14:00:00+03:00,55.637529,37.319967,Наезд на пешехода,Тяжёлый,1,0,,True
1494086,2025-02-27 15:15:00+03:00,55.746071,37.866333,Наезд на пешехода,Тяжёлый,1,0,,True
1494110,2025-02-27 16:11:00+03:00,55.810422,37.475975,Столкновение,Тяжёлый,1,0,,True
1494134,2025-02-27 18:15:00+03:00,55.511114,37.566998,Наезд на пешехода,Тяжёлый,1,0,,True
1494155,2025-02-27 18:56:00+03:00,55.677653,37.563082,Наезд на пешехода,Тяжёлый,1,0,,True
1494160,2025-02-27 19:05:00+03:00,55.84444,37.636081,Наезд на пешехода,Тяжёлый,1,0,,True
1494181,2025-02-27 20:10:00+03:00,55.830192,37.552621,Столкновение,Тяжёлый,1,0,,True
1494211,2025-02-28 01:18:00+03:00,55.720899,37.867577,Столкновение,Легкий,2,0,,True
1494244,2025-02-28 08:30:00+03:00,55.851891,37.620492,Наезд на пешехода,Тяжёлый,1,0,,True
1494280,2025-02-28 10:45:00+03:00,55.632614,37.68309,Наезд на велосипедиста,Тяжёлый,1,0,,True
1494284,2025-02-28 10:50:00+03:00,55.815968,37.458926,Наезд на велосипедиста,Легкий,1,0,,True
1494328,2025-02-28 13:40:00+03:00,55.674354,37.761362,Наезд на пешехода,Легкий,1,0,,True
1494332,2025-02-28 13:52:00+03:00,55.641198,37.358741,Наезд на пешехода,Тяжёлый,1,0,,True
1494336,2025-02-28 14:05:00+03:00,55.660122,37.411913,Наезд на стоящее ТС,Тяжёлый,2,0,,True
1494340,2025-02-28 14:20:00+03:00,55.660969,37.094211,Столкновение,Тяжёлый,1,0,,True
1494347,2025-02-28 14:36:00+03:00,55.891173,37.558297,Наезд на пешехода,Тяжёлый,1,0,,True
1494348,2025-02-28 14:39:00+03:00,55.879812,37.697525,Наезд на пешехода,Легкий,1,0,,True
1494356,2025-02-28 15:03:00+03:00,55.737362,37.518826,Наезд на пешехода,Тяжёлый,1,0,,True
1494362,2025-02-28 15:20:00+03:00,55.849614,37.354084,Наезд на пешехода,Легкий,1,0,,True
1494381,2025-02-28 16:18:00+03:00,55.865704,37.547096,Столкновение,Тяжёлый,2,0,,True
1494396,2025-02-28 16:40:00+03:00,55.862717,37.619795,Наезд на велосипедиста,Тяжёлый,1,0,,True
1494407,2025-02-28 17:13:00+03:00,55.711782,37.614025,Падение пассажира,Тяжёлый,1,0,,True
1494410,2025-02-28 17:25:00+03:00,55.871254,37.586739,Наезд на велосипедиста,Тяжёлый,1,0,,True
1494417,2025-02-28 17:52:00+03:00,55.848819,37.52095,Столкновение,Тяжёлый,2,0,,True
1494423,2025-02-28 18:12:00+03:00,55.709044,37.454737,Столкновение,Тяжёлый,1,0,,True
1494430,2025-02-28 18:30:00+03:00,55.773888,37.484107,Столкновение,Легкий,1,0,,True
1494436,2025-02-28 18:40:00+03:00,55.522001,37.524601,Столкновение,Тяжёлый,2,0,,True
1494442,2025-02-28 19:05:00+03:00,55.671775,37.556136,Наезд на пешехода,Тяжёлый,1,0,,True
1494475,2025-02-28 20:47:00+03:00,55.502972,37.273607,Столкновение,Тяжёлый,1,0,,True
1494486,2025-02-28 22:00:00+03:00,55.244378,37.057335,Столкновение,С погибшими,0,2,,True
1494496,2025-02-28 23:00:00+03:00,55.679807,37.676963,Столкновение,Тяжёлый,1,0,,True
1494500,2025-02-28 23:55:00+03:00,55.705716,37.922895,Столкновение,Тяжёлый,1,0,,True
1494507,2025-03-01 00:52:00+03:00,55.806479,37.581675,Наезд на пешехода,С погибшими,0,1,,True
1494520,2025-03-01 06:44:00+03:00,55.73902,37.435285,Столкновение,Тяжёлый,3,0,,True
1494524,2025-03-01 07:00:00+03:00,55.85819,37.485502,Наезд на препятствие,Тяжёлый,1,0,,True
1494529,2025-03-01 07:40:00+03:00,55.87838,37.54657,Столкновение,Тяжёлый,1,0,,True
1494547,2025-03-01 10:00:00+03:00,55.834867,37.636843,Столкновение,Тяжёлый,1,0,,True
1494552,2025-03-01 10:30:00+03:00,55.870508,37.634053,Столкновение,Тяжёлый,1,0,,True
1494574,2025-03-01 12:52:00+03:00,55.768577,37.613046,Падение пассажира,Тяжёлый,1,0,,True
1494582,2025-03-01 13:33:00+03:00,55.674572,37.422706,Столкновение,Тяжёлый,1,0,,True
1494612,2025-03-01 15:30:00+03:00,55.850566,37.788184,Столкновение,Легкий,1,0,,True
1494634,2025-03-01 16:30:00+03:00,55.605227,37.3655,Наезд на пешехода,Тяжёлый,1,0,,True
1494648,2025-03-01 18:20:00+03:00,55.735897,37.229421,Наезд на пешехода,Легкий,1,0,,True
1494654,2025-03-01 18:35:00+03:00,55.863082,37.607066,Наезд на пешехода,Тяжёлый,1,0,,True
1494667,2025-03-01 19:20:00+03:00,55.750859,37.600161,Наезд на пешехода,Тяжёлый,1,0,,True
1494688,2025-03-01 20:50:00+03:00,55.738337,37.474478,Опрокидывание,Тяжёлый,1,0,,True
1494691,2025-03-01 21:05:00+03:00,55.553374,37.496037,Столкновение,Тяжёлый,2,0,,True
1494694,2025-03-01 21:25:00+03:00,55.658905,37.759259,Столкновение,Тяжёлый,1,0,,True
1494699,2025-03-01 21:50:00+03:00,55.54118,37.44588,Столкновение,Тяжёлый,1,0,,True
1494701,2025-03-01 22:08:00+03:00,55.668155,37.58342,Столкновение,С погибшими,0,1,,True
1494729,2025-03-02 01:35:00+03:00,55.765946,37.636263,Наезд на пешехода,Тяжёлый,1,0,,True
1494731,2025-03-02 02:30:00+03:00,55.769494,37.594904,Столкновение,Тяжёлый,1,0,,True
1494738,2025-03-02 06:17:00+03:00,55.604827,37.353269,Наезд на пешехода,С погибшими,0,1,,True
1494748,2025-03-02 07:45:00+03:00,55.736981,37.24773,Наезд на пешехода,Тяжёлый,1,0,,True
1494774,2025-03-02 11:45:00+03:00,55.522643,37.515306,Столкновение,Тяжёлый,3,0,,True
1494778,2025-03-02 12:00:00+03:00,55.635503,37.591979,Наезд на велосипедиста,Легкий,1,0,,True
1494787,2025-03-02 12:50:00+03:00,55.720524,37.801595,Столкновение,Тяжёлый,1,0,,True
1494813,2025-03-02 14:30:00+03:00,55.7314,37.665811,Наезд на пешехода,Тяжёлый,1,0,,True
1494816,2025-03-02 14:52:00+03:00,55.690788,37.477037,Наезд на пешехода,Тяжёлый,1,0,,True
1494833,2025-03-02 15:45:00+03:00,55.728929,37.493184,Столкновение,Тяжёлый,1,0,,True
1494859,2025-03-02 18:00:00+03:00,55.808833,37.495078,Падение пассажира,Тяжёлый,1,0,,True
1494882,2025-03-02 20:05:00+03:00,55.601214,37.643441,Столкновение,Легкий,1,0,,True
1494895,2025-03-02 20:41:00+03:00,55.772554,37.589539,Наезд на велосипедиста,Тяжёлый,1,0,,True
1494919,2025-03-02 23:00:00+03:00,55.715109,37.713039,Столкновение,Тяжёлый,1,0,,True
1494935,2025-03-03 04:48:00+03:00,55.665393,37.429605,Наезд на стоящее ТС,Тяжёлый,1,0,,True
1494961,2025-03-03 08:00:00+03:00,55.727086,37.536474,Столкновение,Тяжёлый,1,0,,True
1494964,2025-03-03 08:00:00+03:00,55.713369,37.731385,Столкновение,Тяжёлый,1,0,,True
1494970,2025-03-03 08:30:00+03:00,55.896558,37.603025,Наезд на пешехода,Тяжёлый,1,0,,True
1494982,2025-03-03 09:00:00+03:00,55.72363,37.603551,Столкновение,Тяжёлый,2,0,,True
1494991,2025-03-03 09:55:00+03:00,55.745171,37.721279,Падение пассажира,Тяжёлый,1,0,,True
1495020,2025-03-03 12:22:00+03:00,55.840404,37.542772,Наезд на пешехода,Тяжёлый,1,0,,True
1495023,2025-03-03 12:30:00+03:00,55.792427,37.359513,Столкновение,Тяжёлый,1,0,,True
1495025,2025-03-03 12:35:00+03:00,55.588166,37.720437,Столкновение,Тяжёлый,1,0,,True
1495026,2025-03-03 12:37:00+03:00,55.794532,37.772155,Наезд на пешехода,Легкий,1,0,,True
1495028,2025-03-03 12:55:00+03:00,55.712734,37.719744,Столкновение,Тяжёлый,1,0,,True
1495047,2025-03-03 14:05:00+03:00,55.879367,37.581503,Наезд на пешехода,Тяжёлый,1,0,,True
1495052,2025-03-03 14:23:00+03:00,55.758201,37.657893,Столкновение,Тяжёлый,1,0,,True
1495055,2025-03-03 14:30:00+03:00,55.545661,37.585302,Столкновение,Тяжёлый,2,0,,True
1495060,2025-03-03 14:45:00+03:00,55.681934,37.678009,Столкновение,Тяжёлый,1,0,,True
1495074,2025-03-03 15:47:00+03:00,55.590315,37.47546,Наезд на стоящее ТС,Тяжёлый,1,0,,True
1495078,2025-03-03 16:13:00+03:00,55.737343,37.824491,Столкновение,Легкий,1,0,,True
1495093,2025-03-03 17:25:00+03:00,55.780097,37.610493,Наезд на пешехода,Тяжёлый,1,0,,True
1495094,2025-03-03 17:27:00+03:00,55.684885,37.659051,Столкновение,Тяжёлый,1,0,,True
1495107,2025-03-03 18:45:00+03:00,55.751445,37.712771,Наезд на пешехода,Тяжёлый,1,0,,True
1495110,2025-03-03 18:54:00+03:00,55.860749,37.398984,Наезд на стоящее ТС,Тяжёлый,1,0,,True
1495112,2025-03-03 18:58:00+03:00,55.608572,37.394543,Наезд на препятствие,Тяжёлый,1,0,,True
1495123,2025-03-03 19:34:00+03:00,55.640326,37.819684,Столкновение,Тяжёлый,2,0,,True
1495153,2025-03-03 21:22:00+03:00,55.853824,37.415035,Наезд на пешехода,Легкий,1,0,,True
1495159,2025-03-03 21:45:00+03:00,55.586816,37.651713,Наезд на пешехода,Тяжёлый,1,0,,True
1495166,2025-03-03 22:20:00+03:00,55.788688,37.841721,Столкновение,Тяжёлый,3,0,,True
1495177,2025-03-04 00:55:00+03:00,55.888237,37.436954,Наезд на пешехода,Тяжёлый,1,0,,True
1495194,2025-03-04 07:00:00+03:00,55.575143,37.609374,Наезд на препятствие,Тяжёлый,1,0,,True
1495271,2025-03-04 11:30:00+03:00,55.714716,37.62194,Наезд на пешехода,Тяжёлый,1,0,,True
1495279,2025-03-04 12:00:00+03:00,55.821085,37.392032,Наезд на стоящее ТС,Тяжёлый,1,0,,True
1495280,2025-03-04 12:07:00+03:00,55.663647,37.437431,Столкновение,Тяжёлый,1,0,,True
1495292,2025-03-04 13:05:00+03:00,55.870808,37.658182,Наезд на пешехода,Тяжёлый,1,0,,True
1495344,2025-03-04 16:18:00+03:00,55.836952,37.418146,Наезд на пешехода,Тяжёлый,1,0,,True
1495366,2025-03-04 17:45:00+03:00,55.7536,37.369319,Падение пассажира,Тяжёлый,1,0,,True
1495377,2025-03-04 18:30:00+03:00,55.97004,37.168272,Столкновение,Легкий,1,0,,True
1495384,2025-03-04 18:46:00+03:00,55.768999,37.574658,Наезд на пешехода,Тяжёлый,1,0,,True
1495385,2025-03-04 18:50:00+03:00,55.738742,37.413023,Столкновение,Тяжёлый,1,0,,True
1495391,2025-03-04 19:05:00+03:00,55.634658,37.699145,Столкновение,Тяжёлый,1,0,,True
1495402,2025-03-04 19:35:00+03:00,55.666001,37.468298,Наезд на пешехода,Тяжёлый,2,0,,True
1495403,2025-03-04 19:35:00+03:00,55.632397,37.656888,Наезд на пешехода,Тяжёлый,1,0,,True
1495425,2025-03-04 20:39:00+03:00,55.705069,37.767928,Наезд на пешехода,Тяжёлый,1,0,,True
1495430,2025-03-04 20:55:00+03:00,55.785442,37.513397,Столкновение,Тяжёлый,1,0,,True
1495434,2025-03-04 21:05:00+03:00,55.857882,37.506069,Столкновение,Тяжёлый,1,0,,True
1495435,2025-03-04 21:15:00+03:00,55.798374,37.612878,Наезд на пешехода,Тяжёлый,1,0,,True
1495446,2025-03-04 22:13:00+03:00,55.866739,37.479075,Столкновение,Тяжёлый,1,0,,True
1495453,2025-03-04 23:05:00+03:00,55.679284,37.668461,Наезд на пешехода,С погибшими,0,1,,True
1495482,2025-03-05 06:50:00+03:00,55.60133,37.604356,Столкновение,Тяжёлый,1,0,,True
1495523,2025-03-05 08:30:00+03:00,55.794291,37.556612,Наезд на пешехода,Тяжёлый,1,0,,True
1495542,2025-03-05 09:25:00+03:00,55.874107,37.606759,Наезд на пешехода,Тяжёлый,1,0,,True
1495567,2025-03-05 11:21:00+03:00,55.707833,37.666884,Столкновение,Тяжёлый,1,0,,True
1495573,2025-03-05 11:41:00+03:00,55.849204,37.439861,Столкновение,Тяжёлый,1,0,,True
1495580,2025-03-05 12:10:00+03:00,55.734695,37.629542,Наезд на пешехода,Легкий,1,0,,True
1495587,2025-03-05 12:42:00+03:00,55.80034,37.50535,Падение пассажира,Тяжёлый,1,0,,True
1495607,2025-03-05 13:41:00+03:00,55.711066,37.63989,Падение пассажира,Тяжёлый,1,0,,True
1495632,2025-03-05 15:06:00+03:00,55.800262,37.542987,Наезд на пешехода,Тяжёлый,1,0,,True
1495643,2025-03-05 16:00:00+03:00,55.865643,37.533417,Наезд на пешехода,Тяжёлый,1,0,,True
1495647,2025-03-05 16:05:00+03:00,55.90749,37.539672,Наезд на стоящее ТС,Тяжёлый,1,0,,True
1495658,2025-03-05 16:44:00+03:00,55.872542,37.652636,Наезд на велосипедиста,Тяжёлый,1,0,,True
1495664,2025-03-05 16:56:00+03:00,55.671635,37.541834,Наезд на пешехода,Тяжёлый,1,0,,True
1495683,2025-03-05 18:31:00+03:00,55.988181,37.229179,Столкновение,Легкий,1,0,,True
1495698,2025-03-05 19:30:00+03:00,55.845843,37.379533,Наезд на пешехода,Тяжёлый,1,0,,True
1495708,2025-03-05 20:05:00+03:00,55.674514,37.604458,Наезд на пешехода,Тяжёлый,1,0,,True
1495709,2025-03-05 20:06:00+03:00,55.675092,37.628721,Наезд на пешехода,Тяжёлый,2,0,,True
1495710,2025-03-05 20:10:00+03:00,55.817348,37.498527,Наезд на пешехода,Тяжёлый,1,0,,True
1495716,2025-03-05 20:25:00+03:00,55.754437,37.708302,Наезд на пешехода,Тяжёлый,1,0,,True
1495721,2025-03-05 20:40:00+03:00,55.631594,37.755364,Наезд на пешехода,Тяжёлый,1,0,,True
1495725,2025-03-05 20:50:00+03:00,55.772596,37.492518,Столкновение,Тяжёлый,1,0,,True
1495739,2025-03-05 22:30:00+03:00,55.63527,37.7319,Наезд на велосипедиста,Тяжёлый,1,0,,True
1495742,2025-03-05 22:30:00+03:00,55.850319,37.566472,Столкновение,Тяжёлый,1,0,,True
1495746,2025-03-05 23:00:00+03:00,55.782021,37.739915,Наезд на пешехода,Тяжёлый,1,0,,True
1495775,2025-03-06 07:30:00+03:00,55.568776,37.575897,Падение пассажира,Тяжёлый,1,0,,True
1495790,2025-03-06 08:00:00+03:00,55.654844,37.756212,Наезд на пешехода,Тяжёлый,1,0,,True
1495801,2025-03-06 08:48:00+03:00,55.973582,37.149239,Столкновение,Легкий,2,0,,True
1495816,2025-03-06 09:30:00+03:00,55.737096,37.516229,Наезд на пешехода,Тяжёлый,1,0,,True
1495853,2025-03-06 12:12:00+03:00,55.762728,37.496102,Наезд на пешехода,Тяжёлый,1,0,,True
1495874,2025-03-06 13:50:00+03:00,55.806575,37.706484,Наезд на пешехода,Легкий,1,0,,True
1495890,2025-03-06 14:50:00+03:00,55.874396,37.709005,Наезд на пешехода,Тяжёлый,1,0,,True
1495902,2025-03-06 15:22:00+03:00,55.759366,37.405411,Наезд на пешехода,Тяжёлый,1,0,,True
1495925,2025-03-06 16:24:00+03:00,55.765475,37.566086,Наезд на пешехода,Тяжёлый,1,0,,True
1495928,2025-03-06 16:35:00+03:00,55.634325,37.671347,Наезд на пешехода,Легкий,1,0,,True
1495929,2025-03-06 16:40:00+03:00,55.659741,37.427995,Столкновение,Тяжёлый,1,0,,True
1495955,2025-03-06 17:35:00+03:00,55.716729,37.474473,Столкновение,Тяжёлый,1,0,,True
1495966,2025-03-06 18:02:00+03:00,55.918045,37.543931,Столкновение,Тяжёлый,2,0,,True
1495998,2025-03-06 19:40:00+03:00,55.705458,37.62156,Столкновение,Тяжёлый,1,0,,True
1496007,2025-03-06 19:55:00+03:00,55.702796,37.675788,Наезд на пешехода,С погибшими,1,1,,True
1496011,2025-03-06 20:02:00+03:00,55.752821,37.605418,Наезд на пешехода,Тяжёлый,1,0,,True
1496012,2025-03-06 20:05:00+03:00,55.317333,37.15809,Столкновение,Тяжёлый,1,0,,True
1496013,2025-03-06 20:05:00+03:00,55.771836,37.416086,Столкновение,Тяжёлый,1,0,,True
1496014,2025-03-06 20:07:00+03:00,55.710018,37.597408,Падение пассажира,Легкий,1,0,,True
1496015,2025-03-06 20:10:00+03:00,55.830921,37.359556,Наезд на пешехода,Тяжёлый,1,0,,True
1496022,2025-03-06 20:30:00+03:00,55.609669,37.537301,Наезд на пешехода,Тяжёлый,1,0,,True
1496103,2025-03-07 07:42:00+03:00,55.727817,37.42306,Наезд на пешехода,Тяжёлый,1,0,,True
1496125,2025-03-07 08:30:00+03:00,55.869779,37.409563,Столкновение,Тяжёлый,1,0,,True
1496140,2025-03-07 09:15:00+03:00,55.807287,37.757939,Наезд на пешехода,Легкий,1,0,,True
1496161,2025-03-07 10:10:00+03:00,55.830445,37.493688,Столкновение,Тяжёлый,1,0,,True
1496163,2025-03-07 10:20:00+03:00,55.413931,37.264026,Столкновение,Тяжёлый,1,0,,True
1496164,2025-03-07 10:20:00+03:00,55.74056,37.431831,Падение пассажира,Тяжёлый,1,0,,True
1496170,2025-03-07 10:50:00+03:00,55.815612,37.503816,Столкновение,Тяжёлый,1,0,,True
1496175,2025-03-07 11:10:00+03:00,55.844326,37.350168,Наезд на велосипедиста,Тяжёлый,1,0,,True
1496186,2025-03-07 11:50:00+03:00,55.84497,37.378385,Столкновение,Тяжёлый,1,0,,True
1496207,2025-03-07 12:40:00+03:00,55.736232,37.664266,Наезд на пешехода,Тяжёлый,1,0,,True
1496242,2025-03-07 14:50:00+03:00,55.661199,37.74058,Столкновение,Тяжёлый,3,0,,True
1496246,2025-03-07 15:00:00+03:00,55.954288,37.344664,Столкновение,Тяжёлый,1,0,,True
1496254,2025-03-07 15:15:00+03:00,55.607972,37.607929,Столкновение,Тяжёлый,1,0,,True
1496262,2025-03-07 15:40:00+03:00,55.71947,37.483222,Наезд на пешехода,Тяжёлый,1,0,,True
1496266,2025-03-07 15:45:00+03:00,55.738189,37.630588,Опрокидывание,Тяжёлый,1,0,,True
1496276,2025-03-07 16:00:00+03:00,55.608093,37.258061,Наезд на препятствие,Тяжёлый,1,0,,True
1496278,2025-03-07 16:00:00+03:00,55.718657,37.729111,Столкновение,Тяжёлый,1,0,,True
1496286,2025-03-07 16:20:00+03:00,55.761678,37.778581,Наезд на пешехода,Легкий,1,0,,True
1496299,2025-03-07 16:46:00+03:00,55.875142,37.665231,Наезд на пешехода,Тяжёлый,1,0,,True
1496313,2025-03-07 17:20:00+03:00,55.680736,37.690948,Столкновение,Тяжёлый,1,0,,True
1496335,2025-03-07 18:45:00+03:00,55.852999,37.64814,Столкновение,Тяжёлый,3,0,,True
1496336,2025-03-07 18:50:00+03:00,55.790009,37.732952,Наезд на пешехода,С погибшими,0,1,,True
1496358,2025-03-07 20:15:00+03:00,55.516939,37.576118,Наезд на велосипедиста,Тяжёлый,1,0,,True
1496380,2025-03-07 21:40:00+03:00,55.768722,37.580291,Наезд на пешехода,Тяжёлый,1,0,,True
1496385,2025-03-07 22:00:00+03:00,55.731255,37.637132,Наезд на пешехода,Тяжёлый,1,0,,True
1496445,2025-03-08 08:20:00+03:00,55.633531,37.76229,Столкновение,Тяжёлый,2,0,,True
1496449,2025-03-08 08:43:00+03:00,55.73179,37.669116,Наезд на пешехода,С погибшими,0,1,,True
1496450,2025-03-08 08:44:00+03:00,55.869839,37.662925,Наезд на пешехода,С погибшими,0,1,,True
1496452,2025-03-08 08:55:00+03:00,55.608421,37.495465,Наезд на стоящее ТС,Тяжёлый,2,0,,True
1496498,2025-03-08 12:01:00+03:00,55.586095,37.666411,Наезд на велосипедиста,Тяжёлый,1,0,,True
1496509,2025-03-08 12:30:00+03:00,55.731531,37.620987,Наезд на велосипедиста,Тяжёлый,1,0,,True
1496516,2025-03-08 12:45:00+03:00,55.786812,37.738734,Столкновение,Тяжёлый,2,0,,True
1496522,2025-03-08 13:15:00+03:00,55.627081,37.308304,Наезд на пешехода,Тяжёлый,1,0,,True
1496532,2025-03-08 14:00:00+03:00,55.574368,37.68338,Столкновение,Тяжёлый,1,0,,True
1496533,2025-03-08 14:03:00+03:00,55.827932,37.490351,Столкновение,Тяжёлый,1,0,,True
1496534,2025-03-08 14:05:00+03:00,55.651267,37.747972,Опрокидывание,Тяжёлый,1,0,,True
1496536,2025-03-08 14:15:00+03:00,55.615207,37.551473,Наезд на пешехода,Легкий,1,0,,True
1496537,2025-03-08 14:20:00+03:00,55.851626,37.785459,Столкновение,Тяжёлый,2,0,,True
1496560,2025-03-08 15:30:00+03:00,55.705759,37.620525,Столкновение,Тяжёлый,1,0,,True
1496562,2025-03-08 15:37:00+03:00,55.898079,37.583842,Столкновение,Тяжёлый,1,0,,True
1496566,2025-03-08 15:58:00+03:00,55.734577,37.40657,Наезд на пешехода,Тяжёлый,1,0,,True
1496588,2025-03-08 17:32:00+03:00,55.653639,37.645962,Падение пассажира,Тяжёлый,1,0,,True
1496620,2025-03-08 19:59:00+03:00,55.92241,37.37419,Наезд на пешехода,Тяжёлый,1,0,,True
1496663,2025-03-08 22:40:00+03:00,55.731557,37.823385,Столкновение,Тяжёлый,1,0,,True
1496671,2025-03-08 23:29:00+03:00,55.653122,37.619672,Столкновение,Тяжёлый,2,0,,True
1496683,2025-03-09 00:19:00+03:00,55.828848,37.394049,Наезд на стоящее ТС,Тяжёлый,2,0,,True
1496734,2025-03-09 09:00:00+03:00,55.656478,37.493602,Наезд на пешехода,Тяжёлый,1,0,,True
1496746,2025-03-09 10:24:00+03:00,55.5893,37.538861,Наезд на препятствие,Тяжёлый,2,0,,True
1496747,2025-03-09 10:30:00+03:00,55.247032,37.322853,Столкновение,Тяжёлый,2,0,,True
1496755,2025-03-09 11:12:00+03:00,55.735531,37.486907,Падение пассажира,Тяжёлый,1,0,,True
1496771,2025-03-09 12:05:00+03:00,55.84708,37.626491,Наезд на стоящее ТС,Тяжёлый,3,0,,True
1496792,2025-03-09 13:27:00+03:00,55.606257,37.592812,Наезд на пешехода,Тяжёлый,1,0,,True
1496798,2025-03-09 13:40:00+03:00,55.613971,37.611083,Столкновение,Тяжёлый,2,0,,True
1496821,2025-03-09 14:35:00+03:00,55.709325,37.907188,Столкновение,Тяжёлый,1,0,,True
1496847,2025-03-09 16:03:00+03:00,55.711169,37.620943,Наезд на пешехода,Тяжёлый,1,0,,True
1496897,2025-03-09 18:40:00+03:00,55.860454,37.768357,Столкновение,Тяжёлый,1,0,,True
1496906,2025-03-09 19:32:00+03:00,55.852059,37.519164,Наезд на пешехода,Тяжёлый,1,0,,True
1496911,2025-03-09 20:04:00+03:00,55.820441,37.827644,Падение пассажира,Легкий,1,0,,True
1496932,2025-03-09 21:00:00+03:00,55.899499,37.58719,Падение пассажира,Тяжёлый,1,0,,True
1496934,2025-03-09 21:01:00+03:00,55.604766,37.738584,Падение пассажира,Тяжёлый,1,0,,True
1496956,2025-03-10 00:40:00+03:00,55.583066,37.680786,Столкновение,Тяжёлый,1,0,,True
1496970,2025-03-10 06:08:00+03:00,55.841537,37.805103,Наезд на стоящее ТС,Тяжёлый,1,0,,True
1497018,2025-03-10 08:21:00+03:00,55.883135,37.566676,Столкновение,Легкий,1,0,,True
1497043,2025-03-10 10:10:00+03:00,55.817439,37.530166,Наезд на пешехода,Тяжёлый,1,0,,True
1497047,2025-03-10 10:38:00+03:00,55.570617,37.561701,Наезд на стоящее ТС,Тяжёлый,1,0,,True
1497064,2025-03-10 11:57:00+03:00,55.589869,37.535375,Столкновение,Тяжёлый,1,0,,True
1497088,2025-03-10 13:15:00+03:00,55.812472,37.528964,Наезд на препятствие,Легкий,4,0,,True
1497091,2025-03-10 13:21:00+03:00,55.704674,37.625401,Наезд на пешехода,Тяжёлый,1,0,,True
1497096,2025-03-10 13:41:00+03:00,55.652804,37.398266,Наезд на велосипедиста,Тяжёлый,1,0,,True
1497101,2025-03-10 14:00:00+03:00,55.583524,37.708007,Столкновение,Тяжёлый,1,0,,True
1497102,2025-03-10 14:10:00+03:00,55.694562,37.492712,Наезд на препятствие,Тяжёлый,1,0,,True
1497104,2025-03-10 14:25:00+03:00,55.668452,37.660916,Столкновение,Легкий,1,0,,True
1497106,2025-03-10 14:30:00+03:00,55.639485,37.596223,Наезд на велосипедиста,Тяжёлый,1,0,,True
1497140,2025-03-10 16:15:00+03:00,55.705475,37.668192,Наезд на пешехода,Тяжёлый,1,0,,True
1497175,2025-03-10 18:30:00+03:00,55.793941,37.616093,Падение пассажира,Тяжёлый,1,0,,True
1497181,2025-03-10 19:05:00+03:00,55.778003,37.711837,Наезд на велосипедиста,Легкий,1,0,,True
1497183,2025-03-10 19:15:00+03:00,55.820911,37.510393,Падение пассажира,Легкий,1,0,,True
1497193,2025-03-10 19:48:00+03:00,55.607775,37.52471,Столкновение,Тяжёлый,2,0,,True
1497198,2025-03-10 20:00:00+03:00,55.72859,37.732844,Наезд на пешехода,Тяжёлый,1,0,,True
1497203,2025-03-10 20:30:00+03:00,55.652338,37.774773,Столкновение,Тяжёлый,2,0,,True
1497220,2025-03-10 21:45:00+03:00,55.816332,37.643637,Наезд на пешехода,Тяжёлый,1,0,,True
1497224,2025-03-10 22:10:00+03:00,55.602705,37.484128,"Наезд на лицо, не являющееся участником дорожного движения, осуществляющее несение службы",Тяжёлый,1,0,,True
1497235,2025-03-11 02:30:00+03:00,55.913427,37.402782,Столкновение,Легкий,1,0,,True
1497244,2025-03-11 07:06:00+03:00,55.791052,37.799331,Наезд на пешехода,Легкий,1,0,,True
1497269,2025-03-11 08:30:00+03:00,55.476598,37.54023,Наезд на пешехода,Тяжёлый,1,0,,True
1497274,2025-03-11 08:50:00+03:00,55.737066,37.589529,Столкновение,Тяжёлый,1,0,,True
1497281,2025-03-11 09:20:00+03:00,55.746324,37.867674,Падение пассажира,Легкий,1,0,,True
1497305,2025-03-11 10:40:00+03:00,55.839283,37.481886,Столкновение,Тяжёлый,1,0,,True
1497314,2025-03-11 11:29:00+03:00,55.908232,37.370113,Столкновение,Легкий,1,0,,True
1497348,2025-03-11 14:44:00+03:00,55.581262,37.682537,Столкновение,Тяжёлый,2,0,,True
1497354,2025-03-11 15:12:00+03:00,55.805713,37.508333,Наезд на пешехода,Тяжёлый,1,0,,True
1497413,2025-03-11 18:22:00+03:00,55.795304,37.490029,Наезд на пешехода,Тяжёлый,1,0,,True
1497424,2025-03-11 19:23:00+03:00,55.86229,37.421815,Наезд на пешехода,Легкий,1,0,,True
1497431,2025-03-11 19:50:00+03:00,55.781322,37.480524,Наезд на стоящее ТС,Тяжёлый,1,0,,True
1497437,2025-03-11 20:00:00+03:00,55.52823,37.510715,Столкновение,Тяжёлый,1,0,,True
1497442,2025-03-11 20:28:00+03:00,55.810651,37.514845,Столкновение,Тяжёлый,1,0,,True
1497467,2025-03-11 22:50:00+03:00,55.877797,37.431793,Наезд на препятствие,Тяжёлый,1,0,,True
1497475,2025-03-12 00:45:00+03:00,55.880384,37.69628,Столкновение,Тяжёлый,2,0,,True
1497522,2025-03-12 09:00:00+03:00,55.727853,37.783849,Столкновение,Легкий,1,0,,True
1497533,2025-03-12 09:51:00+03:00,55.749827,37.606169,Наезд на препятствие,Тяжёлый,1,0,,True
1497541,2025-03-12 10:36:00+03:00,55.731297,37.854574,Столкновение,Тяжёлый,1,0,,True
1497547,2025-03-12 11:05:00+03:00,55.778415,37.646819,Столкновение,Тяжёлый,1,0,,True
1497590,2025-03-12 13:50:00+03:00,55.709591,37.657624,Падение пассажира,Легкий,1,0,,True
1497605,2025-03-12 14:40:00+03:00,55.85958,37.433038,Столкновение,Тяжёлый,1,0,,True
1497623,2025-03-12 15:37:00+03:00,55.884727,37.696916,Столкновение,Тяжёлый,1,0,,True
1497634,2025-03-12 16:40:00+03:00,55.705057,37.480448,Падение пассажира,Тяжёлый,1,0,,True
1497647,2025-03-12 17:35:00+03:00,55.709361,37.478474,Столкновение,Тяжёлый,1,0,,True
1497650,2025-03-12 17:59:00+03:00,55.777273,37.680225,Столкновение,Тяжёлый,4,0,,True
1497668,2025-03-12 18:46:00+03:00,55.708186,37.484863,Наезд на пешехода,Тяжёлый,1,0,,True
1497681,2025-03-12 19:29:00+03:00,55.807884,37.532526,Наезд на пешехода,Тяжёлый,1,0,,True
1497686,2025-03-12 19:43:00+03:00,55.662591,37.566773,Наезд на пешехода,Тяжёлый,1,0,,True
1497690,2025-03-12 19:50:00+03:00,55.663096,37.616925,Столкновение,Тяжёлый,1,0,,True
1497696,2025-03-12 20:05:00+03:00,55.567032,37.485759,Наезд на пешехода,Тяжёлый,1,0,,True
1497697,2025-03-12 20:06:00+03:00,55.649532,37.411199,Наезд на пешехода,Тяжёлый,1,0,,True
1497701,2025-03-12 20:21:00+03:00,55.789478,37.716461,Наезд на велосипедиста,Тяжёлый,1,0,,True
1497708,2025-03-12 21:05:00+03:00,55.897761,37.605997,Падение пассажира,Тяжёлый,1,0,,True
1497709,2025-03-12 21:18:00+03:00,55.732188,37.582667,Столкновение,Тяжёлый,1,0,,True
1497710,2025-03-12 21:30:00+03:00,55.782932,37.448187,Наезд на пешехода,Легкий,1,0,,True
1497712,2025-03-12 21:45:00+03:00,55.79259,37.582769,Наезд на пешехода,Тяжёлый,1,0,,True
1497713,2025-03-12 22:30:00+03:00,55.78762,37.398212,Наезд на препятствие,Тяжёлый,1,0,,True
1497718,2025-03-12 23:48:00+03:00,55.76396,37.656541,Столкновение,Тяжёлый,1,0,,True
1497749,2025-03-13 08:00:00+03:00,55.595735,37.618947,Столкновение,Тяжёлый,1,0,,True
1497767,2025-03-13 08:50:00+03:00,55.751119,37.409423,Столкновение,Тяжёлый,1,0,,True
1497779,2025-03-13 09:26:00+03:00,55.723727,37.450762,Столкновение,Тяжёлый,1,0,,True
1497787,2025-03-13 09:56:00+03:00,55.788977,37.784268,Наезд на пешехода,С погибшими,1,1,,True
1497804,2025-03-13 11:26:00+03:00,55.779487,37.531668,Наезд на пешехода,Тяжёлый,1,0,,True
1497808,2025-03-13 11:42:00+03:00,55.612847,37.492974,Столкновение,Тяжёлый,1,0,,True
1497812,2025-03-13 12:00:00+03:00,55.884976,37.631178,Столкновение,Тяжёлый,1,0,,True
1497822,2025-03-13 12:40:00+03:00,55.833632,37.347894,Наезд на пешехода,Тяжёлый,1,0,,True
1497847,2025-03-13 13:36:00+03:00,55.788744,37.622486,Наезд на велосипедиста,Тяжёлый,1,0,,True
1497868,2025-03-13 14:30:00+03:00,55.867414,37.705358,Столкновение,Тяжёлый,1,0,,True
1497881,2025-03-13 15:25:00+03:00,55.843832,37.392461,Столкновение,Тяжёлый,1,0,,True
1497897,2025-03-13 16:26:00+03:00,55.657023,37.74412,Наезд на пешехода,Тяжёлый,1,0,,True
1497901,2025-03-13 16:33:00+03:00,55.718959,37.501327,Столкновение,Тяжёлый,1,0,,True
1497915,2025-03-13 17:00:00+03:00,55.796113,37.73881,Наезд на пешехода,Тяжёлый,1,0,,True
1497917,2025-03-13 17:05:00+03:00,55.398246,37.25171,Столкновение,Тяжёлый,2,0,,True
1497922,2025-03-13 17:25:00+03:00,55.621926,37.667452,Наезд на пешехода,Тяжёлый,1,0,,True
1497924,2025-03-13 17:26:00+03:00,55.719515,37.437072,Наезд на пешехода,Тяжёлый,1,0,,True
1497926,2025-03-13 17:30:00+03:00,55.794882,37.595161,Наезд на пешехода,Тяжёлый,1,0,,True
1497932,2025-03-13 17:51:00+03:00,55.696285,37.50505,Столкновение,Тяжёлый,1,0,,True
1497934,2025-03-13 17:54:00+03:00,55.6267,37.752886,Наезд на пешехода,Тяжёлый,1,0,,True
1497943,2025-03-13 18:33:00+03:00,55.704961,37.818739,Наезд на пешехода,Тяжёлый,1,0,,True
1497962,2025-03-13 19:31:00+03:00,55.665587,37.769279,Наезд на велосипедиста,Тяжёлый,1,0,,True
1498001,2025-03-13 21:54:00+03:00,55.809524,37.781993,Столкновение,Легкий,1,0,,True
1498011,2025-03-13 23:12:00+03:00,55.821785,37.635548,Столкновение,Тяжёлый,1,0,,True
1498017,2025-03-14 00:09:00+03:00,55.655219,37.394307,Падение пассажира,Тяжёлый,1,0,,True
1498020,2025-03-14 00:58:00+03:00,55.877128,37.450215,Столкновение,С погибшими,2,1,,True
1498028,2025-03-14 05:07:00+03:00,55.764304,37.78254,Столкновение,Легкий,1,0,,True
1498031,2025-03-14 05:45:00+03:00,55.576219,37.596863,Столкновение,Тяжёлый,1,0,,True
1498032,2025-03-14 06:00:00+03:00,55.841512,37.38479,Наезд на пешехода,Тяжёлый,1,0,,True
1498045,2025-03-14 07:50:00+03:00,55.698226,37.939653,Столкновение,Тяжёлый,1,0,,True
1498061,2025-03-14 08:32:00+03:00,55.630161,37.591636,Наезд на пешехода,Легкий,1,0,,True
1498073,2025-03-14 09:30:00+03:00,55.739621,37.760128,Столкновение,Легкий,1,0,,True
1498082,2025-03-14 10:40:00+03:00,55.62792,37.649625,Наезд на пешехода,Тяжёлый,1,0,,True
1498110,2025-03-14 12:10:00+03:00,55.655602,37.582096,Наезд на пешехода,Тяжёлый,1,0,,True
1498146,2025-03-14 13:55:00+03:00,55.696889,37.570932,Наезд на пешехода,Тяжёлый,1,0,,True
1498154,2025-03-14 14:24:00+03:00,55.659329,37.749635,Наезд на пешехода,Тяжёлый,1,0,,True
1498189,2025-03-14 15:45:00+03:00,55.848458,37.474794,Столкновение,Легкий,1,0,,True
1498195,2025-03-14 16:11:00+03:00,55.631352,37.478787,Наезд на пешехода,Тяжёлый,1,0,,True
1498196,2025-03-14 16:15:00+03:00,55.641523,37.530063,Наезд на пешехода,С погибшими,0,1,,True
1498201,2025-03-14 16:30:00+03:00,55.646811,37.736996,Столкновение,Тяжёлый,1,0,,True
1498210,2025-03-14 16:50:00+03:00,55.725757,37.839993,Отбрасывание предмета,Тяжёлый,1,0,,True
1498232,2025-03-14 17:50:00+03:00,55.663136,37.619312,Столкновение,Тяжёлый,1,0,,True
1498252,2025-03-14 18:30:00+03:00,55.819115,37.626489,Наезд на пешехода,Тяжёлый,1,0,,True
1498264,2025-03-14 19:02:00+03:00,55.707397,37.767134,Наезд на пешехода,Тяжёлый,1,0,,True
1498278,2025-03-14 19:37:00+03:00,55.872039,37.677036,Наезд на пешехода,Тяжёлый,1,0,,True
1498307,2025-03-14 22:13:00+03:00,55.778042,37.513636,Наезд на велосипедиста,Тяжёлый,1,0,,True
1498324,2025-03-15 01:57:00+03:00,55.706037,37.485244,Столкновение,Тяжёлый,3,0,,True
1498334,2025-03-15 06:23:00+03:00,55.590888,37.726981,Наезд на стоящее ТС,Легкий,1,0,,True
1498361,2025-03-15 10:20:00+03:00,55.573735,37.633613,Столкновение,Тяжёлый,1,0,,True
1498372,2025-03-15 11:00:00+03:00,55.803217,37.615557,Падение пассажира,Легкий,1,0,,True
1498373,2025-03-15 11:05:00+03:00,55.810669,37.808139,Столкновение,Легкий,1,0,,True
1498423,2025-03-15 13:30:00+03:00,55.708134,37.74736,Столкновение,Тяжёлый,1,0,,True
1498437,2025-03-15 14:10:00+03:00,55.762553,37.684915,Столкновение,Тяжёлый,1,0,,True
1498464,2025-03-15 16:00:00+03:00,55.698607,37.728209,Столкновение,Тяжёлый,1,0,,True
1498477,2025-03-15 16:40:00+03:00,55.617528,37.509867,Наезд на пешехода,Тяжёлый,1,0,,True
1498478,2025-03-15 16:46:00+03:00,55.443427,37.289271,Столкновение,Тяжёлый,1,0,,True
1498483,2025-03-15 17:15:00+03:00,55.544929,37.582647,Наезд на препятствие,Тяжёлый,3,0,,True
1498517,2025-03-15 20:05:00+03:00,55.476008,37.304152,Наезд на велосипедиста,Тяжёлый,1,0,,True
1498522,2025-03-15 20:15:00+03:00,55.730191,37.642905,Наезд на пешехода,Тяжёлый,6,0,,True
1498556,2025-03-15 23:50:00+03:00,55.867833,37.613203,Столкновение,Тяжёлый,1,0,,True
1498564,2025-03-16 00:30:00+03:00,55.887136,37.690315,Наезд на препятствие,Тяжёлый,1,0,,True
1498570,2025-03-16 01:00:00+03:00,55.89421,37.669379,Опрокидывание,Тяжёлый,1,0,,True
1498575,2025-03-16 01:37:00+03:00,56.012862,37.205254,Столкновение,Тяжёлый,1,0,,True
1498598,2025-03-16 07:28:00+03:00,55.750654,37.71291,Столкновение,Тяжёлый,1,0,,True
1498614,2025-03-16 09:58:00+03:00,55.722772,37.44617,Столкновение,Тяжёлый,2,0,,True
1498622,2025-03-16 10:50:00+03:00,55.792289,37.375424,Столкновение,Тяжёлый,1,0,,True
1498624,2025-03-16 11:02:00+03:00,55.706345,37.920706,Наезд на пешехода,Тяжёлый,1,0,,True
1498627,2025-03-16 11:20:00+03:00,55.883363,37.467756,Столкновение,Тяжёлый,1,0,,True
1498633,2025-03-16 11:50:00+03:00,55.64135,37.45647,Наезд на стоящее ТС,Тяжёлый,1,0,,True
1498640,2025-03-16 12:07:00+03:00,55.777901,37.525703,Наезд на пешехода,Тяжёлый,1,0,,True
1498652,2025-03-16 13:10:00+03:00,55.580692,37.467005,Столкновение,Тяжёлый,2,0,,True
1498656,2025-03-16 13:25:00+03:00,55.789623,37.737683,Наезд на пешехода,Тяжёлый,1,0,,True
1498662,2025-03-16 13:59:00+03:00,55.797108,37.5448,Наезд на пешехода,Тяжёлый,1,0,,True
1498687,2025-03-16 15:00:00+03:00,55.582039,37.661792,Наезд на велосипедиста,Тяжёлый,1,0,,True
1498691,2025-03-16 15:05:00+03:00,55.780845,37.455375,Столкновение,Тяжёлый,2,0,,True
1498696,2025-03-16 15:23:00+03:00,55.85865,37.58508,Наезд на велосипедиста,Тяжёлый,1,0,,True
1498739,2025-03-16 18:00:00+03:00,55.644522,37.726268,Наезд на пешехода,Тяжёлый,1,0,,True
1498744,2025-03-16 18:20:00+03:00,55.68156,37.665171,Столкновение,Тяжёлый,1,0,,True
1498747,2025-03-16 18:26:00+03:00,55.739956,37.501439,Наезд на пешехода,Тяжёлый,1,0,,True
1498749,2025-03-16 18:30:00+03:00,55.569899,37.576755,Падение пассажира,Тяжёлый,1,0,,True
1498755,2025-03-16 18:39:00+03:00,55.673628,37.739357,Наезд на пешехода,Тяжёлый,1,0,,True
1498769,2025-03-16 19:35:00+03:00,55.629468,37.514598,Наезд на пешехода,Тяжёлый,1,0,,True
1498780,2025-03-16 20:10:00+03:00,55.454306,37.293423,Столкновение,Тяжёлый,1,0,,True
1498802,2025-03-16 21:50:00+03:00,55.654983,37.522334,Наезд на пешехода,Тяжёлый,1,0,,True
1498811,2025-03-16 22:40:00+03:00,55.828926,37.413919,Столкновение,Тяжёлый,1,0,,True
1498826,2025-03-17 01:15:00+03:00,55.605875,37.740383,Наезд на препятствие,Тяжёлый,1,0,,True
1498832,2025-03-17 05:48:00+03:00,55.882858,37.456856,Столкновение,Тяжёлый,2,0,,True
1498833,2025-03-17 05:50:00+03:00,55.883189,37.464945,Столкновение,Тяжёлый,1,0,,True
1498835,2025-03-17 06:17:00+03:00,55.821164,37.392032,Столкновение,Тяжёлый,2,0,,True
1498839,2025-03-17 06:35:00+03:00,55.920927,37.544765,Столкновение,Тяжёлый,1,0,,True
1498841,2025-03-17 06:45:00+03:00,55.720959,37.138531,Столкновение,Легкий,1,0,,True
1498843,2025-03-17 07:00:00+03:00,55.549241,37.440988,Столкновение,Тяжёлый,2,0,,True
1498857,2025-03-17 07:40:00+03:00,55.565914,37.348749,Столкновение,Тяжёлый,3,0,,True
1498859,2025-03-17 07:40:00+03:00,55.545842,37.414774,Столкновение,Тяжёлый,1,0,,True
1498874,2025-03-17 08:40:00+03:00,55.711429,37.575366,Наезд на пешехода,Тяжёлый,1,0,,True
1498875,2025-03-17 08:45:00+03:00,55.628614,37.363193,Наезд на стоящее ТС,Тяжёлый,1,0,,True
1498880,2025-03-17 08:57:00+03:00,55.602457,37.599303,Наезд на пешехода,Тяжёлый,1,0,,True
1498891,2025-03-17 10:00:00+03:00,55.539578,37.194439,Столкновение,Тяжёлый,2,0,,True
1498939,2025-03-17 13:00:00+03:00,55.616758,37.461855,Столкновение,Тяжёлый,1,0,,True
1498946,2025-03-17 13:10:00+03:00,55.645288,37.642574,Столкновение,Тяжёлый,1,0,,True
1498984,2025-03-17 15:45:00+03:00,55.804302,37.420378,Падение пассажира,Тяжёлый,1,0,,True
1498997,2025-03-17 16:47:00+03:00,55.898049,37.588209,Падение пассажира,Легкий,1,0,,True
1499023,2025-03-17 19:03:00+03:00,55.873684,37.482707,Наезд на пешехода,Тяжёлый,1,0,,True
1499055,2025-03-17 20:58:00+03:00,55.705547,37.817302,Столкновение,Тяжёлый,3,0,,True
1499058,2025-03-17 22:20:00+03:00,55.741849,37.73145,Столкновение,Тяжёлый,2,0,,True
1499103,2025-03-18 06:59:00+03:00,55.807642,37.374748,Наезд на пешехода,Тяжёлый,1,0,,True
1499127,2025-03-18 08:30:00+03:00,55.539444,37.487991,Столкновение,Тяжёлый,1,0,,True
1499140,2025-03-18 09:30:00+03:00,55.714952,37.824168,Столкновение,Легкий,1,0,,True
1499147,2025-03-18 10:10:00+03:00,55.709106,37.653435,Наезд на пешехода,Легкий,1,0,,True
1499152,2025-03-18 10:35:00+03:00,55.872306,37.585306,Падение пассажира,Легкий,1,0,,True
1499188,2025-03-18 13:07:00+03:00,55.720074,37.734362,Наезд на пешехода,Тяжёлый,1,0,,True
1499205,2025-03-18 14:15:00+03:00,55.48676,37.296316,Столкновение,Тяжёлый,1,0,,True
1499228,2025-03-18 16:00:00+03:00,55.793365,37.586732,Падение пассажира,Легкий,1,0,,True
1499249,2025-03-18 17:05:00+03:00,55.797072,37.799181,Столкновение,Легкий,1,0,,True
1499258,2025-03-18 17:37:00+03:00,55.782528,37.598058,Наезд на велосипедиста,Тяжёлый,1,0,,True
1499274,2025-03-18 18:43:00+03:00,55.794677,37.699338,Наезд на пешехода,Легкий,1,0,,True
1499281,2025-03-18 19:20:00+03:00,55.68627,37.834586,Наезд на пешехода,Тяжёлый,1,0,,True
1499301,2025-03-18 20:13:00+03:00,55.656448,37.74146,Наезд на пешехода,Тяжёлый,1,0,,True
1499312,2025-03-18 20:32:00+03:00,55.667424,37.659208,Наезд на велосипедиста,Легкий,1,0,,True
1499317,2025-03-18 21:05:00+03:00,55.717665,37.451255,Столкновение,Тяжёлый,1,0,,True
1499323,2025-03-18 22:00:00+03:00,55.777852,37.4787,Наезд на стоящее ТС,Тяжёлый,1,0,,True
1499325,2025-03-18 22:33:00+03:00,55.595324,37.738128,Наезд на стоящее ТС,Легкий,1,0,,True
1499353,2025-03-19 07:04:00+03:00,55.777213,37.489225,Наезд на пешехода,Тяжёлый,1,0,,True
1499365,2025-03-19 07:54:00+03:00,55.553059,37.527376,Наезд на пешехода,Тяжёлый,1,0,,True
1499389,2025-03-19 09:30:00+03:00,55.802668,37.812109,Наезд на пешехода,Легкий,1,0,,True
1499394,2025-03-19 10:00:00+03:00,55.738896,37.54804,Наезд на пешехода,Тяжёлый,1,0,,True
1499399,2025-03-19 10:20:00+03:00,55.779131,37.665617,Столкновение,Тяжёлый,1,0,,True
1499418,2025-03-19 11:40:00+03:00,55.810452,37.801219,Наезд на пешехода,Легкий,1,0,,True
1499420,2025-03-19 11:50:00+03:00,55.808903,37.609806,Наезд на пешехода,Тяжёлый,1,0,,True
1499468,2025-03-19 15:08:00+03:00,55.792952,37.787508,Наезд на пешехода,Легкий,1,0,,True
1499487,2025-03-19 16:30:00+03:00,55.783614,37.370156,Столкновение,Тяжёлый,1,0,,True
1499490,2025-03-19 16:35:00+03:00,55.720596,37.553984,Наезд на пешехода,Тяжёлый,2,0,,True
1499497,2025-03-19 16:50:00+03:00,55.677221,37.421161,Столкновение,Тяжёлый,1,0,,True
1499504,2025-03-19 17:10:00+03:00,55.683998,37.443064,Наезд на стоящее ТС,Тяжёлый,1,0,,True
1499514,2025-03-19 17:50:00+03:00,55.848885,37.352893,Наезд на пешехода,Тяжёлый,1,0,,True
1499519,2025-03-19 18:17:00+03:00,55.673483,37.524136,Падение пассажира,Тяжёлый,1,0,,True
1499520,2025-03-19 18:18:00+03:00,55.816462,37.460922,Наезд на велосипедиста,Тяжёлый,1,0,,True
1499524,2025-03-19 18:35:00+03:00,55.821381,37.623775,Наезд на пешехода,Тяжёлый,1,0,,True
1499537,2025-03-19 19:25:00+03:00,55.617007,37.663751,Столкновение,Тяжёлый,1,0,,True
1499543,2025-03-19 19:30:00+03:00,55.793115,37.527452,Наезд на велосипедиста,Тяжёлый,1,0,,True
1499551,2025-03-19 19:55:00+03:00,55.737549,37.728961,Столкновение,Тяжёлый,1,0,,True
1499563,2025-03-19 20:35:00+03:00,55.6739,37.57026,Столкновение,Тяжёлый,1,0,,True
1499569,2025-03-19 21:10:00+03:00,55.599105,37.603315,Наезд на пешехода,Тяжёлый,1,0,,True
1499570,2025-03-19 21:10:00+03:00,55.738694,37.530535,Наезд на пешехода,Тяжёлый,1,0,,True
1499577,2025-03-19 21:35:00+03:00,55.830529,37.488559,Столкновение,Тяжёлый,1,0,,True
1499585,2025-03-19 22:17:00+03:00,55.661847,37.433102,Наезд на пешехода,С погибшими,0,1,,True
1499586,2025-03-19 22:30:00+03:00,55.651448,37.413458,Наезд на велосипедиста,Тяжёлый,1,0,,True
1499595,2025-03-19 23:40:00+03:00,55.720905,37.789986,Столкновение,Тяжёлый,1,0,,True
1499598,2025-03-19 23:55:00+03:00,55.716632,37.797518,Наезд на пешехода,Тяжёлый,1,0,,True
1499599,2025-03-20 00:02:00+03:00,55.603869,37.670059,Столкновение,Тяжёлый,1,0,,True
1499647,2025-03-20 08:13:00+03:00,55.779982,37.735012,Столкновение,Тяжёлый,1,0,,True
1499654,2025-03-20 08:30:00+03:00,55.7051,37.634354,Наезд на пешехода,Тяжёлый,1,0,,True
1499662,2025-03-20 08:48:00+03:00,55.70681,37.861279,Столкновение,Тяжёлый,2,0,,True
1499685,2025-03-20 10:20:00+03:00,55.82076,37.392375,Столкновение,Тяжёлый,3,0,,True
1499722,2025-03-20 12:50:00+03:00,55.748389,37.878478,Наезд на пешехода,Тяжёлый,1,0,,True
1499724,2025-03-20 12:53:00+03:00,55.694422,37.425646,Наезд на пешехода,Тяжёлый,1,0,,True
1499739,2025-03-20 13:48:00+03:00,55.994463,37.187412,Наезд на пешехода,Легкий,1,0,,True
1499744,2025-03-20 14:00:00+03:00,55.77644,37.369502,Столкновение,Тяжёлый,1,0,,True
1499751,2025-03-20 14:20:00+03:00,55.721882,37.40076,Наезд на пешехода,Тяжёлый,1,0,,True
1499755,2025-03-20 14:25:00+03:00,55.641751,37.599469,Наезд на пешехода,Тяжёлый,1,0,,True
1499758,2025-03-20 14:30:00+03:00,55.836139,37.536517,Наезд на пешехода,Тяжёлый,1,0,,True
1499761,2025-03-20 14:50:00+03:00,55.872777,37.520424,Столкновение,Тяжёлый,1,0,,True
1499771,2025-03-20 15:30:00+03:00,55.715745,37.454081,Наезд на пешехода,Тяжёлый,1,0,,True
1499776,2025-03-20 15:47:00+03:00,55.811977,37.71894,Наезд на пешехода,Тяжёлый,1,0,,True
1499784,2025-03-20 16:02:00+03:00,55.848767,37.589167,Столкновение,Тяжёлый,1,0,,True
1499788,2025-03-20 16:20:00+03:00,55.755683,37.738917,Падение пассажира,Тяжёлый,1,0,,True
1499790,2025-03-20 16:27:00+03:00,55.879891,37.48033,Падение пассажира,Тяжёлый,1,0,,True
1499802,2025-03-20 17:00:00+03:00,55.88429,37.40849,Столкновение,Тяжёлый,1,0,,True
1499829,2025-03-20 18:20:00+03:00,55.812387,37.70937,Наезд на пешехода,Тяжёлый,1,0,,True
1499832,2025-03-20 18:40:00+03:00,55.869927,37.584298,Опрокидывание,Тяжёлый,1,0,,True
1499845,2025-03-20 20:00:00+03:00,55.738334,37.263448,Столкновение,Тяжёлый,1,0,,True
1499855,2025-03-20 21:10:00+03:00,55.770472,37.842997,Столкновение,Легкий,1,0,,True
1499862,2025-03-20 22:16:00+03:00,55.762763,37.496622,Наезд на велосипедиста,Тяжёлый,1,0,,True
1499865,2025-03-20 22:29:00+03:00,55.871693,37.712209,Наезд на пешехода,Тяжёлый,1,0,,True
1499874,2025-03-20 23:50:00+03:00,55.725799,37.772187,Столкновение,Тяжёлый,1,0,,True
1499890,2025-03-21 03:30:00+03:00,55.754319,37.369255,Столкновение,Тяжёлый,1,0,,True
1499897,2025-03-21 06:00:00+03:00,55.892936,37.673793,Столкновение,Тяжёлый,1,0,,True
1499967,2025-03-21 11:51:00+03:00,55.645589,37.51911,Наезд на пешехода,Тяжёлый,1,0,,True
1499982,2025-03-21 12:44:00+03:00,55.767344,37.604778,Столкновение,Тяжёлый,1,0,,True
1499984,2025-03-21 12:45:00+03:00,55.766241,37.683249,Наезд на велосипедиста,Тяжёлый,1,0,,True
1499988,2025-03-21 12:52:00+03:00,55.820615,37.509663,Падение пассажира,Тяжёлый,1,0,,True
1499995,2025-03-21 13:10:00+03:00,55.776012,37.603068,Наезд на пешехода,Тяжёлый,1,0,,True
1500014,2025-03-21 14:00:00+03:00,55.677533,37.663318,Столкновение,Тяжёлый,1,0,,True
1500028,2025-03-21 14:55:00+03:00,55.893646,37.393631,Столкновение,Тяжёлый,1,0,,True
1500030,2025-03-21 15:00:00+03:00,55.658427,37.839854,Столкновение,Тяжёлый,1,0,,True
1500052,2025-03-21 16:10:00+03:00,55.813904,37.601948,Столкновение,Тяжёлый,1,0,,True
1500058,2025-03-21 16:30:00+03:00,55.688798,37.547332,Столкновение,Тяжёлый,1,0,,True
1500063,2025-03-21 16:34:00+03:00,55.702107,37.508998,Столкновение,Тяжёлый,1,0,,True
1500072,2025-03-21 16:58:00+03:00,55.794496,37.582351,Наезд на пешехода,Тяжёлый,1,0,,True
1500081,2025-03-21 17:30:00+03:00,55.871471,37.44102,Столкновение,Тяжёлый,1,0,,True
1500090,2025-03-21 17:59:00+03:00,55.638394,37.524523,Столкновение,Тяжёлый,1,0,,True
1500102,2025-03-21 18:50:00+03:00,55.879238,37.486286,Столкновение,Тяжёлый,1,0,,True
1500121,2025-03-21 20:10:00+03:00,55.824946,37.594995,Наезд на пешехода,Тяжёлый,1,0,,True
1500129,2025-03-21 20:25:00+03:00,55.707675,37.613282,Наезд на пешехода,Тяжёлый,1,0,,True
1500139,2025-03-21 20:40:00+03:00,55.818536,37.594925,Наезд на пешехода,Легкий,1,0,,True
1500145,2025-03-21 21:20:00+03:00,55.703909,37.774515,Наезд на пешехода,Тяжёлый,1,0,,True
1500171,2025-03-21 23:10:00+03:00,55.8645,37.603658,Столкновение,Тяжёлый,1,0,,True
1500222,2025-03-22 09:12:00+03:00,55.720554,37.429787,Столкновение,Тяжёлый,2,0,,True
1500226,2025-03-22 09:32:00+03:00,55.763465,37.642175,Наезд на пешехода,Тяжёлый,1,0,,True
1500238,2025-03-22 10:28:00+03:00,55.681249,37.547792,Наезд на пешехода,Тяжёлый,1,0,,True
1500244,2025-03-22 10:41:00+03:00,55.836428,37.538095,Наезд на пешехода,С погибшими,0,1,,True
1500248,2025-03-22 11:05:00+03:00,55.7897,37.555412,Столкновение,Тяжёлый,2,0,,True
1500257,2025-03-22 11:54:00+03:00,55.758841,37.657903,Столкновение,Тяжёлый,1,0,,True
1500262,2025-03-22 12:00:00+03:00,55.663886,37.509931,Столкновение,Тяжёлый,1,0,,True
1500269,2025-03-22 12:29:00+03:00,55.684075,37.519662,Столкновение,Тяжёлый,3,0,,True
1500283,2025-03-22 13:30:00+03:00,55.898272,37.603744,Столкновение,Тяжёлый,2,0,,True
1500289,2025-03-22 13:47:00+03:00,55.566823,37.572861,Столкновение,Тяжёлый,1,0,,True
1500299,2025-03-22 14:30:00+03:00,55.860821,37.553351,Падение пассажира,Тяжёлый,1,0,,True
1500304,2025-03-22 14:45:00+03:00,55.641162,37.747436,Столкновение,Тяжёлый,3,0,,True
1500338,2025-03-22 17:05:00+03:00,55.701146,37.819705,Наезд на пешехода,Тяжёлый,1,0,,True
1500362,2025-03-22 18:00:00+03:00,55.7639,37.636049,Наезд на пешехода,Тяжёлый,1,0,,True
1500395,2025-03-22 20:20:00+03:00,55.836747,37.382655,Наезд на пешехода,Тяжёлый,1,0,,True
1500404,2025-03-22 21:00:00+03:00,55.911046,37.573554,Наезд на стоящее ТС,Легкий,2,0,,True
1500405,2025-03-22 21:13:00+03:00,55.656593,37.493355,Наезд на пешехода,С погибшими,0,1,,True
1500428,2025-03-22 23:50:00+03:00,55.703467,37.621822,Наезд на пешехода,Легкий,1,0,,True
1500434,2025-03-23 00:05:00+03:00,55.662422,37.71629,Столкновение,Тяжёлый,2,0,,True
1500483,2025-03-23 07:10:00+03:00,55.600917,37.722899,Столкновение,Тяжёлый,1,0,,True
1500495,2025-03-23 09:30:00+03:00,55.712099,37.795941,Падение пассажира,Тяжёлый,1,0,,True
1500511,2025-03-23 11:33:00+03:00,55.979891,37.191167,Столкновение,Легкий,1,0,,True
1500516,2025-03-23 11:44:00+03:00,55.579285,37.237118,Наезд на стоящее ТС,С погибшими,4,1,,True
1500525,2025-03-23 12:29:00+03:00,55.845865,37.669508,Столкновение,Тяжёлый,1,0,,True
1500551,2025-03-23 14:32:00+03:00,55.801335,37.541056,Наезд на пешехода,Тяжёлый,1,0,,True
1500563,2025-03-23 15:20:00+03:00,55.721038,37.858157,Столкновение,Легкий,1,0,,True
1500568,2025-03-23 15:40:00+03:00,55.652156,37.372441,Наезд на пешехода,Тяжёлый,1,0,,True
1500577,2025-03-23 16:07:00+03:00,55.692947,37.558544,Наезд на пешехода,Тяжёлый,1,0,,True
1500581,2025-03-23 16:30:00+03:00,55.73706,37.75942,Наезд на пешехода,Тяжёлый,1,0,,True
1500617,2025-03-23 19:53:00+03:00,55.610669,37.769065,Наезд на пешехода,Тяжёлый,1,0,,True
1500650,2025-03-24 01:00:00+03:00,55.522679,37.300966,Съезд с дороги,Тяжёлый,3,0,,True
1500657,2025-03-24 02:28:00+03:00,55.608627,37.590644,Столкновение,Тяжёлый,1,0,,True
1500682,2025-03-24 07:58:00+03:00,55.758762,37.555003,Столкновение,Тяжёлый,1,0,,True
1500687,2025-03-24 08:15:00+03:00,55.637814,37.536775,Наезд на велосипедиста,Тяжёлый,1,0,,True
1500705,2025-03-24 09:00:00+03:00,55.762668,37.41541,Столкновение,Тяжёлый,1,0,,True
1500713,2025-03-24 09:30:00+03:00,55.769259,37.746813,Столкновение,Легкий,1,0,,True
1500725,2025-03-24 10:10:00+03:00,55.693685,37.582131,Наезд на пешехода,Тяжёлый,1,0,,True
1500750,2025-03-24 12:29:00+03:00,55.729393,37.61169,Наезд на пешехода,Легкий,1,0,,True
1500762,2025-03-24 13:05:00+03:00,55.834144,37.394618,Столкновение,Легкий,1,0,,True
1500768,2025-03-24 13:28:00+03:00,55.771251,37.820445,Падение пассажира,Тяжёлый,1,0,,True
1500782,2025-03-24 14:10:00+03:00,55.573456,37.454259,Наезд на препятствие,С погибшими,0,1,,True
1500802,2025-03-24 15:37:00+03:00,55.909505,37.560726,Столкновение,Тяжёлый,5,0,,True
1500810,2025-03-24 16:31:00+03:00,55.608199,37.744457,Наезд на пешехода,Тяжёлый,1,0,,True
1500827,2025-03-24 17:40:00+03:00,55.618833,37.667929,Наезд на пешехода,Тяжёлый,1,0,,True
1500833,2025-03-24 17:56:00+03:00,55.780537,37.633495,Наезд на пешехода,Тяжёлый,1,0,,True
1500857,2025-03-24 18:55:00+03:00,55.765366,37.481672,Наезд на велосипедиста,Тяжёлый,1,0,,True
1500862,2025-03-24 19:15:00+03:00,55.731282,37.444074,Наезд на пешехода,Тяжёлый,1,0,,True
1500904,2025-03-24 23:57:00+03:00,55.703897,37.641875,Наезд на пешехода,Тяжёлый,1,0,,True
1500910,2025-03-25 03:10:00+03:00,55.937027,37.369791,Столкновение,Легкий,1,0,,True
1500916,2025-03-25 06:24:00+03:00,55.821152,37.585548,Наезд на пешехода,Тяжёлый,1,0,,True
1500918,2025-03-25 06:40:00+03:00,55.511253,37.569487,Наезд на пешехода,Тяжёлый,1,0,,True
1500934,2025-03-25 08:06:00+03:00,55.709736,37.679168,Наезд на пешехода,Тяжёлый,1,0,,True
1500949,2025-03-25 09:40:00+03:00,55.736921,37.468636,Наезд на пешехода,Тяжёлый,1,0,,True
1500961,2025-03-25 10:35:00+03:00,55.800527,37.636315,Наезд на пешехода,Тяжёлый,1,0,,True
1500962,2025-03-25 10:40:00+03:00,55.879289,37.48621,Столкновение,Тяжёлый,1,0,,True
1500972,2025-03-25 11:21:00+03:00,55.623665,37.615889,Столкновение,Тяжёлый,1,0,,True
1500974,2025-03-25 11:40:00+03:00,55.664237,37.431074,Столкновение,Тяжёлый,1,0,,True
1500976,2025-03-25 12:00:00+03:00,55.813884,37.602056,Наезд на препятствие,Тяжёлый,1,0,,True
1500979,2025-03-25 12:03:00+03:00,55.657032,37.744104,Столкновение,Тяжёлый,1,0,,True
1500986,2025-03-25 12:25:00+03:00,55.700348,37.764022,Падение пассажира,Тяжёлый,1,0,,True
1500991,2025-03-25 12:46:00+03:00,55.778829,37.624169,Падение пассажира,Тяжёлый,1,0,,True
1501029,2025-03-25 15:10:00+03:00,55.898095,37.58715,Столкновение,Тяжёлый,1,0,,True
1501031,2025-03-25 15:15:00+03:00,55.939953,37.362603,Столкновение,Тяжёлый,1,0,,True
1501035,2025-03-25 15:32:00+03:00,55.661042,37.41776,Наезд на пешехода,Тяжёлый,1,0,,True
1501042,2025-03-25 15:57:00+03:00,55.771426,37.819179,Столкновение,Тяжёлый,1,0,,True
1501052,2025-03-25 16:20:00+03:00,55.861233,37.603341,Наезд на пешехода,С погибшими,0,1,,True
1501071,2025-03-25 17:28:00+03:00,55.795081,37.578306,Наезд на пешехода,Тяжёлый,1,0,,True
1501072,2025-03-25 17:29:00+03:00,55.852336,37.624558,Наезд на стоящее ТС,Тяжёлый,1,0,,True
1501076,2025-03-25 17:45:00+03:00,55.617819,37.727866,Наезд на велосипедиста,Тяжёлый,1,0,,True
1501085,2025-03-25 18:10:00+03:00,55.817348,37.82037,Наезд на пешехода,Тяжёлый,1,0,,True
1501088,2025-03-25 18:12:00+03:00,55.686258,37.480706,Наезд на пешехода,Тяжёлый,1,0,,True
1501096,2025-03-25 18:50:00+03:00,55.832608,37.6524,Наезд на пешехода,Тяжёлый,1,0,,True
1501104,2025-03-25 19:24:00+03:00,55.66709,37.576811,Наезд на пешехода,Тяжёлый,1,0,,True
1501111,2025-03-25 19:50:00+03:00,55.75261,37.513031,Наезд на пешехода,Тяжёлый,1,0,,True
1501118,2025-03-25 20:10:00+03:00,55.813183,37.392665,Опрокидывание,Тяжёлый,1,0,,True
1501147,2025-03-25 21:22:00+03:00,55.656061,37.523814,Наезд на пешехода,Тяжёлый,1,0,,True
1501158,2025-03-25 22:36:00+03:00,55.821833,37.662184,Наезд на пешехода,Тяжёлый,1,0,,True
1501159,2025-03-25 23:00:00+03:00,55.632241,37.757744,Столкновение,Тяжёлый,1,0,,True
1501191,2025-03-26 08:06:00+03:00,55.79405,37.554038,Столкновение,Тяжёлый,1,0,,True
1501198,2025-03-26 08:44:00+03:00,55.634039,37.63969,Наезд на пешехода,Легкий,1,0,,True
1501223,2025-03-26 11:30:00+03:00,55.828034,37.417481,Столкновение,Тяжёлый,1,0,,True
1501281,2025-03-26 14:05:00+03:00,55.722754,37.769419,Столкновение,Тяжёлый,1,0,,True
1501298,2025-03-26 15:16:00+03:00,55.762994,37.484096,Наезд на пешехода,Тяжёлый,1,0,,True
1501308,2025-03-26 16:02:00+03:00,55.70869,37.404885,Падение пассажира,Тяжёлый,1,0,,True
1501314,2025-03-26 16:28:00+03:00,55.771528,37.819018,Столкновение,Легкий,2,0,,True
1501323,2025-03-26 17:04:00+03:00,55.653482,37.543963,Наезд на пешехода,Тяжёлый,1,0,,True
1501330,2025-03-26 17:28:00+03:00,55.72282,37.566451,Наезд на пешехода,Легкий,1,0,,True
1501358,2025-03-26 19:00:00+03:00,55.683815,37.673761,Наезд на пешехода,Легкий,1,0,,True
1501383,2025-03-26 20:40:00+03:00,55.634676,37.699842,Столкновение,Тяжёлый,1,0,,True
1501385,2025-03-26 20:50:00+03:00,55.703782,37.727008,Опрокидывание,Тяжёлый,1,0,,True
1501393,2025-03-26 21:42:00+03:00,55.745418,37.548984,Столкновение,Тяжёлый,2,0,,True
1501404,2025-03-26 22:45:00+03:00,55.709029,37.877877,Столкновение,Легкий,1,0,,True
1501438,2025-03-27 08:00:00+03:00,55.744066,37.401066,Наезд на пешехода,Тяжёлый,1,0,,True
1501441,2025-03-27 08:15:00+03:00,55.803217,37.822055,Наезд на пешехода,Тяжёлый,1,0,,True
1501446,2025-03-27 08:32:00+03:00,55.644586,37.404841,Столкновение,Легкий,1,0,,True
1501456,2025-03-27 09:15:00+03:00,55.647683,37.735409,Наезд на пешехода,Тяжёлый,1,0,,True
1501459,2025-03-27 09:40:00+03:00,55.705033,37.843663,Столкновение,Тяжёлый,1,0,,True
1501461,2025-03-27 09:50:00+03:00,55.991601,37.210414,Наезд на пешехода,Легкий,1,0,,True
1501472,2025-03-27 10:30:00+03:00,55.673029,37.768389,Наезд на велосипедиста,Тяжёлый,1,0,,True
1501476,2025-03-27 10:49:00+03:00,55.643087,37.619108,Наезд на пешехода,Тяжёлый,1,0,,True
1501498,2025-03-27 12:32:00+03:00,55.578248,37.685519,Столкновение,Тяжёлый,1,0,,True
1501530,2025-03-27 14:34:00+03:00,55.671646,37.587177,Наезд на велосипедиста,Тяжёлый,1,0,,True
1501540,2025-03-27 15:00:00+03:00,55.843687,37.356166,Столкновение,Тяжёлый,1,0,,True
1501555,2025-03-27 15:56:00+03:00,55.845024,37.567438,Наезд на пешехода,Тяжёлый,1,0,,True
1501558,2025-03-27 16:00:00+03:00,55.645473,37.710228,Столкновение,Тяжёлый,1,0,,True
1501577,2025-03-27 16:55:00+03:00,55.781798,37.670467,Наезд на пешехода,Тяжёлый,1,0,,True
1501630,2025-03-27 19:20:00+03:00,55.743021,37.865989,Наезд на пешехода,Легкий,1,0,,True
1501639,2025-03-27 20:10:00+03:00,55.79867,37.707889,Наезд на пешехода,Легкий,1,0,,True
1501654,2025-03-27 20:50:00+03:00,55.726155,37.478739,Наезд на пешехода,Тяжёлый,1,0,,True
1501663,2025-03-27 21:11:00+03:00,55.749615,37.706913,Столкновение,Тяжёлый,1,0,,True
1501683,2025-03-27 23:00:00+03:00,55.838431,37.811751,Наезд на пешехода,Легкий,1,0,,True
1501690,2025-03-28 00:53:00+03:00,55.604051,37.542612,Столкновение,Тяжёлый,1,0,,True
1501692,2025-03-28 01:26:00+03:00,55.758605,37.752306,Наезд на пешехода,С погибшими,0,1,,True
1501697,2025-03-28 02:50:00+03:00,55.853047,37.679596,Столкновение,Тяжёлый,1,0,,True
1501717,2025-03-28 07:52:00+03:00,55.768639,37.675052,Наезд на велосипедиста,Тяжёлый,1,0,,True
1501792,2025-03-28 13:06:00+03:00,55.712184,37.939192,Падение пассажира,Тяжёлый,1,0,,True
1501821,2025-03-28 14:55:00+03:00,55.786148,37.481993,Наезд на пешехода,Легкий,1,0,,True
1501832,2025-03-28 15:36:00+03:00,55.61883,37.713962,Наезд на пешехода,Тяжёлый,2,0,,True
1501835,2025-03-28 15:50:00+03:00,55.789532,37.556827,Столкновение,Легкий,1,0,,True
1501841,2025-03-28 16:03:00+03:00,55.909063,37.556468,Столкновение,Тяжёлый,1,0,,True
1501844,2025-03-28 16:14:00+03:00,55.546335,37.518007,Наезд на пешехода,Тяжёлый,1,0,,True
1501849,2025-03-28 16:20:00+03:00,55.708651,37.652126,Столкновение,Тяжёлый,1,0,,True
1501853,2025-03-28 16:30:00+03:00,55.718711,37.571214,Наезд на пешехода,Легкий,1,0,,True
1501857,2025-03-28 16:37:00+03:00,55.817282,37.74647,Наезд на пешехода,Тяжёлый,1,0,,True
1501859,2025-03-28 16:40:00+03:00,55.714602,37.671604,Наезд на велосипедиста,Тяжёлый,1,0,,True
1501870,2025-03-28 17:14:00+03:00,55.726503,37.466323,Наезд на пешехода,Тяжёлый,1,0,,True
1501877,2025-03-28 17:40:00+03:00,55.666252,37.485341,Столкновение,Тяжёлый,2,0,,True
1501886,2025-03-28 18:26:00+03:00,55.71303,37.877512,Наезд на пешехода,Легкий,1,0,,True
1501896,2025-03-28 19:07:00+03:00,55.889224,37.536635,Столкновение,Тяжёлый,1,0,,True
1501900,2025-03-28 19:17:00+03:00,55.816715,37.788613,Столкновение,Тяжёлый,1,0,,True
1501904,2025-03-28 19:26:00+03:00,55.607154,37.601631,Наезд на препятствие,Легкий,4,0,,True
1501973,2025-03-29 02:08:00+03:00,55.880824,37.567041,Столкновение,Тяжёлый,3,0,,True
1501981,2025-03-29 04:30:00+03:00,55.381744,37.218193,Столкновение,Тяжёлый,1,0,,True
1502000,2025-03-29 08:30:00+03:00,55.87268,37.685026,Столкновение,Тяжёлый,1,0,,True
1502008,2025-03-29 09:00:00+03:00,55.759396,37.732641,Столкновение,Тяжёлый,1,0,,True
1502025,2025-03-29 10:45:00+03:00,55.811067,37.626436,Наезд на велосипедиста,Тяжёлый,1,0,,True
1502044,2025-03-29 11:44:00+03:00,55.834608,37.395669,Столкновение,Тяжёлый,1,0,,True
1502059,2025-03-29 12:20:00+03:00,55.584615,37.558351,Столкновение,Тяжёлый,1,0,,True
1502092,2025-03-29 14:00:00+03:00,55.641434,37.605751,Опрокидывание,Тяжёлый,1,0,,True
1502166,2025-03-29 18:01:00+03:00,55.751083,37.369126,Столкновение,Тяжёлый,1,0,,True
1502186,2025-03-29 19:00:00+03:00,55.776519,37.480309,Наезд на пешехода,Тяжёлый,1,0,,True
1502217,2025-03-29 20:40:00+03:00,55.84585,37.454742,Наезд на пешехода,Тяжёлый,1,0,,True
1502234,2025-03-29 21:28:00+03:00,55.774449,37.369759,Столкновение,Тяжёлый,1,0,,True
1502250,2025-03-29 22:00:00+03:00,55.587564,37.641633,Наезд на препятствие,Тяжёлый,1,0,,True
1502259,2025-03-29 22:50:00+03:00,55.730641,37.660891,Наезд на велосипедиста,Тяжёлый,1,0,,True
1502272,2025-03-30 00:50:00+03:00,55.674656,37.72778,Наезд на стоящее ТС,Тяжёлый,2,0,,True
1502283,2025-03-30 02:30:00+03:00,55.723956,37.178464,Столкновение,С погибшими,0,1,,True
1502285,2025-03-30 02:30:00+03:00,55.577211,37.375027,Наезд на препятствие,Тяжёлый,4,0,,True
1502308,2025-03-30 06:40:00+03:00,55.821875,37.621908,Падение пассажира,Тяжёлый,1,0,,True
1502320,2025-03-30 09:55:00+03:00,55.80839,37.391303,Падение пассажира,Тяжёлый,1,0,,True
1502330,2025-03-30 10:57:00+03:00,55.71425,37.555208,Столкновение,Тяжёлый,1,0,,True
1502332,2025-03-30 11:15:00+03:00,55.724548,37.799385,Столкновение,Легкий,1,0,,True
1502342,2025-03-30 11:48:00+03:00,55.647029,37.367324,Наезд на пешехода,Тяжёлый,1,0,,True
1502349,2025-03-30 12:01:00+03:00,55.674445,37.48636,Столкновение,Тяжёлый,1,0,,True
1502390,2025-03-30 15:00:00+03:00,55.607034,37.544585,Столкновение,Тяжёлый,1,0,,True
1502413,2025-03-30 16:03:00+03:00,55.629964,37.66462,Падение пассажира,Тяжёлый,1,0,,True
1502421,2025-03-30 16:20:00+03:00,55.843711,37.403533,Столкновение,Тяжёлый,1,0,,True
1502424,2025-03-30 16:27:00+03:00,55.725733,37.409918,Наезд на пешехода,Тяжёлый,1,0,,True
1502429,2025-03-30 16:35:00+03:00,55.895469,37.603079,Столкновение,Тяжёлый,1,0,,True
1502458,2025-03-30 17:35:00+03:00,55.817348,37.631189,Опрокидывание,Легкий,1,0,,True
1502481,2025-03-30 18:55:00+03:00,55.772814,37.677194,Столкновение,Тяжёлый,1,0,,True
1502489,2025-03-30 19:25:00+03:00,55.602402,37.589507,Наезд на пешехода,Легкий,1,0,,True
1502513,2025-03-30 20:22:00+03:00,55.859352,37.557696,Наезд на велосипедиста,Тяжёлый,1,0,,True
1502514,2025-03-30 20:25:00+03:00,55.734703,37.224938,Столкновение,Легкий,1,0,,True
1502516,2025-03-30 20:40:00+03:00,55.744456,37.292838,Наезд на пешехода,Тяжёлый,1,0,,True
1502517,2025-03-30 20:42:00+03:00,55.735386,37.539253,Наезд на препятствие,Тяжёлый,1,0,,True
1502527,2025-03-30 22:15:00+03:00,55.821845,37.836818,Столкновение,Легкий,2,0,,True
1502530,2025-03-30 22:30:00+03:00,55.740502,37.416762,Наезд на пешехода,Тяжёлый,1,0,,True
1502590,2025-03-31 08:50:00+03:00,55.803666,37.611832,Наезд на пешехода,Тяжёлый,1,0,,True
1502597,2025-03-31 09:10:00+03:00,55.791975,37.568071,Наезд на пешехода,Тяжёлый,1,0,,True
1502612,2025-03-31 10:00:00+03:00,55.711561,37.622133,Столкновение,Тяжёлый,1,0,,True
1502616,2025-03-31 10:20:00+03:00,55.756233,37.606952,Наезд на пешехода,Тяжёлый,1,0,,True
1502625,2025-03-31 10:39:00+03:00,55.868371,37.546613,Столкновение,Тяжёлый,1,0,,True
1502644,2025-03-31 11:57:00+03:00,55.737108,37.691302,Наезд на велосипедиста,Тяжёлый,1,0,,True
1502652,2025-03-31 12:15:00+03:00,55.745098,37.600633,Наезд на пешехода,Тяжёлый,2,0,,True
1502670,2025-03-31 13:30:00+03:00,55.823774,37.529125,Наезд на пешехода,Тяжёлый,1,0,,True
1502677,2025-03-31 13:39:00+03:00,55.850578,37.439024,Столкновение,Тяжёлый,1,0,,True
1502679,2025-03-31 13:46:00+03:00,55.821339,37.837365,Столкновение,Легкий,1,0,,True
1502683,2025-03-31 14:00:00+03:00,55.747985,37.49713,Наезд на велосипедиста,Тяжёлый,1,0,,True
1502701,2025-03-31 14:48:00+03:00,55.874646,37.511493,Наезд на пешехода,Тяжёлый,1,0,,True
1502703,2025-03-31 15:00:00+03:00,55.871743,37.594269,Наезд на стоящее ТС,Тяжёлый,1,0,,True
1502721,2025-03-31 15:56:00+03:00,55.73436,37.473368,Наезд на пешехода,Тяжёлый,1,0,,True
1502729,2025-03-31 16:33:00+03:00,55.783035,37.572094,Падение пассажира,Легкий,1,0,,True
1502734,2025-03-31 16:55:00+03:00,55.699175,37.827365,Наезд на пешехода,Тяжёлый,1,0,,True
1502750,2025-03-31 17:39:00+03:00,55.691012,37.659212,Наезд на велосипедиста,Тяжёлый,1,0,,True
1502755,2025-03-31 17:50:00+03:00,55.608069,37.291675,Падение пассажира,Тяжёлый,1,0,,True
1502760,2025-03-31 18:00:00+03:00,55.650825,37.734518,Наезд на пешехода,Тяжёлый,1,0,,True
1502766,2025-03-31 18:07:00+03:00,55.826739,37.646896,Столкновение,Тяжёлый,1,0,,True
1502767,2025-03-31 18:10:00+03:00,55.798887,37.390734,Столкновение,Легкий,1,0,,True
1502771,2025-03-31 18:17:00+03:00,55.830198,37.552632,Столкновение,Тяжёлый,2,0,,True
1502781,2025-03-31 18:37:00+03:00,55.663465,37.624871,Наезд на пешехода,Легкий,1,0,,True
1502800,2025-03-31 19:30:00+03:00,55.766247,37.536378,Столкновение,Тяжёлый,1,0,,True
1502818,2025-03-31 20:30:00+03:00,55.57644,37.592146,Столкновение,Тяжёлый,1,0,,True
1502835,2025-03-31 21:30:00+03:00,55.831078,37.651681,Столкновение,Легкий,1,0,,True
1502839,2025-03-31 21:43:00+03:00,55.817047,37.838513,Наезд на пешехода,С погибшими,0,1,,True
1502852,2025-03-31 23:10:00+03:00,55.637547,37.337413,Опрокидывание,Легкий,1,0,,True
1502863,2025-04-01 00:54:00+03:00,55.746367,37.552396,Наезд на стоящее ТС,Тяжёлый,1,0,,True
1502865,2025-04-01 01:20:00+03:00,55.630316,37.741932,Наезд на препятствие,Тяжёлый,1,0,,True
1502874,2025-04-01 04:20:00+03:00,55.846813,37.579958,Столкновение,Тяжёлый,2,0,,True
1502907,2025-04-01 08:26:00+03:00,55.802397,37.771415,Наезд на велосипедиста,Тяжёлый,1,0,,True
1502910,2025-04-01 08:40:00+03:00,55.646059,37.510553,Наезд на пешехода,Тяжёлый,1,0,,True
1502918,2025-04-01 09:02:00+03:00,55.743921,37.429723,Наезд на велосипедиста,Тяжёлый,1,0,,True
1502921,2025-04-01 09:06:00+03:00,55.720113,37.401259,Наезд на пешехода,Тяжёлый,1,0,,True
1502940,2025-04-01 10:10:00+03:00,55.799677,37.40701,Наезд на пешехода,Легкий,1,0,,True
1502943,2025-04-01 10:28:00+03:00,55.701595,37.60623,Столкновение,Тяжёлый,1,0,,True
1502944,2025-04-01 10:30:00+03:00,55.897664,37.606426,Падение пассажира,Тяжёлый,1,0,,True
1502957,2025-04-01 11:21:00+03:00,55.750406,37.717942,Столкновение,Тяжёлый,1,0,,True
1502958,2025-04-01 11:25:00+03:00,55.797162,37.583488,Наезд на пешехода,Тяжёлый,1,0,,True
1502966,2025-04-01 11:58:00+03:00,55.595359,37.301642,Наезд на стоящее ТС,Тяжёлый,1,0,,True
1502977,2025-04-01 12:39:00+03:00,55.592703,37.731364,Столкновение,Тяжёлый,5,0,,True
1502983,2025-04-01 13:07:00+03:00,55.658766,37.748154,Наезд на пешехода,Тяжёлый,1,0,,True
1502996,2025-04-01 14:00:00+03:00,55.81865,37.497969,Столкновение,Тяжёлый,1,0,,True
1503025,2025-04-01 15:40:00+03:00,55.708406,37.811798,Наезд на пешехода,Тяжёлый,1,0,,True
1503039,2025-04-01 16:30:00+03:00,55.721503,37.563522,Наезд на пешехода,Тяжёлый,1,0,,True
1503053,2025-04-01 17:13:00+03:00,55.884019,37.557535,Наезд на пешехода,Тяжёлый,1,0,,True
1503081,2025-04-01 18:40:00+03:00,55.631006,37.478818,Наезд на пешехода,Тяжёлый,1,0,,True
1503088,2025-04-01 19:01:00+03:00,55.752972,37.574412,Столкновение,Тяжёлый,1,0,,True
1503091,2025-04-01 19:09:00+03:00,55.719104,37.834167,Столкновение,Тяжёлый,1,0,,True
1503102,2025-04-01 19:55:00+03:00,55.639736,37.636356,Столкновение,Тяжёлый,1,0,,True
1503109,2025-04-01 20:15:00+03:00,55.687499,37.682311,Наезд на пешехода,Тяжёлый,1,0,,True
1503119,2025-04-01 21:00:00+03:00,55.651206,37.718832,Наезд на пешехода,Тяжёлый,1,0,,True
1503120,2025-04-01 21:00:00+03:00,55.816601,37.778463,Столкновение,Тяжёлый,1,0,,True
1503122,2025-04-01 21:10:00+03:00,55.576321,37.688699,Столкновение,Тяжёлый,1,0,,True
1503124,2025-04-01 21:25:00+03:00,55.807715,37.395358,Наезд на пешехода,Легкий,1,0,,True
1503126,2025-04-01 21:30:00+03:00,55.697716,37.620381,Столкновение,Тяжёлый,2,0,,True
1503135,2025-04-01 23:20:00+03:00,55.680895,37.608658,Наезд на пешехода,Тяжёлый,1,0,,True
1503144,2025-04-02 00:21:00+03:00,55.785153,37.675177,Столкновение,Тяжёлый,1,0,,True
1503157,2025-04-02 05:25:00+03:00,55.751735,37.717899,Столкновение,Тяжёлый,1,0,,True
1503185,2025-04-02 08:25:00+03:00,55.822665,37.569841,Наезд на пешехода,Тяжёлый,1,0,,True
1503190,2025-04-02 09:08:00+03:00,55.778039,37.721086,Падение пассажира,Тяжёлый,2,0,,True
1503228,2025-04-02 12:20:00+03:00,55.86294,37.50403,Падение пассажира,Тяжёлый,1,0,,True
1503230,2025-04-02 12:30:00+03:00,55.942561,37.543749,Столкновение,Тяжёлый,1,0,,True
1503243,2025-04-02 12:59:00+03:00,55.869334,37.49416,Наезд на препятствие,Тяжёлый,1,0,,True
1503255,2025-04-02 14:00:00+03:00,55.769036,37.807024,Столкновение,Тяжёлый,1,0,,True
1503259,2025-04-02 14:22:00+03:00,55.695366,37.467778,Наезд на велосипедиста,Тяжёлый,1,0,,True
1503269,2025-04-02 15:10:00+03:00,55.630782,37.805114,Столкновение,С погибшими,0,1,,True
1503293,2025-04-02 16:57:00+03:00,55.631291,37.39818,Столкновение,Тяжёлый,1,0,,True
1503296,2025-04-02 17:05:00+03:00,55.684819,37.483667,Наезд на пешехода,Тяжёлый,1,0,,True
1503301,2025-04-02 17:10:00+03:00,55.7274,37.785276,Столкновение,Тяжёлый,1,0,,True
1503314,2025-04-02 17:43:00+03:00,55.66368,37.437351,Наезд на велосипедиста,Тяжёлый,1,0,,True
1503324,2025-04-02 18:15:00+03:00,55.659414,37.734754,Наезд на пешехода,Тяжёлый,1,0,,True
1503335,2025-04-02 18:40:00+03:00,55.826937,37.57924,Наезд на пешехода,Тяжёлый,1,0,,True
1503340,2025-04-02 18:50:00+03:00,55.746838,37.767445,Наезд на пешехода,Тяжёлый,1,0,,True
1503361,2025-04-02 20:21:00+03:00,55.865059,37.430398,Наезд на пешехода,Тяжёлый,1,0,,True
1503363,2025-04-02 20:25:00+03:00,55.82029,37.819405,Наезд на велосипедиста,Тяжёлый,1,0,,True
1503367,2025-04-02 20:30:00+03:00,55.888451,37.598899,Наезд на велосипедиста,Тяжёлый,1,0,,True
1503375,2025-04-02 21:00:00+03:00,55.816173,37.64681,Наезд на велосипедиста,Тяжёлый,1,0,,True
1503377,2025-04-02 21:10:00+03:00,55.613566,37.49431,Наезд на пешехода,Тяжёлый,1,0,,True
1503398,2025-04-02 23:00:00+03:00,55.86941,37.666245,Наезд на пешехода,Тяжёлый,1,0,,True
1503441,2025-04-03 07:40:00+03:00,55.618998,37.710738,Столкновение,Тяжёлый,1,0,,True
1503456,2025-04-03 08:20:00+03:00,55.665223,37.430152,Столкновение,Тяжёлый,1,0,,True
1503463,2025-04-03 09:25:00+03:00,55.705199,37.060141,Наезд на пешехода,Легкий,1,0,,True
1503479,2025-04-03 10:30:00+03:00,55.856534,37.396077,Столкновение,Тяжёлый,1,0,,True
1503487,2025-04-03 11:20:00+03:00,55.69932,37.782787,Столкновение,Тяжёлый,1,0,,True
1503500,2025-04-03 12:09:00+03:00,55.750865,37.842032,Столкновение,Легкий,1,0,,True
1503541,2025-04-03 14:30:00+03:00,55.72978,37.626768,Наезд на препятствие,Тяжёлый,1,0,,True
1503561,2025-04-03 16:15:00+03:00,55.797982,37.399768,Наезд на пешехода,Тяжёлый,1,0,,True
1503573,2025-04-03 16:54:00+03:00,55.8533,37.394736,Опрокидывание,Тяжёлый,1,0,,True
1503581,2025-04-03 17:07:00+03:00,55.800871,37.536067,Наезд на пешехода,Тяжёлый,1,0,,True
1503587,2025-04-03 17:30:00+03:00,55.706454,37.565056,Наезд на пешехода,Тяжёлый,1,0,,True
1503598,2025-04-03 18:00:00+03:00,55.887184,37.592769,Опрокидывание,С погибшими,0,1,,True
1503604,2025-04-03 18:05:00+03:00,55.79449,37.400562,Наезд на пешехода,Тяжёлый,1,0,,True
1503608,2025-04-03 18:18:00+03:00,55.98111,37.204471,Столкновение,Легкий,1,0,,True
1503613,2025-04-03 18:25:00+03:00,55.695012,37.543688,Столкновение,Тяжёлый,1,0,,True
1503638,2025-04-03 19:35:00+03:00,55.58302,37.594485,Наезд на стоящее ТС,Легкий,1,0,,True
1503644,2025-04-03 20:08:00+03:00,55.730058,37.62812,Столкновение,Тяжёлый,1,0,,True
1503655,2025-04-03 20:35:00+03:00,55.840374,37.534854,Столкновение,Тяжёлый,1,0,,True
1503673,2025-04-03 22:20:00+03:00,55.845754,37.58896,Опрокидывание,Легкий,1,0,,True
1503696,2025-04-04 05:17:00+03:00,55.750061,37.411615,Столкновение,Тяжёлый,1,0,,True
1503708,2025-04-04 07:45:00+03:00,55.656406,37.699682,Столкновение,Тяжёлый,1,0,,True
1503716,2025-04-04 07:58:00+03:00,55.668213,37.575683,Наезд на велосипедиста,Тяжёлый,1,0,,True
1503728,2025-04-04 08:41:00+03:00,55.72978,37.829318,Наезд на пешехода,Легкий,1,0,,True
1503735,2025-04-04 09:10:00+03:00,55.88981,37.592558,Столкновение,Тяжёлый,1,0,,True
1503738,2025-04-04 09:45:00+03:00,55.626978,37.306416,Столкновение,Тяжёлый,1,0,,True
1503755,2025-04-04 11:17:00+03:00,55.720252,37.605236,Столкновение,Тяжёлый,2,0,,True
1503761,2025-04-04 11:30:00+03:00,55.664461,37.74691,Наезд на пешехода,Тяжёлый,1,0,,True
1503767,2025-04-04 11:50:00+03:00,55.810615,37.809362,Столкновение,Легкий,1,0,,True
1503782,2025-04-04 13:10:00+03:00,55.641386,37.619859,Столкновение,Тяжёлый,1,0,,True
1503802,2025-04-04 14:25:00+03:00,55.667838,37.427759,Столкновение,Тяжёлый,1,0,,True
1503803,2025-04-04 14:28:00+03:00,55.967923,37.151336,Наезд на пешехода,Тяжёлый,1,0,,True
1503807,2025-04-04 14:42:00+03:00,55.7265,37.769516,Наезд на пешехода,Тяжёлый,1,0,,True
1503808,2025-04-04 14:43:00+03:00,55.88299,37.465514,Столкновение,Тяжёлый,1,0,,True
1503811,2025-04-04 14:55:00+03:00,55.764853,37.702267,Наезд на пешехода,Тяжёлый,1,0,,True
1503825,2025-04-04 15:30:00+03:00,55.596183,37.607896,Опрокидывание,Тяжёлый,1,0,,True
1503829,2025-04-04 15:58:00+03:00,55.564672,37.580506,Наезд на пешехода,Тяжёлый,1,0,,True
1503836,2025-04-04 16:10:00+03:00,55.501161,37.558919,Наезд на велосипедиста,С погибшими,0,1,,True
1503866,2025-04-04 17:20:00+03:00,55.710091,37.475948,Наезд на пешехода,Тяжёлый,2,0,,True
1503871,2025-04-04 17:33:00+03:00,55.646599,37.733531,Наезд на пешехода,Тяжёлый,1,0,,True
1503875,2025-04-04 17:45:00+03:00,55.680137,37.532859,Наезд на пешехода,Тяжёлый,1,0,,True
1503878,2025-04-04 17:50:00+03:00,55.784682,37.459527,Наезд на пешехода,Тяжёлый,1,0,,True
1503882,2025-04-04 18:00:00+03:00,55.658004,37.572727,Столкновение,Тяжёлый,1,0,,True
1503886,2025-04-04 18:10:00+03:00,55.551596,37.563308,Столкновение,Тяжёлый,1,0,,True
1503889,2025-04-04 18:20:00+03:00,55.686573,37.922949,Наезд на пешехода,Тяжёлый,1,0,,True
1503899,2025-04-04 18:50:00+03:00,55.504923,37.591352,Наезд на пешехода,Тяжёлый,1,0,,True
1503917,2025-04-04 20:00:00+03:00,55.72085,37.429862,Столкновение,Тяжёлый,1,0,,True
1503919,2025-04-04 20:05:00+03:00,55.854944,37.56217,Столкновение,Тяжёлый,1,0,,True
1503956,2025-04-04 22:25:00+03:00,55.853432,37.48238,Наезд на пешехода,Тяжёлый,1,0,,True
1503963,2025-04-04 23:10:00+03:00,55.659619,37.638634,Столкновение,Тяжёлый,4,0,,True
1503982,2025-04-05 01:57:00+03:00,55.693231,37.535831,Наезд на пешехода,Тяжёлый,1,0,,True
1504032,2025-04-05 09:48:00+03:00,55.806684,37.804867,Наезд на велосипедиста,Тяжёлый,1,0,,True
1504067,2025-04-05 12:00:00+03:00,55.652907,37.704166,Столкновение,Тяжёлый,2,0,,True
1504081,2025-04-05 13:20:00+03:00,55.867512,37.677992,Наезд на пешехода,Тяжёлый,1,0,,True
1504086,2025-04-05 13:36:00+03:00,55.798989,37.726557,Наезд на пешехода,Тяжёлый,1,0,,True
1504105,2025-04-05 14:40:00+03:00,55.805954,37.829704,Наезд на велосипедиста,Тяжёлый,1,0,,True
1504124,2025-04-05 15:40:00+03:00,55.710461,37.730763,Наезд на велосипедиста,Тяжёлый,1,0,,True
1504144,2025-04-05 16:48:00+03:00,55.494203,37.569498,Наезд на препятствие,Тяжёлый,4,0,,True
1504155,2025-04-05 17:24:00+03:00,55.715454,37.899356,Столкновение,Легкий,2,0,,True
1504160,2025-04-05 17:35:00+03:00,55.583837,37.598341,Наезд на пешехода,Тяжёлый,1,0,,True
1504173,2025-04-05 18:10:00+03:00,55.80897,37.636111,Наезд на пешехода,Тяжёлый,1,0,,True
1504242,2025-04-05 22:30:00+03:00,55.899812,37.548126,Наезд на пешехода,Тяжёлый,1,0,,True
1504283,2025-04-06 03:20:00+03:00,55.66129,37.655447,Столкновение,Тяжёлый,1,0,,True
1504300,2025-04-06 07:05:00+03:00,55.8937,37.700701,Столкновение,Тяжёлый,2,0,,True
1504311,2025-04-06 08:30:00+03:00,55.63424,37.760997,Наезд на пешехода,Тяжёлый,1,0,,True
1504313,2025-04-06 08:51:00+03:00,55.689796,37.829479,Столкновение,Тяжёлый,1,0,,True
1504337,2025-04-06 11:30:00+03:00,55.75853,37.657458,Наезд на пешехода,Легкий,1,0,,True
1504346,2025-04-06 12:00:00+03:00,55.709972,37.745215,Наезд на пешехода,Тяжёлый,1,0,,True
1504368,2025-04-06 13:30:00+03:00,55.81792,37.635819,Наезд на пешехода,Легкий,1,0,,True
1504378,2025-04-06 14:00:00+03:00,55.577544,37.587984,Столкновение,Тяжёлый,1,0,,True
1504406,2025-04-06 15:25:00+03:00,55.863181,37.547708,Наезд на пешехода,Тяжёлый,1,0,,True
1504415,2025-04-06 16:00:00+03:00,55.61966,37.593648,Наезд на пешехода,Тяжёлый,1,0,,True
1504429,2025-04-06 16:50:00+03:00,55.819772,37.798043,Столкновение,Легкий,1,0,,True
1504438,2025-04-06 17:22:00+03:00,55.722639,37.575839,Столкновение,Тяжёлый,1,0,,True
1504447,2025-04-06 17:45:00+03:00,55.575021,37.612102,Столкновение,Тяжёлый,2,0,,True
1504460,2025-04-06 18:46:00+03:00,55.760676,37.369405,Столкновение,Тяжёлый,1,0,,True
1504478,2025-04-06 19:45:00+03:00,55.697107,37.571032,Столкновение,Легкий,1,0,,True
1504479,2025-04-06 19:50:00+03:00,55.759034,37.709101,Наезд на стоящее ТС,Тяжёлый,1,0,,True
1504496,2025-04-06 20:35:00+03:00,55.788971,37.45427,Наезд на пешехода,Тяжёлый,1,0,,True
1504500,2025-04-06 20:50:00+03:00,55.867895,37.753905,Столкновение,Легкий,1,0,,True
1504511,2025-04-06 21:30:00+03:00,55.586719,37.202164,Наезд на стоящее ТС,Тяжёлый,2,0,,True
1504513,2025-04-06 21:35:00+03:00,55.795298,37.515832,Наезд на пешехода,Тяжёлый,1,0,,True
1504516,2025-04-06 21:58:00+03:00,55.560804,37.58858,Столкновение,С погибшими,14,1,,True
1504518,2025-04-06 22:00:00+03:00,55.63032,37.435179,Наезд на препятствие,Тяжёлый,1,0,,True
1504533,2025-04-06 23:30:00+03:00,55.600172,37.627938,Наезд на препятствие,Легкий,1,0,,True
1504539,2025-04-07 00:38:00+03:00,55.794623,37.747017,Столкновение,Тяжёлый,1,0,,True
1504542,2025-04-07 01:35:00+03:00,55.693189,37.815456,Наезд на пешехода,Тяжёлый,1,0,,True
1504562,2025-04-07 07:00:00+03:00,55.787722,37.744614,Столкновение,Тяжёлый,1,0,,True
1504584,2025-04-07 08:00:00+03:00,55.843717,37.403576,Столкновение,Тяжёлый,1,0,,True
1504606,2025-04-07 08:57:00+03:00,55.889224,37.596256,Наезд на препятствие,Тяжёлый,1,0,,True
1504612,2025-04-07 09:20:00+03:00,55.581419,37.584014,Наезд на препятствие,Тяжёлый,1,0,,True
1504618,2025-04-07 09:31:00+03:00,55.791549,37.591097,Наезд на пешехода,Тяжёлый,1,0,,True
1504667,2025-04-07 12:53:00+03:00,55.712981,37.578382,Столкновение,Тяжёлый,1,0,,True
1504669,2025-04-07 12:55:00+03:00,55.895096,37.680767,Наезд на внезапно возникшее препятствие,Тяжёлый,1,0,,True
1504691,2025-04-07 14:15:00+03:00,55.706865,37.622885,Наезд на пешехода,Тяжёлый,1,0,,True
1504706,2025-04-07 15:30:00+03:00,55.600814,37.480116,Падение пассажира,Тяжёлый,1,0,,True
1504785,2025-04-07 19:50:00+03:00,55.821019,37.740537,Столкновение,Легкий,1,0,,True
1504814,2025-04-07 22:00:00+03:00,55.789291,37.384865,Наезд на пешехода,Тяжёлый,1,0,,True
1504843,2025-04-08 07:00:00+03:00,55.79844,37.616297,Наезд на пешехода,Легкий,1,0,,True
1504845,2025-04-08 07:10:00+03:00,55.88808,37.660082,Наезд на пешехода,Легкий,1,0,,True
1504877,2025-04-08 09:14:00+03:00,55.777213,37.517517,Столкновение,Тяжёлый,1,0,,True
1504886,2025-04-08 10:20:00+03:00,55.850138,37.61604,Столкновение,Тяжёлый,1,0,,True
1504907,2025-04-08 11:40:00+03:00,55.793302,37.45427,Наезд на пешехода,Тяжёлый,2,0,,True
1504919,2025-04-08 12:20:00+03:00,55.837729,37.512259,Наезд на пешехода,Тяжёлый,1,0,,True
1504921,2025-04-08 12:26:00+03:00,55.883724,37.519104,Наезд на пешехода,Тяжёлый,1,0,,True
1504924,2025-04-08 12:50:00+03:00,55.754101,37.788634,Наезд на пешехода,Легкий,1,0,,True
1504931,2025-04-08 13:17:00+03:00,55.739899,37.650264,Наезд на пешехода,Тяжёлый,1,0,,True
1504939,2025-04-08 13:50:00+03:00,55.71734,37.452097,Столкновение,Тяжёлый,1,0,,True
1504965,2025-04-08 15:40:00+03:00,55.74798,37.419511,Наезд на велосипедиста,Тяжёлый,1,0,,True
1504966,2025-04-08 15:40:00+03:00,55.781002,37.60177,Падение пассажира,Тяжёлый,1,0,,True
1504996,2025-04-08 17:47:00+03:00,55.661114,37.635362,Столкновение,Тяжёлый,1,0,,True
1505006,2025-04-08 18:13:00+03:00,55.829288,37.512356,Наезд на пешехода,Тяжёлый,1,0,,True
1505022,2025-04-08 19:00:00+03:00,55.692699,37.446867,Столкновение,Тяжёлый,1,0,,True
1505035,2025-04-08 19:48:00+03:00,55.488112,37.502518,Наезд на пешехода,Тяжёлый,1,0,,True
1505045,2025-04-08 21:00:00+03:00,55.850102,37.422717,Столкновение,Легкий,1,0,,True
1505055,2025-04-08 21:50:00+03:00,55.751662,37.703705,Наезд на пешехода,Тяжёлый,1,0,,True
1505080,2025-04-09 02:40:00+03:00,55.771264,37.689074,Наезд на пешехода,Тяжёлый,1,0,,True
1505139,2025-04-09 09:20:00+03:00,55.653343,37.536721,Наезд на препятствие,Легкий,1,0,,True
1505142,2025-04-09 09:33:00+03:00,55.746922,37.636928,Наезд на пешехода,Тяжёлый,1,0,,True
1505152,2025-04-09 10:03:00+03:00,55.74107,37.616318,Столкновение,Тяжёлый,1,0,,True
1505163,2025-04-09 10:40:00+03:00,55.736637,37.439979,Наезд на пешехода,Тяжёлый,1,0,,True
1505185,2025-04-09 12:29:00+03:00,55.812243,37.639579,Наезд на пешехода,Тяжёлый,1,0,,True
1505215,2025-04-09 14:17:00+03:00,55.774533,37.480137,Падение пассажира,Тяжёлый,1,0,,True
1505222,2025-04-09 14:40:00+03:00,55.47135,37.302693,Наезд на пешехода,Тяжёлый,1,0,,True
1505257,2025-04-09 17:10:00+03:00,55.659438,37.750558,Падение пассажира,Тяжёлый,1,0,,True
1505263,2025-04-09 17:40:00+03:00,55.893562,37.601448,Наезд на пешехода,Тяжёлый,2,0,,True
1505265,2025-04-09 17:45:00+03:00,55.720856,37.790254,Столкновение,Тяжёлый,1,0,,True
1505283,2025-04-09 19:03:00+03:00,55.640908,37.521261,Наезд на пешехода,Тяжёлый,1,0,,True
1505358,2025-04-10 08:08:00+03:00,55.685883,37.523525,Наезд на пешехода,Тяжёлый,1,0,,True
1505373,2025-04-10 08:40:00+03:00,55.926398,37.544193,Наезд на пешехода,Тяжёлый,1,0,,True
1505395,2025-04-10 10:40:00+03:00,55.897994,37.59319,Падение пассажира,Тяжёлый,1,0,,True
1505397,2025-04-10 11:00:00+03:00,55.611747,37.604313,Наезд на пешехода,Тяжёлый,1,0,,True
1505422,2025-04-10 13:40:00+03:00,55.73905,37.585693,Столкновение,Тяжёлый,1,0,,True
1505448,2025-04-10 15:35:00+03:00,55.74043,37.815746,Столкновение,Легкий,1,0,,True
1505525,2025-04-10 20:15:00+03:00,55.714082,37.948344,Столкновение,Тяжёлый,1,0,,True
1505537,2025-04-10 21:00:00+03:00,55.602936,37.163293,Столкновение,Тяжёлый,1,0,,True
1505556,2025-04-10 22:07:00+03:00,55.767846,37.673139,Столкновение,Тяжёлый,1,0,,True
1505575,2025-04-11 01:46:00+03:00,55.792952,37.375692,Наезд на стоящее ТС,Тяжёлый,1,0,,True
1505576,2025-04-11 02:00:00+03:00,55.507013,37.563854,Столкновение,Тяжёлый,2,0,,True
1505590,2025-04-11 07:23:00+03:00,55.623404,37.609334,Столкновение,Легкий,1,0,,True
1505591,2025-04-11 07:26:00+03:00,55.662276,37.741385,Столкновение,Тяжёлый,1,0,,True
1505602,2025-04-11 08:02:00+03:00,55.854841,37.567846,Наезд на препятствие,Тяжёлый,2,0,,True
1505609,2025-04-11 08:30:00+03:00,55.847557,37.661171,Падение пассажира,Тяжёлый,1,0,,True
1505617,2025-04-11 09:29:00+03:00,55.614404,37.491389,Наезд на пешехода,Тяжёлый,1,0,,True
1505625,2025-04-11 10:35:00+03:00,55.843723,37.480373,Столкновение,Тяжёлый,1,0,,True
1505660,2025-04-11 12:40:00+03:00,55.746286,37.557722,Падение пассажира,Тяжёлый,1,0,,True
1505669,2025-04-11 13:17:00+03:00,55.836325,37.455364,Столкновение,Тяжёлый,1,0,,True
1505675,2025-04-11 13:26:00+03:00,55.605693,37.733907,Наезд на пешехода,Легкий,1,0,,True
1505683,2025-04-11 13:55:00+03:00,55.80303,37.793623,Столкновение,Легкий,1,0,,True
1505705,2025-04-11 15:40:00+03:00,55.932664,37.548266,Наезд на пешехода,Легкий,1,0,,True
1505775,2025-04-11 18:37:00+03:00,55.872524,37.416193,Столкновение,Тяжёлый,1,0,,True
1505792,2025-04-11 19:40:00+03:00,55.778938,37.640866,Столкновение,Тяжёлый,1,0,,True
1505903,2025-04-12 07:22:00+03:00,55.796408,37.550508,Столкновение,Тяжёлый,4,0,,True
1505928,2025-04-12 09:45:00+03:00,55.798429,37.387054,Столкновение,Тяжёлый,1,0,,True
1505938,2025-04-12 10:40:00+03:00,55.612014,37.732576,Наезд на препятствие,С погибшими,0,1,,True
1505944,2025-04-12 11:15:00+03:00,55.64517,37.77312,Опрокидывание,Тяжёлый,1,0,,True
1505949,2025-04-12 11:40:00+03:00,55.818017,37.568446,Наезд на велосипедиста,Тяжёлый,1,0,,True
1505956,2025-04-12 11:54:00+03:00,55.767762,37.730312,Наезд на пешехода,Легкий,1,0,,True
1505972,2025-04-12 12:38:00+03:00,55.87557,37.425388,Столкновение,Тяжёлый,1,0,,True
1505984,2025-04-12 13:08:00+03:00,55.723787,37.398437,Наезд на пешехода,Тяжёлый,1,0,,True
1505988,2025-04-12 13:25:00+03:00,55.847163,37.361723,Падение пассажира,Тяжёлый,1,0,,True
1505997,2025-04-12 13:45:00+03:00,55.745871,37.877029,Наезд на велосипедиста,Легкий,1,0,,True
1506013,2025-04-12 14:30:00+03:00,55.793423,37.638465,Наезд на пешехода,Тяжёлый,1,0,,True
1506055,2025-04-12 17:15:00+03:00,55.660352,37.619601,Падение пассажира,Тяжёлый,1,0,,True
1506076,2025-04-12 18:30:00+03:00,55.636923,37.694188,Столкновение,Тяжёлый,2,0,,True
1506078,2025-04-12 18:48:00+03:00,55.683706,37.479944,Столкновение,Легкий,2,0,,True
1506131,2025-04-12 21:10:00+03:00,55.5802,37.576762,Столкновение,Тяжёлый,1,0,,True
1506140,2025-04-12 21:48:00+03:00,55.586543,37.604957,Наезд на препятствие,Тяжёлый,1,0,,True
1506144,2025-04-12 22:00:00+03:00,55.654741,37.649986,Наезд на препятствие,Тяжёлый,1,0,,True
1506159,2025-04-12 22:58:00+03:00,55.621436,37.712706,Наезд на пешехода,Тяжёлый,1,0,,True
1506235,2025-04-13 08:40:00+03:00,55.794617,37.544779,Столкновение,Легкий,1,0,,True
1506272,2025-04-13 12:41:00+03:00,55.622272,37.735484,Наезд на пешехода,Тяжёлый,1,0,,True
1506283,2025-04-13 13:08:00+03:00,55.734825,37.445226,Наезд на пешехода,Тяжёлый,1,0,,True
1506288,2025-04-13 13:22:00+03:00,55.881383,37.484096,Столкновение,Тяжёлый,1,0,,True
1506292,2025-04-13 13:30:00+03:00,55.771401,37.64093,Наезд на велосипедиста,Тяжёлый,1,0,,True
1506298,2025-04-13 13:45:00+03:00,55.903848,37.572094,Наезд на пешехода,Тяжёлый,1,0,,True
1506312,2025-04-13 14:36:00+03:00,55.584033,37.679479,Наезд на пешехода,Тяжёлый,1,0,,True
1506316,2025-04-13 14:50:00+03:00,55.800847,37.328045,Столкновение,Тяжёлый,1,0,,True
1506317,2025-04-13 14:55:00+03:00,55.788875,37.711548,Наезд на пешехода,Тяжёлый,1,0,,True
1506328,2025-04-13 15:20:00+03:00,55.882275,37.447767,Столкновение,Тяжёлый,1,0,,True
1506336,2025-04-13 15:55:00+03:00,55.584482,37.668257,Наезд на велосипедиста,Тяжёлый,1,0,,True
1506339,2025-04-13 16:00:00+03:00,55.922686,37.544854,Столкновение,Тяжёлый,1,0,,True
1506360,2025-04-13 16:48:00+03:00,55.803856,37.788634,Наезд на пешехода,Тяжёлый,1,0,,True
1506366,2025-04-13 17:00:00+03:00,55.694138,37.713178,Наезд на препятствие,Тяжёлый,2,0,,True
1506375,2025-04-13 17:25:00+03:00,55.829444,37.829232,Столкновение,Легкий,1,0,,True
1506381,2025-04-13 17:40:00+03:00,55.654414,37.493291,Столкновение,Тяжёлый,1,0,,True
1506392,2025-04-13 18:25:00+03:00,55.620866,37.50741,Падение пассажира,Тяжёлый,1,0,,True
1506438,2025-04-13 21:20:00+03:00,55.759396,37.732641,Столкновение,Тяжёлый,2,0,,True
1506442,2025-04-13 21:36:00+03:00,55.793362,37.80285,Наезд на пешехода,Тяжёлый,1,0,,True
1506447,2025-04-13 22:00:00+03:00,55.665871,37.541335,Наезд на пешехода,Тяжёлый,1,0,,True
1506485,2025-04-14 06:45:00+03:00,55.786076,37.635105,Столкновение,Тяжёлый,1,0,,True
1506488,2025-04-14 07:20:00+03:00,55.704731,37.574433,Столкновение,Тяжёлый,1,0,,True
1506489,2025-04-14 07:23:00+03:00,55.669677,37.430645,Наезд на пешехода,Тяжёлый,1,0,,True
1506503,2025-04-14 08:04:00+03:00,55.731164,37.854509,Наезд на пешехода,Тяжёлый,1,0,,True
1506510,2025-04-14 08:30:00+03:00,55.656593,37.403394,Столкновение,Тяжёлый,1,0,,True
1506534,2025-04-14 10:30:00+03:00,55.628989,37.801831,Столкновение,Тяжёлый,1,0,,True
1506543,2025-04-14 11:00:00+03:00,55.782359,37.841914,Наезд на стоящее ТС,Тяжёлый,1,0,,True
1506546,2025-04-14 11:26:00+03:00,55.803645,37.472928,Наезд на пешехода,Тяжёлый,1,0,,True
1506580,2025-04-14 14:04:00+03:00,55.629662,37.455525,Наезд на пешехода,Тяжёлый,1,0,,True
1506581,2025-04-14 14:05:00+03:00,55.787222,37.611554,Наезд на пешехода,Тяжёлый,1,0,,True
1506594,2025-04-14 14:45:00+03:00,55.647422,37.752918,Столкновение,Тяжёлый,1,0,,True
1506637,2025-04-14 17:15:00+03:00,55.745638,37.720975,Наезд на пешехода,Тяжёлый,1,0,,True
1506647,2025-04-14 17:33:00+03:00,55.675465,37.474373,Наезд на пешехода,Тяжёлый,1,0,,True
1506648,2025-04-14 17:37:00+03:00,55.783397,37.526776,Наезд на пешехода,Тяжёлый,1,0,,True
1506649,2025-04-14 17:40:00+03:00,55.727686,37.63094,Наезд на пешехода,Тяжёлый,1,0,,True
1506654,2025-04-14 17:50:00+03:00,55.806708,37.46443,Наезд на пешехода,Тяжёлый,1,0,,True
1506655,2025-04-14 17:53:00+03:00,55.673749,37.523975,Столкновение,Тяжёлый,1,0,,True
1506692,2025-04-14 19:30:00+03:00,55.836596,37.451824,Столкновение,Тяжёлый,1,0,,True
1506709,2025-04-14 20:40:00+03:00,55.672307,37.66324,Наезд на пешехода,Тяжёлый,1,0,,True
1506725,2025-04-14 21:30:00+03:00,55.698709,37.762102,Столкновение,Тяжёлый,1,0,,True
1506735,2025-04-14 22:25:00+03:00,55.741638,37.599195,Столкновение,Тяжёлый,2,0,,True
1506745,2025-04-15 00:20:00+03:00,55.664437,37.770728,Столкновение,Тяжёлый,1,0,,True
1506762,2025-04-15 05:49:00+03:00,55.670983,37.425408,Наезд на стоящее ТС,Тяжёлый,1,0,,True
1506764,2025-04-15 06:04:00+03:00,55.654044,37.4419,Столкновение,Тяжёлый,1,0,,True
1506782,2025-04-15 08:11:00+03:00,55.781575,37.670038,Наезд на пешехода,Тяжёлый,1,0,,True
1506783,2025-04-15 08:11:00+03:00,55.686325,37.542601,Наезд на пешехода,Легкий,1,0,,True
1506784,2025-04-15 08:15:00+03:00,55.813566,37.586238,Наезд на пешехода,Тяжёлый,1,0,,True
1506792,2025-04-15 08:40:00+03:00,55.939148,37.366551,Столкновение,Тяжёлый,1,0,,True
1506801,2025-04-15 09:10:00+03:00,55.76731,37.631521,Наезд на пешехода,Тяжёлый,1,0,,True
1506829,2025-04-15 10:58:00+03:00,55.683186,37.416805,Столкновение,Тяжёлый,1,0,,True
1506834,2025-04-15 11:40:00+03:00,55.834753,37.656004,Столкновение,Легкий,1,0,,True
1506851,2025-04-15 12:30:00+03:00,55.768064,37.496949,Столкновение,Тяжёлый,1,0,,True
1506877,2025-04-15 13:54:00+03:00,55.668455,37.42365,Наезд на пешехода,Тяжёлый,1,0,,True
1506900,2025-04-15 14:43:00+03:00,55.823454,37.572738,Столкновение,Тяжёлый,1,0,,True
1506909,2025-04-15 15:01:00+03:00,55.644074,37.341982,Наезд на пешехода,Тяжёлый,1,0,,True
1506911,2025-04-15 15:07:00+03:00,55.886919,37.557546,Столкновение,Тяжёлый,1,0,,True
1506917,2025-04-15 15:20:00+03:00,55.681093,37.624032,Столкновение,Тяжёлый,1,0,,True
1506920,2025-04-15 15:50:00+03:00,55.670633,37.467434,Наезд на пешехода,Тяжёлый,1,0,,True
1506923,2025-04-15 15:51:00+03:00,55.9895,37.230864,Наезд на пешехода,Легкий,1,0,,True
1506930,2025-04-15 16:17:00+03:00,55.725781,37.760353,Столкновение,Тяжёлый,1,0,,True
1506933,2025-04-15 16:30:00+03:00,55.776567,37.466801,Падение пассажира,Тяжёлый,1,0,,True
1506944,2025-04-15 17:01:00+03:00,55.850355,37.500715,Наезд на велосипедиста,Тяжёлый,1,0,,True
1506945,2025-04-15 17:02:00+03:00,55.702119,37.923721,Столкновение,Тяжёлый,1,0,,True
1506963,2025-04-15 17:59:00+03:00,55.621575,37.607692,Столкновение,Тяжёлый,2,0,,True
1506972,2025-04-15 18:12:00+03:00,55.641513,37.65565,Отбрасывание предмета,Легкий,1,0,,True
1506983,2025-04-15 18:28:00+03:00,55.590612,37.533317,Наезд на стоящее ТС,Тяжёлый,1,0,,True
1506998,2025-04-15 18:55:00+03:00,55.719744,37.810274,Наезд на пешехода,Легкий,1,0,,True
1507003,2025-04-15 19:06:00+03:00,55.789092,37.473024,Наезд на пешехода,Тяжёлый,1,0,,True
1507016,2025-04-15 19:50:00+03:00,55.583542,37.67934,Наезд на пешехода,Легкий,1,0,,True
1507027,2025-04-15 20:20:00+03:00,55.842946,37.354438,Падение пассажира,Тяжёлый,1,0,,True
1507079,2025-04-16 00:01:00+03:00,55.828577,37.489783,Наезд на стоящее ТС,Тяжёлый,1,0,,True
1507106,2025-04-16 07:40:00+03:00,55.810488,37.391818,Столкновение,Тяжёлый,1,0,,True
1507110,2025-04-16 07:50:00+03:00,55.617552,37.700937,Наезд на пешехода,Тяжёлый,1,0,,True
1507125,2025-04-16 08:20:00+03:00,55.71459,37.671486,Столкновение,Тяжёлый,1,0,,True
1507136,2025-04-16 08:45:00+03:00,55.824742,37.579683,Столкновение,Тяжёлый,1,0,,True
1507150,2025-04-16 09:15:00+03:00,55.680361,37.849842,Столкновение,Тяжёлый,1,0,,True
1507157,2025-04-16 09:45:00+03:00,55.829101,37.489729,Столкновение,Легкий,1,0,,True
1507166,2025-04-16 10:30:00+03:00,55.786124,37.725313,Наезд на пешехода,Легкий,1,0,,True
1507172,2025-04-16 10:40:00+03:00,55.849867,37.561011,Столкновение,Тяжёлый,1,0,,True
1507185,2025-04-16 11:30:00+03:00,55.793091,37.786639,Столкновение,Тяжёлый,1,0,,True
1507193,2025-04-16 11:50:00+03:00,55.715647,37.401044,Столкновение,Тяжёлый,1,0,,True
1507211,2025-04-16 12:40:00+03:00,55.793236,37.803451,Столкновение,Легкий,1,0,,True
1507214,2025-04-16 13:00:00+03:00,55.803102,37.826271,Наезд на пешехода,Легкий,1,0,,True
1507216,2025-04-16 13:03:00+03:00,55.997661,37.238417,Столкновение,Тяжёлый,1,0,,True
1507219,2025-04-16 13:05:00+03:00,55.848554,37.584679,Столкновение,Тяжёлый,2,0,,True
1507222,2025-04-16 13:11:00+03:00,55.805454,37.717867,Столкновение,Легкий,1,0,,True
1507238,2025-04-16 14:10:00+03:00,55.717648,37.791349,Наезд на велосипедиста,Тяжёлый,1,0,,True
1507249,2025-04-16 14:48:00+03:00,55.620781,37.788495,Наезд на стоящее ТС,Тяжёлый,1,0,,True
1507252,2025-04-16 14:55:00+03:00,55.678812,37.833996,Столкновение,Тяжёлый,1,0,,True
1507274,2025-04-16 15:50:00+03:00,55.815063,37.637976,Наезд на пешехода,Тяжёлый,1,0,,True
1507275,2025-04-16 15:50:00+03:00,55.889623,37.662211,Наезд на пешехода,Тяжёлый,1,0,,True
1507315,2025-04-16 17:09:00+03:00,55.850632,37.439625,Столкновение,Тяжёлый,1,0,,True
1507321,2025-04-16 17:25:00+03:00,55.741312,37.488098,Столкновение,Тяжёлый,1,0,,True
1507343,2025-04-16 18:00:00+03:00,55.555249,37.496874,Наезд на пешехода,Тяжёлый,1,0,,True
1507349,2025-04-16 18:10:00+03:00,55.816173,37.50078,Столкновение,Тяжёлый,1,0,,True
1507372,2025-04-16 19:10:00+03:00,55.707212,37.483309,Столкновение,Тяжёлый,1,0,,True
1507384,2025-04-16 19:30:00+03:00,55.751143,37.706816,Наезд на пешехода,Тяжёлый,1,0,,True
1507387,2025-04-16 19:30:00+03:00,55.635299,37.739346,Наезд на велосипедиста,Тяжёлый,1,0,,True
1507396,2025-04-16 20:00:00+03:00,55.547836,37.565898,Наезд на пешехода,Тяжёлый,1,0,,True
1507408,2025-04-16 20:30:00+03:00,55.736377,37.412041,Столкновение,Тяжёлый,1,0,,True
1507436,2025-04-16 21:41:00+03:00,55.611281,37.716719,Столкновение,Тяжёлый,1,0,,True
1507441,2025-04-16 22:00:00+03:00,55.802861,37.83729,Наезд на пешехода,Тяжёлый,1,0,,True
1507456,2025-04-17 00:37:00+03:00,55.755167,37.583966,Столкновение,Тяжёлый,1,0,,True
1507479,2025-04-17 07:25:00+03:00,55.674868,37.773625,Столкновение,Тяжёлый,1,0,,True
1507503,2025-04-17 08:45:00+03:00,55.700071,37.573679,Столкновение,Тяжёлый,1,0,,True
1507509,2025-04-17 09:08:00+03:00,55.738292,37.845969,Наезд на пешехода,Тяжёлый,1,0,,True
1507511,2025-04-17 09:18:00+03:00,55.710365,37.850969,Столкновение,Тяжёлый,1,0,,True
1507513,2025-04-17 09:25:00+03:00,55.719152,37.66875,Столкновение,Тяжёлый,1,0,,True
1507523,2025-04-17 09:53:00+03:00,55.691592,37.470449,Наезд на препятствие,Тяжёлый,1,0,,True
1507530,2025-04-17 10:25:00+03:00,55.681919,37.780604,Столкновение,Тяжёлый,1,0,,True
1507545,2025-04-17 11:20:00+03:00,55.660606,37.654846,Столкновение,Тяжёлый,1,0,,True
1507552,2025-04-17 11:33:00+03:00,55.68852,37.548684,Столкновение,Тяжёлый,1,0,,True
1507559,2025-04-17 12:12:00+03:00,55.80306,37.793441,Столкновение,Тяжёлый,1,0,,True
1507598,2025-04-17 14:15:00+03:00,55.639721,37.75736,Наезд на пешехода,Тяжёлый,1,0,,True
1507614,2025-04-17 15:00:00+03:00,55.642736,37.655672,Наезд на пешехода,Тяжёлый,2,0,,True
1507625,2025-04-17 15:30:00+03:00,55.647071,37.61972,Столкновение,Тяжёлый,1,0,,True
1507634,2025-04-17 16:00:00+03:00,55.647652,37.696259,Наезд на препятствие,Тяжёлый,1,0,,True
1507647,2025-04-17 16:40:00+03:00,55.715215,37.452335,Столкновение,Тяжёлый,1,0,,True
1507668,2025-04-17 17:45:00+03:00,55.787397,37.483495,Столкновение,Легкий,1,0,,True
1507742,2025-04-17 22:30:00+03:00,55.567548,37.474912,Наезд на велосипедиста,Тяжёлый,1,0,,True
1507745,2025-04-17 23:10:00+03:00,55.780538,37.599921,Наезд на велосипедиста,Тяжёлый,1,0,,True
1507782,2025-04-18 07:30:00+03:00,55.612257,37.610257,Столкновение,Тяжёлый,1,0,,True
1507798,2025-04-18 08:02:00+03:00,55.716813,37.408308,Столкновение,Тяжёлый,1,0,,True
1507815,2025-04-18 09:08:00+03:00,55.65074,37.409509,Опрокидывание,Тяжёлый,1,0,,True
1507826,2025-04-18 09:30:00+03:00,55.609772,37.610128,Столкновение,Тяжёлый,1,0,,True
1507862,2025-04-18 11:33:00+03:00,55.801046,37.579132,Столкновение,Тяжёлый,1,0,,True
1507874,2025-04-18 12:00:00+03:00,55.783101,37.694918,Наезд на велосипедиста,Тяжёлый,1,0,,True
1507880,2025-04-18 12:09:00+03:00,55.734937,37.617082,Наезд на велосипедиста,Тяжёлый,1,0,,True
1507887,2025-04-18 12:31:00+03:00,55.551013,37.547729,Наезд на пешехода,Тяжёлый,1,0,,True
1507907,2025-04-18 13:42:00+03:00,55.730566,37.71747,Столкновение,Тяжёлый,1,0,,True
1507910,2025-04-18 13:54:00+03:00,55.757452,37.597833,Наезд на пешехода,Тяжёлый,1,0,,True
1507938,2025-04-18 15:05:00+03:00,55.859275,37.600433,Падение пассажира,Тяжёлый,1,0,,True
1507944,2025-04-18 15:29:00+03:00,55.780712,37.728564,Наезд на пешехода,Легкий,1,0,,True
1507954,2025-04-18 15:50:00+03:00,55.669931,37.780244,Столкновение,Тяжёлый,1,0,,True
1507955,2025-04-18 15:52:00+03:00,55.713236,37.760568,Столкновение,С погибшими,0,1,,True
1507982,2025-04-18 17:10:00+03:00,55.801914,37.805125,Наезд на стоящее ТС,Тяжёлый,1,0,,True
1507991,2025-04-18 17:30:00+03:00,55.804941,37.399853,Наезд на пешехода,Тяжёлый,1,0,,True
1507993,2025-04-18 17:33:00+03:00,55.864903,37.535423,Наезд на пешехода,Тяжёлый,1,0,,True
1507996,2025-04-18 17:42:00+03:00,55.674535,37.485974,Наезд на пешехода,Тяжёлый,1,0,,True
1508009,2025-04-18 18:00:00+03:00,55.846446,37.373654,Наезд на пешехода,Тяжёлый,1,0,,True
1508012,2025-04-18 18:00:00+03:00,55.884001,37.686056,Наезд на пешехода,Легкий,1,0,,True
1508018,2025-04-18 18:10:00+03:00,55.942243,37.543877,Столкновение,Тяжёлый,2,0,,True
1508028,2025-04-18 18:30:00+03:00,55.857056,37.65395,Столкновение,Тяжёлый,2,0,,True
1508030,2025-04-18 18:30:00+03:00,55.837452,37.813075,Столкновение,Легкий,1,0,,True
1508049,2025-04-18 19:24:00+03:00,55.800298,37.531968,Столкновение,Легкий,1,0,,True
1508050,2025-04-18 19:25:00+03:00,55.559627,37.585758,Наезд на пешехода,Тяжёлый,1,0,,True
1508062,2025-04-18 19:55:00+03:00,55.690637,37.621994,Столкновение,Тяжёлый,2,0,,True
1508063,2025-04-18 19:57:00+03:00,55.71507,37.409942,Наезд на пешехода,Тяжёлый,1,0,,True
1508074,2025-04-18 20:30:00+03:00,55.697007,37.555931,Наезд на велосипедиста,Тяжёлый,1,0,,True
1508075,2025-04-18 20:30:00+03:00,55.778389,37.721429,Наезд на пешехода,Тяжёлый,1,0,,True
1508091,2025-04-18 21:15:00+03:00,55.850893,37.64619,Наезд на пешехода,Тяжёлый,2,0,,True
1508110,2025-04-18 22:05:00+03:00,55.741708,37.54695,Наезд на велосипедиста,Тяжёлый,1,0,,True
1508111,2025-04-18 22:05:00+03:00,55.660797,37.094398,Столкновение,Легкий,1,0,,True
1508131,2025-04-18 23:00:00+03:00,55.812484,37.475674,Столкновение,Тяжёлый,1,0,,True
1508142,2025-04-18 23:40:00+03:00,55.73416,37.643355,Опрокидывание,Тяжёлый,1,0,,True
1508145,2025-04-18 23:55:00+03:00,55.391068,37.326672,Столкновение,Тяжёлый,1,0,,True
1508165,2025-04-19 02:15:00+03:00,55.869714,37.587375,Падение пассажира,Тяжёлый,1,0,,True
1508229,2025-04-19 11:10:00+03:00,55.868244,37.538856,Наезд на пешехода,Тяжёлый,1,0,,True
1508243,2025-04-19 11:43:00+03:00,55.82126,37.833749,Опрокидывание,Легкий,1,0,,True
1508269,2025-04-19 12:36:00+03:00,55.676338,37.62944,Наезд на пешехода,Тяжёлый,1,0,,True
1508317,2025-04-19 14:10:00+03:00,55.802041,37.648795,Наезд на пешехода,Легкий,1,0,,True
1508318,2025-04-19 14:10:00+03:00,55.5254,37.219985,Наезд на велосипедиста,Тяжёлый,1,0,,True
1508327,2025-04-19 14:46:00+03:00,55.748118,37.407203,Наезд на велосипедиста,Тяжёлый,1,0,,True
1508334,2025-04-19 15:00:00+03:00,55.853788,37.584035,Наезд на пешехода,Тяжёлый,2,0,,True
1508350,2025-04-19 15:36:00+03:00,55.754511,37.509574,Столкновение,Тяжёлый,1,0,,True
1508364,2025-04-19 16:20:00+03:00,55.706581,37.942014,Столкновение,Тяжёлый,1,0,,True
1508366,2025-04-19 16:20:00+03:00,55.64354,37.343435,Падение пассажира,Тяжёлый,1,0,,True
1508376,2025-04-19 16:40:00+03:00,55.623822,37.653558,Наезд на стоящее ТС,Легкий,1,0,,True
1508386,2025-04-19 17:00:00+03:00,55.599323,37.375188,Столкновение,Тяжёлый,1,0,,True
1508413,2025-04-19 18:01:00+03:00,55.547524,37.544686,Наезд на велосипедиста,Тяжёлый,1,0,,True
1508425,2025-04-19 18:30:00+03:00,55.67975,37.670081,Наезд на стоящее ТС,Тяжёлый,1,0,,True
1508442,2025-04-19 19:20:00+03:00,55.646,37.71791,Столкновение,Тяжёлый,1,0,,True
1508443,2025-04-19 19:20:00+03:00,55.892846,37.43116,Столкновение,Тяжёлый,1,0,,True
1508463,2025-04-19 20:00:00+03:00,55.620254,37.673482,Опрокидывание,Тяжёлый,1,0,,True
1508466,2025-04-19 20:15:00+03:00,55.829637,37.394414,Столкновение,Тяжёлый,1,0,,True
1508467,2025-04-19 20:15:00+03:00,55.846898,37.59103,Опрокидывание,Легкий,1,0,,True
1508491,2025-04-19 21:20:00+03:00,55.595759,37.54078,Столкновение,Тяжёлый,2,0,,True
1508499,2025-04-19 21:42:00+03:00,55.759716,37.747575,Опрокидывание,Тяжёлый,1,0,,True
1508504,2025-04-19 21:56:00+03:00,55.995939,37.212142,Наезд на пешехода,Легкий,1,0,,True
1508518,2025-04-19 22:50:00+03:00,55.819944,37.663246,Столкновение,Тяжёлый,3,0,,True
1508570,2025-04-20 02:20:00+03:00,55.864822,37.615059,Столкновение,Легкий,1,0,,True
1508605,2025-04-20 07:20:00+03:00,55.313212,37.151556,Наезд на препятствие,Тяжёлый,1,0,,True
1508617,2025-04-20 09:00:00+03:00,55.804115,37.636864,Опрокидывание,Тяжёлый,1,0,,True
1508630,2025-04-20 10:00:00+03:00,55.706363,37.481736,Наезд на пешехода,Тяжёлый,1,0,,True
1508657,2025-04-20 11:35:00+03:00,55.653125,37.613261,Столкновение,Легкий,2,0,,True
1508668,2025-04-20 12:13:00+03:00,55.215841,36.982942,Столкновение,Тяжёлый,4,0,,True
1508682,2025-04-20 12:45:00+03:00,55.701541,37.732211,Столкновение,Тяжёлый,1,0,,True
1508709,2025-04-20 14:00:00+03:00,55.546544,37.544169,Наезд на пешехода,Тяжёлый,1,0,,True
1508732,2025-04-20 14:40:00+03:00,55.642565,37.534355,Наезд на пешехода,Тяжёлый,1,0,,True
1508753,2025-04-20 15:30:00+03:00,55.786275,37.573167,Наезд на пешехода,Тяжёлый,1,0,,True
1508754,2025-04-20 15:35:00+03:00,55.611863,37.747768,Столкновение,Тяжёлый,1,0,,True
1508757,2025-04-20 15:40:00+03:00,55.491328,37.311008,Наезд на пешехода,Тяжёлый,1,0,,True
1508787,2025-04-20 16:40:00+03:00,55.795292,37.706623,Столкновение,Легкий,1,0,,True
1508789,2025-04-20 16:45:00+03:00,55.615541,37.729025,Столкновение,Тяжёлый,1,0,,True
1508792,2025-04-20 16:50:00+03:00,55.633374,37.596567,Столкновение,Тяжёлый,1,0,,True
1508796,2025-04-20 16:50:00+03:00,55.885493,37.672784,Столкновение,Тяжёлый,1,0,,True
1508810,2025-04-20 17:15:00+03:00,55.764437,37.406515,Падение пассажира,Легкий,1,0,,True
1508815,2025-04-20 17:26:00+03:00,55.730539,37.377432,Столкновение,Тяжёлый,2,0,,True
1508816,2025-04-20 17:27:00+03:00,55.885903,37.515081,Столкновение,Тяжёлый,2,0,,True
1508866,2025-04-20 20:00:00+03:00,55.734631,37.510757,Наезд на велосипедиста,Тяжёлый,2,0,,True
1508889,2025-04-20 20:33:00+03:00,55.798519,37.741749,Наезд на пешехода,Легкий,1,0,,True
1508890,2025-04-20 20:35:00+03:00,55.854522,37.421161,Столкновение,Тяжёлый,2,0,,True
1508939,2025-04-21 00:10:00+03:00,55.869354,37.66427,Наезд на пешехода,Тяжёлый,1,0,,True
1508941,2025-04-21 00:35:00+03:00,55.705904,37.513976,Столкновение,Тяжёлый,1,0,,True
1508945,2025-04-21 00:50:00+03:00,55.675878,37.508172,Опрокидывание,Тяжёлый,1,0,,True
1508965,2025-04-21 06:40:00+03:00,55.813147,37.832075,Столкновение,Легкий,2,0,,True
1508977,2025-04-21 08:05:00+03:00,55.552144,37.560824,Наезд на пешехода,Тяжёлый,1,0,,True
1508979,2025-04-21 08:10:00+03:00,55.485632,37.544779,Столкновение,Тяжёлый,1,0,,True
1508987,2025-04-21 08:20:00+03:00,55.737277,37.728456,Столкновение,Тяжёлый,1,0,,True
1509008,2025-04-21 10:05:00+03:00,55.674472,37.522553,Столкновение,Тяжёлый,1,0,,True
1509010,2025-04-21 10:12:00+03:00,55.678643,37.749345,Наезд на пешехода,Тяжёлый,1,0,,True
1509017,2025-04-21 10:30:00+03:00,55.664702,37.515768,Наезд на велосипедиста,Тяжёлый,1,0,,True
1509019,2025-04-21 10:40:00+03:00,55.69991,37.934391,Столкновение,Тяжёлый,1,0,,True
1509022,2025-04-21 10:43:00+03:00,55.979975,37.161952,Столкновение,Легкий,1,0,,True
1509023,2025-04-21 10:49:00+03:00,55.752985,37.648141,Столкновение,Тяжёлый,1,0,,True
1509024,2025-04-21 10:50:00+03:00,55.699187,37.470095,Наезд на велосипедиста,Тяжёлый,1,0,,True
1509030,2025-04-21 11:19:00+03:00,55.889235,37.712789,Столкновение,Тяжёлый,1,0,,True
1509035,2025-04-21 11:25:00+03:00,55.546127,37.444603,Столкновение,Тяжёлый,1,0,,True
1509040,2025-04-21 11:35:00+03:00,55.840636,37.490506,Столкновение,Тяжёлый,1,0,,True
1509059,2025-04-21 12:29:00+03:00,55.60862,37.534014,Столкновение,Тяжёлый,2,0,,True
1509076,2025-04-21 13:21:00+03:00,55.792651,37.509642,Наезд на пешехода,С погибшими,0,1,,True
1509088,2025-04-21 14:00:00+03:00,55.762523,37.484901,Столкновение,Тяжёлый,1,0,,True
1509093,2025-04-21 14:09:00+03:00,55.757973,37.40871,Столкновение,Тяжёлый,1,0,,True
1509094,2025-04-21 14:09:00+03:00,55.659833,37.408185,Столкновение,Тяжёлый,1,0,,True
1509097,2025-04-21 14:18:00+03:00,55.665387,37.464645,Наезд на пешехода,Тяжёлый,1,0,,True
1509098,2025-04-21 14:20:00+03:00,55.636253,37.51376,Наезд на велосипедиста,Тяжёлый,1,0,,True
1509107,2025-04-21 14:50:00+03:00,55.805912,37.510017,Столкновение,Тяжёлый,6,0,,True
1509108,2025-04-21 14:50:00+03:00,55.707886,37.574412,Наезд на пешехода,Тяжёлый,2,0,,True
1509124,2025-04-21 15:30:00+03:00,55.81891,37.702385,Наезд на пешехода,Тяжёлый,1,0,,True
1509129,2025-04-21 16:00:00+03:00,55.638625,37.603025,Наезд на пешехода,Тяжёлый,1,0,,True
1509143,2025-04-21 16:33:00+03:00,55.858876,37.529855,Столкновение,Тяжёлый,2,0,,True
1509146,2025-04-21 16:48:00+03:00,55.896592,37.622655,Наезд на пешехода,Тяжёлый,1,0,,True
1509168,2025-04-21 17:45:00+03:00,55.930374,37.378836,Столкновение,Тяжёлый,1,0,,True
1509208,2025-04-21 19:15:00+03:00,55.864578,37.58587,Наезд на пешехода,Тяжёлый,1,0,,True
1509261,2025-04-21 21:51:00+03:00,55.887311,37.547761,Наезд на стоящее ТС,Тяжёлый,2,0,,True
1509263,2025-04-21 22:05:00+03:00,55.699616,37.657217,Столкновение,Легкий,1,0,,True
1509276,2025-04-22 00:32:00+03:00,55.888598,37.487583,Наезд на пешехода,Тяжёлый,2,0,,True
1509308,2025-04-22 07:51:00+03:00,55.846855,37.345437,Столкновение,Тяжёлый,1,0,,True
1509313,2025-04-22 08:02:00+03:00,55.829601,37.823321,Наезд на пешехода,Тяжёлый,1,0,,True
1509332,2025-04-22 09:30:00+03:00,55.893056,37.533664,Столкновение,Тяжёлый,1,0,,True
1509333,2025-04-22 09:30:00+03:00,55.707802,37.641842,Опрокидывание,Тяжёлый,1,0,,True
1509335,2025-04-22 09:40:00+03:00,55.770291,37.643377,Столкновение,Тяжёлый,1,0,,True
1509355,2025-04-22 10:50:00+03:00,55.842929,37.393117,Столкновение,Тяжёлый,1,0,,True
1509357,2025-04-22 10:56:00+03:00,55.721696,37.381968,Столкновение,Тяжёлый,1,0,,True
1509363,2025-04-22 11:25:00+03:00,55.728307,37.472455,Столкновение,Тяжёлый,1,0,,True
1509364,2025-04-22 11:25:00+03:00,55.716789,37.619376,Наезд на пешехода,Тяжёлый,1,0,,True
1509365,2025-04-22 11:25:00+03:00,55.801956,37.491682,Столкновение,Тяжёлый,1,0,,True
1509385,2025-04-22 12:30:00+03:00,55.505925,37.533578,Наезд на пешехода,Тяжёлый,1,0,,True
1509388,2025-04-22 12:33:00+03:00,55.832361,37.486757,Наезд на велосипедиста,Легкий,1,0,,True
1509402,2025-04-22 13:50:00+03:00,55.679272,37.728692,Столкновение,Тяжёлый,1,0,,True
1509430,2025-04-22 15:20:00+03:00,55.64181,37.598584,Столкновение,Легкий,1,0,,True
1509438,2025-04-22 16:03:00+03:00,55.759152,37.644026,Наезд на пешехода,Тяжёлый,1,0,,True
1509440,2025-04-22 16:07:00+03:00,55.680071,37.663,Наезд на пешехода,Тяжёлый,1,0,,True
1509454,2025-04-22 16:40:00+03:00,55.58892,37.426085,Столкновение,Тяжёлый,2,0,,True
1509466,2025-04-22 17:00:00+03:00,55.652804,37.561827,Наезд на пешехода,Легкий,1,0,,True
1509517,2025-04-22 19:16:00+03:00,55.720451,37.67346,Столкновение,Тяжёлый,1,0,,True
1509518,2025-04-22 19:25:00+03:00,55.541423,37.485598,Наезд на пешехода,Тяжёлый,1,0,,True
1509520,2025-04-22 19:25:00+03:00,55.638746,37.757671,Столкновение,Тяжёлый,1,0,,True
1509522,2025-04-22 19:30:00+03:00,55.865315,37.601774,Наезд на пешехода,Тяжёлый,1,0,,True
1509542,2025-04-22 20:16:00+03:00,55.993868,37.190898,Наезд на велосипедиста,Тяжёлый,1,0,,True
1509555,2025-04-22 20:53:00+03:00,55.823707,37.835637,Наезд на препятствие,Тяжёлый,1,0,,True
1509566,2025-04-22 21:30:00+03:00,55.807902,37.611201,Столкновение,Тяжёлый,1,0,,True
1509574,2025-04-22 22:00:00+03:00,55.644001,37.585612,Наезд на препятствие,С погибшими,0,1,,True
1509588,2025-04-22 23:55:00+03:00,55.567693,37.597607,Столкновение,Тяжёлый,1,0,,True
1509591,2025-04-23 00:05:00+03:00,55.737906,37.373269,Столкновение,Тяжёлый,2,0,,True
1509605,2025-04-23 06:22:00+03:00,55.871086,37.412202,Столкновение,Тяжёлый,1,0,,True
1509625,2025-04-23 07:56:00+03:00,55.579169,37.596416,Столкновение,Легкий,2,0,,True
1509639,2025-04-23 09:10:00+03:00,55.639442,37.822688,Столкновение,Тяжёлый,1,0,,True
1509643,2025-04-23 09:32:00+03:00,55.606984,37.289561,Падение пассажира,Тяжёлый,1,0,,True
1509646,2025-04-23 09:50:00+03:00,55.729743,37.446093,Столкновение,Тяжёлый,1,0,,True
1509663,2025-04-23 10:30:00+03:00,55.87374,37.666014,Наезд на велосипедиста,Тяжёлый,1,0,,True
1509687,2025-04-23 11:45:00+03:00,55.777436,37.522784,Наезд на пешехода,Тяжёлый,1,0,,True
1509692,2025-04-23 12:24:00+03:00,55.86058,37.545648,Наезд на пешехода,Тяжёлый,1,0,,True
1509698,2025-04-23 12:43:00+03:00,55.623998,37.608518,Наезд на пешехода,Легкий,1,0,,True
1509713,2025-04-23 13:20:00+03:00,55.696249,37.630427,Столкновение,Легкий,1,0,,True
1509720,2025-04-23 13:47:00+03:00,55.843814,37.499717,Иной вид ДТП,Тяжёлый,1,0,,True
1509722,2025-04-23 13:57:00+03:00,55.790745,37.534146,Наезд на велосипедиста,Тяжёлый,1,0,,True
1509728,2025-04-23 14:20:00+03:00,55.595847,37.662864,Наезд на пешехода,Тяжёлый,1,0,,True
1509737,2025-04-23 14:46:00+03:00,55.760754,37.615074,Наезд на пешехода,Тяжёлый,1,0,,True
1509744,2025-04-23 15:10:00+03:00,55.80479,37.839854,Столкновение,Легкий,1,0,,True
1509764,2025-04-23 16:17:00+03:00,55.890794,37.385552,Наезд на пешехода,Тяжёлый,1,0,,True
1509773,2025-04-23 16:40:00+03:00,55.789122,37.391582,Столкновение,Тяжёлый,1,0,,True
1509774,2025-04-23 16:40:00+03:00,55.600681,37.720592,Наезд на велосипедиста,Легкий,1,0,,True
1509784,2025-04-23 17:04:00+03:00,55.765475,37.610546,Наезд на пешехода,Тяжёлый,1,0,,True
1509801,2025-04-23 18:10:00+03:00,55.613414,37.533696,Наезд на пешехода,Тяжёлый,1,0,,True
1509825,2025-04-23 19:10:00+03:00,55.887365,37.556022,Столкновение,Тяжёлый,1,0,,True
1509867,2025-04-23 21:00:00+03:00,55.776959,37.506273,Столкновение,Тяжёлый,1,0,,True
1509873,2025-04-23 21:17:00+03:00,55.543956,37.509822,Столкновение,Тяжёлый,1,0,,True
1509879,2025-04-23 21:32:00+03:00,55.327045,37.343731,Наезд на пешехода,Тяжёлый,1,0,,True
1509882,2025-04-23 21:50:00+03:00,55.730191,37.612016,Столкновение,Тяжёлый,2,0,,True
1509883,2025-04-23 21:55:00+03:00,55.707095,37.767745,Столкновение,Тяжёлый,1,0,,True
1509892,2025-04-23 23:05:00+03:00,55.652783,37.545879,Столкновение,Тяжёлый,1,0,,True
1509895,2025-04-23 23:58:00+03:00,55.607469,37.290484,Наезд на пешехода,Тяжёлый,1,0,,True
1509900,2025-04-24 01:00:00+03:00,55.724131,37.604635,Столкновение,Тяжёлый,1,0,,True
1509901,2025-04-24 01:27:00+03:00,55.773176,37.610149,Наезд на пешехода,Тяжёлый,1,0,,True
1509932,2025-04-24 08:15:00+03:00,55.683076,37.665397,Столкновение,Тяжёлый,1,0,,True
1509940,2025-04-24 08:30:00+03:00,55.858524,37.642577,Наезд на велосипедиста,Легкий,1,0,,True
1509942,2025-04-24 08:35:00+03:00,55.648367,37.726729,Наезд на пешехода,Тяжёлый,1,0,,True
1509950,2025-04-24 09:10:00+03:00,55.826323,37.652829,Столкновение,Легкий,1,0,,True
1509953,2025-04-24 09:25:00+03:00,55.643863,37.547858,Столкновение,Тяжёлый,1,0,,True
1509977,2025-04-24 11:01:00+03:00,55.782872,37.578961,Наезд на велосипедиста,Тяжёлый,1,0,,True
1509981,2025-04-24 11:15:00+03:00,55.713943,37.733907,Столкновение,Тяжёлый,1,0,,True
1510017,2025-04-24 13:17:00+03:00,55.864343,37.464173,Столкновение,Тяжёлый,1,0,,True
1510021,2025-04-24 13:28:00+03:00,55.619499,37.583982,Падение пассажира,Тяжёлый,1,0,,True
1510025,2025-04-24 13:35:00+03:00,55.875955,37.645459,Падение пассажира,Тяжёлый,1,0,,True
1510043,2025-04-24 14:14:00+03:00,55.782305,37.706494,Падение пассажира,Тяжёлый,1,0,,True
1510049,2025-04-24 14:30:00+03:00,55.604572,37.737597,Столкновение,Тяжёлый,1,0,,True
1510066,2025-04-24 15:30:00+03:00,55.736401,37.619376,Столкновение,Тяжёлый,1,0,,True
1510105,2025-04-24 17:12:00+03:00,55.85766,37.4444,Наезд на пешехода,Легкий,1,0,,True
1510113,2025-04-24 17:21:00+03:00,55.860496,37.585001,Столкновение,Тяжёлый,1,0,,True
1510135,2025-04-24 18:00:00+03:00,55.838633,37.660897,Столкновение,Легкий,1,0,,True
1510138,2025-04-24 18:15:00+03:00,55.732312,37.445118,Падение пассажира,Тяжёлый,1,0,,True
1510175,2025-04-24 19:50:00+03:00,55.803494,37.636188,Столкновение,Тяжёлый,1,0,,True
1510188,2025-04-24 20:25:00+03:00,55.688811,37.531958,Столкновение,Тяжёлый,1,0,,True
1510280,2025-04-25 09:30:00+03:00,55.584536,37.660908,Столкновение,Легкий,1,0,,True
1510282,2025-04-25 09:30:00+03:00,55.691846,37.488045,Наезд на велосипедиста,Тяжёлый,1,0,,True
1510283,2025-04-25 09:30:00+03:00,55.689427,37.491231,Наезд на пешехода,Тяжёлый,1,0,,True
1510285,2025-04-25 09:50:00+03:00,55.672055,37.609237,Падение пассажира,Легкий,1,0,,True
1510301,2025-04-25 10:50:00+03:00,56.00303,37.207861,Наезд на велосипедиста,Тяжёлый,1,0,,True
1510310,2025-04-25 11:30:00+03:00,55.710951,37.665811,Столкновение,Легкий,1,0,,True
1510317,2025-04-25 11:58:00+03:00,55.72927,37.623511,Наезд на велосипедиста,Тяжёлый,1,0,,True
1510321,2025-04-25 12:09:00+03:00,55.689267,37.489126,Опрокидывание,Легкий,1,0,,True
1510336,2025-04-25 12:46:00+03:00,55.837229,37.387537,Столкновение,Тяжёлый,1,0,,True
1510367,2025-04-25 14:30:00+03:00,55.758237,37.538835,Наезд на пешехода,Тяжёлый,1,0,,True
1510369,2025-04-25 14:35:00+03:00,55.806648,37.47649,Наезд на пешехода,Тяжёлый,2,0,,True
1510371,2025-04-25 14:48:00+03:00,55.779711,37.64122,Столкновение,Тяжёлый,1,0,,True
1510376,2025-04-25 15:00:00+03:00,55.760685,37.569064,Наезд на пешехода,Тяжёлый,1,0,,True
1510386,2025-04-25 15:35:00+03:00,55.887341,37.536399,Наезд на пешехода,Тяжёлый,1,0,,True
1510397,2025-04-25 16:00:00+03:00,55.703081,37.789911,Наезд на пешехода,Тяжёлый,1,0,,True
1510398,2025-04-25 16:02:00+03:00,55.889332,37.63401,Наезд на пешехода,Тяжёлый,1,0,,True
1510405,2025-04-25 16:35:00+03:00,55.628511,37.642905,Столкновение,Легкий,2,0,,True
1510416,2025-04-25 17:07:00+03:00,55.713097,37.84215,Наезд на велосипедиста,Тяжёлый,1,0,,True
1510439,2025-04-25 18:07:00+03:00,55.785708,37.512023,Наезд на пешехода,Тяжёлый,1,0,,True
1510459,2025-04-25 18:50:00+03:00,55.884206,37.605751,Наезд на пешехода,Тяжёлый,1,0,,True
1510468,2025-04-25 19:15:00+03:00,55.681919,37.566928,Наезд на пешехода,Тяжёлый,2,0,,True
1510482,2025-04-25 19:53:00+03:00,55.745533,37.582887,Столкновение,Тяжёлый,1,0,,True
1510489,2025-04-25 20:10:00+03:00,55.781478,37.471576,Наезд на пешехода,Тяжёлый,1,0,,True
1510496,2025-04-25 20:38:00+03:00,55.718052,37.513268,Опрокидывание,Тяжёлый,1,0,,True
1510503,2025-04-25 20:51:00+03:00,55.821869,37.621887,Наезд на пешехода,Тяжёлый,1,0,,True
1510511,2025-04-25 21:15:00+03:00,55.575168,37.589582,Столкновение,Тяжёлый,1,0,,True
1510532,2025-04-25 22:35:00+03:00,55.927477,37.383224,Опрокидывание,Легкий,1,0,,True
1510570,2025-04-26 04:10:00+03:00,55.784923,37.622552,Столкновение,Тяжёлый,1,0,,True
1510609,2025-04-26 10:10:00+03:00,55.798747,37.615186,Наезд на пешехода,Тяжёлый,1,0,,True
1510635,2025-04-26 12:00:00+03:00,55.620236,37.718682,Падение пассажира,Тяжёлый,1,0,,True
1510680,2025-04-26 13:43:00+03:00,55.836868,37.636682,Наезд на пешехода,Тяжёлый,1,0,,True
1510685,2025-04-26 13:52:00+03:00,55.717146,37.793462,Падение пассажира,Тяжёлый,1,0,,True
1510699,2025-04-26 14:30:00+03:00,55.615259,37.744156,Столкновение,Тяжёлый,1,0,,True
1510701,2025-04-26 14:30:00+03:00,55.768716,37.580302,Наезд на пешехода,Тяжёлый,1,0,,True
1510704,2025-04-26 14:37:00+03:00,55.802198,37.525971,Опрокидывание,Тяжёлый,1,0,,True
1510739,2025-04-26 16:25:00+03:00,55.651848,37.750965,Столкновение,Тяжёлый,1,0,,True
1510752,2025-04-26 16:45:00+03:00,55.709225,37.405401,Наезд на пешехода,Тяжёлый,1,0,,True
1510828,2025-04-26 20:05:00+03:00,55.757507,37.633312,Наезд на пешехода,Тяжёлый,1,0,,True
1510835,2025-04-26 20:27:00+03:00,55.753715,37.410688,Наезд на велосипедиста,Тяжёлый,1,0,,True
1510907,2025-04-27 01:10:00+03:00,55.865499,37.497711,Столкновение,Тяжёлый,3,0,,True
1510915,2025-04-27 01:35:00+03:00,55.705136,37.552139,Столкновение,Тяжёлый,1,0,,True
1510950,2025-04-27 08:58:00+03:00,55.870213,37.534651,Падение пассажира,Тяжёлый,1,0,,True
1510955,2025-04-27 09:34:00+03:00,55.834692,37.396407,Наезд на стоящее ТС,С погибшими,0,1,,True
1510973,2025-04-27 11:40:00+03:00,55.616116,37.71555,Наезд на пешехода,Легкий,1,0,,True
1510974,2025-04-27 12:00:00+03:00,55.737736,37.5844,Столкновение,Тяжёлый,1,0,,True
1511046,2025-04-27 16:45:00+03:00,55.833156,37.6527,Наезд на велосипедиста,Тяжёлый,1,0,,True
1511052,2025-04-27 17:15:00+03:00,55.689028,37.923195,Наезд на пешехода,Тяжёлый,1,0,,True
1511054,2025-04-27 17:20:00+03:00,55.92348,37.545514,Столкновение,Легкий,1,0,,True
1511117,2025-04-27 20:55:00+03:00,55.885799,37.68357,Наезд на пешехода,Тяжёлый,1,0,,True
1511128,2025-04-27 21:30:00+03:00,55.619249,37.712717,Столкновение,Тяжёлый,1,0,,True
1511151,2025-04-27 23:14:00+03:00,55.558053,37.48975,Столкновение,Тяжёлый,1,0,,True
1511164,2025-04-28 01:00:00+03:00,55.737319,37.824823,Наезд на препятствие,Тяжёлый,1,0,,True
1511205,2025-04-28 07:54:00+03:00,55.64144,37.605783,Столкновение,Тяжёлый,1,0,,True
1511208,2025-04-28 08:00:00+03:00,55.842856,37.402149,Наезд на велосипедиста,Тяжёлый,1,0,,True
1511212,2025-04-28 08:17:00+03:00,55.791215,37.584733,Наезд на препятствие,Тяжёлый,2,0,,True
1511213,2025-04-28 08:20:00+03:00,55.768336,37.369587,Опрокидывание,Тяжёлый,1,0,,True
1511223,2025-04-28 08:45:00+03:00,55.80587,37.753015,Наезд на пешехода,Легкий,1,0,,True
1511246,2025-04-28 10:20:00+03:00,55.650644,37.483902,Столкновение,Тяжёлый,1,0,,True
1511254,2025-04-28 11:00:00+03:00,55.814805,37.582104,Столкновение,Тяжёлый,1,0,,True
1511273,2025-04-28 11:50:00+03:00,55.853035,37.394223,Столкновение,Тяжёлый,1,0,,True
1511292,2025-04-28 13:00:00+03:00,55.703016,37.419465,Столкновение,Тяжёлый,2,0,,True
1511294,2025-04-28 13:00:00+03:00,55.603063,37.726504,Опрокидывание,Тяжёлый,1,0,,True
1511298,2025-04-28 13:14:00+03:00,55.807318,37.526409,Наезд на пешехода,Тяжёлый,1,0,,True
1511303,2025-04-28 13:40:00+03:00,55.596735,37.619548,Столкновение,Тяжёлый,1,0,,True
1511309,2025-04-28 13:54:00+03:00,55.775734,37.837998,"Наезд на лицо, не являющееся участником дорожного движения, осуществляющее несение службы",Легкий,1,0,,True
1511317,2025-04-28 14:18:00+03:00,55.75875,37.555003,Столкновение,Тяжёлый,1,0,,True
1511320,2025-04-28 14:25:00+03:00,55.761557,37.609334,Столкновение,Тяжёлый,1,0,,True
1511349,2025-04-28 16:00:00+03:00,55.715907,37.789557,Наезд на пешехода,Тяжёлый,1,0,,True
1511375,2025-04-28 17:37:00+03:00,55.620212,37.718521,Падение пассажира,Тяжёлый,1,0,,True
1511383,2025-04-28 18:10:00+03:00,55.714801,37.39862,Столкновение,Тяжёлый,1,0,,True
1511431,2025-04-28 20:40:00+03:00,55.671383,37.761008,Столкновение,Тяжёлый,2,0,,True
1511432,2025-04-28 20:46:00+03:00,55.908045,37.544564,Наезд на стоящее ТС,Тяжёлый,1,0,,True
1511450,2025-04-28 21:40:00+03:00,55.431345,37.321254,Столкновение,Тяжёлый,1,0,,True
1511491,2025-04-29 06:43:00+03:00,55.788501,37.762274,Столкновение,Тяжёлый,1,0,,True
1511521,2025-04-29 08:23:00+03:00,55.759849,37.83965,Столкновение,Тяжёлый,1,0,,True
1511542,2025-04-29 09:45:00+03:00,55.668067,37.525059,Опрокидывание,Тяжёлый,1,0,,True
1511545,2025-04-29 09:55:00+03:00,55.844518,37.454699,Столкновение,Легкий,1,0,,True
1511556,2025-04-29 10:30:00+03:00,55.771562,37.403945,Столкновение,Тяжёлый,1,0,,True
1511600,2025-04-29 12:40:00+03:00,55.678746,37.858447,Наезд на пешехода,Тяжёлый,1,0,,True
1511613,2025-04-29 13:03:00+03:00,55.687716,37.848212,Столкновение,Тяжёлый,1,0,,True
1511633,2025-04-29 14:11:00+03:00,55.734828,37.410426,Столкновение,Тяжёлый,1,0,,True
1511634,2025-04-29 14:30:00+03:00,55.831818,37.399499,Наезд на стоящее ТС,Легкий,3,0,,True
1511640,2025-04-29 14:32:00+03:00,55.728385,37.583896,Столкновение,Легкий,1,0,,True
1511655,2025-04-29 15:30:00+03:00,55.735852,37.679554,Наезд на пешехода,Тяжёлый,2,0,,True
1511703,2025-04-29 17:20:00+03:00,55.687981,37.464079,Падение пассажира,Тяжёлый,1,0,,True
1511717,2025-04-29 18:07:00+03:00,55.589232,37.607678,Опрокидывание,Тяжёлый,1,0,,True
1511733,2025-04-29 19:07:00+03:00,55.77364,37.544886,Столкновение,Тяжёлый,1,0,,True
1511757,2025-04-29 20:10:00+03:00,55.813922,37.601669,Опрокидывание,Тяжёлый,1,0,,True
1511760,2025-04-29 20:10:00+03:00,55.698655,37.921189,Наезд на пешехода,Тяжёлый,1,0,,True
1511763,2025-04-29 20:30:00+03:00,55.658815,37.769247,Столкновение,Тяжёлый,1,0,,True
1511786,2025-04-29 22:40:00+03:00,55.493638,37.569326,Наезд на пешехода,Тяжёлый,1,0,,True
1511791,2025-04-29 23:07:00+03:00,55.710885,37.836796,Столкновение,Тяжёлый,1,0,,True
1511798,2025-04-29 23:47:00+03:00,55.919599,37.541607,Наезд на стоящее ТС,Тяжёлый,2,0,,True
1511812,2025-04-30 05:17:00+03:00,55.769066,37.474816,Столкновение,Легкий,1,0,,True
1511837,2025-04-30 08:19:00+03:00,55.839783,37.487229,Наезд на препятствие,Тяжёлый,1,0,,True
1511849,2025-04-30 09:10:00+03:00,55.772461,37.604758,Столкновение,Тяжёлый,1,0,,True
1511862,2025-04-30 10:00:00+03:00,55.805496,37.452972,Столкновение,Тяжёлый,1,0,,True
1511876,2025-04-30 11:15:00+03:00,55.777146,37.640061,Наезд на велосипедиста,Тяжёлый,1,0,,True
1511889,2025-04-30 12:00:00+03:00,55.800889,37.321405,Столкновение,Тяжёлый,1,0,,True
1511935,2025-04-30 14:19:00+03:00,55.795648,37.712781,Падение пассажира,Тяжёлый,1,0,,True
1511954,2025-04-30 15:00:00+03:00,55.754397,37.612177,Столкновение,Тяжёлый,1,0,,True
1511957,2025-04-30 15:15:00+03:00,55.689344,37.349095,Наезд на препятствие,Тяжёлый,1,0,,True
1511968,2025-04-30 15:40:00+03:00,55.858087,37.443788,Наезд на пешехода,Тяжёлый,1,0,,True
1511982,2025-04-30 16:10:00+03:00,55.870759,37.711322,Столкновение,Тяжёлый,1,0,,True
1511987,2025-04-30 16:15:00+03:00,55.666395,37.59695,Наезд на пешехода,Тяжёлый,1,0,,True
1511989,2025-04-30 16:20:00+03:00,55.847464,37.606738,Столкновение,Тяжёлый,1,0,,True
1511993,2025-04-30 16:33:00+03:00,55.613261,37.584469,Наезд на пешехода,Тяжёлый,1,0,,True
1512002,2025-04-30 16:55:00+03:00,55.589799,37.598594,Наезд на пешехода,Тяжёлый,1,0,,True
1512035,2025-04-30 18:03:00+03:00,55.638655,37.757725,Столкновение,Тяжёлый,1,0,,True
1512040,2025-04-30 18:10:00+03:00,55.871147,37.639246,Падение пассажира,Тяжёлый,1,0,,True
1512067,2025-04-30 19:00:00+03:00,55.642439,37.455707,Столкновение,Тяжёлый,1,0,,True
1512080,2025-04-30 19:30:00+03:00,55.889416,37.388706,Наезд на пешехода,Тяжёлый,2,0,,True
1512083,2025-04-30 19:40:00+03:00,55.800847,37.609634,Наезд на велосипедиста,Тяжёлый,1,0,,True
1512086,2025-04-30 19:48:00+03:00,55.774334,37.584743,Опрокидывание,Тяжёлый,1,0,,True
1512101,2025-04-30 20:30:00+03:00,55.622883,37.750772,Наезд на пешехода,Тяжёлый,1,0,,True
1512109,2025-04-30 20:55:00+03:00,55.983985,37.151191,Столкновение,Тяжёлый,1,0,,True
1512125,2025-04-30 21:16:00+03:00,55.844889,37.558605,Столкновение,Тяжёлый,1,0,,True
1512138,2025-04-30 21:45:00+03:00,55.709948,37.768915,Столкновение,Тяжёлый,1,0,,True
1512157,2025-04-30 22:55:00+03:00,55.643523,37.82464,Столкновение,Тяжёлый,2,0,,True
1512171,2025-05-01 00:10:00+03:00,55.631456,37.468495,Наезд на пешехода,С погибшими,0,1,,True
1512200,2025-05-01 05:44:00+03:00,55.625403,37.368965,Наезд на препятствие,Тяжёлый,1,0,,True
1512253,2025-05-01 11:43:00+03:00,55.995561,37.212678,Наезд на пешехода,Легкий,1,0,,True
1512274,2025-05-01 13:30:00+03:00,55.557822,37.333249,Столкновение,Тяжёлый,1,0,,True
1512286,2025-05-01 14:00:00+03:00,55.866577,37.494031,Наезд на велосипедиста,Тяжёлый,1,0,,True
1512288,2025-05-01 14:00:00+03:00,55.662688,37.714863,Столкновение,Тяжёлый,1,0,,True
1512416,2025-05-01 20:40:00+03:00,55.80546,37.779193,Наезд на пешехода,Легкий,1,0,,True
1512437,2025-05-01 22:08:00+03:00,55.855974,37.396184,Столкновение,Тяжёлый,1,0,,True
1512472,2025-05-01 23:20:00+03:00,55.673168,37.725152,Наезд на пешехода,Тяжёлый,1,0,,True
1512478,2025-05-01 23:41:00+03:00,55.573553,37.636672,Наезд на стоящее ТС,Легкий,1,0,,True
1512479,2025-05-01 23:50:00+03:00,55.699937,37.798119,Столкновение,Тяжёлый,1,0,,True
1512505,2025-05-02 01:30:00+03:00,55.698691,37.917584,Наезд на пешехода,Тяжёлый,1,0,,True
1512535,2025-05-02 05:30:00+03:00,55.631364,37.468143,Наезд на препятствие,Тяжёлый,1,0,,True
1512565,2025-05-02 10:00:00+03:00,55.685997,37.700561,Столкновение,Тяжёлый,2,0,,True
1512580,2025-05-02 11:00:00+03:00,55.660273,37.780834,Столкновение,Тяжёлый,1,0,,True
1512617,2025-05-02 12:56:00+03:00,55.624374,37.711354,Наезд на велосипедиста,Тяжёлый,1,0,,True
1512628,2025-05-02 13:51:00+03:00,55.524046,37.397332,Наезд на пешехода,Тяжёлый,1,0,,True
1512691,2025-05-02 17:22:00+03:00,55.81475,37.646553,Наезд на пешехода,Тяжёлый,1,0,,True
1512730,2025-05-02 19:25:00+03:00,55.624298,37.711241,Столкновение,Тяжёлый,1,0,,True
1512748,2025-05-02 20:30:00+03:00,55.85878,37.467735,Наезд на стоящее ТС,Легкий,1,0,,True
1512764,2025-05-02 21:10:00+03:00,55.612214,37.721611,Наезд на пешехода,Тяжёлый,1,0,,True
1512815,2025-05-03 01:02:00+03:00,55.64362,37.691571,Наезд на стоящее ТС,Тяжёлый,1,0,,True
1512823,2025-05-03 02:22:00+03:00,55.829006,37.394134,Наезд на стоящее ТС,С погибшими,0,1,,True
1512836,2025-05-03 04:20:00+03:00,55.622553,37.614887,Столкновение,Легкий,1,0,,True
1512840,2025-05-03 05:39:00+03:00,55.735906,37.514105,Столкновение,Тяжёлый,1,0,,True
1512841,2025-05-03 06:00:00+03:00,55.572619,37.656433,Столкновение,Тяжёлый,1,0,,True
1512878,2025-05-03 10:00:00+03:00,55.73738,37.654244,Наезд на пешехода,Тяжёлый,1,0,,True
1512914,2025-05-03 12:15:00+03:00,55.856798,37.586836,Наезд на пешехода,Тяжёлый,1,0,,True
1512925,2025-05-03 12:55:00+03:00,55.700203,37.782969,Столкновение,Тяжёлый,1,0,,True
1512984,2025-05-03 16:15:00+03:00,55.557998,37.332777,Столкновение,Тяжёлый,4,0,,True
1513001,2025-05-03 17:10:00+03:00,55.691732,37.575865,Столкновение,Тяжёлый,1,0,,True
1513020,2025-05-03 18:00:00+03:00,55.70328,37.832741,Столкновение,Тяжёлый,1,0,,True
1513023,2025-05-03 18:20:00+03:00,55.6482,37.726766,Наезд на пешехода,Тяжёлый,1,0,,True
1513063,2025-05-03 20:32:00+03:00,55.868762,37.686646,Столкновение,Тяжёлый,1,0,,True
1513081,2025-05-03 21:10:00+03:00,55.898043,37.586074,Наезд на препятствие,Тяжёлый,2,0,,True
1513155,2025-05-04 03:50:00+03:00,55.664802,37.548643,Столкновение,Тяжёлый,3,0,,True
1513213,2025-05-04 11:50:00+03:00,55.825733,37.583198,Наезд на пешехода,Тяжёлый,1,0,,True
1513231,2025-05-04 13:05:00+03:00,55.791227,37.810478,Столкновение,Легкий,1,0,,True
1513248,2025-05-04 14:00:00+03:00,55.652371,37.767053,Столкновение,Тяжёлый,1,0,,True
1513250,2025-05-04 14:05:00+03:00,55.838482,37.633613,Наезд на велосипедиста,Тяжёлый,1,0,,True
1513256,2025-05-04 14:20:00+03:00,55.764695,37.638208,Наезд на пешехода,Тяжёлый,1,0,,True
1513300,2025-05-04 16:47:00+03:00,55.758503,37.695926,Падение пассажира,Тяжёлый,1,0,,True
1513316,2025-05-04 17:40:00+03:00,55.809584,37.783334,Столкновение,Легкий,1,0,,True
1513352,2025-05-04 19:46:00+03:00,55.889017,37.64586,Наезд на велосипедиста,Тяжёлый,1,0,,True
1513375,2025-05-04 20:42:00+03:00,55.805882,37.460858,Столкновение,Тяжёлый,1,0,,True
1513411,2025-05-04 22:40:00+03:00,55.840006,37.407396,Наезд на препятствие,Тяжёлый,1,0,,True
1513426,2025-05-05 01:29:00+03:00,55.705182,37.833808,Наезд на пешехода,С погибшими,0,1,,True
1513438,2025-05-05 05:05:00+03:00,55.712819,37.719852,Столкновение,Тяжёлый,1,0,,True
1513480,2025-05-05 09:05:00+03:00,55.815859,37.598959,Наезд на велосипедиста,Тяжёлый,1,0,,True
1513496,2025-05-05 10:20:00+03:00,55.846537,37.391998,Столкновение,Тяжёлый,1,0,,True
1513499,2025-05-05 10:30:00+03:00,55.707959,37.659041,Столкновение,Тяжёлый,1,0,,True
1513507,2025-05-05 11:02:00+03:00,55.799592,37.394543,Наезд на пешехода,Тяжёлый,1,0,,True
1513522,2025-05-05 11:54:00+03:00,55.791698,37.589368,Падение пассажира,Тяжёлый,1,0,,True
1513539,2025-05-05 12:40:00+03:00,55.706792,37.72719,Падение пассажира,Тяжёлый,2,0,,True
1513546,2025-05-05 13:05:00+03:00,55.789916,37.613461,Столкновение,Тяжёлый,2,0,,True
1513594,2025-05-05 15:55:00+03:00,55.878603,37.640319,Наезд на препятствие,Тяжёлый,1,0,,True
1513596,2025-05-05 16:00:00+03:00,55.793169,37.841109,Наезд на препятствие,Тяжёлый,1,0,,True
1513612,2025-05-05 16:40:00+03:00,55.653675,37.757661,Наезд на пешехода,Тяжёлый,1,0,,True
1513634,2025-05-05 17:30:00+03:00,55.847988,37.474676,Наезд на пешехода,Тяжёлый,1,0,,True
1513638,2025-05-05 17:40:00+03:00,55.729237,37.749463,Столкновение,Тяжёлый,1,0,,True
1513645,2025-05-05 17:55:00+03:00,55.692221,37.938688,Наезд на пешехода,Тяжёлый,1,0,,True
1513693,2025-05-05 20:50:00+03:00,55.696938,37.805779,Столкновение,Тяжёлый,1,0,,True
1513700,2025-05-05 21:09:00+03:00,55.73088,37.416569,Наезд на пешехода,Тяжёлый,1,0,,True
1513705,2025-05-05 21:17:00+03:00,55.735725,37.592897,Наезд на пешехода,Тяжёлый,1,0,,True
1513716,2025-05-05 21:43:00+03:00,55.687045,37.415173,Столкновение,Тяжёлый,2,0,,True
1513717,2025-05-05 22:00:00+03:00,55.794291,37.554553,Наезд на пешехода,Тяжёлый,1,0,,True
1513728,2025-05-05 23:30:00+03:00,55.595029,37.663069,Столкновение,Тяжёлый,1,0,,True
1513755,2025-05-06 06:15:00+03:00,55.685025,37.748477,Наезд на препятствие,Тяжёлый,1,0,,True
1513766,2025-05-06 07:35:00+03:00,55.601856,37.726683,Наезд на пешехода,Тяжёлый,1,0,,True
1513770,2025-05-06 07:45:00+03:00,55.620816,37.620566,Наезд на пешехода,Тяжёлый,1,0,,True
1513774,2025-05-06 07:50:00+03:00,55.869668,37.663993,Наезд на пешехода,Тяжёлый,1,0,,True
1513777,2025-05-06 07:50:00+03:00,55.772095,37.821829,Наезд на пешехода,Тяжёлый,1,0,,True
1513794,2025-05-06 08:50:00+03:00,55.837318,37.638307,Наезд на пешехода,Тяжёлый,1,0,,True
1513795,2025-05-06 09:00:00+03:00,55.984525,37.219781,Наезд на пешехода,Тяжёлый,1,0,,True
1513813,2025-05-06 09:50:00+03:00,55.848289,37.440612,Столкновение,Тяжёлый,1,0,,True
1513818,2025-05-06 10:10:00+03:00,55.73294,37.82994,Падение пассажира,Тяжёлый,1,0,,True
1513848,2025-05-06 11:50:00+03:00,55.699235,37.830691,Столкновение,Тяжёлый,1,0,,True
1513853,2025-05-06 12:05:00+03:00,55.739017,37.65565,Наезд на пешехода,Тяжёлый,1,0,,True
1513854,2025-05-06 12:20:00+03:00,55.666931,37.526222,Наезд на пешехода,Тяжёлый,1,0,,True
1513867,2025-05-06 13:04:00+03:00,55.778275,37.556881,Столкновение,Тяжёлый,1,0,,True
1513876,2025-05-06 13:35:00+03:00,55.653428,37.766308,Наезд на велосипедиста,Тяжёлый,1,0,,True
1513934,2025-05-06 17:02:00+03:00,55.695554,37.407241,Столкновение,Тяжёлый,1,0,,True
1513979,2025-05-06 19:00:00+03:00,55.695088,37.579022,Наезд на пешехода,Тяжёлый,1,0,,True
1513981,2025-05-06 19:04:00+03:00,55.714148,37.837965,Столкновение,Легкий,1,0,,True
1514014,2025-05-06 21:20:00+03:00,55.804646,37.417009,Наезд на препятствие,Легкий,1,0,,True
1514026,2025-05-06 21:45:00+03:00,55.633532,37.762284,Столкновение,Тяжёлый,3,0,,True
1514037,2025-05-06 22:15:00+03:00,55.821055,37.496338,Наезд на стоящее ТС,Тяжёлый,3,0,,True
1514050,2025-05-06 23:00:00+03:00,55.787807,37.56114,Наезд на пешехода,Тяжёлый,1,0,,True
1514064,2025-05-07 04:00:00+03:00,55.619182,37.713425,Столкновение,Тяжёлый,1,0,,True
1514067,2025-05-07 05:12:00+03:00,55.74305,37.498415,Падение пассажира,Тяжёлый,1,0,,True
1514077,2025-05-07 07:10:00+03:00,55.598669,37.626661,Наезд на препятствие,Легкий,2,0,,True
1514110,2025-05-07 08:20:00+03:00,55.735018,37.444314,Столкновение,Тяжёлый,1,0,,True
1514114,2025-05-07 08:35:00+03:00,55.695082,37.556784,Столкновение,Тяжёлый,1,0,,True
1514115,2025-05-07 08:37:00+03:00,55.771896,37.820832,Падение пассажира,Легкий,1,0,,True
1514147,2025-05-07 10:30:00+03:00,55.766549,37.701377,Наезд на пешехода,Тяжёлый,1,0,,True
1514166,2025-05-07 11:30:00+03:00,55.596535,37.740869,Столкновение,Тяжёлый,1,0,,True
1514178,2025-05-07 11:58:00+03:00,55.806238,37.72248,Наезд на велосипедиста,Легкий,1,0,,True
1514192,2025-05-07 12:44:00+03:00,55.853414,37.501445,Наезд на пешехода,Тяжёлый,1,0,,True
1514199,2025-05-07 12:58:00+03:00,55.717641,37.816379,Наезд на пешехода,Легкий,1,0,,True
1514218,2025-05-07 13:30:00+03:00,55.663232,37.763904,Столкновение,Тяжёлый,1,0,,True
1514240,2025-05-07 14:40:00+03:00,55.534976,37.5819,Столкновение,Тяжёлый,1,0,,True
1514248,2025-05-07 15:10:00+03:00,55.855185,37.435538,Столкновение,Легкий,1,0,,True
1514262,2025-05-07 15:50:00+03:00,55.839723,37.481532,Столкновение,Легкий,1,0,,True
1514329,2025-05-07 18:05:00+03:00,55.743999,37.885634,Наезд на пешехода,Легкий,1,0,,True
1514332,2025-05-07 18:15:00+03:00,55.768068,37.594255,Наезд на пешехода,Тяжёлый,1,0,,True
1514333,2025-05-07 18:15:00+03:00,55.636017,37.647758,Наезд на препятствие,Тяжёлый,1,0,,True
1514410,2025-05-07 22:00:00+03:00,55.774775,37.553651,Столкновение,Тяжёлый,1,0,,True
1514413,2025-05-07 22:05:00+03:00,55.599884,37.603696,Наезд на велосипедиста,Тяжёлый,1,0,,True
1514438,2025-05-07 23:40:00+03:00,55.605775,37.742075,Столкновение,Тяжёлый,1,0,,True
1514453,2025-05-08 01:02:00+03:00,55.888394,37.48768,Наезд на препятствие,Тяжёлый,1,0,,True
1514556,2025-05-08 13:25:00+03:00,55.700717,37.620878,Столкновение,Тяжёлый,1,0,,True
1514562,2025-05-08 13:50:00+03:00,55.657144,37.823267,Столкновение,Тяжёлый,1,0,,True
1514565,2025-05-08 13:55:00+03:00,55.720983,37.601609,Наезд на пешехода,Тяжёлый,2,0,,True
1514590,2025-05-08 15:00:00+03:00,55.729109,37.208697,Столкновение,Тяжёлый,1,0,,True
1514596,2025-05-08 15:10:00+03:00,55.833192,37.523031,Падение пассажира,Тяжёлый,1,0,,True
1514633,2025-05-08 17:00:00+03:00,55.622744,37.658644,Столкновение,Тяжёлый,1,0,,True
1514641,2025-05-08 17:20:00+03:00,55.708092,37.818214,Столкновение,Тяжёлый,1,0,,True
1514662,2025-05-08 18:20:00+03:00,55.855293,37.493259,Наезд на пешехода,Тяжёлый,1,0,,True
1514677,2025-05-08 18:45:00+03:00,55.624471,37.623024,Наезд на пешехода,Тяжёлый,1,0,,True
1514721,2025-05-08 20:55:00+03:00,55.804151,37.420764,Наезд на пешехода,Тяжёлый,1,0,,True
1514734,2025-05-08 21:30:00+03:00,55.795503,37.622177,Наезд на пешехода,Тяжёлый,1,0,,True
1514777,2025-05-08 23:40:00+03:00,55.576791,37.590281,Столкновение,Тяжёлый,2,0,,True
1514782,2025-05-08 23:50:00+03:00,55.808619,37.512931,Столкновение,Тяжёлый,1,0,,True
1514818,2025-05-09 05:00:00+03:00,55.68419,37.539446,Столкновение,Тяжёлый,2,0,,True
1514911,2025-05-09 14:00:00+03:00,55.317681,37.176683,Столкновение,Тяжёлый,1,0,,True
1514938,2025-05-09 15:03:00+03:00,55.640151,37.605354,Наезд на пешехода,Легкий,1,0,,True
1514939,2025-05-09 15:05:00+03:00,55.879452,37.700701,Наезд на препятствие,Тяжёлый,1,0,,True
1514955,2025-05-09 16:00:00+03:00,55.655467,37.64832,Столкновение,Тяжёлый,1,0,,True
1515054,2025-05-09 21:00:00+03:00,55.569052,37.562438,Столкновение,Тяжёлый,1,0,,True
1515080,2025-05-09 21:50:00+03:00,55.62905,37.639138,Наезд на велосипедиста,Легкий,1,0,,True
1515084,2025-05-09 22:00:00+03:00,55.755339,37.523975,Столкновение,Тяжёлый,1,0,,True
1515089,2025-05-09 22:13:00+03:00,55.609027,37.616297,Наезд на пешехода,Легкий,1,0,,True
1515115,2025-05-09 23:26:00+03:00,55.757434,37.63283,Наезд на пешехода,Тяжёлый,1,0,,True
1515127,2025-05-10 00:10:00+03:00,55.75205,37.368817,Наезд на стоящее ТС,Тяжёлый,1,0,,True
1515183,2025-05-10 06:30:00+03:00,55.772964,37.496831,Столкновение,Тяжёлый,2,0,,True
1515187,2025-05-10 06:50:00+03:00,55.549135,37.586319,Столкновение,Тяжёлый,1,0,,True
1515208,2025-05-10 09:33:00+03:00,55.826853,37.832869,Наезд на пешехода,С погибшими,0,1,,True
1515216,2025-05-10 10:00:00+03:00,55.86648,37.462392,Столкновение,Тяжёлый,1,0,,True
1515257,2025-05-10 12:30:00+03:00,55.821405,37.621061,Столкновение,Тяжёлый,1,0,,True
1515283,2025-05-10 14:04:00+03:00,55.708128,37.883027,Наезд на препятствие,Легкий,2,0,,True
1515285,2025-05-10 14:08:00+03:00,55.837447,37.660757,Наезд на пешехода,С погибшими,0,1,,True
1515289,2025-05-10 14:20:00+03:00,55.888551,37.640099,Падение пассажира,Тяжёлый,1,0,,True
1515297,2025-05-10 14:40:00+03:00,55.672993,37.615374,Наезд на пешехода,Тяжёлый,1,0,,True
1515369,2025-05-10 18:15:00+03:00,55.659002,37.515261,Столкновение,Тяжёлый,1,0,,True
1515382,2025-05-10 19:00:00+03:00,55.842856,37.393596,Столкновение,Тяжёлый,1,0,,True
1515386,2025-05-10 19:09:00+03:00,55.764318,37.608104,Столкновение,Тяжёлый,1,0,,True
1515393,2025-05-10 19:52:00+03:00,55.641426,37.392062,Наезд на препятствие,Тяжёлый,1,0,,True
1515401,2025-05-10 20:10:00+03:00,55.77221,37.572223,Падение пассажира,Тяжёлый,1,0,,True
1515449,2025-05-10 22:52:00+03:00,55.802511,37.748466,Опрокидывание,Легкий,1,0,,True
1515480,2025-05-11 03:06:00+03:00,55.862091,37.765921,Наезд на препятствие,Легкий,1,0,,True
1515487,2025-05-11 04:58:00+03:00,55.69048,37.442715,Наезд на препятствие,Тяжёлый,1,0,,True
1515489,2025-05-11 05:00:00+03:00,55.617522,37.665253,Столкновение,Тяжёлый,1,0,,True
1515561,2025-05-11 14:15:00+03:00,55.799315,37.741728,Столкновение,Легкий,1,0,,True
1515581,2025-05-11 15:30:00+03:00,55.604772,37.59455,Наезд на пешехода,Тяжёлый,1,0,,True
1515582,2025-05-11 15:31:00+03:00,55.798717,37.635204,Столкновение,Тяжёлый,1,0,,True
1515587,2025-05-11 15:50:00+03:00,55.623565,37.656963,Столкновение,Тяжёлый,1,0,,True
1515600,2025-05-11 16:35:00+03:00,55.884215,37.686416,Наезд на пешехода,Тяжёлый,1,0,,True
1515624,2025-05-11 17:40:00+03:00,55.889513,37.712093,Столкновение,Тяжёлый,1,0,,True
1515663,2025-05-11 20:10:00+03:00,55.571024,37.358848,Столкновение,Тяжёлый,2,0,,True
1515689,2025-05-11 22:05:00+03:00,55.669223,37.517914,Падение пассажира,Тяжёлый,1,0,,True
1515696,2025-05-11 22:54:00+03:00,55.834958,37.357432,Столкновение,Тяжёлый,3,0,,True
1515703,2025-05-11 23:55:00+03:00,55.775077,37.401323,Столкновение,Легкий,1,0,,True
1515727,2025-05-12 07:20:00+03:00,55.812733,37.638349,Падение пассажира,Легкий,1,0,,True
1515743,2025-05-12 08:05:00+03:00,55.886937,37.673728,Столкновение,Тяжёлый,1,0,,True
1515761,2025-05-12 09:30:00+03:00,55.641216,37.80108,Столкновение,Тяжёлый,1,0,,True
1515764,2025-05-12 09:30:00+03:00,55.75575,37.809105,Столкновение,Тяжёлый,1,0,,True
1515765,2025-05-12 09:32:00+03:00,55.791824,37.521712,Столкновение,Тяжёлый,1,0,,True
1515807,2025-05-12 12:30:00+03:00,55.750056,37.816851,Наезд на пешехода,Тяжёлый,1,0,,True
1515812,2025-05-12 12:38:00+03:00,55.668074,37.502217,Столкновение,Тяжёлый,1,0,,True
1515813,2025-05-12 12:39:00+03:00,55.651418,37.835841,Столкновение,Тяжёлый,1,0,,True
1515833,2025-05-12 13:40:00+03:00,55.757012,37.714702,Столкновение,Тяжёлый,1,0,,True
1515836,2025-05-12 13:45:00+03:00,55.759276,37.645308,Падение пассажира,Тяжёлый,2,0,,True
1515861,2025-05-12 15:07:00+03:00,55.696116,37.554864,Наезд на велосипедиста,Тяжёлый,1,0,,True
1515880,2025-05-12 16:06:00+03:00,55.823615,37.655768,Наезд на пешехода,Тяжёлый,1,0,,True
1515891,2025-05-12 16:30:00+03:00,55.680616,37.418209,Столкновение,Тяжёлый,1,0,,True
1515911,2025-05-12 17:17:00+03:00,55.809216,37.765803,Наезд на велосипедиста,Тяжёлый,1,0,,True
1515920,2025-05-12 17:50:00+03:00,55.893325,37.673971,Столкновение,Тяжёлый,1,0,,True
1515926,2025-05-12 18:10:00+03:00,55.36196,37.19578,Столкновение,Тяжёлый,1,0,,True
1515944,2025-05-12 19:00:00+03:00,55.740837,37.427637,Наезд на пешехода,Тяжёлый,1,0,,True
1515949,2025-05-12 19:27:00+03:00,55.716768,37.754425,Столкновение,Тяжёлый,3,0,,True
1515956,2025-05-12 19:53:00+03:00,55.845386,37.477219,Опрокидывание,Легкий,1,0,,True
1515979,2025-05-12 21:35:00+03:00,55.797464,37.548641,Наезд на пешехода,Тяжёлый,1,0,,True
1516001,2025-05-12 23:25:00+03:00,55.861947,37.611694,Столкновение,Тяжёлый,1,0,,True
1516020,2025-05-13 03:25:00+03:00,55.705541,37.767069,Столкновение,Тяжёлый,1,0,,True
1516030,2025-05-13 07:14:00+03:00,55.887354,37.483097,Столкновение,Тяжёлый,1,0,,True
1516041,2025-05-13 08:15:00+03:00,55.870471,37.658751,Наезд на пешехода,Тяжёлый,1,0,,True
1516052,2025-05-13 08:40:00+03:00,55.781599,37.711977,Наезд на велосипедиста,Легкий,1,0,,True
1516061,2025-05-13 09:30:00+03:00,55.717744,37.809652,Наезд на пешехода,Тяжёлый,1,0,,True
1516074,2025-05-13 10:34:00+03:00,55.685835,37.723693,Падение пассажира,Тяжёлый,1,0,,True
1516083,2025-05-13 10:56:00+03:00,55.724983,37.715753,Столкновение,Тяжёлый,1,0,,True
1516107,2025-05-13 12:56:00+03:00,55.831216,37.487658,Столкновение,Тяжёлый,1,0,,True
1516124,2025-05-13 13:55:00+03:00,55.887497,37.665639,Столкновение,Тяжёлый,1,0,,True
1516126,2025-05-13 13:55:00+03:00,55.821152,37.588273,Столкновение,Легкий,1,0,,True
1516133,2025-05-13 14:05:00+03:00,55.891071,37.59147,Наезд на пешехода,Тяжёлый,1,0,,True
1516156,2025-05-13 15:15:00+03:00,55.801136,37.839832,Наезд на пешехода,Легкий,1,0,,True
1516183,2025-05-13 16:30:00+03:00,55.593673,37.519426,Столкновение,Тяжёлый,1,0,,True
1516189,2025-05-13 16:59:00+03:00,55.634018,37.418243,Наезд на велосипедиста,Тяжёлый,1,0,,True
1516190,2025-05-13 17:00:00+03:00,55.640599,37.35741,Наезд на велосипедиста,Тяжёлый,1,0,,True
1516220,2025-05-13 18:00:00+03:00,55.810386,37.632658,Столкновение,Тяжёлый,1,0,,True
1516273,2025-05-13 21:30:00+03:00,55.685756,37.855883,Столкновение,Тяжёлый,2,0,,True
1516339,2025-05-14 08:15:00+03:00,55.738805,37.52964,Столкновение,Тяжёлый,2,0,,True
1516342,2025-05-14 08:26:00+03:00,55.885963,37.542043,Наезд на велосипедиста,Тяжёлый,1,0,,True
1516346,2025-05-14 08:33:00+03:00,55.60259,37.33562,Наезд на пешехода,Тяжёлый,1,0,,True
1516355,2025-05-14 09:07:00+03:00,55.741034,37.616554,Столкновение,Тяжёлый,1,0,,True
1516366,2025-05-14 09:50:00+03:00,55.823786,37.517345,Наезд на пешехода,Тяжёлый,1,0,,True
1516374,2025-05-14 10:08:00+03:00,55.905835,37.587923,Столкновение,Легкий,1,0,,True
1516375,2025-05-14 10:10:00+03:00,55.75272,37.590419,Наезд на пешехода,Тяжёлый,1,0,,True
1516378,2025-05-14 10:27:00+03:00,55.613854,37.497297,Столкновение,Тяжёлый,2,0,,True
1516379,2025-05-14 10:30:00+03:00,55.679538,37.511165,Наезд на пешехода,С погибшими,1,1,,True
1516407,2025-05-14 12:05:00+03:00,55.666137,37.7846,Наезд на пешехода,Тяжёлый,1,0,,True
1516449,2025-05-14 14:30:00+03:00,55.709899,37.39593,Наезд на пешехода,Тяжёлый,1,0,,True
1516472,2025-05-14 15:20:00+03:00,55.758436,37.612499,Падение пассажира,Легкий,1,0,,True
1516473,2025-05-14 15:20:00+03:00,55.649081,37.447447,Столкновение,Тяжёлый,1,0,,True
1516518,2025-05-14 17:30:00+03:00,55.737162,37.838266,Столкновение,Легкий,1,0,,True
1516532,2025-05-14 18:00:00+03:00,55.65699,37.495411,Наезд на препятствие,Тяжёлый,1,0,,True
1516574,2025-05-14 19:52:00+03:00,55.849427,37.674168,Столкновение,Тяжёлый,1,0,,True
1516581,2025-05-14 20:40:00+03:00,55.816806,37.572502,Наезд на велосипедиста,Тяжёлый,1,0,,True
1516597,2025-05-14 21:50:00+03:00,55.799092,37.782176,Столкновение,Легкий,1,0,,True
1516624,2025-05-15 00:50:00+03:00,55.658298,37.641859,Столкновение,Тяжёлый,1,0,,True
1516626,2025-05-15 01:25:00+03:00,55.472639,37.31016,Столкновение,Тяжёлый,3,0,,True
1516629,2025-05-15 02:21:00+03:00,55.622641,37.614999,Столкновение,Тяжёлый,2,0,,True
1516651,2025-05-15 07:50:00+03:00,55.568361,37.281783,Падение пассажира,Тяжёлый,2,0,,True
1516663,2025-05-15 08:12:00+03:00,55.782511,37.519421,Наезд на пешехода,Тяжёлый,1,0,,True
1516665,2025-05-15 08:15:00+03:00,55.684472,37.676106,Наезд на велосипедиста,Тяжёлый,1,0,,True
1516678,2025-05-15 08:40:00+03:00,55.807437,37.823524,Наезд на пешехода,Тяжёлый,1,0,,True
1516699,2025-05-15 10:30:00+03:00,55.618061,37.388191,Падение пассажира,Тяжёлый,1,0,,True
1516711,2025-05-15 11:20:00+03:00,55.775668,37.539328,Наезд на пешехода,Тяжёлый,1,0,,True
1516716,2025-05-15 11:40:00+03:00,55.769358,37.669212,Столкновение,Тяжёлый,2,0,,True
1516719,2025-05-15 11:45:00+03:00,55.879662,37.722673,Столкновение,Тяжёлый,1,0,,True
1516727,2025-05-15 12:18:00+03:00,55.941335,37.527902,Наезд на пешехода,Легкий,1,0,,True
1516740,2025-05-15 13:10:00+03:00,55.814148,37.734089,Наезд на пешехода,Тяжёлый,1,0,,True
1516747,2025-05-15 13:38:00+03:00,55.735089,37.47672,Наезд на велосипедиста,Тяжёлый,1,0,,True
1516765,2025-05-15 14:40:00+03:00,55.659081,37.608114,Наезд на пешехода,Тяжёлый,1,0,,True
1516767,2025-05-15 14:40:00+03:00,55.732019,37.449994,Наезд на пешехода,Тяжёлый,1,0,,True
1516773,2025-05-15 14:50:00+03:00,55.715405,37.803311,Столкновение,Тяжёлый,1,0,,True
1516810,2025-05-15 16:55:00+03:00,55.604576,37.737581,Столкновение,Тяжёлый,1,0,,True
1516821,2025-05-15 17:20:00+03:00,55.597687,37.743809,Столкновение,Тяжёлый,1,0,,True
1516831,2025-05-15 17:44:00+03:00,55.838609,37.550915,Столкновение,Тяжёлый,1,0,,True
1516832,2025-05-15 17:45:00+03:00,55.792102,37.550722,Столкновение,Тяжёлый,1,0,,True
1516864,2025-05-15 18:55:00+03:00,55.657126,37.528621,Столкновение,Тяжёлый,1,0,,True
1516875,2025-05-15 19:17:00+03:00,55.634034,37.418264,Столкновение,Тяжёлый,1,0,,True
1516882,2025-05-15 19:31:00+03:00,55.804766,37.516701,Столкновение,Тяжёлый,1,0,,True
1516884,2025-05-15 19:40:00+03:00,55.65097,37.745247,Столкновение,Тяжёлый,1,0,,True
1516887,2025-05-15 19:56:00+03:00,55.727587,37.775781,Наезд на велосипедиста,Тяжёлый,1,0,,True
1516892,2025-05-15 20:14:00+03:00,55.719225,37.437072,Наезд на велосипедиста,Тяжёлый,1,0,,True
1516903,2025-05-15 21:00:00+03:00,55.684571,37.655629,Наезд на велосипедиста,Тяжёлый,1,0,,True
1516913,2025-05-15 21:46:00+03:00,55.707723,37.918206,Наезд на препятствие,Тяжёлый,1,0,,True
1516914,2025-05-15 21:50:00+03:00,55.678631,37.738745,Столкновение,Тяжёлый,1,0,,True
1516943,2025-05-16 01:04:00+03:00,55.701158,37.940995,Столкновение,Тяжёлый,1,0,,True
1517023,2025-05-16 10:20:00+03:00,55.636741,37.455697,Наезд на пешехода,Тяжёлый,1,0,,True
1517037,2025-05-16 11:20:00+03:00,55.853023,37.498173,Столкновение,Тяжёлый,1,0,,True
1517042,2025-05-16 11:37:00+03:00,55.650806,37.484279,Наезд на пешехода,Тяжёлый,1,0,,True
1517049,2025-05-16 11:55:00+03:00,55.753371,37.805629,Наезд на велосипедиста,Тяжёлый,1,0,,True
1517062,2025-05-16 12:32:00+03:00,55.668189,37.590928,Наезд на велосипедиста,Тяжёлый,1,0,,True
1517071,2025-05-16 12:50:00+03:00,55.620873,37.61442,Столкновение,Тяжёлый,1,0,,True
1517091,2025-05-16 13:29:00+03:00,55.848452,37.571268,Наезд на пешехода,Тяжёлый,1,0,,True
1517095,2025-05-16 13:30:00+03:00,55.769579,37.747049,Столкновение,Легкий,1,0,,True
1517103,2025-05-16 14:00:00+03:00,55.854101,37.584497,Столкновение,Легкий,1,0,,True
1517116,2025-05-16 14:25:00+03:00,55.739584,36.989862,Столкновение,Тяжёлый,3,0,,True
1517164,2025-05-16 16:15:00+03:00,55.729134,37.564691,Столкновение,Тяжёлый,1,0,,True
1517165,2025-05-16 16:15:00+03:00,55.860941,37.360736,Столкновение,Тяжёлый,2,0,,True
1517169,2025-05-16 16:20:00+03:00,55.729001,37.730001,Наезд на пешехода,Тяжёлый,1,0,,True
1517186,2025-05-16 16:55:00+03:00,55.947878,37.347111,Наезд на пешехода,Тяжёлый,1,0,,True
1517197,2025-05-16 17:25:00+03:00,55.665066,37.629818,Столкновение,Тяжёлый,1,0,,True
1517201,2025-05-16 17:30:00+03:00,55.783687,37.637798,Наезд на пешехода,Тяжёлый,1,0,,True
1517225,2025-05-16 18:15:00+03:00,55.638915,37.679694,Наезд на пешехода,Тяжёлый,1,0,,True
1517241,2025-05-16 18:36:00+03:00,55.788308,37.600601,Наезд на пешехода,Тяжёлый,1,0,,True
1517247,2025-05-16 18:46:00+03:00,55.735121,37.407664,Наезд на пешехода,Тяжёлый,1,0,,True
1517285,2025-05-16 20:22:00+03:00,55.852053,37.495598,Наезд на пешехода,Тяжёлый,1,0,,True
1517310,2025-05-16 21:30:00+03:00,55.822529,37.588493,Столкновение,Тяжёлый,1,0,,True
1517311,2025-05-16 21:30:00+03:00,55.706133,37.945361,Столкновение,Тяжёлый,1,0,,True
1517323,2025-05-16 22:08:00+03:00,55.653785,37.619387,Столкновение,Тяжёлый,1,0,,True
1517326,2025-05-16 22:17:00+03:00,55.877678,37.681306,Падение пассажира,Тяжёлый,1,0,,True
1517358,2025-05-17 00:40:00+03:00,55.898561,37.635598,Столкновение,Тяжёлый,2,0,,True
1517371,2025-05-17 02:07:00+03:00,55.586513,37.549398,Столкновение,Тяжёлый,1,0,,True
1517434,2025-05-17 09:45:00+03:00,55.636772,37.770116,Столкновение,Тяжёлый,1,0,,True
1517442,2025-05-17 10:01:00+03:00,55.613147,37.591889,Падение пассажира,Легкий,1,0,,True
1517489,2025-05-17 12:05:00+03:00,55.651842,37.487819,Столкновение,Тяжёлый,2,0,,True
1517519,2025-05-17 13:05:00+03:00,55.829083,37.354009,Столкновение,Тяжёлый,2,0,,True
1517558,2025-05-17 14:11:00+03:00,55.819024,37.429004,Столкновение,Легкий,2,0,,True
1517566,2025-05-17 14:25:00+03:00,55.798845,37.56732,Столкновение,Тяжёлый,1,0,,True
1517572,2025-05-17 14:31:00+03:00,55.720125,37.700851,Столкновение,Тяжёлый,1,0,,True
1517575,2025-05-17 14:40:00+03:00,55.820631,37.587545,Наезд на велосипедиста,Тяжёлый,1,0,,True
1517607,2025-05-17 15:30:00+03:00,55.579485,37.697997,Наезд на стоящее ТС,С погибшими,0,1,,True
1517620,2025-05-17 16:00:00+03:00,55.676616,37.857964,Столкновение,Тяжёлый,1,0,,True
1517623,2025-05-17 16:10:00+03:00,55.698001,37.594899,Наезд на велосипедиста,Легкий,1,0,,True
1517637,2025-05-17 16:50:00+03:00,55.407834,37.250798,Опрокидывание,Тяжёлый,2,0,,True
1517652,2025-05-17 17:34:00+03:00,55.599384,37.350608,Наезд на пешехода,Тяжёлый,1,0,,True
1517655,2025-05-17 17:35:00+03:00,55.735932,37.022232,Наезд на стоящее ТС,Тяжёлый,1,0,,True
1517656,2025-05-17 17:39:00+03:00,55.820224,37.868682,Наезд на пешехода,Легкий,1,0,,True
1517659,2025-05-17 17:50:00+03:00,55.759855,37.62635,Наезд на пешехода,Тяжёлый,1,0,,True
1517671,2025-05-17 18:05:00+03:00,55.633471,37.647024,Столкновение,Легкий,1,0,,True
1517676,2025-05-17 18:15:00+03:00,55.546647,37.555928,Наезд на пешехода,Тяжёлый,2,0,,True
1517691,2025-05-17 18:53:00+03:00,55.715556,37.883155,Наезд на пешехода,Легкий,1,0,,True
1517697,2025-05-17 19:03:00+03:00,55.818765,37.76693,Столкновение,Легкий,1,0,,True
1517714,2025-05-17 19:58:00+03:00,55.845548,37.42424,Наезд на пешехода,Тяжёлый,1,0,,True
1517720,2025-05-17 20:10:00+03:00,55.954595,37.564832,Столкновение,Тяжёлый,1,0,,True
1517721,2025-05-17 20:10:00+03:00,55.881877,37.589518,Наезд на пешехода,Легкий,1,0,,True
1517735,2025-05-17 20:59:00+03:00,55.524914,37.156073,Опрокидывание,Тяжёлый,1,0,,True
1517829,2025-05-18 01:57:00+03:00,55.79712,37.805457,Наезд на велосипедиста,Легкий,1,0,,True
1517860,2025-05-18 06:30:00+03:00,55.753884,37.694253,Столкновение,Тяжёлый,1,0,,True
1517864,2025-05-18 06:36:00+03:00,55.778293,37.68641,Наезд на пешехода,С погибшими,0,1,,True
1517957,2025-05-18 14:00:00+03:00,55.625646,37.737576,Наезд на препятствие,С погибшими,0,1,,True
1517965,2025-05-18 14:30:00+03:00,55.83787,37.406673,Падение пассажира,Тяжёлый,2,0,,True
1517974,2025-05-18 15:00:00+03:00,55.774473,37.540444,Наезд на стоящее ТС,Тяжёлый,1,0,,True
1518000,2025-05-18 15:48:00+03:00,55.864843,37.545894,Падение пассажира,Тяжёлый,1,0,,True
1518036,2025-05-18 17:38:00+03:00,55.645138,37.520153,Наезд на пешехода,Тяжёлый,1,0,,True
1518056,2025-05-18 18:42:00+03:00,55.761032,37.546581,Наезд на пешехода,Легкий,1,0,,True
1518103,2025-05-18 21:10:00+03:00,55.838934,37.544843,Столкновение,Тяжёлый,1,0,,True
1518188,2025-05-19 07:46:00+03:00,55.570636,37.198527,Наезд на пешехода,Тяжёлый,1,0,,True
1518197,2025-05-19 08:09:00+03:00,55.7283,37.738091,Наезд на пешехода,Тяжёлый,1,0,,True
1518198,2025-05-19 08:10:00+03:00,55.669193,37.648677,Столкновение,Тяжёлый,1,0,,True
1518220,2025-05-19 09:40:00+03:00,55.75741,37.795973,Наезд на велосипедиста,Тяжёлый,1,0,,True
1518225,2025-05-19 09:50:00+03:00,55.849795,37.561376,Столкновение,Легкий,3,0,,True
1518272,2025-05-19 12:40:00+03:00,55.656599,37.74147,Падение пассажира,Тяжёлый,2,0,,True
1518275,2025-05-19 12:53:00+03:00,55.717336,37.512393,Наезд на пешехода,Тяжёлый,1,0,,True
1518281,2025-05-19 13:00:00+03:00,55.716753,37.796724,Столкновение,Тяжёлый,1,0,,True
1518282,2025-05-19 13:05:00+03:00,55.613244,37.641435,Столкновение,Тяжёлый,1,0,,True
1518292,2025-05-19 13:45:00+03:00,55.651219,37.579542,Наезд на пешехода,Тяжёлый,1,0,,True
1518295,2025-05-19 13:57:00+03:00,55.766645,37.674816,Столкновение,Тяжёлый,1,0,,True
1518296,2025-05-19 14:03:00+03:00,55.602406,37.653647,Наезд на велосипедиста,Тяжёлый,1,0,,True
1518303,2025-05-19 14:27:00+03:00,55.672926,37.424421,Столкновение,Тяжёлый,1,0,,True
1518336,2025-05-19 16:06:00+03:00,55.651533,37.709563,Столкновение,Тяжёлый,1,0,,True
1518360,2025-05-19 17:00:00+03:00,55.759546,37.578581,Наезд на пешехода,Тяжёлый,1,0,,True
1518379,2025-05-19 17:40:00+03:00,55.912225,37.544425,Столкновение,Тяжёлый,1,0,,True
1518390,2025-05-19 18:10:00+03:00,55.798959,37.499557,Столкновение,Тяжёлый,2,0,,True
1518418,2025-05-19 19:14:00+03:00,55.540434,37.496595,Столкновение,Тяжёлый,1,0,,True
1518428,2025-05-19 19:39:00+03:00,55.613476,37.755637,Наезд на пешехода,Тяжёлый,1,0,,True
1518434,2025-05-19 19:50:00+03:00,55.613868,37.741663,Столкновение,Тяжёлый,1,0,,True
1518464,2025-05-19 21:45:00+03:00,55.738201,37.526196,Наезд на пешехода,Тяжёлый,1,0,,True
1518472,2025-05-19 22:14:00+03:00,55.733792,37.40554,Столкновение,Тяжёлый,1,0,,True
1518480,2025-05-19 23:12:00+03:00,55.756963,37.614763,Столкновение,Легкий,1,0,,True
1518486,2025-05-19 23:40:00+03:00,55.693059,37.74007,Столкновение,Тяжёлый,1,0,,True
1518494,2025-05-20 00:20:00+03:00,55.850758,37.566118,Столкновение,Тяжёлый,1,0,,True
1518504,2025-05-20 02:05:00+03:00,55.605803,37.760866,Столкновение,Тяжёлый,1,0,,True
1518509,2025-05-20 03:11:00+03:00,55.701197,37.831662,Наезд на препятствие,Тяжёлый,1,0,,True
1518535,2025-05-20 07:53:00+03:00,55.715412,37.100206,Наезд на пешехода,Тяжёлый,1,0,,True
1518561,2025-05-20 08:45:00+03:00,55.821791,37.494943,Наезд на пешехода,Легкий,1,0,,True
1518594,2025-05-20 10:18:00+03:00,55.834096,37.394704,Столкновение,Тяжёлый,3,0,,True
1518595,2025-05-20 10:20:00+03:00,55.75249,37.657688,Наезд на пешехода,Легкий,1,0,,True
1518622,2025-05-20 11:44:00+03:00,55.762789,37.563125,Столкновение,Тяжёлый,1,0,,True
1518630,2025-05-20 12:02:00+03:00,55.698776,37.761823,Наезд на пешехода,Тяжёлый,1,0,,True
1518661,2025-05-20 13:40:00+03:00,55.781316,37.669898,Столкновение,Тяжёлый,1,0,,True
1518672,2025-05-20 14:05:00+03:00,55.793,37.62017,Столкновение,Тяжёлый,1,0,,True
1518681,2025-05-20 14:46:00+03:00,55.690123,37.598777,Столкновение,Легкий,1,0,,True
1518685,2025-05-20 14:53:00+03:00,55.778142,37.689071,Наезд на пешехода,Тяжёлый,1,0,,True
1518722,2025-05-20 16:45:00+03:00,55.898011,37.593061,Падение пассажира,Тяжёлый,1,0,,True
1518743,2025-05-20 17:15:00+03:00,55.630879,37.752221,Столкновение,Тяжёлый,1,0,,True
1518755,2025-05-20 17:35:00+03:00,55.919512,37.543395,Столкновение,Тяжёлый,2,0,,True
1518768,2025-05-20 17:52:00+03:00,55.646139,37.738627,Наезд на велосипедиста,Тяжёлый,1,0,,True
1518771,2025-05-20 18:00:00+03:00,55.843795,37.355822,Наезд на пешехода,Тяжёлый,1,0,,True
1518774,2025-05-20 18:00:00+03:00,55.892216,37.624904,Падение пассажира,Тяжёлый,1,0,,True
1518798,2025-05-20 18:50:00+03:00,55.708032,37.660189,Столкновение,Тяжёлый,2,0,,True
1518801,2025-05-20 18:50:00+03:00,55.864223,37.604527,Наезд на пешехода,Тяжёлый,1,0,,True
1518806,2025-05-20 19:00:00+03:00,55.878076,37.641418,Наезд на велосипедиста,Тяжёлый,1,0,,True
1518827,2025-05-20 19:50:00+03:00,55.616413,37.382097,Наезд на велосипедиста,Тяжёлый,1,0,,True
1518835,2025-05-20 20:40:00+03:00,55.657374,37.796381,Падение пассажира,Тяжёлый,1,0,,True
1518854,2025-05-20 22:00:00+03:00,55.810138,37.558587,Столкновение,Тяжёлый,1,0,,True
1518857,2025-05-20 22:15:00+03:00,55.584348,37.596846,Столкновение,Тяжёлый,1,0,,True
1518889,2025-05-21 00:42:00+03:00,55.644777,37.674394,Столкновение,Тяжёлый,4,0,,True
1518924,2025-05-21 08:16:00+03:00,55.59541,37.534452,Столкновение,Тяжёлый,1,0,,True
1518940,2025-05-21 09:40:00+03:00,55.832752,37.486328,Столкновение,Тяжёлый,1,0,,True
1518942,2025-05-21 09:45:00+03:00,55.693264,37.494434,Падение пассажира,Тяжёлый,1,0,,True
1518949,2025-05-21 10:00:00+03:00,55.708848,37.666519,Столкновение,Тяжёлый,1,0,,True
1518952,2025-05-21 10:05:00+03:00,55.798204,37.34571,Столкновение,Тяжёлый,1,0,,True
1518969,2025-05-21 10:52:00+03:00,55.678607,37.531689,Падение пассажира,Легкий,1,0,,True
1518971,2025-05-21 11:01:00+03:00,55.639236,37.752843,Наезд на пешехода,С погибшими,0,1,,True
1518978,2025-05-21 11:26:00+03:00,55.711199,37.620996,Наезд на пешехода,Тяжёлый,1,0,,True
1518990,2025-05-21 11:55:00+03:00,55.716922,37.744796,Столкновение,Тяжёлый,1,0,,True
1518991,2025-05-21 12:00:00+03:00,55.591733,37.422663,Столкновение,Тяжёлый,1,0,,True
1519042,2025-05-21 14:33:00+03:00,55.861935,37.504331,Падение пассажира,Тяжёлый,1,0,,True
1519082,2025-05-21 16:30:00+03:00,55.69181,37.860013,Наезд на пешехода,Тяжёлый,1,0,,True
1519095,2025-05-21 16:50:00+03:00,55.673157,37.43491,Столкновение,Тяжёлый,1,0,,True
1519097,2025-05-21 16:55:00+03:00,55.691336,37.588934,Наезд на велосипедиста,Тяжёлый,1,0,,True
1519099,2025-05-21 16:56:00+03:00,55.624652,37.511577,Столкновение,Тяжёлый,1,0,,True
1519101,2025-05-21 16:58:00+03:00,55.700197,37.765117,Столкновение,Тяжёлый,1,0,,True
1519117,2025-05-21 17:25:00+03:00,55.608603,37.709638,Столкновение,Легкий,1,0,,True
1519118,2025-05-21 17:25:00+03:00,55.72879,37.763411,Наезд на пешехода,Тяжёлый,1,0,,True
1519124,2025-05-21 17:35:00+03:00,55.828365,37.59183,Опрокидывание,Легкий,1,0,,True
1519133,2025-05-21 17:54:00+03:00,55.851842,37.470664,Наезд на пешехода,Тяжёлый,1,0,,True
1519144,2025-05-21 18:15:00+03:00,55.873746,37.558597,Столкновение,Тяжёлый,2,0,,True
1519145,2025-05-21 18:15:00+03:00,55.811555,37.516176,Столкновение,Тяжёлый,1,0,,True
1519154,2025-05-21 18:30:00+03:00,55.868184,37.585495,Наезд на велосипедиста,Тяжёлый,1,0,,True
1519165,2025-05-21 19:00:00+03:00,55.645951,37.651069,Наезд на пешехода,Легкий,1,0,,True
1519173,2025-05-21 19:27:00+03:00,55.731683,37.491767,Наезд на стоящее ТС,Тяжёлый,2,0,,True
1519188,2025-05-21 20:20:00+03:00,55.824008,37.494105,Столкновение,Тяжёлый,1,0,,True
1519229,2025-05-21 23:15:00+03:00,55.897869,37.603626,Наезд на пешехода,Легкий,1,0,,True
1519236,2025-05-22 00:20:00+03:00,55.700438,37.459549,Наезд на велосипедиста,Тяжёлый,1,0,,True
1519266,2025-05-22 07:07:00+03:00,55.675443,37.632412,Столкновение,Тяжёлый,1,0,,True
1519288,2025-05-22 08:10:00+03:00,55.722013,37.462248,Наезд на пешехода,Легкий,1,0,,True
1519300,2025-05-22 08:30:00+03:00,55.742296,37.841957,Столкновение,Тяжёлый,1,0,,True
1519335,2025-05-22 10:10:00+03:00,55.719696,37.67198,Столкновение,Тяжёлый,1,0,,True
1519344,2025-05-22 10:52:00+03:00,55.847385,37.606083,Наезд на стоящее ТС,С погибшими,0,1,,True
1519357,2025-05-22 11:28:00+03:00,55.999665,37.218128,Наезд на пешехода,С погибшими,0,1,,True
1519359,2025-05-22 11:40:00+03:00,55.59784,37.519028,Наезд на пешехода,Тяжёлый,1,0,,True
1519385,2025-05-22 12:40:00+03:00,55.626106,37.64519,Столкновение,Тяжёлый,2,0,,True
1519407,2025-05-22 13:45:00+03:00,55.750998,37.58469,Столкновение,Тяжёлый,1,0,,True
1519416,2025-05-22 14:05:00+03:00,55.889678,37.589865,Столкновение,Тяжёлый,1,0,,True
1519421,2025-05-22 14:30:00+03:00,55.808499,37.580291,Столкновение,Тяжёлый,1,0,,True
1519435,2025-05-22 14:55:00+03:00,55.874673,37.422545,Столкновение,Тяжёлый,1,0,,True
1519447,2025-05-22 15:20:00+03:00,55.711694,37.61952,Столкновение,Тяжёлый,1,0,,True
1519463,2025-05-22 16:05:00+03:00,55.684389,37.570184,Столкновение,Тяжёлый,1,0,,True
1519467,2025-05-22 16:10:00+03:00,55.710661,37.601266,Столкновение,Тяжёлый,1,0,,True
1519470,2025-05-22 16:17:00+03:00,55.623901,37.29014,Наезд на стоящее ТС,Тяжёлый,3,0,,True
1519479,2025-05-22 16:45:00+03:00,55.651737,37.549131,Падение пассажира,Тяжёлый,2,0,,True
1519482,2025-05-22 16:50:00+03:00,55.820338,37.755836,Наезд на пешехода,Легкий,1,0,,True
1519514,2025-05-22 18:00:00+03:00,55.605633,37.548555,Наезд на пешехода,Тяжёлый,1,0,,True
1519527,2025-05-22 18:13:00+03:00,55.755134,37.586997,Столкновение,Тяжёлый,1,0,,True
1519530,2025-05-22 18:28:00+03:00,55.575452,37.604592,Столкновение,Тяжёлый,2,0,,True
1519537,2025-05-22 18:35:00+03:00,55.800863,37.32645,Столкновение,Легкий,1,0,,True
1519542,2025-05-22 18:47:00+03:00,55.858244,37.343881,Наезд на пешехода,Легкий,1,0,,True
1519562,2025-05-22 19:30:00+03:00,55.61711,37.499256,Наезд на пешехода,Тяжёлый,1,0,,True
1519572,2025-05-22 20:00:00+03:00,55.844897,37.668217,Столкновение,Тяжёлый,1,0,,True
1519573,2025-05-22 20:00:00+03:00,55.638266,37.686888,Столкновение,Тяжёлый,1,0,,True
1519579,2025-05-22 20:10:00+03:00,55.571867,37.386796,Наезд на пешехода,Тяжёлый,1,0,,True
1519587,2025-05-22 20:25:00+03:00,55.88585,37.477143,Столкновение,Тяжёлый,1,0,,True
1519597,2025-05-22 20:50:00+03:00,55.736063,37.645351,Столкновение,Тяжёлый,2,0,,True
1519602,2025-05-22 21:28:00+03:00,55.690407,37.535713,Наезд на пешехода,Легкий,1,0,,True
1519607,2025-05-22 22:10:00+03:00,55.731176,37.594496,Столкновение,Тяжёлый,1,0,,True
1519627,2025-05-23 00:11:00+03:00,55.776392,37.584937,Падение пассажира,Тяжёлый,1,0,,True
1519631,2025-05-23 00:30:00+03:00,55.648196,37.570522,Наезд на велосипедиста,Тяжёлый,1,0,,True
1519656,2025-05-23 06:35:00+03:00,55.661332,37.655865,Опрокидывание,Тяжёлый,1,0,,True
1519682,2025-05-23 08:44:00+03:00,55.775276,37.653279,Наезд на пешехода,Тяжёлый,1,0,,True
1519685,2025-05-23 08:48:00+03:00,55.797494,37.782615,Столкновение,Тяжёлый,1,0,,True
1519716,2025-05-23 10:13:00+03:00,55.759547,37.578624,Наезд на пешехода,Тяжёлый,1,0,,True
1519724,2025-05-23 10:38:00+03:00,55.779518,37.723113,Наезд на пешехода,Тяжёлый,1,0,,True
1519729,2025-05-23 11:00:00+03:00,55.715539,37.09139,Столкновение,Тяжёлый,1,0,,True
1519732,2025-05-23 11:10:00+03:00,55.747641,37.695926,Столкновение,Тяжёлый,1,0,,True
1519742,2025-05-23 11:40:00+03:00,55.753516,37.715464,Наезд на пешехода,Тяжёлый,1,0,,True
1519754,2025-05-23 12:00:00+03:00,56.002857,37.203848,Наезд на пешехода,Легкий,1,0,,True
1519756,2025-05-23 12:00:00+03:00,55.620072,37.717642,Столкновение,Тяжёлый,1,0,,True
1519760,2025-05-23 12:20:00+03:00,55.804682,37.542279,Столкновение,Тяжёлый,1,0,,True
1519772,2025-05-23 12:48:00+03:00,55.821197,37.626064,Наезд на пешехода,Легкий,1,0,,True
1519779,2025-05-23 12:52:00+03:00,55.984585,37.151846,Наезд на пешехода,Легкий,1,0,,True
1519786,2025-05-23 13:15:00+03:00,55.855769,37.584443,Столкновение,Тяжёлый,1,0,,True
1519796,2025-05-23 13:48:00+03:00,55.738422,37.576048,Наезд на велосипедиста,Тяжёлый,1,0,,True
1519797,2025-05-23 13:49:00+03:00,55.751137,37.632862,Столкновение,Тяжёлый,1,0,,True
1519808,2025-05-23 14:13:00+03:00,55.868202,37.474204,Столкновение,Тяжёлый,1,0,,True
1519820,2025-05-23 14:34:00+03:00,55.672496,37.456963,Наезд на пешехода,Тяжёлый,1,0,,True
1519821,2025-05-23 14:35:00+03:00,55.74217,37.541044,Столкновение,Тяжёлый,1,0,,True
1519826,2025-05-23 14:45:00+03:00,55.703779,37.643252,Опрокидывание,Тяжёлый,1,0,,True
1519827,2025-05-23 14:53:00+03:00,55.866261,37.706586,Столкновение,Тяжёлый,2,0,,True
1519836,2025-05-23 15:14:00+03:00,55.676084,37.857106,Столкновение,Тяжёлый,1,0,,True
1519850,2025-05-23 15:40:00+03:00,55.546512,37.515278,Столкновение,Тяжёлый,1,0,,True
1519907,2025-05-23 17:45:00+03:00,55.613602,37.756062,Наезд на пешехода,Тяжёлый,1,0,,True
1519910,2025-05-23 17:50:00+03:00,55.701206,37.85187,Столкновение,Тяжёлый,1,0,,True
1519917,2025-05-23 18:05:00+03:00,55.727019,37.628313,Наезд на пешехода,Тяжёлый,1,0,,True
1519923,2025-05-23 18:15:00+03:00,55.83785,37.435076,Наезд на велосипедиста,Легкий,1,0,,True
1519935,2025-05-23 18:30:00+03:00,55.550145,37.544457,Столкновение,Тяжёлый,1,0,,True
1519936,2025-05-23 18:30:00+03:00,55.787131,37.479783,Столкновение,Легкий,1,0,,True
1519942,2025-05-23 18:40:00+03:00,55.651688,37.345119,Наезд на пешехода,Тяжёлый,1,0,,True
1519952,2025-05-23 19:00:00+03:00,55.67586,37.508215,Столкновение,Тяжёлый,1,0,,True
1519991,2025-05-23 20:15:00+03:00,55.772723,37.662382,Наезд на велосипедиста,Тяжёлый,1,0,,True
1520019,2025-05-23 21:40:00+03:00,55.793019,37.492819,Падение пассажира,Легкий,1,0,,True
1520042,2025-05-23 22:50:00+03:00,55.655691,37.349439,Столкновение,Тяжёлый,1,0,,True
1520050,2025-05-23 23:00:00+03:00,55.745739,37.545948,Наезд на пешехода,Тяжёлый,1,0,,True
1520054,2025-05-23 23:10:00+03:00,55.759647,37.391606,Опрокидывание,Тяжёлый,1,0,,True
1520055,2025-05-23 23:15:00+03:00,55.765529,37.607467,Столкновение,Тяжёлый,2,0,,True
1520063,2025-05-23 23:54:00+03:00,55.883196,37.464998,Столкновение,Тяжёлый,2,0,,True
1520084,2025-05-24 02:27:00+03:00,55.777701,37.39759,Столкновение,С погибшими,1,2,,True
1520110,2025-05-24 06:20:00+03:00,55.645503,37.473475,Наезд на стоящее ТС,Тяжёлый,1,0,,True
1520143,2025-05-24 09:10:00+03:00,55.84497,37.799106,Столкновение,Легкий,1,0,,True
1520146,2025-05-24 09:22:00+03:00,55.694503,37.409142,Столкновение,Тяжёлый,1,0,,True
1520162,2025-05-24 10:25:00+03:00,55.704071,37.658557,Столкновение,Тяжёлый,1,0,,True
1520185,2025-05-24 11:07:00+03:00,55.312504,37.351016,Наезд на велосипедиста,Тяжёлый,2,0,,True
1520203,2025-05-24 11:56:00+03:00,55.88704,37.689859,Наезд на пешехода,Легкий,1,0,,True
1520212,2025-05-24 12:15:00+03:00,55.847669,37.670596,Столкновение,Тяжёлый,1,0,,True
1520213,2025-05-24 12:15:00+03:00,55.849006,37.475191,Опрокидывание,Тяжёлый,1,0,,True
1520229,2025-05-24 13:00:00+03:00,55.751203,37.452929,Наезд на велосипедиста,Тяжёлый,1,0,,True
1520233,2025-05-24 13:04:00+03:00,55.991598,37.21867,Столкновение,Тяжёлый,2,0,,True
1520280,2025-05-24 14:47:00+03:00,55.542117,37.518518,Столкновение,Тяжёлый,1,0,,True
1520301,2025-05-24 15:38:00+03:00,55.666833,37.741063,Наезд на велосипедиста,Тяжёлый,1,0,,True
1520335,2025-05-24 17:00:00+03:00,55.67273,37.52602,Наезд на пешехода,Тяжёлый,1,0,,True
1520343,2025-05-24 17:00:00+03:00,55.766797,37.606587,Столкновение,Тяжёлый,1,0,,True
1520348,2025-05-24 17:11:00+03:00,55.777581,37.550669,Столкновение,Тяжёлый,1,0,,True
1520351,2025-05-24 17:15:00+03:00,55.550628,37.542638,Столкновение,Тяжёлый,1,0,,True
1520367,2025-05-24 18:00:00+03:00,55.612301,37.516596,Наезд на велосипедиста,Тяжёлый,1,0,,True
1520399,2025-05-24 19:00:00+03:00,55.773622,37.842869,Столкновение,Тяжёлый,1,0,,True
1520445,2025-05-24 20:45:00+03:00,55.463875,37.496864,Столкновение,Тяжёлый,2,0,,True
1520450,2025-05-24 21:00:00+03:00,55.778661,37.703276,Наезд на пешехода,С погибшими,0,1,,True
1520451,2025-05-24 21:00:00+03:00,55.73175,37.605772,Столкновение,Тяжёлый,1,0,,True
1520453,2025-05-24 21:00:00+03:00,55.890162,37.616726,Наезд на пешехода,Тяжёлый,1,0,,True
1520530,2025-05-25 01:50:00+03:00,55.724687,37.626145,Столкновение,Легкий,2,0,,True
1520538,2025-05-25 02:30:00+03:00,55.655189,37.763743,Столкновение,Тяжёлый,2,0,,True
1520556,2025-05-25 05:30:00+03:00,55.702131,37.398868,Наезд на стоящее ТС,Тяжёлый,3,0,,True
1520567,2025-05-25 07:10:00+03:00,55.837931,37.500733,Наезд на препятствие,Тяжёлый,1,0,,True
1520618,2025-05-25 12:00:00+03:00,55.682384,37.633916,Наезд на велосипедиста,Тяжёлый,1,0,,True
1520633,2025-05-25 12:40:00+03:00,55.83941,37.362742,Столкновение,Тяжёлый,1,0,,True
1520669,2025-05-25 13:47:00+03:00,55.848018,37.65446,Опрокидывание,Тяжёлый,1,0,,True
1520671,2025-05-25 14:00:00+03:00,55.93044,37.378803,Столкновение,Легкий,1,0,,True
1520724,2025-05-25 16:00:00+03:00,55.721479,37.902049,Столкновение,Тяжёлый,1,0,,True
1520754,2025-05-25 17:37:00+03:00,55.640727,37.754302,Опрокидывание,Легкий,1,0,,True
1520790,2025-05-25 18:52:00+03:00,55.774701,37.593373,Наезд на велосипедиста,Тяжёлый,1,0,,True
1520865,2025-05-25 22:00:00+03:00,55.673525,37.725399,Столкновение,Тяжёлый,1,0,,True
1520892,2025-05-25 23:40:00+03:00,55.710389,37.727115,Столкновение,Тяжёлый,1,0,,True
1520906,2025-05-26 01:23:00+03:00,55.708606,37.895815,Наезд на препятствие,Тяжёлый,1,0,,True
1520953,2025-05-26 08:30:00+03:00,55.883679,37.728401,Столкновение,Тяжёлый,1,0,,True
1520972,2025-05-26 09:15:00+03:00,55.736262,37.411999,Столкновение,Тяжёлый,1,0,,True
1520991,2025-05-26 10:00:00+03:00,55.811266,37.657657,Столкновение,Тяжёлый,1,0,,True
1520998,2025-05-26 10:20:00+03:00,55.675261,37.663708,Наезд на пешехода,Тяжёлый,1,0,,True
1521014,2025-05-26 11:01:00+03:00,55.661371,37.61934,Столкновение,Тяжёлый,1,0,,True
1521027,2025-05-26 11:45:00+03:00,55.727575,37.473818,Столкновение,Тяжёлый,1,0,,True
1521029,2025-05-26 11:45:00+03:00,55.82864,37.663306,Наезд на стоящее ТС,Тяжёлый,1,0,,True
1521030,2025-05-26 11:50:00+03:00,55.771649,37.500887,Наезд на пешехода,Тяжёлый,1,0,,True
1521039,2025-05-26 12:30:00+03:00,55.676786,37.737265,Столкновение,Тяжёлый,1,0,,True
1521040,2025-05-26 12:30:00+03:00,55.717617,37.502432,Наезд на пешехода,Тяжёлый,1,0,,True
1521087,2025-05-26 14:18:00+03:00,55.869827,37.750193,Падение груза,Легкий,1,0,,True
1521090,2025-05-26 14:30:00+03:00,55.778112,37.719465,Наезд на пешехода,Легкий,1,0,,True
1521093,2025-05-26 14:35:00+03:00,55.865794,37.440741,Наезд на пешехода,Тяжёлый,1,0,,True
1521099,2025-05-26 15:00:00+03:00,55.694961,37.609935,Столкновение,Тяжёлый,1,0,,True
1521117,2025-05-26 15:39:00+03:00,55.810808,37.527977,Столкновение,Легкий,1,0,,True
1521118,2025-05-26 15:44:00+03:00,55.641899,37.466625,Столкновение,Тяжёлый,1,0,,True
1521141,2025-05-26 16:25:00+03:00,55.662036,37.093429,Столкновение,Легкий,1,0,,True
1521174,2025-05-26 17:30:00+03:00,55.762348,37.772391,Столкновение,Легкий,1,0,,True
1521208,2025-05-26 18:35:00+03:00,55.789876,37.786113,Наезд на пешехода,Легкий,1,0,,True
1521212,2025-05-26 18:37:00+03:00,55.575452,37.472209,Наезд на пешехода,Тяжёлый,1,0,,True
1521216,2025-05-26 18:45:00+03:00,55.702773,37.397601,Столкновение,Тяжёлый,1,0,,True
1521218,2025-05-26 18:50:00+03:00,55.817035,37.639567,Наезд на пешехода,Тяжёлый,2,0,,True
1521254,2025-05-26 20:01:00+03:00,55.801321,37.615551,Наезд на пешехода,Тяжёлый,1,0,,True
1521261,2025-05-26 20:40:00+03:00,55.710292,37.877898,Столкновение,Легкий,1,0,,True
1521296,2025-05-26 23:00:00+03:00,55.792748,37.641285,Наезд на стоящее ТС,Тяжёлый,1,0,,True
1521315,2025-05-27 00:50:00+03:00,55.753461,37.798237,Столкновение,Легкий,1,0,,True
1521334,2025-05-27 07:00:00+03:00,55.50468,37.593337,Столкновение,Тяжёлый,1,0,,True
1521351,2025-05-27 07:53:00+03:00,55.611395,37.60365,Наезд на пешехода,Тяжёлый,1,0,,True
1521360,2025-05-27 08:12:00+03:00,55.925782,37.546914,Наезд на пешехода,Тяжёлый,1,0,,True
1521362,2025-05-27 08:24:00+03:00,55.721192,37.80071,Столкновение,Тяжёлый,1,0,,True
1521364,2025-05-27 08:30:00+03:00,55.582311,37.468829,Столкновение,Тяжёлый,1,0,,True
1521372,2025-05-27 08:50:00+03:00,55.819657,37.782326,Столкновение,Тяжёлый,1,0,,True
1521386,2025-05-27 09:25:00+03:00,55.731647,37.491864,Столкновение,Тяжёлый,1,0,,True
1521392,2025-05-27 09:43:00+03:00,55.74592,37.782369,Столкновение,Легкий,1,0,,True
1521395,2025-05-27 09:57:00+03:00,55.920734,37.544419,Столкновение,Тяжёлый,1,0,,True
1521396,2025-05-27 10:00:00+03:00,55.86014,37.690626,Столкновение,Тяжёлый,1,0,,True
1521397,2025-05-27 10:01:00+03:00,55.689444,37.597229,Столкновение,Тяжёлый,1,0,,True
1521402,2025-05-27 10:15:00+03:00,55.788404,37.379244,Столкновение,Легкий,1,0,,True
1521416,2025-05-27 10:50:00+03:00,55.780417,37.441052,Столкновение,Легкий,2,0,,True
1521422,2025-05-27 11:10:00+03:00,55.803886,37.519139,Столкновение,Тяжёлый,1,0,,True
1521442,2025-05-27 12:08:00+03:00,55.970178,37.175739,Столкновение,Тяжёлый,1,0,,True
1521465,2025-05-27 13:18:00+03:00,55.898091,37.584325,Столкновение,Тяжёлый,3,0,,True
1521496,2025-05-27 14:10:00+03:00,55.651578,37.50513,Столкновение,Тяжёлый,1,0,,True
1521501,2025-05-27 14:30:00+03:00,55.676931,37.738831,Столкновение,Тяжёлый,1,0,,True
1521534,2025-05-27 16:00:00+03:00,55.660085,37.637572,Столкновение,Легкий,1,0,,True
1521544,2025-05-27 16:20:00+03:00,55.76036,37.649546,Наезд на пешехода,Тяжёлый,1,0,,True
1521545,2025-05-27 16:20:00+03:00,55.833735,37.491156,Наезд на велосипедиста,Тяжёлый,1,0,,True
1521571,2025-05-27 17:00:00+03:00,55.55057,37.542676,Столкновение,Тяжёлый,1,0,,True
1521577,2025-05-27 17:05:00+03:00,55.80233,37.785963,Столкновение,Тяжёлый,1,0,,True
1521579,2025-05-27 17:16:00+03:00,55.611408,37.664419,Столкновение,Легкий,1,0,,True
1521630,2025-05-27 18:11:00+03:00,55.864524,37.606223,Наезд на пешехода,Тяжёлый,1,0,,True
1521639,2025-05-27 18:24:00+03:00,55.756771,37.408592,Падение пассажира,Тяжёлый,1,0,,True
1521665,2025-05-27 19:10:00+03:00,55.862964,37.607403,Наезд на пешехода,Тяжёлый,1,0,,True
1521671,2025-05-27 19:25:00+03:00,55.768945,37.806487,Столкновение,Легкий,1,0,,True
1521698,2025-05-27 20:30:00+03:00,55.605079,37.537129,Столкновение,Тяжёлый,1,0,,True
1521715,2025-05-27 21:25:00+03:00,55.619488,37.593931,Наезд на пешехода,Легкий,1,0,,True
1521716,2025-05-27 21:26:00+03:00,55.885428,37.600602,Наезд на велосипедиста,Тяжёлый,1,0,,True
1521723,2025-05-27 21:55:00+03:00,55.79671,37.411129,Столкновение,Легкий,2,0,,True
1521729,2025-05-27 22:07:00+03:00,55.717436,37.408308,Столкновение,Тяжёлый,1,0,,True
1521741,2025-05-27 22:55:00+03:00,55.656,37.646542,Столкновение,Тяжёлый,1,0,,True
1521749,2025-05-27 23:18:00+03:00,55.795244,37.543877,Наезд на препятствие,Легкий,1,0,,True
1521756,2025-05-28 00:20:00+03:00,55.793003,37.633256,Столкновение,Тяжёлый,1,0,,True
1521775,2025-05-28 04:55:00+03:00,55.632405,37.619494,Столкновение,Легкий,1,0,,True
1521779,2025-05-28 06:00:00+03:00,55.882719,37.463132,Падение пассажира,Тяжёлый,1,0,,True
1521785,2025-05-28 07:15:00+03:00,55.214991,36.980656,Столкновение,Тяжёлый,3,0,,True
1521796,2025-05-28 08:00:00+03:00,55.802903,37.52419,Наезд на пешехода,Легкий,1,0,,True
1521812,2025-05-28 09:00:00+03:00,55.634927,37.359833,Столкновение,Тяжёлый,1,0,,True
1521823,2025-05-28 09:32:00+03:00,55.892244,37.542751,Столкновение,Тяжёлый,1,0,,True
1521835,2025-05-28 10:05:00+03:00,55.987268,37.233685,Столкновение,Тяжёлый,1,0,,True
1521837,2025-05-28 10:20:00+03:00,55.80318,37.824737,Наезд на пешехода,Тяжёлый,1,0,,True
1521842,2025-05-28 10:40:00+03:00,55.596874,37.618411,Наезд на пешехода,Тяжёлый,1,0,,True
1521843,2025-05-28 10:40:00+03:00,55.694485,37.5707,Наезд на пешехода,Тяжёлый,1,0,,True
1521853,2025-05-28 11:46:00+03:00,55.708993,37.870495,Опрокидывание,Тяжёлый,1,0,,True
1521855,2025-05-28 11:55:00+03:00,55.899048,37.542794,Столкновение,Тяжёлый,1,0,,True
1521909,2025-05-28 14:41:00+03:00,55.602419,37.502353,Столкновение,Тяжёлый,1,0,,True
1521910,2025-05-28 14:45:00+03:00,55.781545,37.820488,Столкновение,Легкий,1,0,,True
1521914,2025-05-28 14:54:00+03:00,55.771649,37.475256,Столкновение,Тяжёлый,1,0,,True
1521932,2025-05-28 15:44:00+03:00,55.747085,37.669673,Падение пассажира,Тяжёлый,1,0,,True
1521959,2025-05-28 16:45:00+03:00,55.747701,37.754645,Столкновение,Тяжёлый,1,0,,True
1521976,2025-05-28 17:16:00+03:00,55.854963,37.652461,Наезд на пешехода,Тяжёлый,1,0,,True
1521978,2025-05-28 17:20:00+03:00,55.718043,37.705577,Столкновение,Тяжёлый,1,0,,True
1521996,2025-05-28 17:45:00+03:00,55.794261,37.798955,Падение пассажира,Тяжёлый,1,0,,True
1522000,2025-05-28 17:50:00+03:00,55.697524,37.815381,Наезд на пешехода,Тяжёлый,1,0,,True
1522009,2025-05-28 18:10:00+03:00,55.668201,37.590934,Столкновение,Тяжёлый,1,0,,True
1522021,2025-05-28 18:30:00+03:00,55.528257,37.510709,Столкновение,Тяжёлый,1,0,,True
1522046,2025-05-28 19:03:00+03:00,55.847723,37.351059,Наезд на пешехода,Тяжёлый,1,0,,True
1522049,2025-05-28 19:06:00+03:00,55.633108,37.446399,Столкновение,Тяжёлый,1,0,,True
1522060,2025-05-28 19:35:00+03:00,55.871483,37.652464,Столкновение,Тяжёлый,1,0,,True
1522072,2025-05-28 19:57:00+03:00,55.723136,37.69292,Столкновение,Тяжёлый,1,0,,True
1522081,2025-05-28 20:33:00+03:00,55.859388,37.432877,Столкновение,Тяжёлый,1,0,,True
1522112,2025-05-28 22:00:00+03:00,55.750424,37.538171,Наезд на велосипедиста,Тяжёлый,1,0,,True
1522130,2025-05-28 23:25:00+03:00,55.889615,37.629451,Столкновение,Тяжёлый,1,0,,True
1522145,2025-05-29 01:00:00+03:00,55.80157,37.478002,Столкновение,Тяжёлый,1,0,,True
1522148,2025-05-29 01:05:00+03:00,55.637981,37.747826,Столкновение,Тяжёлый,1,0,,True
1522151,2025-05-29 01:30:00+03:00,55.655371,37.648419,Столкновение,Тяжёлый,2,0,,True
1522160,2025-05-29 03:35:00+03:00,55.775855,37.837815,Наезд на стоящее ТС,Легкий,1,0,,True
1522186,2025-05-29 07:40:00+03:00,55.802792,37.322493,Столкновение,Тяжёлый,1,0,,True
1522193,2025-05-29 08:14:00+03:00,55.78432,37.510403,Наезд на велосипедиста,Тяжёлый,1,0,,True
1522201,2025-05-29 08:45:00+03:00,55.778051,37.732898,Столкновение,Легкий,1,0,,True
1522210,2025-05-29 09:10:00+03:00,55.799395,37.338733,Столкновение,Тяжёлый,1,0,,True
1522213,2025-05-29 09:20:00+03:00,55.83271,37.560614,Столкновение,Легкий,1,0,,True
1522223,2025-05-29 10:30:00+03:00,55.766495,37.652507,Наезд на пешехода,Тяжёлый,1,0,,True
1522232,2025-05-29 11:10:00+03:00,55.615577,37.719691,Столкновение,Легкий,1,0,,True
1522240,2025-05-29 11:24:00+03:00,55.767847,37.800822,Столкновение,Тяжёлый,2,0,,True
1522252,2025-05-29 12:00:00+03:00,55.608396,37.458422,Наезд на пешехода,Тяжёлый,1,0,,True
1522291,2025-05-29 14:00:00+03:00,55.843585,37.560486,Наезд на препятствие,Тяжёлый,1,0,,True
1522314,2025-05-29 15:15:00+03:00,55.724546,37.636788,Столкновение,Легкий,1,0,,True
1522328,2025-05-29 15:52:00+03:00,55.872933,37.49166,Наезд на пешехода,Легкий,1,0,,True
1522338,2025-05-29 16:10:00+03:00,55.668276,37.575802,Столкновение,Тяжёлый,1,0,,True
1522340,2025-05-29 16:10:00+03:00,55.759662,37.672741,Столкновение,Тяжёлый,1,0,,True
1522357,2025-05-29 16:50:00+03:00,55.563805,37.58146,Столкновение,Тяжёлый,1,0,,True
1522394,2025-05-29 17:40:00+03:00,55.791752,37.663321,Столкновение,С погибшими,0,1,,True
1522397,2025-05-29 17:45:00+03:00,55.671111,37.447264,Столкновение,Легкий,1,0,,True
1522408,2025-05-29 18:11:00+03:00,55.778187,37.536534,Наезд на велосипедиста,Тяжёлый,1,0,,True
1522409,2025-05-29 18:11:00+03:00,55.730972,37.405401,Столкновение,Тяжёлый,2,0,,True
1522410,2025-05-29 18:15:00+03:00,55.86465,37.700679,Падение пассажира,Легкий,3,0,,True
1522413,2025-05-29 18:20:00+03:00,55.854703,37.515779,Наезд на велосипедиста,Тяжёлый,1,0,,True
1522427,2025-05-29 18:50:00+03:00,55.66486,37.779912,Столкновение,Тяжёлый,1,0,,True
1522440,2025-05-29 19:10:00+03:00,55.949242,37.540305,Столкновение,Тяжёлый,1,0,,True
1522463,2025-05-29 19:50:00+03:00,55.866896,37.624719,Столкновение,Тяжёлый,1,0,,True
1522476,2025-05-29 20:21:00+03:00,55.642278,37.505578,Наезд на пешехода,Тяжёлый,1,0,,True
1522509,2025-05-29 22:05:00+03:00,55.831204,37.487991,Столкновение,Легкий,1,0,,True
1522521,2025-05-29 23:10:00+03:00,55.874908,37.453487,Наезд на стоящее ТС,Легкий,2,0,,True
1522524,2025-05-29 23:40:00+03:00,55.788458,37.569702,Наезд на пешехода,Тяжёлый,1,0,,True
1522534,2025-05-30 00:25:00+03:00,55.791523,37.569637,Столкновение,Тяжёлый,2,0,,True
1522537,2025-05-30 00:40:00+03:00,55.804495,37.631317,Наезд на пешехода,Легкий,1,0,,True
1522541,2025-05-30 01:10:00+03:00,55.863801,37.761984,Столкновение,С погибшими,4,1,,True
1522552,2025-05-30 02:10:00+03:00,55.757162,37.842793,Наезд на пешехода,С погибшими,0,1,,True
1522573,2025-05-30 07:40:00+03:00,55.807884,37.642432,Наезд на пешехода,Тяжёлый,1,0,,True
1522585,2025-05-30 08:25:00+03:00,55.8047,37.393867,Столкновение,Тяжёлый,1,0,,True
1522604,2025-05-30 09:05:00+03:00,55.710075,37.726332,Столкновение,Тяжёлый,1,0,,True
1522611,2025-05-30 09:40:00+03:00,55.770122,37.566183,Падение пассажира,Тяжёлый,1,0,,True
1522624,2025-05-30 10:17:00+03:00,55.764092,37.781403,Столкновение,Легкий,1,0,,True
1522655,2025-05-30 11:51:00+03:00,55.827709,37.523707,Наезд на стоящее ТС,Тяжёлый,1,0,,True
1522674,2025-05-30 12:30:00+03:00,55.637598,37.351996,Наезд на пешехода,Тяжёлый,1,0,,True
1522691,2025-05-30 13:28:00+03:00,55.642298,37.681642,Столкновение,Тяжёлый,1,0,,True
1522693,2025-05-30 13:34:00+03:00,55.792397,37.55127,Наезд на велосипедиста,Легкий,1,0,,True
1522714,2025-05-30 14:11:00+03:00,55.831085,37.651864,Опрокидывание,Тяжёлый,1,0,,True
1522718,2025-05-30 14:35:00+03:00,55.608627,37.709627,Наезд на пешехода,Тяжёлый,1,0,,True
1522753,2025-05-30 16:05:00+03:00,55.813521,37.720935,Столкновение,Тяжёлый,1,0,,True
1522761,2025-05-30 16:25:00+03:00,55.682686,37.56823,Столкновение,Тяжёлый,1,0,,True
1522781,2025-05-30 17:05:00+03:00,55.599384,37.597479,Наезд на велосипедиста,Тяжёлый,1,0,,True
1522787,2025-05-30 17:15:00+03:00,55.71239,37.730023,Падение пассажира,Тяжёлый,1,0,,True
1522788,2025-05-30 17:20:00+03:00,55.71543,37.40245,Столкновение,Тяжёлый,1,0,,True
1522796,2025-05-30 17:30:00+03:00,55.665145,37.634118,Столкновение,Тяжёлый,1,0,,True
1522829,2025-05-30 18:28:00+03:00,55.602911,37.729411,Падение пассажира,Тяжёлый,2,0,,True
1522834,2025-05-30 18:30:00+03:00,55.774714,37.747393,Столкновение,Тяжёлый,1,0,,True
1522848,2025-05-30 19:00:00+03:00,55.756601,37.683384,Столкновение,Тяжёлый,3,0,,True
1522870,2025-05-30 20:17:00+03:00,55.854077,37.501134,Наезд на пешехода,Легкий,1,0,,True
1522879,2025-05-30 20:32:00+03:00,55.662397,37.436889,Столкновение,Тяжёлый,1,0,,True
1522960,2025-05-31 00:30:00+03:00,55.848168,37.391828,Наезд на препятствие,Тяжёлый,1,0,,True
1522978,2025-05-31 02:49:00+03:00,55.775095,37.843072,Наезд на пешехода,С погибшими,0,1,,True
1523004,2025-05-31 07:00:00+03:00,55.822026,37.837032,Столкновение,С погибшими,0,1,,True
1523007,2025-05-31 07:14:00+03:00,55.559327,37.15956,Наезд на стоящее ТС,Тяжёлый,2,0,,True
1523024,2025-05-31 08:20:00+03:00,55.698972,37.226695,Столкновение,С погибшими,3,1,,True
1523025,2025-05-31 08:20:00+03:00,55.633145,37.539449,Наезд на велосипедиста,Тяжёлый,1,0,,True
1523031,2025-05-31 08:40:00+03:00,55.604063,37.541828,Столкновение,Тяжёлый,1,0,,True
1523038,2025-05-31 09:45:00+03:00,55.469671,37.492175,Столкновение,Тяжёлый,1,0,,True
1523086,2025-05-31 12:30:00+03:00,55.794466,37.658322,Столкновение,Тяжёлый,1,0,,True
1523087,2025-05-31 12:35:00+03:00,55.769379,37.67928,Наезд на пешехода,Тяжёлый,1,0,,True
1523093,2025-05-31 12:55:00+03:00,55.616571,37.510597,Столкновение,Тяжёлый,1,0,,True
1523124,2025-05-31 14:30:00+03:00,55.700445,37.63239,Наезд на пешехода,Тяжёлый,1,0,,True
1523131,2025-05-31 14:50:00+03:00,55.672482,37.617729,Наезд на велосипедиста,Легкий,1,0,,True
1523138,2025-05-31 15:05:00+03:00,55.79999,37.743756,Наезд на велосипедиста,Тяжёлый,1,0,,True
1523152,2025-05-31 15:45:00+03:00,55.838428,37.498537,Наезд на велосипедиста,Тяжёлый,1,0,,True
1523157,2025-05-31 15:55:00+03:00,55.67828,37.575141,Наезд на пешехода,Тяжёлый,2,0,,True
1523170,2025-05-31 16:22:00+03:00,55.636129,37.340206,Столкновение,Тяжёлый,1,0,,True
1523178,2025-05-31 16:35:00+03:00,55.879885,37.47974,Наезд на пешехода,Тяжёлый,1,0,,True
1523181,2025-05-31 16:48:00+03:00,55.773622,37.632229,Наезд на пешехода,Тяжёлый,1,0,,True
1523229,2025-05-31 18:40:00+03:00,55.662074,37.62365,Наезд на велосипедиста,Тяжёлый,1,0,,True
1523234,2025-05-31 18:45:00+03:00,55.680331,37.849917,Столкновение,Тяжёлый,1,0,,True
1523249,2025-05-31 19:10:00+03:00,55.778401,37.501842,Столкновение,Тяжёлый,1,0,,True
1523250,2025-05-31 19:11:00+03:00,55.671323,37.432966,Опрокидывание,Тяжёлый,1,0,,True
1523270,2025-05-31 20:08:00+03:00,55.61315,37.707433,Столкновение,Тяжёлый,1,0,,True
1523279,2025-05-31 20:26:00+03:00,55.84699,37.663129,Наезд на пешехода,Тяжёлый,1,0,,True
1523305,2025-05-31 21:00:00+03:00,55.943684,37.55472,Столкновение,Тяжёлый,1,0,,True
1523320,2025-05-31 21:35:00+03:00,55.654414,37.764258,Столкновение,Тяжёлый,1,0,,True
1523324,2025-05-31 21:40:00+03:00,55.541126,37.4893,Наезд на пешехода,Тяжёлый,1,0,,True
1523337,2025-05-31 22:02:00+03:00,55.792774,37.633234,Падение пассажира,Легкий,1,0,,True
1523346,2025-05-31 22:38:00+03:00,55.78431,37.625091,Наезд на велосипедиста,Тяжёлый,1,0,,True
1523349,2025-05-31 22:44:00+03:00,55.660225,37.839929,Наезд на препятствие,Тяжёлый,1,0,,True
1523363,2025-05-31 23:13:00+03:00,55.834535,37.614121,Наезд на велосипедиста,Тяжёлый,1,0,,True
1523389,2025-05-31 23:55:00+03:00,55.736933,37.250777,Столкновение,Тяжёлый,3,0,,True
1523404,2025-06-01 00:53:00+03:00,55.23664,37.037144,Наезд на препятствие,Тяжёлый,1,0,,True
1523487,2025-06-01 10:45:00+03:00,55.710192,37.749254,Наезд на велосипедиста,Тяжёлый,1,0,,True
1523496,2025-06-01 11:26:00+03:00,55.720065,37.598251,Падение пассажира,Легкий,1,0,,True
1523511,2025-06-01 12:13:00+03:00,55.825961,37.833513,Столкновение,Тяжёлый,2,0,,True
1523538,2025-06-01 13:22:00+03:00,55.686619,37.572539,Столкновение,Тяжёлый,4,0,,True
1523547,2025-06-01 13:50:00+03:00,55.700795,37.919419,Наезд на пешехода,Тяжёлый,1,0,,True
1523570,2025-06-01 14:30:00+03:00,55.767497,37.832526,Столкновение,Легкий,1,0,,True
1523573,2025-06-01 14:57:00+03:00,55.699556,37.769966,Столкновение,Тяжёлый,1,0,,True
1523576,2025-06-01 15:00:00+03:00,55.61628,37.709681,Наезд на пешехода,Тяжёлый,1,0,,True
1523604,2025-06-01 16:10:00+03:00,55.602408,37.726611,Столкновение,Тяжёлый,1,0,,True
1523655,2025-06-01 18:10:00+03:00,55.572903,37.691349,Столкновение,Тяжёлый,1,0,,True
1523657,2025-06-01 18:22:00+03:00,55.749217,37.882705,Столкновение,Тяжёлый,3,0,,True
1523667,2025-06-01 18:45:00+03:00,55.6312,37.753937,Столкновение,Тяжёлый,1,0,,True
1523672,2025-06-01 18:58:00+03:00,55.644214,37.693534,Опрокидывание,Тяжёлый,1,0,,True
1523683,2025-06-01 19:26:00+03:00,55.888057,37.657378,Наезд на пешехода,Тяжёлый,1,0,,True
1523703,2025-06-01 20:10:00+03:00,55.67704,37.539189,Наезд на пешехода,Легкий,1,0,,True
1523727,2025-06-01 21:05:00+03:00,55.874492,37.421215,Опрокидывание,Тяжёлый,1,0,,True
1523730,2025-06-01 21:14:00+03:00,55.756625,37.533599,Столкновение,Тяжёлый,2,0,,True
1523756,2025-06-01 22:30:00+03:00,55.787499,37.733037,Наезд на велосипедиста,Легкий,1,0,,True
1523801,2025-06-02 06:10:00+03:00,55.595686,37.738413,Столкновение,Тяжёлый,1,0,,True
1523840,2025-06-02 09:28:00+03:00,55.720554,37.635137,Наезд на пешехода,Легкий,1,0,,True
1523853,2025-06-02 10:00:00+03:00,55.580692,37.700486,Столкновение,Тяжёлый,1,0,,True
1523857,2025-06-02 10:05:00+03:00,55.673543,37.596307,Наезд на пешехода,Тяжёлый,1,0,,True
1523872,2025-06-02 11:10:00+03:00,55.831867,37.557535,Столкновение,Тяжёлый,1,0,,True
1523891,2025-06-02 12:00:00+03:00,55.881476,37.659732,Наезд на пешехода,Тяжёлый,1,0,,True
1523894,2025-06-02 12:16:00+03:00,55.859105,37.488892,Наезд на велосипедиста,Тяжёлый,1,0,,True
1523899,2025-06-02 12:30:00+03:00,55.857738,37.417964,Столкновение,Тяжёлый,1,0,,True
1523900,2025-06-02 12:30:00+03:00,55.596996,37.480202,Наезд на стоящее ТС,Тяжёлый,1,0,,True
1523904,2025-06-02 12:31:00+03:00,55.987184,37.234018,Столкновение,Тяжёлый,1,0,,True
1523923,2025-06-02 13:10:00+03:00,55.591564,37.660597,Наезд на пешехода,Легкий,1,0,,True
1523926,2025-06-02 13:13:00+03:00,55.677421,37.464055,Наезд на велосипедиста,Тяжёлый,1,0,,True
1523932,2025-06-02 13:30:00+03:00,55.733188,37.659502,Столкновение,Тяжёлый,1,0,,True
1523935,2025-06-02 13:35:00+03:00,55.711205,37.665682,Столкновение,Тяжёлый,1,0,,True
1523942,2025-06-02 14:19:00+03:00,55.724234,37.452596,Столкновение,Тяжёлый,1,0,,True
1523962,2025-06-02 15:07:00+03:00,55.675812,37.527119,Столкновение,Тяжёлый,1,0,,True
1523964,2025-06-02 15:14:00+03:00,55.768927,37.731235,Наезд на пешехода,Легкий,1,0,,True
1523970,2025-06-02 15:30:00+03:00,55.70649,37.578263,Столкновение,Тяжёлый,1,0,,True
1523975,2025-06-02 15:46:00+03:00,55.7285,37.473539,Наезд на пешехода,Тяжёлый,1,0,,True
1523981,2025-06-02 16:14:00+03:00,55.636324,37.740762,Столкновение,Тяжёлый,1,0,,True
1523996,2025-06-02 16:53:00+03:00,55.86288,37.549531,Столкновение,Тяжёлый,2,0,,True
1523998,2025-06-02 17:00:00+03:00,55.63444,37.700787,Опрокидывание,Легкий,1,0,,True
1524000,2025-06-02 17:00:00+03:00,55.75819,37.65933,Наезд на велосипедиста,Тяжёлый,1,0,,True
1524006,2025-06-02 17:00:00+03:00,55.563532,37.487122,Наезд на пешехода,Тяжёлый,1,0,,True
1524018,2025-06-02 17:30:00+03:00,55.66301,37.618379,Опрокидывание,Тяжёлый,1,0,,True
1524021,2025-06-02 17:33:00+03:00,55.751874,37.739346,Опрокидывание,Легкий,1,0,,True
1524041,2025-06-02 18:08:00+03:00,55.725575,37.461147,Столкновение,Легкий,1,0,,True
1524043,2025-06-02 18:10:00+03:00,55.721787,37.555679,Столкновение,Тяжёлый,1,0,,True
1524058,2025-06-02 18:35:00+03:00,55.794309,37.799363,Опрокидывание,Легкий,1,0,,True
1524084,2025-06-02 19:40:00+03:00,55.805231,37.39804,Наезд на велосипедиста,Тяжёлый,2,0,,True
1524087,2025-06-02 19:45:00+03:00,55.983142,37.153042,Наезд на пешехода,Тяжёлый,1,0,,True
1524108,2025-06-02 21:10:00+03:00,55.663614,37.744957,Падение пассажира,Тяжёлый,1,0,,True
1524123,2025-06-02 22:05:00+03:00,55.796292,37.560475,Опрокидывание,Тяжёлый,1,0,,True
1524128,2025-06-02 22:25:00+03:00,55.780604,37.440054,Столкновение,Тяжёлый,1,0,,True
1524131,2025-06-02 22:47:00+03:00,55.73208,37.487053,Падение пассажира,Легкий,1,0,,True
1524139,2025-06-02 23:40:00+03:00,55.758623,37.534307,Столкновение,Тяжёлый,1,0,,True
1524155,2025-06-03 03:55:00+03:00,55.687321,37.428568,Столкновение,Тяжёлый,1,0,,True
1524200,2025-06-03 08:38:00+03:00,55.869616,37.629912,Столкновение,Легкий,1,0,,True
1524205,2025-06-03 08:50:00+03:00,55.814429,37.661128,Столкновение,Тяжёлый,1,0,,True
1524218,2025-06-03 09:20:00+03:00,55.781973,37.725431,Наезд на пешехода,Легкий,1,0,,True
1524220,2025-06-03 09:20:00+03:00,55.78695,37.464709,Столкновение,Легкий,1,0,,True
1524227,2025-06-03 10:00:00+03:00,55.824268,37.654545,Наезд на пешехода,Тяжёлый,1,0,,True
1524256,2025-06-03 11:50:00+03:00,55.677167,37.529114,Столкновение,Тяжёлый,1,0,,True
1524319,2025-06-03 15:00:00+03:00,55.751288,37.575527,Столкновение,Тяжёлый,1,0,,True
1524340,2025-06-03 15:39:00+03:00,55.877062,37.422835,Наезд на пешехода,Тяжёлый,1,0,,True
1524371,2025-06-03 16:30:00+03:00,55.597638,37.558812,Наезд на пешехода,Тяжёлый,1,0,,True
1524398,2025-06-03 17:24:00+03:00,55.572898,37.648269,Столкновение,Тяжёлый,1,0,,True
1524417,2025-06-03 18:19:00+03:00,55.768366,37.516508,Наезд на препятствие,Легкий,1,0,,True
1524426,2025-06-03 18:50:00+03:00,55.678111,37.663429,Падение пассажира,Тяжёлый,1,0,,True
1524462,2025-06-03 20:26:00+03:00,55.699219,37.431628,Столкновение,Тяжёлый,1,0,,True
1524477,2025-06-03 21:05:00+03:00,55.85529,37.562283,Столкновение,Тяжёлый,1,0,,True
1524486,2025-06-03 21:40:00+03:00,55.775843,37.723145,Столкновение,Легкий,1,0,,True
1524503,2025-06-03 22:30:00+03:00,55.699928,37.630226,Наезд на препятствие,Легкий,1,0,,True
1524506,2025-06-03 22:40:00+03:00,55.903559,37.385391,Наезд на пешехода,Тяжёлый,1,0,,True
1524523,2025-06-04 00:20:00+03:00,55.625319,37.59602,Столкновение,Тяжёлый,1,0,,True
1524524,2025-06-04 00:23:00+03:00,55.644189,37.675381,Столкновение,Тяжёлый,2,0,,True
1524529,2025-06-04 00:53:00+03:00,55.94145,37.524146,Наезд на стоящее ТС,Тяжёлый,1,0,,True
1524578,2025-06-04 09:06:00+03:00,55.728201,37.447245,Наезд на пешехода,Тяжёлый,1,0,,True
1524583,2025-06-04 09:27:00+03:00,55.755713,37.433081,Наезд на велосипедиста,Тяжёлый,1,0,,True
1524602,2025-06-04 10:20:00+03:00,55.873908,37.707707,Наезд на пешехода,Легкий,1,0,,True
1524612,2025-06-04 10:50:00+03:00,55.820652,37.630502,Столкновение,Тяжёлый,2,0,,True
1524619,2025-06-04 11:00:00+03:00,55.762704,37.509685,Наезд на пешехода,Тяжёлый,1,0,,True
1524623,2025-06-04 11:20:00+03:00,55.843584,37.665426,Наезд на пешехода,Тяжёлый,1,0,,True
1524630,2025-06-04 11:45:00+03:00,55.866956,37.437994,Столкновение,Легкий,1,0,,True
1524672,2025-06-04 13:30:00+03:00,55.789152,37.465664,Наезд на велосипедиста,Легкий,1,0,,True
1524704,2025-06-04 15:00:00+03:00,55.784278,37.463454,Столкновение,Легкий,1,0,,True
1524707,2025-06-04 15:04:00+03:00,55.821156,37.658276,Столкновение,Тяжёлый,1,0,,True
1524746,2025-06-04 16:25:00+03:00,55.736462,37.466855,Столкновение,Тяжёлый,1,0,,True
1524753,2025-06-04 16:40:00+03:00,55.614915,37.60538,Столкновение,Тяжёлый,1,0,,True
1524760,2025-06-04 16:55:00+03:00,55.812381,37.477498,Падение пассажира,Легкий,1,0,,True
1524782,2025-06-04 17:38:00+03:00,55.810784,37.5214,Наезд на пешехода,Легкий,1,0,,True
1524784,2025-06-04 17:40:00+03:00,55.575342,37.61031,Столкновение,Тяжёлый,1,0,,True
1524796,2025-06-04 18:15:00+03:00,55.626238,37.709965,Наезд на велосипедиста,Тяжёлый,1,0,,True
1524800,2025-06-04 18:20:00+03:00,55.7263,37.421826,Падение пассажира,Тяжёлый,1,0,,True
1524808,2025-06-04 18:30:00+03:00,55.775608,37.658794,Наезд на пешехода,Тяжёлый,1,0,,True
1524811,2025-06-04 18:35:00+03:00,55.688882,37.693346,Наезд на пешехода,Тяжёлый,1,0,,True
1524823,2025-06-04 19:00:00+03:00,55.911361,37.538422,Наезд на пешехода,Тяжёлый,1,0,,True
1524826,2025-06-04 19:07:00+03:00,55.866426,37.492315,Наезд на пешехода,Тяжёлый,1,0,,True
1524827,2025-06-04 19:12:00+03:00,55.872975,37.614473,Наезд на пешехода,Тяжёлый,1,0,,True
1524830,2025-06-04 19:15:00+03:00,55.702706,37.920159,Наезд на пешехода,Тяжёлый,1,0,,True
1524843,2025-06-04 19:50:00+03:00,55.807739,37.408018,Наезд на пешехода,Легкий,1,0,,True
1524861,2025-06-04 20:33:00+03:00,55.813921,37.601809,Наезд на велосипедиста,Тяжёлый,1,0,,True
1524895,2025-06-04 22:50:00+03:00,55.777357,37.398641,Столкновение,Легкий,1,0,,True
1524902,2025-06-04 23:07:00+03:00,55.792237,37.58372,Наезд на пешехода,Тяжёлый,1,0,,True
1524950,2025-06-05 08:03:00+03:00,55.722149,37.449828,Столкновение,Тяжёлый,2,0,,True
1524972,2025-06-05 08:54:00+03:00,55.757392,37.795887,Столкновение,Тяжёлый,2,0,,True
1524976,2025-06-05 09:06:00+03:00,55.727968,37.415593,Столкновение,Тяжёлый,1,0,,True
1524979,2025-06-05 09:14:00+03:00,55.684065,37.539174,Наезд на велосипедиста,Тяжёлый,1,0,,True
1525000,2025-06-05 10:45:00+03:00,55.832378,37.527532,Наезд на пешехода,Тяжёлый,1,0,,True
1525032,2025-06-05 12:25:00+03:00,55.70406,37.539468,Столкновение,Тяжёлый,1,0,,True
1525042,2025-06-05 13:15:00+03:00,55.861622,37.691174,Наезд на велосипедиста,Тяжёлый,1,0,,True
1525067,2025-06-05 14:23:00+03:00,55.731641,37.729948,Наезд на пешехода,Тяжёлый,1,0,,True
1525074,2025-06-05 14:36:00+03:00,55.701049,37.754399,Наезд на пешехода,Тяжёлый,1,0,,True
1525079,2025-06-05 14:49:00+03:00,55.686781,37.602576,Столкновение,Тяжёлый,1,0,,True
1525088,2025-06-05 15:16:00+03:00,55.837283,37.390884,Наезд на пешехода,Тяжёлый,1,0,,True
1525100,2025-06-05 15:43:00+03:00,55.881642,37.488077,Столкновение,Тяжёлый,1,0,,True
1525106,2025-06-05 15:55:00+03:00,55.75607,37.594324,Наезд на пешехода,Тяжёлый,1,0,,True
1525111,2025-06-05 16:00:00+03:00,55.766911,37.471726,Столкновение,Тяжёлый,1,0,,True
1525124,2025-06-05 16:30:00+03:00,55.801468,37.391453,Столкновение,Тяжёлый,1,0,,True
1525183,2025-06-05 18:30:00+03:00,55.715853,37.756888,Столкновение,Тяжёлый,1,0,,True
1525192,2025-06-05 18:55:00+03:00,55.862746,37.660955,Столкновение,Тяжёлый,1,0,,True
1525201,2025-06-05 19:04:00+03:00,55.752405,37.514126,Наезд на велосипедиста,Тяжёлый,1,0,,True
1525207,2025-06-05 19:15:00+03:00,55.710746,37.915213,Падение пассажира,Тяжёлый,1,0,,True
1525274,2025-06-05 22:55:00+03:00,55.799253,37.635298,Столкновение,Тяжёлый,1,0,,True
1525291,2025-06-06 00:20:00+03:00,55.851051,37.600179,Столкновение,Тяжёлый,1,0,,True
1525300,2025-06-06 00:57:00+03:00,55.898284,37.399714,Столкновение,Тяжёлый,1,0,,True
1525305,2025-06-06 01:50:00+03:00,55.712184,37.723339,Столкновение,Тяжёлый,1,0,,True
1525328,2025-06-06 07:30:00+03:00,55.752483,37.574186,Столкновение,Тяжёлый,1,0,,True
1525349,2025-06-06 09:10:00+03:00,55.815908,37.520777,Столкновение,Тяжёлый,1,0,,True
1525357,2025-06-06 09:30:00+03:00,55.728633,37.72409,Столкновение,Тяжёлый,2,0,,True
1525362,2025-06-06 09:40:00+03:00,55.751632,37.677891,Падение пассажира,Тяжёлый,1,0,,True
1525377,2025-06-06 10:27:00+03:00,55.666857,37.459484,Столкновение,Тяжёлый,1,0,,True
1525386,2025-06-06 10:40:00+03:00,55.865936,37.564718,Столкновение,Тяжёлый,1,0,,True
1525413,2025-06-06 11:44:00+03:00,55.665901,37.512978,Столкновение,Легкий,1,0,,True
1525416,2025-06-06 12:00:00+03:00,55.86626,37.679615,Падение пассажира,Легкий,2,0,,True
1525424,2025-06-06 12:10:00+03:00,55.803603,37.402514,Столкновение,Тяжёлый,1,0,,True
1525429,2025-06-06 12:22:00+03:00,55.876039,37.425238,Столкновение,Тяжёлый,1,0,,True
1525450,2025-06-06 13:00:00+03:00,55.708802,37.626516,Наезд на пешехода,Тяжёлый,1,0,,True
1525471,2025-06-06 13:45:00+03:00,55.789979,37.554724,Столкновение,Легкий,1,0,,True
1525484,2025-06-06 14:30:00+03:00,55.637134,37.356051,Столкновение,Тяжёлый,1,0,,True
1525487,2025-06-06 14:36:00+03:00,55.586586,37.434078,Падение пассажира,Тяжёлый,1,0,,True
1525490,2025-06-06 14:50:00+03:00,55.810355,37.595086,Наезд на пешехода,Легкий,1,0,,True
1525506,2025-06-06 15:22:00+03:00,55.696327,37.406183,Столкновение,Тяжёлый,1,0,,True
1525508,2025-06-06 15:25:00+03:00,55.717376,37.383449,Наезд на стоящее ТС,Тяжёлый,1,0,,True
1525518,2025-06-06 15:57:00+03:00,55.728355,37.472606,Столкновение,Тяжёлый,1,0,,True
1525559,2025-06-06 16:54:00+03:00,55.679363,37.624923,Столкновение,Тяжёлый,1,0,,True
1525574,2025-06-06 17:15:00+03:00,55.645485,37.619569,Столкновение,Легкий,1,0,,True
1525585,2025-06-06 17:32:00+03:00,55.62444,37.7578,Столкновение,Легкий,1,0,,True
1525591,2025-06-06 17:49:00+03:00,55.766742,37.652217,Падение пассажира,Тяжёлый,1,0,,True
1525598,2025-06-06 17:53:00+03:00,55.785303,37.565689,Столкновение,Тяжёлый,1,0,,True
1525609,2025-06-06 18:03:00+03:00,55.876797,37.524458,Столкновение,Тяжёлый,1,0,,True
1525617,2025-06-06 18:17:00+03:00,55.855961,37.654878,Падение пассажира,Тяжёлый,1,0,,True
1525638,2025-06-06 19:00:00+03:00,55.704519,37.637144,Столкновение,Легкий,1,0,,True
1525708,2025-06-06 22:25:00+03:00,55.718542,37.566301,Столкновение,Тяжёлый,1,0,,True
1525735,2025-06-07 00:36:00+03:00,55.703546,37.396978,Наезд на стоящее ТС,Тяжёлый,2,0,,True
1525757,2025-06-07 04:00:00+03:00,55.742646,37.541721,Столкновение,Тяжёлый,1,0,,True
1525802,2025-06-07 08:25:00+03:00,55.80016,37.334224,Столкновение,Тяжёлый,1,0,,True
1525816,2025-06-07 09:48:00+03:00,55.628716,37.515898,Столкновение,Тяжёлый,1,0,,True
1525826,2025-06-07 10:10:00+03:00,55.631981,37.622191,Столкновение,Тяжёлый,2,0,,True
1525827,2025-06-07 10:15:00+03:00,55.761612,37.778324,Столкновение,Легкий,1,0,,True
1525829,2025-06-07 10:22:00+03:00,55.631933,37.60132,Падение пассажира,Тяжёлый,1,0,,True
1525857,2025-06-07 11:37:00+03:00,55.854546,37.562932,Столкновение,Тяжёлый,2,0,,True
1525911,2025-06-07 13:25:00+03:00,55.595031,37.60574,Опрокидывание,Тяжёлый,1,0,,True
1525927,2025-06-07 14:00:00+03:00,55.861664,37.539822,Наезд на пешехода,Тяжёлый,1,0,,True
1525938,2025-06-07 14:40:00+03:00,55.711531,37.778699,Наезд на пешехода,Тяжёлый,1,0,,True
1525943,2025-06-07 14:45:00+03:00,55.706968,37.58778,Столкновение,Тяжёлый,1,0,,True
1525960,2025-06-07 15:20:00+03:00,55.699641,37.626092,Столкновение,Тяжёлый,1,0,,True
1525990,2025-06-07 16:30:00+03:00,55.824358,37.572716,Наезд на велосипедиста,Тяжёлый,1,0,,True
1525999,2025-06-07 16:58:00+03:00,55.822882,37.825499,Наезд на пешехода,Тяжёлый,1,0,,True
1526030,2025-06-07 18:00:00+03:00,55.705601,37.885151,Наезд на пешехода,Легкий,1,0,,True
1526046,2025-06-07 18:30:00+03:00,55.772276,37.499074,Падение пассажира,Тяжёлый,1,0,,True
1526055,2025-06-07 19:00:00+03:00,55.865276,37.474891,Наезд на пешехода,Легкий,1,0,,True
1526069,2025-06-07 19:26:00+03:00,55.594813,37.150655,Наезд на препятствие,Тяжёлый,2,0,,True
1526072,2025-06-07 19:30:00+03:00,55.888382,37.642849,Падение пассажира,Тяжёлый,1,0,,True
1526092,2025-06-07 20:40:00+03:00,55.697954,37.94078,Столкновение,Тяжёлый,1,0,,True
1526113,2025-06-07 21:39:00+03:00,55.370649,37.348505,Наезд на пешехода,Тяжёлый,1,0,,True
1526131,2025-06-07 22:25:00+03:00,55.788784,37.803622,Столкновение,Тяжёлый,1,0,,True
1526154,2025-06-07 23:45:00+03:00,55.706859,37.512002,Столкновение,Тяжёлый,1,0,,True
1526160,2025-06-08 00:10:00+03:00,55.819966,37.664567,Опрокидывание,Тяжёлый,1,0,,True
1526199,2025-06-08 02:40:00+03:00,55.78771,37.747092,Столкновение,Легкий,1,0,,True
1526206,2025-06-08 03:15:00+03:00,55.769657,37.691882,Столкновение,Тяжёлый,1,0,,True
1526221,2025-06-08 05:50:00+03:00,55.675903,37.52773,Столкновение,Тяжёлый,1,0,,True
1526261,2025-06-08 10:30:00+03:00,55.766778,37.53244,Столкновение,Тяжёлый,1,0,,True
1526286,2025-06-08 11:55:00+03:00,55.613511,37.716794,Наезд на пешехода,Тяжёлый,1,0,,True
1526306,2025-06-08 13:00:00+03:00,55.340666,37.343473,Столкновение,Тяжёлый,1,0,,True
1526307,2025-06-08 13:02:00+03:00,55.751596,37.778882,Наезд на пешехода,Тяжёлый,1,0,,True
1526328,2025-06-08 14:19:00+03:00,55.845279,37.668157,Наезд на пешехода,Тяжёлый,1,0,,True
1526338,2025-06-08 14:30:00+03:00,55.871398,37.586364,Столкновение,Тяжёлый,1,0,,True
1526348,2025-06-08 15:00:00+03:00,55.790202,37.681582,Наезд на пешехода,Тяжёлый,1,0,,True
1526352,2025-06-08 15:09:00+03:00,55.695336,37.829661,Столкновение,Тяжёлый,1,0,,True
1526353,2025-06-08 15:10:00+03:00,55.305097,37.216412,Столкновение,Тяжёлый,1,0,,True
1526358,2025-06-08 15:20:00+03:00,55.718928,37.417756,Наезд на препятствие,Тяжёлый,1,0,,True
1526381,2025-06-08 16:10:00+03:00,55.828655,37.371143,Столкновение,Легкий,1,0,,True
1526404,2025-06-08 17:07:00+03:00,55.642732,37.355954,Наезд на велосипедиста,Тяжёлый,1,0,,True
1526429,2025-06-08 17:57:00+03:00,55.611996,37.596459,Наезд на пешехода,Тяжёлый,1,0,,True
1526455,2025-06-08 18:45:00+03:00,55.589381,37.723414,Столкновение,Тяжёлый,1,0,,True
1526456,2025-06-08 18:46:00+03:00,55.846434,37.654256,Наезд на пешехода,Тяжёлый,2,0,,True
1526489,2025-06-08 20:00:00+03:00,55.86344,37.607703,Столкновение,Тяжёлый,1,0,,True
1526495,2025-06-08 20:23:00+03:00,55.63444,37.603916,Наезд на пешехода,Тяжёлый,1,0,,True
1526499,2025-06-08 20:30:00+03:00,55.641192,37.814909,Наезд на пешехода,Тяжёлый,2,0,,True
1526513,2025-06-08 21:15:00+03:00,55.797114,37.804685,Наезд на пешехода,С погибшими,0,1,,True
1526526,2025-06-08 21:40:00+03:00,55.700759,37.932508,Столкновение,Тяжёлый,1,0,,True
1526555,2025-06-08 23:05:00+03:00,55.876093,37.451524,Наезд на стоящее ТС,Легкий,1,0,,True
1526633,2025-06-09 08:40:00+03:00,55.743353,37.753218,Столкновение,Тяжёлый,1,0,,True
1526635,2025-06-09 08:45:00+03:00,55.605851,37.702696,Наезд на пешехода,С погибшими,0,1,,True
1526664,2025-06-09 10:15:00+03:00,55.829511,37.591288,Наезд на велосипедиста,Тяжёлый,1,0,,True
1526665,2025-06-09 10:17:00+03:00,55.756565,37.715925,Столкновение,Тяжёлый,1,0,,True
1526671,2025-06-09 10:28:00+03:00,55.666488,37.561365,Наезд на пешехода,Тяжёлый,1,0,,True
1526686,2025-06-09 11:30:00+03:00,55.71943,37.634665,Наезд на пешехода,Тяжёлый,1,0,,True
1526695,2025-06-09 11:50:00+03:00,55.713405,37.403544,Падение пассажира,Тяжёлый,1,0,,True
1526724,2025-06-09 13:07:00+03:00,55.706218,37.855389,Столкновение,Тяжёлый,4,0,,True
1526736,2025-06-09 13:34:00+03:00,55.678383,37.476404,Наезд на пешехода,Тяжёлый,3,0,,True
1526769,2025-06-09 14:40:00+03:00,55.75872,37.646735,Наезд на велосипедиста,Тяжёлый,1,0,,True
1526782,2025-06-09 15:05:00+03:00,55.761726,37.769998,Столкновение,Легкий,1,0,,True
1526802,2025-06-09 15:50:00+03:00,55.837326,37.65966,Наезд на пешехода,Тяжёлый,1,0,,True
1526832,2025-06-09 16:38:00+03:00,55.673676,37.412353,Наезд на пешехода,Тяжёлый,1,0,,True
1526837,2025-06-09 16:47:00+03:00,55.866872,37.756641,Столкновение,Легкий,1,0,,True
1526842,2025-06-09 17:00:00+03:00,55.912189,37.535077,Столкновение,Тяжёлый,1,0,,True
1526859,2025-06-09 17:20:00+03:00,55.668273,37.837826,Столкновение,Тяжёлый,1,0,,True
1526876,2025-06-09 17:50:00+03:00,55.677542,37.563447,Столкновение,Тяжёлый,1,0,,True
1526904,2025-06-09 18:45:00+03:00,55.825648,37.760664,Падение пассажира,Легкий,1,0,,True
1526908,2025-06-09 18:55:00+03:00,55.870552,37.587827,Наезд на пешехода,Тяжёлый,1,0,,True
1526940,2025-06-09 19:44:00+03:00,55.68448,37.85481,Столкновение,Тяжёлый,1,0,,True
1526941,2025-06-09 19:45:00+03:00,55.832831,37.391067,Наезд на препятствие,Тяжёлый,1,0,,True
1526955,2025-06-09 20:30:00+03:00,55.774238,37.736567,Наезд на пешехода,Тяжёлый,1,0,,True
1526963,2025-06-09 21:18:00+03:00,55.713369,37.623957,Столкновение,Тяжёлый,2,0,,True
1526983,2025-06-09 22:32:00+03:00,55.635779,37.703372,Столкновение,Тяжёлый,1,0,,True
1526984,2025-06-09 22:38:00+03:00,55.70633,37.833937,Столкновение,Тяжёлый,1,0,,True
1527022,2025-06-10 03:55:00+03:00,55.791909,37.68714,Наезд на препятствие,Тяжёлый,1,0,,True
1527032,2025-06-10 06:58:00+03:00,55.980726,37.170352,Столкновение,Легкий,1,0,,True
1527076,2025-06-10 09:21:00+03:00,55.792838,37.745826,Столкновение,Легкий,1,0,,True
1527080,2025-06-10 09:35:00+03:00,55.883171,37.442833,Столкновение,Тяжёлый,1,0,,True
1527083,2025-06-10 09:40:00+03:00,55.846801,37.631157,Столкновение,Тяжёлый,2,0,,True
1527115,2025-06-10 11:24:00+03:00,55.658301,37.529257,Столкновение,Тяжёлый,1,0,,True
1527120,2025-06-10 11:30:00+03:00,55.63676,37.743273,Опрокидывание,Тяжёлый,1,0,,True
1527123,2025-06-10 11:40:00+03:00,55.80678,37.581965,Наезд на пешехода,Тяжёлый,1,0,,True
1527142,2025-06-10 12:45:00+03:00,55.606615,37.487422,Столкновение,Тяжёлый,1,0,,True
1527152,2025-06-10 13:00:00+03:00,55.885343,37.396946,Столкновение,Тяжёлый,1,0,,True
1527169,2025-06-10 13:40:00+03:00,55.712378,37.665669,Столкновение,Тяжёлый,1,0,,True
1527182,2025-06-10 14:26:00+03:00,55.868714,37.752328,Столкновение,Легкий,2,0,,True
1527198,2025-06-10 14:54:00+03:00,55.638994,37.340512,Наезд на велосипедиста,Тяжёлый,1,0,,True
1527204,2025-06-10 15:06:00+03:00,55.733876,37.401538,Падение пассажира,Тяжёлый,1,0,,True
1527213,2025-06-10 15:20:00+03:00,55.60816,37.765117,Столкновение,Тяжёлый,1,0,,True
1527240,2025-06-10 16:22:00+03:00,55.632896,37.334096,Столкновение,Тяжёлый,1,0,,True
1527241,2025-06-10 16:23:00+03:00,55.754548,37.788988,Наезд на пешехода,Тяжёлый,1,0,,True
1527250,2025-06-10 16:40:00+03:00,55.823195,37.657453,Падение пассажира,Тяжёлый,1,0,,True
1527259,2025-06-10 16:57:00+03:00,55.735399,37.644686,Наезд на велосипедиста,Тяжёлый,1,0,,True
1527260,2025-06-10 17:00:00+03:00,55.668443,37.629987,Наезд на пешехода,Легкий,1,0,,True
1527286,2025-06-10 17:48:00+03:00,55.601263,37.666497,Наезд на пешехода,Легкий,1,0,,True
1527288,2025-06-10 17:50:00+03:00,55.605463,37.590269,Наезд на пешехода,Легкий,1,0,,True
1527290,2025-06-10 17:53:00+03:00,55.582836,37.675556,Наезд на пешехода,Тяжёлый,1,0,,True
1527299,2025-06-10 18:00:00+03:00,55.659125,37.758989,Столкновение,Тяжёлый,2,0,,True
1527305,2025-06-10 18:15:00+03:00,55.758974,37.558587,Столкновение,Тяжёлый,1,0,,True
1527307,2025-06-10 18:17:00+03:00,55.711735,37.421429,Столкновение,Тяжёлый,1,0,,True
1527314,2025-06-10 18:40:00+03:00,55.902398,37.41923,Опрокидывание,Легкий,1,0,,True
1527331,2025-06-10 19:08:00+03:00,55.699755,37.5317,Наезд на препятствие,Тяжёлый,1,0,,True
1527337,2025-06-10 19:17:00+03:00,55.673059,37.808933,Столкновение,Тяжёлый,1,0,,True
1527366,2025-06-10 20:35:00+03:00,55.79607,37.605558,Наезд на велосипедиста,Тяжёлый,1,0,,True
1527420,2025-06-11 00:05:00+03:00,55.670512,37.555465,Столкновение,Тяжёлый,1,0,,True
1527438,2025-06-11 04:04:00+03:00,55.607321,37.496712,Столкновение,Тяжёлый,1,0,,True
1527484,2025-06-11 08:35:00+03:00,55.807908,37.405293,Наезд на пешехода,Тяжёлый,1,0,,True
1527486,2025-06-11 08:41:00+03:00,55.754331,37.661444,Столкновение,Тяжёлый,1,0,,True
1527514,2025-06-11 10:40:00+03:00,55.973306,37.184504,Наезд на велосипедиста,Тяжёлый,1,0,,True
1527519,2025-06-11 11:00:00+03:00,55.898969,37.571914,Наезд на велосипедиста,Тяжёлый,1,0,,True
1527533,2025-06-11 11:40:00+03:00,55.840856,37.35711,Наезд на пешехода,Тяжёлый,1,0,,True
1527558,2025-06-11 12:35:00+03:00,55.607765,37.719139,Столкновение,Тяжёлый,1,0,,True
1527584,2025-06-11 13:52:00+03:00,55.612911,37.734851,Опрокидывание,Тяжёлый,1,0,,True
1527595,2025-06-11 14:07:00+03:00,55.75939,37.623732,Падение пассажира,Тяжёлый,1,0,,True
1527599,2025-06-11 14:30:00+03:00,55.725805,37.760332,Столкновение,Тяжёлый,1,0,,True
1527604,2025-06-11 14:40:00+03:00,55.557537,37.577298,Столкновение,Тяжёлый,1,0,,True
1527606,2025-06-11 14:46:00+03:00,55.885134,37.719928,Столкновение,Тяжёлый,1,0,,True
1527608,2025-06-11 14:50:00+03:00,55.867781,37.596288,Столкновение,Тяжёлый,1,0,,True
1527632,2025-06-11 15:48:00+03:00,55.702884,37.653748,Опрокидывание,Тяжёлый,1,0,,True
1527634,2025-06-11 15:50:00+03:00,55.82657,37.491875,Наезд на стоящее ТС,Легкий,1,0,,True
1527649,2025-06-11 16:20:00+03:00,55.721254,37.424181,Падение пассажира,Тяжёлый,1,0,,True
1527655,2025-06-11 16:30:00+03:00,55.899078,37.631298,Столкновение,Тяжёлый,1,0,,True
1527665,2025-06-11 16:40:00+03:00,55.676804,37.276236,Столкновение,Тяжёлый,2,0,,True
1527668,2025-06-11 16:40:00+03:00,55.89917,37.573903,Столкновение,Тяжёлый,1,0,,True
1527686,2025-06-11 17:15:00+03:00,55.914914,37.555343,Столкновение,Тяжёлый,1,0,,True
1527714,2025-06-11 18:25:00+03:00,55.75162,37.610278,Наезд на пешехода,Тяжёлый,1,0,,True
1527729,2025-06-11 18:58:00+03:00,55.842314,37.554606,Падение пассажира,Тяжёлый,1,0,,True
1527745,2025-06-11 19:25:00+03:00,55.751475,37.509223,Наезд на пешехода,Тяжёлый,1,0,,True
1527762,2025-06-11 20:00:00+03:00,55.637026,37.328829,Столкновение,Тяжёлый,2,0,,True
1527763,2025-06-11 20:00:00+03:00,55.740185,37.606307,Наезд на велосипедиста,Тяжёлый,1,0,,True
1527769,2025-06-11 20:10:00+03:00,55.863518,37.43602,Наезд на пешехода,Тяжёлый,1,0,,True
1527788,2025-06-11 20:45:00+03:00,55.513258,37.352539,Наезд на пешехода,Тяжёлый,1,0,,True
1527792,2025-06-11 21:00:00+03:00,55.702071,37.867341,Столкновение,Легкий,1,0,,True
1527809,2025-06-11 21:33:00+03:00,55.856118,37.436364,Наезд на велосипедиста,Легкий,1,0,,True
1527819,2025-06-11 22:10:00+03:00,55.903462,37.417749,Опрокидывание,Тяжёлый,1,0,,True
1527823,2025-06-11 22:15:00+03:00,55.734589,37.224512,Наезд на пешехода,Тяжёлый,1,0,,True
1527836,2025-06-11 22:58:00+03:00,55.847349,37.481006,Опрокидывание,Тяжёлый,1,0,,True
1527863,2025-06-12 00:04:00+03:00,55.799605,37.736546,Столкновение,С погибшими,0,1,,True
1527878,2025-06-12 01:45:00+03:00,55.75255,37.456384,Опрокидывание,Тяжёлый,1,0,,True
1527890,2025-06-12 02:20:00+03:00,55.667583,37.427952,Наезд на стоящее ТС,Тяжёлый,1,0,,True
1527907,2025-06-12 04:42:00+03:00,55.63094,37.753111,Наезд на препятствие,С погибшими,0,1,,True
1527944,2025-06-12 09:20:00+03:00,55.874841,37.526464,Столкновение,Тяжёлый,1,0,,True
1527955,2025-06-12 09:40:00+03:00,55.613032,37.730227,Столкновение,Тяжёлый,1,0,,True
1528000,2025-06-12 12:01:00+03:00,55.905141,37.389811,Столкновение,С погибшими,0,1,,True
1528022,2025-06-12 13:08:00+03:00,55.727835,37.539661,Опрокидывание,Легкий,1,0,,True
1528024,2025-06-12 13:10:00+03:00,55.621314,37.594711,Столкновение,Тяжёлый,1,0,,True
1528041,2025-06-12 14:05:00+03:00,55.728321,37.679021,Столкновение,Тяжёлый,2,0,,True
1528042,2025-06-12 14:06:00+03:00,55.776549,37.748659,Наезд на велосипедиста,Тяжёлый,1,0,,True
1528072,2025-06-12 15:12:00+03:00,55.689754,37.530262,Столкновение,Легкий,1,0,,True
1528081,2025-06-12 15:35:00+03:00,55.683156,37.634133,Наезд на стоящее ТС,Легкий,1,0,,True
1528124,2025-06-12 17:27:00+03:00,55.875081,37.652943,Столкновение,Тяжёлый,1,0,,True
1528130,2025-06-12 17:40:00+03:00,55.769627,37.691818,Наезд на велосипедиста,Тяжёлый,1,0,,True
1528161,2025-06-12 18:40:00+03:00,55.770019,37.57395,Наезд на пешехода,Тяжёлый,1,0,,True
1528163,2025-06-12 18:45:00+03:00,55.685372,37.623199,Столкновение,Тяжёлый,2,0,,True
1528165,2025-06-12 18:53:00+03:00,55.845856,37.669973,Наезд на стоящее ТС,Тяжёлый,2,0,,True
1528193,2025-06-12 20:00:00+03:00,55.646032,37.660118,Опрокидывание,Тяжёлый,1,0,,True
1528237,2025-06-12 21:20:00+03:00,55.796312,37.714348,Наезд на велосипедиста,Тяжёлый,1,0,,True
1528271,2025-06-12 23:10:00+03:00,55.708295,37.586062,Столкновение,Тяжёлый,1,0,,True
1528281,2025-06-12 23:40:00+03:00,55.70915,37.909119,Столкновение,Легкий,1,0,,True
1528292,2025-06-13 00:30:00+03:00,55.758086,37.613432,Опрокидывание,Тяжёлый,1,0,,True
1528298,2025-06-13 01:07:00+03:00,55.802915,37.408919,Столкновение,Легкий,1,0,,True
1528299,2025-06-13 01:10:00+03:00,55.716596,37.615825,Наезд на препятствие,Легкий,1,0,,True
1528338,2025-06-13 07:50:00+03:00,55.799617,37.406108,Столкновение,Тяжёлый,1,0,,True
1528347,2025-06-13 08:30:00+03:00,55.707856,37.604581,Опрокидывание,Тяжёлый,1,0,,True
1528377,2025-06-13 10:55:00+03:00,55.667366,37.767091,Столкновение,Тяжёлый,1,0,,True
1528406,2025-06-13 12:38:00+03:00,55.706925,37.456212,Наезд на пешехода,Тяжёлый,1,0,,True
1528425,2025-06-13 13:45:00+03:00,55.784531,37.459667,Столкновение,Тяжёлый,1,0,,True
1528427,2025-06-13 13:48:00+03:00,55.791028,37.573328,Наезд на препятствие,С погибшими,0,1,,True
1528435,2025-06-13 14:10:00+03:00,55.805381,37.713908,Опрокидывание,Тяжёлый,1,0,,True
1528466,2025-06-13 15:30:00+03:00,55.661483,37.60138,Наезд на препятствие,Тяжёлый,1,0,,True
1528467,2025-06-13 15:35:00+03:00,55.804284,37.402289,Столкновение,Тяжёлый,1,0,,True
1528474,2025-06-13 15:40:00+03:00,55.875997,37.717266,Наезд на пешехода,Тяжёлый,1,0,,True
1528509,2025-06-13 17:05:00+03:00,55.876454,37.711376,Столкновение,Тяжёлый,1,0,,True
1528522,2025-06-13 17:30:00+03:00,55.766567,37.623646,Наезд на пешехода,Тяжёлый,1,0,,True
1528547,2025-06-13 18:07:00+03:00,55.793459,37.493795,Столкновение,Тяжёлый,1,0,,True
1528737,2025-06-14 09:35:00+03:00,55.655238,37.40716,Столкновение,Тяжёлый,1,0,,True
1528761,2025-06-14 11:03:00+03:00,55.581074,37.68244,Падение пассажира,Легкий,1,0,,True
1528798,2025-06-14 12:50:00+03:00,55.480051,36.904718,Столкновение,Тяжёлый,3,0,,True
1528819,2025-06-14 13:47:00+03:00,55.682375,37.678095,Наезд на пешехода,Тяжёлый,1,0,,True
1528829,2025-06-14 14:12:00+03:00,55.600845,37.323153,Столкновение,Легкий,1,0,,True
1528861,2025-06-14 15:25:00+03:00,55.870068,37.680831,Столкновение,Тяжёлый,1,0,,True
1528954,2025-06-14 19:15:00+03:00,55.729031,37.724798,Столкновение,Тяжёлый,1,0,,True
1528981,2025-06-14 20:20:00+03:00,55.795799,37.812527,Столкновение,Легкий,1,0,,True
1528991,2025-06-14 20:51:00+03:00,55.64178,37.394629,Столкновение,Тяжёлый,1,0,,True
1529043,2025-06-14 23:05:00+03:00,55.824353,37.639681,Столкновение,Тяжёлый,1,0,,True
1529051,2025-06-14 23:30:00+03:00,55.673229,37.727051,Наезд на стоящее ТС,Тяжёлый,1,0,,True
1529060,2025-06-14 23:45:00+03:00,55.710413,37.749345,Столкновение,Тяжёлый,2,0,,True
1529063,2025-06-14 23:55:00+03:00,55.694181,37.409155,Наезд на стоящее ТС,Тяжёлый,2,0,,True
1529072,2025-06-15 00:44:00+03:00,55.655603,37.349611,Столкновение,Тяжёлый,2,0,,True
1529076,2025-06-15 01:12:00+03:00,55.576744,37.590365,Столкновение,Тяжёлый,3,0,,True
1529079,2025-06-15 01:16:00+03:00,55.576731,37.590408,Столкновение,Легкий,1,0,,True
1529081,2025-06-15 01:50:00+03:00,55.593716,37.733724,Наезд на стоящее ТС,Легкий,1,0,,True
1529083,2025-06-15 01:53:00+03:00,55.782371,37.697214,Столкновение,Тяжёлый,2,0,,True
1529086,2025-06-15 02:30:00+03:00,55.67626,37.625663,Опрокидывание,Легкий,1,0,,True
1529091,2025-06-15 03:00:00+03:00,55.706544,37.834457,Столкновение,Тяжёлый,1,0,,True
1529112,2025-06-15 05:55:00+03:00,55.857437,37.414209,Столкновение,Тяжёлый,2,0,,True
1529128,2025-06-15 07:55:00+03:00,55.641004,37.820692,Столкновение,Тяжёлый,1,0,,True
1529129,2025-06-15 08:00:00+03:00,55.686749,37.27191,Наезд на препятствие,Тяжёлый,1,0,,True
1529131,2025-06-15 08:10:00+03:00,55.764105,37.784568,Падение пассажира,Легкий,1,0,,True
1529202,2025-06-15 13:10:00+03:00,55.631067,37.482122,Наезд на велосипедиста,Тяжёлый,1,0,,True
1529265,2025-06-15 15:30:00+03:00,55.676173,37.484626,Наезд на пешехода,Тяжёлый,1,0,,True
1529268,2025-06-15 15:55:00+03:00,55.745292,37.841667,Столкновение,Тяжёлый,1,0,,True
1529278,2025-06-15 16:10:00+03:00,55.856979,37.562159,Столкновение,Тяжёлый,1,0,,True
1529282,2025-06-15 16:19:00+03:00,55.830294,37.701806,Столкновение,Легкий,1,0,,True
1529317,2025-06-15 17:30:00+03:00,55.79513,37.78253,Наезд на велосипедиста,Легкий,1,0,,True
1529343,2025-06-15 19:00:00+03:00,55.282757,37.302725,Наезд на препятствие,Тяжёлый,1,0,,True
1529405,2025-06-15 21:35:00+03:00,55.790304,37.529125,Столкновение,Тяжёлый,1,0,,True
1529429,2025-06-15 23:17:00+03:00,55.667148,37.428725,Наезд на пешехода,С погибшими,0,1,,True
1529443,2025-06-16 00:25:00+03:00,55.584409,37.439218,Наезд на стоящее ТС,Тяжёлый,1,0,,True
1529454,2025-06-16 01:30:00+03:00,55.776633,37.470675,Столкновение,Легкий,1,0,,True
1529474,2025-06-16 04:24:00+03:00,55.91092,37.572083,Наезд на препятствие,Тяжёлый,1,0,,True
1529498,2025-06-16 07:20:00+03:00,55.894939,37.673085,Столкновение,Тяжёлый,1,0,,True
1529499,2025-06-16 07:22:00+03:00,55.618695,37.709161,Столкновение,Тяжёлый,1,0,,True
1529500,2025-06-16 07:25:00+03:00,55.625688,37.418211,Столкновение,Тяжёлый,1,0,,True
1529520,2025-06-16 08:53:00+03:00,55.773457,37.578033,Наезд на пешехода,Тяжёлый,1,0,,True
1529525,2025-06-16 09:05:00+03:00,55.662192,37.74117,Столкновение,Тяжёлый,1,0,,True
1529527,2025-06-16 09:23:00+03:00,55.81874,37.664929,Наезд на пешехода,Тяжёлый,1,0,,True
1529540,2025-06-16 10:08:00+03:00,55.830931,37.60005,Падение пассажира,Тяжёлый,1,0,,True
1529550,2025-06-16 10:40:00+03:00,55.785297,37.55996,Иной вид ДТП,Тяжёлый,1,0,,True
1529555,2025-06-16 11:00:00+03:00,55.851409,37.446781,Наезд на препятствие,Легкий,1,0,,True
1529566,2025-06-16 11:25:00+03:00,55.843416,37.657549,Столкновение,Тяжёлый,2,0,,True
1529568,2025-06-16 11:30:00+03:00,55.741885,37.54038,Столкновение,Тяжёлый,2,0,,True
1529580,2025-06-16 11:50:00+03:00,55.824262,37.645726,Столкновение,Тяжёлый,1,0,,True
1529582,2025-06-16 11:58:00+03:00,55.888179,37.615371,Наезд на пешехода,Тяжёлый,1,0,,True
1529621,2025-06-16 13:20:00+03:00,55.722403,37.644053,Наезд на велосипедиста,Тяжёлый,1,0,,True
1529625,2025-06-16 13:30:00+03:00,55.886167,37.674533,Столкновение,Тяжёлый,1,0,,True
1529656,2025-06-16 14:30:00+03:00,55.62805,37.305279,Наезд на велосипедиста,Тяжёлый,1,0,,True
1529685,2025-06-16 15:30:00+03:00,55.778185,37.587951,Наезд на пешехода,Тяжёлый,1,0,,True
1529694,2025-06-16 15:44:00+03:00,55.894969,37.503376,Столкновение,Тяжёлый,2,0,,True
1529695,2025-06-16 15:45:00+03:00,55.826371,37.652646,Опрокидывание,Тяжёлый,1,0,,True
1529718,2025-06-16 16:50:00+03:00,55.771707,37.570576,Столкновение,Тяжёлый,1,0,,True
1529739,2025-06-16 17:37:00+03:00,55.752477,37.610269,Наезд на пешехода,Тяжёлый,1,0,,True
1529758,2025-06-16 18:20:00+03:00,55.897917,37.600633,Столкновение,Тяжёлый,1,0,,True
1529766,2025-06-16 18:48:00+03:00,55.837078,37.418758,Наезд на пешехода,Легкий,1,0,,True
1529778,2025-06-16 19:30:00+03:00,55.862268,37.583514,Столкновение,Тяжёлый,1,0,,True
1529798,2025-06-16 20:25:00+03:00,55.638984,37.539511,Падение пассажира,Тяжёлый,1,0,,True
1529801,2025-06-16 20:40:00+03:00,55.879283,37.448187,Столкновение,Легкий,1,0,,True
1529813,2025-06-16 21:15:00+03:00,55.758986,37.559863,Наезд на пешехода,Тяжёлый,1,0,,True
1529816,2025-06-16 21:30:00+03:00,55.78832,37.494718,Столкновение,Легкий,1,0,,True
1529820,2025-06-16 21:40:00+03:00,55.49069,37.301663,Наезд на пешехода,Тяжёлый,1,0,,True
1529844,2025-06-16 23:48:00+03:00,55.715744,37.801809,Столкновение,Тяжёлый,1,0,,True
1529863,2025-06-17 01:45:00+03:00,55.803331,37.502968,Наезд на препятствие,Тяжёлый,1,0,,True
1529888,2025-06-17 07:30:00+03:00,55.800805,37.745515,Столкновение,Тяжёлый,1,0,,True
1529891,2025-06-17 07:40:00+03:00,55.863338,37.542869,Наезд на велосипедиста,Легкий,1,0,,True
1529903,2025-06-17 08:30:00+03:00,55.829776,37.375435,Столкновение,Тяжёлый,1,0,,True
1529925,2025-06-17 09:30:00+03:00,55.805671,37.539382,Столкновение,Тяжёлый,1,0,,True
1529929,2025-06-17 09:47:00+03:00,55.702633,37.680595,Столкновение,Тяжёлый,1,0,,True
1529936,2025-06-17 10:00:00+03:00,55.66296,37.535756,Наезд на велосипедиста,Тяжёлый,1,0,,True
1529953,2025-06-17 11:00:00+03:00,55.738878,37.832226,Столкновение,Тяжёлый,1,0,,True
1529975,2025-06-17 12:10:00+03:00,55.734542,37.224404,Столкновение,Тяжёлый,2,0,,True
1529979,2025-06-17 12:20:00+03:00,55.86826,37.685888,Столкновение,Тяжёлый,1,0,,True
1530001,2025-06-17 13:27:00+03:00,55.791722,37.576675,Столкновение,Тяжёлый,1,0,,True
1530049,2025-06-17 15:30:00+03:00,55.752743,37.605407,Столкновение,Тяжёлый,1,0,,True
1530130,2025-06-17 17:54:00+03:00,55.618267,37.509031,Наезд на пешехода,Тяжёлый,1,0,,True
1530135,2025-06-17 18:05:00+03:00,55.651012,37.469999,Падение пассажира,Тяжёлый,1,0,,True
1530147,2025-06-17 18:34:00+03:00,55.819705,37.838062,Столкновение,Легкий,3,0,,True
1530160,2025-06-17 19:00:00+03:00,55.872833,37.718337,Столкновение,Тяжёлый,1,0,,True
1530170,2025-06-17 19:32:00+03:00,55.660576,37.58837,Столкновение,Тяжёлый,1,0,,True
1530187,2025-06-17 20:38:00+03:00,55.758165,37.788194,Падение пассажира,Легкий,1,0,,True
1530190,2025-06-17 20:48:00+03:00,55.826184,37.515306,Наезд на пешехода,Тяжёлый,1,0,,True
1530192,2025-06-17 20:50:00+03:00,55.674269,37.797689,Наезд на велосипедиста,Тяжёлый,1,0,,True
1530268,2025-06-18 07:23:00+03:00,55.644747,37.472995,Наезд на пешехода,Тяжёлый,1,0,,True
1530288,2025-06-18 08:50:00+03:00,55.640684,37.365983,Столкновение,Тяжёлый,1,0,,True
1530328,2025-06-18 11:05:00+03:00,55.704217,37.45966,Столкновение,Тяжёлый,1,0,,True
1530336,2025-06-18 11:50:00+03:00,55.737996,37.409445,Наезд на пешехода,Тяжёлый,1,0,,True
1530348,2025-06-18 12:10:00+03:00,55.568051,37.574798,Наезд на велосипедиста,Тяжёлый,1,0,,True
1530363,2025-06-18 13:00:00+03:00,55.779566,37.720635,Падение пассажира,Легкий,1,0,,True
1530376,2025-06-18 13:40:00+03:00,55.844085,37.580613,Наезд на пешехода,Тяжёлый,1,0,,True
1530381,2025-06-18 13:51:00+03:00,55.73918,37.856913,Наезд на пешехода,Легкий,1,0,,True
1530419,2025-06-18 15:35:00+03:00,55.714735,37.618979,Столкновение,Легкий,1,0,,True
1530437,2025-06-18 16:27:00+03:00,55.675667,37.796456,Падение пассажира,Тяжёлый,1,0,,True
1530446,2025-06-18 16:37:00+03:00,55.642088,37.357217,Столкновение,Тяжёлый,1,0,,True
1530457,2025-06-18 17:10:00+03:00,55.796384,37.493902,Столкновение,Тяжёлый,1,0,,True
1530509,2025-06-18 19:06:00+03:00,55.60859,37.709638,Столкновение,Легкий,1,0,,True
1530516,2025-06-18 19:30:00+03:00,55.640314,37.687247,Наезд на препятствие,Легкий,1,0,,True
1530548,2025-06-18 20:40:00+03:00,55.636929,37.455751,Опрокидывание,Легкий,1,0,,True
1530551,2025-06-18 20:50:00+03:00,55.68507,37.553569,Столкновение,Тяжёлый,1,0,,True
1530563,2025-06-18 21:20:00+03:00,55.875853,37.738402,Столкновение,Тяжёлый,3,0,,True
1530587,2025-06-18 23:05:00+03:00,55.859571,37.49144,Столкновение,Тяжёлый,1,0,,True
1530600,2025-06-19 00:50:00+03:00,55.902998,37.614165,Столкновение,Тяжёлый,1,0,,True
1530604,2025-06-19 01:14:00+03:00,55.635609,37.713833,Опрокидывание,Тяжёлый,1,0,,True
1530639,2025-06-19 07:45:00+03:00,55.641059,37.801144,Столкновение,Тяжёлый,1,0,,True
1530640,2025-06-19 07:50:00+03:00,55.776513,37.745279,Столкновение,Легкий,1,0,,True
1530667,2025-06-19 09:40:00+03:00,55.69282,37.626747,Столкновение,Тяжёлый,1,0,,True
1530676,2025-06-19 10:00:00+03:00,55.703156,37.652054,Наезд на стоящее ТС,Тяжёлый,1,0,,True
1530692,2025-06-19 11:00:00+03:00,55.874513,37.586292,Столкновение,Тяжёлый,1,0,,True
1530704,2025-06-19 11:45:00+03:00,55.759,37.23889,Столкновение,Тяжёлый,1,0,,True
1530725,2025-06-19 13:00:00+03:00,55.747985,37.842236,Столкновение,Легкий,1,0,,True
1530738,2025-06-19 13:30:00+03:00,55.558465,37.330803,Столкновение,Тяжёлый,2,0,,True
1530746,2025-06-19 13:45:00+03:00,55.746668,37.671443,Столкновение,Тяжёлый,1,0,,True
1530761,2025-06-19 14:10:00+03:00,55.894626,37.543416,Столкновение,Тяжёлый,1,0,,True
1530765,2025-06-19 14:15:00+03:00,55.791987,37.552149,Столкновение,Легкий,1,0,,True
1530811,2025-06-19 16:35:00+03:00,55.692451,37.816873,Столкновение,Тяжёлый,1,0,,True
1530818,2025-06-19 17:00:00+03:00,55.771504,37.587694,Наезд на пешехода,Тяжёлый,1,0,,True
1530825,2025-06-19 17:15:00+03:00,55.698147,37.753927,Столкновение,Тяжёлый,1,0,,True
1530837,2025-06-19 17:34:00+03:00,55.715146,37.789042,Наезд на велосипедиста,Тяжёлый,1,0,,True
1530840,2025-06-19 17:44:00+03:00,55.75767,37.432893,Опрокидывание,Тяжёлый,1,0,,True
1530845,2025-06-19 17:52:00+03:00,55.712166,37.661744,Наезд на велосипедиста,Тяжёлый,1,0,,True
1530851,2025-06-19 18:15:00+03:00,55.868093,37.675529,Опрокидывание,Тяжёлый,1,0,,True
1530855,2025-06-19 18:20:00+03:00,55.636142,37.674072,Столкновение,Тяжёлый,1,0,,True
1530862,2025-06-19 18:40:00+03:00,55.819944,37.875006,Наезд на пешехода,Легкий,1,0,,True
1530894,2025-06-19 20:07:00+03:00,55.639176,37.608755,Наезд на велосипедиста,Тяжёлый,1,0,,True
1530903,2025-06-19 20:30:00+03:00,55.540579,37.537322,Столкновение,Тяжёлый,1,0,,True
1530918,2025-06-19 21:17:00+03:00,55.765028,37.637132,Наезд на пешехода,Тяжёлый,1,0,,True
1530919,2025-06-19 21:20:00+03:00,55.685641,37.751759,Столкновение,Тяжёлый,1,0,,True
1530952,2025-06-19 23:13:00+03:00,55.746421,37.668751,Наезд на пешехода,Тяжёлый,1,0,,True
1530961,2025-06-19 23:41:00+03:00,55.752743,37.605429,Столкновение,Тяжёлый,1,0,,True
1530973,2025-06-20 01:30:00+03:00,55.769669,37.691839,Столкновение,Тяжёлый,1,0,,True
1530991,2025-06-20 06:30:00+03:00,55.733061,37.772005,Столкновение,Легкий,1,0,,True
1530993,2025-06-20 07:09:00+03:00,55.707385,37.88764,Столкновение,Легкий,1,0,,True
1531002,2025-06-20 08:04:00+03:00,55.786486,37.730216,Столкновение,Тяжёлый,1,0,,True
1531005,2025-06-20 08:30:00+03:00,56.008328,37.20137,Столкновение,Легкий,1,0,,True
1531024,2025-06-20 09:44:00+03:00,55.811999,37.605252,Наезд на пешехода,Тяжёлый,1,0,,True
1531063,2025-06-20 11:30:00+03:00,55.676127,37.675686,Наезд на велосипедиста,Тяжёлый,1,0,,True
1531096,2025-06-20 12:50:00+03:00,55.887711,37.667405,Наезд на пешехода,Тяжёлый,1,0,,True
1531104,2025-06-20 13:00:00+03:00,55.744751,37.735575,Столкновение,Тяжёлый,1,0,,True
1531110,2025-06-20 13:12:00+03:00,55.772823,37.57622,Наезд на велосипедиста,Тяжёлый,1,0,,True
1531175,2025-06-20 15:41:00+03:00,55.712849,37.772605,Наезд на пешехода,Тяжёлый,1,0,,True
1531185,2025-06-20 16:00:00+03:00,55.768596,37.679352,Наезд на пешехода,Тяжёлый,1,0,,True
1531235,2025-06-20 17:46:00+03:00,55.732722,37.714627,Столкновение,Тяжёлый,2,0,,True
1531291,2025-06-20 20:05:00+03:00,55.707977,37.726804,Столкновение,Тяжёлый,1,0,,True
1531307,2025-06-20 21:00:00+03:00,55.594455,37.533803,Столкновение,Тяжёлый,1,0,,True
1531339,2025-06-20 22:53:00+03:00,55.860002,37.398062,Опрокидывание,Тяжёлый,1,0,,True
1531390,2025-06-21 03:55:00+03:00,55.704447,37.952592,Наезд на препятствие,Тяжёлый,1,0,,True
1531451,2025-06-21 11:00:00+03:00,55.886165,37.643178,Падение пассажира,Тяжёлый,1,0,,True
1531460,2025-06-21 11:30:00+03:00,55.862051,37.681201,Столкновение,Тяжёлый,1,0,,True
1531485,2025-06-21 12:34:00+03:00,55.707959,37.93225,Столкновение,Тяжёлый,1,0,,True
1531550,2025-06-21 15:00:00+03:00,55.870646,37.637454,Наезд на пешехода,Тяжёлый,1,0,,True
1531619,2025-06-21 18:10:00+03:00,55.764413,37.365758,Столкновение,Тяжёлый,1,0,,True
1531622,2025-06-21 18:17:00+03:00,55.706823,37.565131,Столкновение,Тяжёлый,2,0,,True
1531646,2025-06-21 18:55:00+03:00,55.602281,37.721772,Столкновение,Тяжёлый,1,0,,True
1531655,2025-06-21 19:30:00+03:00,55.833494,37.59146,Наезд на пешехода,Тяжёлый,1,0,,True
1531660,2025-06-21 19:45:00+03:00,55.878344,37.635791,Столкновение,Тяжёлый,1,0,,True
1531679,2025-06-21 20:30:00+03:00,55.73699,37.247684,Наезд на пешехода,Тяжёлый,1,0,,True
1531685,2025-06-21 20:44:00+03:00,55.630528,37.436857,Столкновение,Тяжёлый,1,0,,True
1531723,2025-06-21 22:44:00+03:00,55.84456,37.357528,Столкновение,Тяжёлый,1,0,,True
1531724,2025-06-21 22:45:00+03:00,55.952792,37.537537,Наезд на препятствие,Тяжёлый,2,0,,True
1531773,2025-06-22 02:48:00+03:00,55.758189,37.638828,Наезд на пешехода,Тяжёлый,5,0,,True
1531783,2025-06-22 04:10:00+03:00,55.733574,37.518268,Наезд на стоящее ТС,Тяжёлый,1,0,,True
1531784,2025-06-22 04:30:00+03:00,55.801522,37.383878,Опрокидывание,Тяжёлый,3,0,,True
1531803,2025-06-22 07:30:00+03:00,55.690657,37.133758,Столкновение,Тяжёлый,1,0,,True
1531804,2025-06-22 07:30:00+03:00,55.815281,37.498226,Наезд на препятствие,Тяжёлый,1,0,,True
1531873,2025-06-22 12:20:00+03:00,55.67151,37.520671,Падение пассажира,Легкий,1,0,,True
1531886,2025-06-22 13:00:00+03:00,55.744519,37.294099,Столкновение,Легкий,1,0,,True
1531888,2025-06-22 13:06:00+03:00,55.758491,37.538706,Падение пассажира,Тяжёлый,1,0,,True
1531932,2025-06-22 15:10:00+03:00,55.657616,37.81316,Столкновение,Тяжёлый,3,0,,True
1531990,2025-06-22 18:06:00+03:00,55.621454,37.727727,Наезд на велосипедиста,Тяжёлый,1,0,,True
1532026,2025-06-22 19:32:00+03:00,55.609226,37.72674,Опрокидывание,Тяжёлый,1,0,,True
1532055,2025-06-22 21:00:00+03:00,55.878982,37.62827,Столкновение,Тяжёлый,1,0,,True
1532075,2025-06-22 22:06:00+03:00,55.691664,37.426325,Столкновение,Тяжёлый,2,0,,True
1532077,2025-06-22 22:15:00+03:00,55.528873,37.220253,Столкновение,Тяжёлый,2,0,,True
1532160,2025-06-23 07:50:00+03:00,55.601045,37.482154,Наезд на пешехода,Тяжёлый,1,0,,True
1532174,2025-06-23 08:24:00+03:00,55.898206,37.573967,Наезд на велосипедиста,Тяжёлый,1,0,,True
1532177,2025-06-23 08:30:00+03:00,55.829517,37.601191,Наезд на пешехода,Тяжёлый,1,0,,True
1532197,2025-06-23 09:35:00+03:00,55.722663,37.695444,Столкновение,Тяжёлый,1,0,,True
1532198,2025-06-23 09:45:00+03:00,55.631194,37.753937,Наезд на велосипедиста,Тяжёлый,1,0,,True
1532230,2025-06-23 11:22:00+03:00,55.689034,37.725645,Падение пассажира,Тяжёлый,2,0,,True
1532231,2025-06-23 11:25:00+03:00,55.71436,37.715185,Столкновение,Тяжёлый,1,0,,True
1532238,2025-06-23 11:50:00+03:00,55.698531,37.561283,Наезд на пешехода,Тяжёлый,1,0,,True
1532254,2025-06-23 12:45:00+03:00,55.703999,37.766522,Опрокидывание,Тяжёлый,1,0,,True
1532262,2025-06-23 13:15:00+03:00,55.820079,37.749217,Наезд на велосипедиста,Легкий,1,0,,True
1532301,2025-06-23 15:00:00+03:00,55.844494,37.454646,Наезд на пешехода,Тяжёлый,1,0,,True
1532310,2025-06-23 15:24:00+03:00,55.87517,37.621676,Опрокидывание,Тяжёлый,1,0,,True
1532311,2025-06-23 15:25:00+03:00,55.863211,37.472166,Столкновение,Тяжёлый,1,0,,True
1532333,2025-06-23 16:25:00+03:00,55.782685,37.700883,Столкновение,Легкий,1,0,,True
1532362,2025-06-23 17:17:00+03:00,55.722307,37.575645,Столкновение,С погибшими,0,1,,True
1532399,2025-06-23 18:25:00+03:00,55.787047,37.387505,Столкновение,Тяжёлый,1,0,,True
1532401,2025-06-23 18:30:00+03:00,55.672724,37.577937,Наезд на пешехода,Тяжёлый,1,0,,True
1532413,2025-06-23 19:00:00+03:00,55.887804,37.603132,Столкновение,Тяжёлый,1,0,,True
1532426,2025-06-23 19:36:00+03:00,55.504904,37.591074,Наезд на пешехода,Тяжёлый,1,0,,True
1532434,2025-06-23 19:48:00+03:00,55.618999,37.499634,Столкновение,Тяжёлый,1,0,,True
1532459,2025-06-23 20:37:00+03:00,55.595565,37.600665,Столкновение,Тяжёлый,1,0,,True
1532471,2025-06-23 21:04:00+03:00,55.665862,37.541179,Наезд на пешехода,Тяжёлый,1,0,,True
1532486,2025-06-23 21:55:00+03:00,55.885445,37.672988,Столкновение,Тяжёлый,1,0,,True
1532488,2025-06-23 22:00:00+03:00,55.751825,37.597092,Наезд на пешехода,Тяжёлый,1,0,,True
1532503,2025-06-23 23:01:00+03:00,55.737331,37.523289,Наезд на препятствие,Тяжёлый,1,0,,True
1532504,2025-06-23 23:25:00+03:00,55.429653,37.275914,Наезд на пешехода,Тяжёлый,1,0,,True
1532534,2025-06-24 06:00:00+03:00,55.713851,37.599598,Опрокидывание,Тяжёлый,1,0,,True
1532539,2025-06-24 06:30:00+03:00,55.876515,37.490898,Наезд на стоящее ТС,Тяжёлый,1,0,,True
1532561,2025-06-24 08:00:00+03:00,55.801716,37.321319,Столкновение,Тяжёлый,1,0,,True
1532573,2025-06-24 08:50:00+03:00,55.60526,37.734298,Столкновение,Тяжёлый,1,0,,True
1532580,2025-06-24 09:10:00+03:00,55.540518,37.57154,Наезд на пешехода,Тяжёлый,1,0,,True
1532584,2025-06-24 09:17:00+03:00,55.721421,37.699151,Наезд на велосипедиста,Тяжёлый,1,0,,True
1532592,2025-06-24 09:30:00+03:00,55.677028,37.665509,Столкновение,Тяжёлый,1,0,,True
1532599,2025-06-24 09:59:00+03:00,55.987923,37.230584,Столкновение,Тяжёлый,1,0,,True
1532600,2025-06-24 10:00:00+03:00,55.745461,37.303219,Иной вид ДТП,Тяжёлый,1,0,,True
1532604,2025-06-24 10:10:00+03:00,55.735459,37.699778,Наезд на стоящее ТС,Тяжёлый,1,0,,True
1532611,2025-06-24 10:27:00+03:00,55.822924,37.636982,Падение пассажира,Тяжёлый,1,0,,True
1532627,2025-06-24 11:00:00+03:00,55.848813,37.42733,Наезд на пешехода,С погибшими,0,1,,True
1532630,2025-06-24 11:00:00+03:00,55.806057,37.518826,Наезд на пешехода,Тяжёлый,1,0,,True
1532646,2025-06-24 11:40:00+03:00,55.690404,37.62175,Столкновение,Тяжёлый,1,0,,True
1532667,2025-06-24 12:38:00+03:00,55.808782,37.37493,Опрокидывание,Тяжёлый,1,0,,True
1532670,2025-06-24 12:45:00+03:00,55.716342,37.535369,Столкновение,Легкий,1,0,,True
1532675,2025-06-24 13:00:00+03:00,55.787137,37.625653,Наезд на пешехода,Тяжёлый,1,0,,True
1532697,2025-06-24 14:16:00+03:00,55.655752,37.473968,Наезд на пешехода,Тяжёлый,1,0,,True
1532723,2025-06-24 15:10:00+03:00,55.803807,37.374287,Наезд на пешехода,Тяжёлый,1,0,,True
1532734,2025-06-24 16:02:00+03:00,55.677702,37.663339,Наезд на пешехода,Тяжёлый,1,0,,True
1532750,2025-06-24 16:32:00+03:00,55.713719,37.879422,Наезд на препятствие,Тяжёлый,1,0,,True
1532802,2025-06-24 18:10:00+03:00,55.713532,37.717781,Столкновение,Тяжёлый,1,0,,True
1532815,2025-06-24 18:33:00+03:00,55.721974,37.728939,Наезд на препятствие,Тяжёлый,1,0,,True
1532816,2025-06-24 18:40:00+03:00,55.745739,37.167435,Столкновение,Тяжёлый,1,0,,True
1532838,2025-06-24 19:35:00+03:00,55.827247,37.648456,Столкновение,Тяжёлый,1,0,,True
1532842,2025-06-24 19:58:00+03:00,55.778003,37.543116,Столкновение,Легкий,1,0,,True
1532843,2025-06-24 20:00:00+03:00,55.596159,37.670971,Наезд на пешехода,Тяжёлый,1,0,,True
1532866,2025-06-24 21:13:00+03:00,55.803669,37.344718,Наезд на препятствие,Тяжёлый,1,0,,True
1532886,2025-06-24 22:30:00+03:00,55.804423,37.58249,Столкновение,Тяжёлый,1,0,,True
1532898,2025-06-24 23:00:00+03:00,55.378483,37.366197,Наезд на велосипедиста,Тяжёлый,1,0,,True
1532911,2025-06-25 00:30:00+03:00,55.714188,37.57681,Столкновение,Легкий,1,0,,True
1532952,2025-06-25 07:38:00+03:00,55.897923,37.603616,Столкновение,Тяжёлый,1,0,,True
1532958,2025-06-25 07:55:00+03:00,55.79253,37.819265,Столкновение,Легкий,1,0,,True
1532959,2025-06-25 07:59:00+03:00,55.730965,37.854531,Столкновение,Легкий,2,0,,True
1533012,2025-06-25 10:25:00+03:00,55.691097,37.732265,Столкновение,Тяжёлый,1,0,,True
1533026,2025-06-25 11:01:00+03:00,55.778999,37.667056,Наезд на пешехода,Тяжёлый,1,0,,True
1533040,2025-06-25 11:50:00+03:00,55.742719,37.502164,Наезд на велосипедиста,Тяжёлый,1,0,,True
1533054,2025-06-25 12:35:00+03:00,55.712196,37.561988,Столкновение,Легкий,2,0,,True
1533072,2025-06-25 13:18:00+03:00,55.791836,37.581525,Падение пассажира,Тяжёлый,2,0,,True
1533073,2025-06-25 13:20:00+03:00,55.797065,37.615964,Наезд на пешехода,Тяжёлый,1,0,,True
1533111,2025-06-25 15:15:00+03:00,55.802206,37.635927,Столкновение,Тяжёлый,1,0,,True
1533113,2025-06-25 15:23:00+03:00,55.687265,37.558734,Наезд на пешехода,Тяжёлый,1,0,,True
1533201,2025-06-25 18:21:00+03:00,55.689264,37.558683,Наезд на пешехода,Тяжёлый,1,0,,True
1533216,2025-06-25 19:09:00+03:00,55.651121,37.346295,Наезд на пешехода,Тяжёлый,1,0,,True
1533232,2025-06-25 19:38:00+03:00,55.534356,37.289593,Наезд на велосипедиста,Тяжёлый,1,0,,True
1533234,2025-06-25 19:43:00+03:00,55.723133,37.448371,Столкновение,Тяжёлый,1,0,,True
1533245,2025-06-25 20:02:00+03:00,55.752924,37.723253,Падение пассажира,Легкий,1,0,,True
1533247,2025-06-25 20:15:00+03:00,55.617074,37.501907,Столкновение,Тяжёлый,1,0,,True
1533256,2025-06-25 20:50:00+03:00,55.595765,37.618947,Столкновение,Тяжёлый,1,0,,True
1533264,2025-06-25 21:13:00+03:00,55.706212,37.686721,Столкновение,Тяжёлый,1,0,,True
1533300,2025-06-25 23:45:00+03:00,55.804073,37.429476,Наезд на пешехода,Тяжёлый,1,0,,True
1533312,2025-06-26 02:20:00+03:00,55.661623,37.634289,Опрокидывание,Тяжёлый,1,0,,True
1533320,2025-06-26 03:44:00+03:00,55.763338,37.560228,Столкновение,Тяжёлый,2,0,,True
1533341,2025-06-26 07:50:00+03:00,55.540021,37.541764,Столкновение,Тяжёлый,2,0,,True
1533350,2025-06-26 08:15:00+03:00,55.664915,37.429959,Столкновение,Тяжёлый,1,0,,True
1533356,2025-06-26 08:35:00+03:00,55.556637,37.588061,Столкновение,С погибшими,0,1,,True
1533400,2025-06-26 10:50:00+03:00,55.748214,37.558951,Столкновение,Тяжёлый,1,0,,True
1533403,2025-06-26 11:05:00+03:00,55.584535,37.646789,Столкновение,Легкий,1,0,,True
1533423,2025-06-26 12:04:00+03:00,55.64955,37.593558,Наезд на пешехода,Тяжёлый,1,0,,True
1533429,2025-06-26 12:25:00+03:00,55.579788,37.669008,Столкновение,Легкий,1,0,,True
1533434,2025-06-26 12:38:00+03:00,55.805279,37.509867,Наезд на пешехода,Тяжёлый,1,0,,True
1533448,2025-06-26 13:18:00+03:00,55.819778,37.798043,Столкновение,Легкий,1,0,,True
1533464,2025-06-26 13:50:00+03:00,55.685339,37.571719,Наезд на пешехода,Тяжёлый,1,0,,True
1533494,2025-06-26 15:20:00+03:00,55.808933,37.506273,Столкновение,Тяжёлый,1,0,,True
1533502,2025-06-26 15:32:00+03:00,55.666464,37.784804,Наезд на велосипедиста,Тяжёлый,1,0,,True
1533518,2025-06-26 16:29:00+03:00,55.704495,37.617681,Столкновение,Легкий,1,0,,True
1533521,2025-06-26 16:30:00+03:00,55.661816,37.546023,Наезд на пешехода,Тяжёлый,1,0,,True
1533532,2025-06-26 17:00:00+03:00,55.836898,37.396742,Столкновение,Тяжёлый,1,0,,True
1533568,2025-06-26 18:24:00+03:00,55.721696,37.804374,Наезд на велосипедиста,Легкий,1,0,,True
1533585,2025-06-26 18:58:00+03:00,55.870845,37.656509,Наезд на пешехода,Тяжёлый,1,0,,True
1533591,2025-06-26 19:10:00+03:00,55.774364,37.479687,Столкновение,Тяжёлый,1,0,,True
1533636,2025-06-26 21:45:00+03:00,55.692221,37.852213,Столкновение,Тяжёлый,1,0,,True
1533640,2025-06-26 21:50:00+03:00,55.716928,37.686453,Столкновение,Тяжёлый,1,0,,True
1533657,2025-06-26 22:30:00+03:00,55.600117,37.748938,Столкновение,Тяжёлый,1,0,,True
1533669,2025-06-26 23:25:00+03:00,55.609151,37.719697,Опрокидывание,Тяжёлый,1,0,,True
1533674,2025-06-26 23:55:00+03:00,55.735442,37.227741,Наезд на препятствие,Легкий,1,0,,True
1533683,2025-06-27 00:29:00+03:00,55.758617,37.839543,Наезд на препятствие,Легкий,1,0,,True
1533693,2025-06-27 03:37:00+03:00,55.604073,37.335266,Столкновение,Тяжёлый,1,0,,True
1533694,2025-06-27 03:43:00+03:00,55.588465,37.721193,Наезд на стоящее ТС,С погибшими,0,1,,True
1533705,2025-06-27 05:20:00+03:00,55.935891,37.349964,Столкновение,Тяжёлый,2,0,,True
1533714,2025-06-27 06:50:00+03:00,55.63567,37.709359,Наезд на пешехода,Легкий,1,0,,True
1533727,2025-06-27 07:58:00+03:00,55.721962,37.601116,Наезд на пешехода,Легкий,1,0,,True
1533747,2025-06-27 09:30:00+03:00,55.90739,37.411451,Столкновение,Тяжёлый,1,0,,True
1533752,2025-06-27 09:40:00+03:00,55.843061,37.478818,Столкновение,Легкий,1,0,,True
1533760,2025-06-27 10:12:00+03:00,55.795093,37.705314,Столкновение,Тяжёлый,1,0,,True
1533763,2025-06-27 10:28:00+03:00,55.714118,37.437351,Наезд на препятствие,Тяжёлый,1,0,,True
1533767,2025-06-27 10:45:00+03:00,55.74598,37.681818,Наезд на пешехода,Тяжёлый,2,0,,True
1533773,2025-06-27 11:10:00+03:00,55.847964,37.792625,Столкновение,Тяжёлый,1,0,,True
1533816,2025-06-27 13:30:00+03:00,55.504673,37.593327,Столкновение,Тяжёлый,2,0,,True
1533857,2025-06-27 15:00:00+03:00,55.848819,37.474548,Столкновение,Легкий,1,0,,True
1533885,2025-06-27 16:00:00+03:00,55.73773,37.823589,Наезд на пешехода,Легкий,2,0,,True
1533894,2025-06-27 16:15:00+03:00,55.74601,37.780674,Столкновение,Легкий,1,0,,True
1533901,2025-06-27 16:20:00+03:00,55.627202,37.541635,Столкновение,Тяжёлый,1,0,,True
1533912,2025-06-27 16:47:00+03:00,55.694302,37.556098,Наезд на пешехода,Тяжёлый,1,0,,True
1533925,2025-06-27 17:00:00+03:00,55.855179,37.357593,Столкновение,Тяжёлый,1,0,,True
1533940,2025-06-27 17:30:00+03:00,55.473697,37.538899,Наезд на пешехода,Тяжёлый,1,0,,True
1533944,2025-06-27 17:30:00+03:00,55.702803,37.688814,Столкновение,Тяжёлый,1,0,,True
1533953,2025-06-27 17:45:00+03:00,55.644807,37.660918,Столкновение,Тяжёлый,1,0,,True
1533954,2025-06-27 17:50:00+03:00,55.702766,37.580956,Столкновение,Тяжёлый,1,0,,True
1533957,2025-06-27 17:57:00+03:00,55.800147,37.543502,Наезд на пешехода,Легкий,1,0,,True
1533958,2025-06-27 17:58:00+03:00,55.715943,37.710507,Столкновение,Тяжёлый,1,0,,True
1533976,2025-06-27 18:20:00+03:00,55.70519,37.575892,Столкновение,Тяжёлый,1,0,,True
1533987,2025-06-27 18:40:00+03:00,55.847005,37.586907,Наезд на препятствие,Тяжёлый,1,0,,True
1534001,2025-06-27 19:19:00+03:00,55.639285,37.334225,Наезд на велосипедиста,Тяжёлый,1,0,,True
1534041,2025-06-27 21:20:00+03:00,55.712873,37.536914,Столкновение,Тяжёлый,1,0,,True
1534046,2025-06-27 21:35:00+03:00,55.902104,37.586955,Наезд на пешехода,Тяжёлый,2,0,,True
1534054,2025-06-27 21:58:00+03:00,55.772958,37.608057,Опрокидывание,Тяжёлый,1,0,,True
1534058,2025-06-27 22:10:00+03:00,55.875961,37.493173,Столкновение,Тяжёлый,2,0,,True
1534073,2025-06-27 22:55:00+03:00,55.9111,37.574111,Столкновение,Тяжёлый,1,0,,True
1534074,2025-06-27 23:00:00+03:00,55.796131,37.606812,Наезд на велосипедиста,Тяжёлый,1,0,,True
1534081,2025-06-27 23:00:00+03:00,55.653076,37.721171,Столкновение,Тяжёлый,1,0,,True
1534089,2025-06-27 23:31:00+03:00,55.703111,37.666733,Опрокидывание,Тяжёлый,1,0,,True
1534095,2025-06-28 00:10:00+03:00,55.794382,37.495083,Столкновение,Легкий,1,0,,True
1534106,2025-06-28 01:00:00+03:00,55.710528,37.539811,Наезд на стоящее ТС,Тяжёлый,1,0,,True
1534114,2025-06-28 01:54:00+03:00,55.702137,37.398437,Наезд на стоящее ТС,Тяжёлый,2,0,,True
1534118,2025-06-28 02:03:00+03:00,55.758279,37.584357,Столкновение,Тяжёлый,1,0,,True
1534155,2025-06-28 06:40:00+03:00,55.88779,37.654823,Столкновение,Тяжёлый,1,0,,True
1534160,2025-06-28 07:22:00+03:00,55.751064,37.714026,Столкновение,Тяжёлый,1,0,,True
1534228,2025-06-28 12:11:00+03:00,55.792723,37.513397,Столкновение,Тяжёлый,2,0,,True
1534246,2025-06-28 13:00:00+03:00,55.877423,37.490308,Столкновение,Легкий,1,0,,True
1534257,2025-06-28 13:30:00+03:00,55.776567,37.584926,Столкновение,Тяжёлый,1,0,,True
1534279,2025-06-28 14:20:00+03:00,55.774748,37.581885,Столкновение,Тяжёлый,1,0,,True
1534283,2025-06-28 14:30:00+03:00,55.747161,37.630232,Столкновение,С погибшими,0,1,,True
1534294,2025-06-28 15:00:00+03:00,55.746056,37.648173,Столкновение,Тяжёлый,1,0,,True
1534367,2025-06-28 18:05:00+03:00,55.682581,37.832472,Столкновение,Тяжёлый,2,0,,True
1534378,2025-06-28 18:38:00+03:00,55.644401,37.337401,Наезд на пешехода,Тяжёлый,1,0,,True
1534451,2025-06-28 21:34:00+03:00,55.780459,37.599906,Столкновение,Тяжёлый,1,0,,True
1534454,2025-06-28 21:35:00+03:00,55.868024,37.677895,Наезд на пешехода,Тяжёлый,1,0,,True
1534479,2025-06-28 22:17:00+03:00,55.991487,37.224609,Столкновение,Тяжёлый,1,0,,True
1534500,2025-06-28 23:47:00+03:00,55.754345,37.612145,Столкновение,Тяжёлый,1,0,,True
1534557,2025-06-29 05:33:00+03:00,55.775191,37.745601,Опрокидывание,Тяжёлый,1,0,,True
1534584,2025-06-29 09:45:00+03:00,55.69789,37.803381,Столкновение,Тяжёлый,1,0,,True
1534595,2025-06-29 10:45:00+03:00,55.700747,37.620846,Наезд на пешехода,Тяжёлый,1,0,,True
1534613,2025-06-29 11:46:00+03:00,55.65755,37.705894,Наезд на пешехода,Тяжёлый,1,0,,True
1534637,2025-06-29 12:40:00+03:00,55.686307,37.831013,Столкновение,Тяжёлый,1,0,,True
1534678,2025-06-29 14:25:00+03:00,55.85401,37.39156,Столкновение,Тяжёлый,2,0,,True
1534685,2025-06-29 14:50:00+03:00,55.635104,37.749747,Столкновение,Тяжёлый,2,0,,True
1534689,2025-06-29 15:00:00+03:00,55.742248,37.615803,Столкновение,Тяжёлый,1,0,,True
1534726,2025-06-29 16:54:00+03:00,55.762704,37.494847,Наезд на пешехода,Тяжёлый,1,0,,True
1534753,2025-06-29 17:45:00+03:00,55.738533,37.855636,Столкновение,Легкий,1,0,,True
1534848,2025-06-29 22:00:00+03:00,55.732638,37.640136,Столкновение,Тяжёлый,1,0,,True
1534852,2025-06-29 22:10:00+03:00,55.774304,37.689296,Наезд на велосипедиста,Тяжёлый,1,0,,True
1534888,2025-06-30 00:55:00+03:00,55.871085,37.412771,Столкновение,Тяжёлый,2,0,,True
1534895,2025-06-30 02:15:00+03:00,55.275064,37.386925,Наезд на препятствие,Тяжёлый,1,0,,True
1534919,2025-06-30 07:50:00+03:00,55.892443,37.671915,Столкновение,Тяжёлый,1,0,,True
1534942,2025-06-30 09:00:00+03:00,55.809915,37.647883,Падение пассажира,Тяжёлый,1,0,,True
1534946,2025-06-30 09:10:00+03:00,55.750962,37.821529,Столкновение,Легкий,2,0,,True
1534992,2025-06-30 11:20:00+03:00,55.772023,37.603304,Столкновение,Тяжёлый,1,0,,True
1534999,2025-06-30 11:30:00+03:00,55.686839,37.523911,Столкновение,Тяжёлый,1,0,,True
1535035,2025-06-30 13:07:00+03:00,55.625519,37.657099,Столкновение,Легкий,2,0,,True
1535040,2025-06-30 13:29:00+03:00,55.770315,37.576118,Наезд на пешехода,Тяжёлый,1,0,,True
1535053,2025-06-30 14:00:00+03:00,55.697784,37.498205,Наезд на пешехода,Тяжёлый,1,0,,True
1535059,2025-06-30 14:13:00+03:00,55.796505,37.799256,Наезд на пешехода,Легкий,1,0,,True
1535084,2025-06-30 15:30:00+03:00,55.889763,37.491504,Столкновение,Тяжёлый,1,0,,True
1535172,2025-06-30 18:42:00+03:00,55.764799,37.605214,Наезд на велосипедиста,Тяжёлый,1,0,,True
1535190,2025-06-30 19:30:00+03:00,55.847228,37.60304,Столкновение,Тяжёлый,1,0,,True
1535193,2025-06-30 19:55:00+03:00,55.685049,37.689596,Наезд на пешехода,Легкий,1,0,,True
1535223,2025-06-30 21:25:00+03:00,55.666948,37.659824,Столкновение,Легкий,1,0,,True
1535236,2025-06-30 22:15:00+03:00,55.866944,37.447039,Наезд на пешехода,Тяжёлый,1,0,,True
1535246,2025-06-30 22:56:00+03:00,55.672544,37.626988,Столкновение,Тяжёлый,1,0,,True
1535247,2025-06-30 22:59:00+03:00,55.67498,37.50974,Наезд на пешехода,Тяжёлый,1,0,,True
1535274,2025-07-01 02:20:00+03:00,55.596069,37.511683,Наезд на пешехода,С погибшими,0,1,,True
1535277,2025-07-01 02:50:00+03:00,55.746403,37.369394,Столкновение,Тяжёлый,2,0,,True
1535278,2025-07-01 03:02:00+03:00,55.732118,37.60457,Наезд на пешехода,Тяжёлый,1,0,,True
1535285,2025-07-01 04:44:00+03:00,55.726681,37.464741,Наезд на пешехода,Тяжёлый,1,0,,True
1535292,2025-07-01 06:20:00+03:00,55.647525,37.7447,Столкновение,Тяжёлый,1,0,,True
1535299,2025-07-01 07:22:00+03:00,55.825698,37.714593,Столкновение,Легкий,1,0,,True
1535343,2025-07-01 10:05:00+03:00,55.881622,37.599749,Столкновение,Тяжёлый,1,0,,True
1535353,2025-07-01 10:45:00+03:00,55.901123,37.389833,Наезд на стоящее ТС,Тяжёлый,1,0,,True
1535363,2025-07-01 11:20:00+03:00,55.614607,37.487712,Столкновение,Тяжёлый,1,0,,True
1535386,2025-07-01 12:15:00+03:00,55.737003,37.683863,Наезд на велосипедиста,Легкий,1,0,,True
1535401,2025-07-01 12:50:00+03:00,55.596426,37.740848,Столкновение,Тяжёлый,1,0,,True
1535545,2025-07-01 18:30:00+03:00,55.604778,37.658955,Наезд на пешехода,Тяжёлый,1,0,,True
1535562,2025-07-01 19:17:00+03:00,55.624047,37.738284,Наезд на пешехода,Тяжёлый,1,0,,True
1535569,2025-07-01 19:25:00+03:00,55.734927,37.487143,Наезд на велосипедиста,Тяжёлый,1,0,,True
1535580,2025-07-01 19:50:00+03:00,55.754144,37.787561,Наезд на пешехода,Легкий,1,0,,True
1535626,2025-07-01 21:50:00+03:00,55.438369,36.875278,Столкновение,Легкий,1,0,,True
1535629,2025-07-01 22:10:00+03:00,55.7236,37.571987,Наезд на велосипедиста,Тяжёлый,1,0,,True
1535639,2025-07-01 23:00:00+03:00,55.844524,37.357464,Столкновение,Легкий,1,0,,True
1535646,2025-07-01 23:32:00+03:00,55.857082,37.42026,Наезд на пешехода,Тяжёлый,1,0,,True
1535669,2025-07-02 04:25:00+03:00,55.576295,37.593133,Столкновение,С погибшими,0,1,,True
1535698,2025-07-02 07:44:00+03:00,55.658415,37.41187,Опрокидывание,Тяжёлый,1,0,,True
1535727,2025-07-02 09:35:00+03:00,55.718506,37.570217,Столкновение,Легкий,6,0,,True
1535749,2025-07-02 10:48:00+03:00,55.641074,37.539827,Наезд на велосипедиста,Тяжёлый,1,0,,True
1535768,2025-07-02 11:45:00+03:00,55.772361,37.656252,Наезд на пешехода,Тяжёлый,1,0,,True
1535789,2025-07-02 12:30:00+03:00,55.715093,37.620312,Наезд на велосипедиста,Тяжёлый,1,0,,True
1535799,2025-07-02 13:00:00+03:00,55.486508,37.323453,Столкновение,Тяжёлый,5,0,,True
1535812,2025-07-02 13:25:00+03:00,55.697772,37.528149,Столкновение,Тяжёлый,1,0,,True
1535824,2025-07-02 13:53:00+03:00,55.5459,37.513138,Опрокидывание,Тяжёлый,1,0,,True
1535834,2025-07-02 14:17:00+03:00,55.817083,37.620552,Наезд на пешехода,Тяжёлый,2,0,,True
1535871,2025-07-02 15:40:00+03:00,55.768698,37.671915,Столкновение,Тяжёлый,1,0,,True
1535883,2025-07-02 16:04:00+03:00,55.677515,37.541736,Наезд на велосипедиста,Тяжёлый,1,0,,True
1535896,2025-07-02 16:43:00+03:00,55.746554,37.582737,Столкновение,Тяжёлый,1,0,,True
1535906,2025-07-02 17:00:00+03:00,55.709784,37.731289,Падение пассажира,Тяжёлый,1,0,,True
1535922,2025-07-02 17:30:00+03:00,55.333941,37.388588,Наезд на велосипедиста,Тяжёлый,2,0,,True
1535928,2025-07-02 17:36:00+03:00,55.673846,37.52404,Наезд на пешехода,Тяжёлый,1,0,,True
1535931,2025-07-02 17:40:00+03:00,55.660122,37.473797,Наезд на пешехода,Тяжёлый,1,0,,True
1535958,2025-07-02 18:20:00+03:00,55.570635,37.600418,Столкновение,Тяжёлый,1,0,,True
1535967,2025-07-02 18:37:00+03:00,55.840356,37.489707,Наезд на пешехода,Тяжёлый,1,0,,True
1535971,2025-07-02 18:40:00+03:00,55.86474,37.66198,Столкновение,Тяжёлый,1,0,,True
1535980,2025-07-02 19:04:00+03:00,55.518975,37.533751,Столкновение,Тяжёлый,1,0,,True
1535993,2025-07-02 19:37:00+03:00,55.811712,37.820757,Столкновение,Тяжёлый,1,0,,True
1536013,2025-07-02 20:30:00+03:00,55.625567,37.307843,Наезд на велосипедиста,Тяжёлый,1,0,,True
1536086,2025-07-02 23:50:00+03:00,55.902338,37.61663,Столкновение,Тяжёлый,1,0,,True
1536114,2025-07-03 06:48:00+03:00,55.724542,37.799374,Столкновение,Тяжёлый,1,0,,True
1536122,2025-07-03 07:20:00+03:00,55.682605,37.842085,Столкновение,Тяжёлый,1,0,,True
1536126,2025-07-03 07:30:00+03:00,55.831391,37.402278,Столкновение,Тяжёлый,1,0,,True
1536139,2025-07-03 08:20:00+03:00,55.703691,37.842042,Столкновение,Тяжёлый,1,0,,True
1536166,2025-07-03 09:40:00+03:00,55.809156,37.505693,Столкновение,Тяжёлый,1,0,,True
1536208,2025-07-03 11:55:00+03:00,55.756695,37.614822,Столкновение,Тяжёлый,1,0,,True
1536223,2025-07-03 12:42:00+03:00,55.603754,37.733595,Столкновение,Тяжёлый,1,0,,True
1536232,2025-07-03 12:59:00+03:00,55.722162,37.61708,Наезд на пешехода,Тяжёлый,1,0,,True
1536236,2025-07-03 13:05:00+03:00,55.803408,37.590604,Столкновение,Тяжёлый,1,0,,True
1536242,2025-07-03 13:20:00+03:00,55.581013,37.597457,Столкновение,Тяжёлый,1,0,,True
1536275,2025-07-03 14:22:00+03:00,55.84129,37.66315,Столкновение,Тяжёлый,1,0,,True
1536291,2025-07-03 14:50:00+03:00,55.64695,37.391238,Наезд на велосипедиста,Легкий,1,0,,True
1536300,2025-07-03 15:15:00+03:00,55.714583,37.675338,Наезд на велосипедиста,Тяжёлый,1,0,,True
1536308,2025-07-03 15:30:00+03:00,55.742985,37.583928,Падение пассажира,Тяжёлый,1,0,,True
1536327,2025-07-03 16:07:00+03:00,55.777738,37.461555,Наезд на велосипедиста,Тяжёлый,1,0,,True
1536328,2025-07-03 16:08:00+03:00,55.741331,37.756575,Столкновение,Легкий,1,0,,True
1536337,2025-07-03 16:25:00+03:00,55.541538,37.154603,Наезд на стоящее ТС,Тяжёлый,1,0,,True
1536394,2025-07-03 17:55:00+03:00,55.831138,37.487701,Наезд на стоящее ТС,С погибшими,0,1,,True
1536426,2025-07-03 19:02:00+03:00,55.714716,37.622337,Столкновение,Тяжёлый,1,0,,True
1536432,2025-07-03 19:15:00+03:00,55.65778,37.750686,Наезд на стоящее ТС,Тяжёлый,1,0,,True
1536440,2025-07-03 19:28:00+03:00,55.616268,37.75516,Наезд на пешехода,Тяжёлый,1,0,,True
1536444,2025-07-03 19:35:00+03:00,55.772868,37.490609,Наезд на стоящее ТС,Тяжёлый,1,0,,True
1536448,2025-07-03 19:50:00+03:00,55.679417,37.857685,Наезд на пешехода,Тяжёлый,1,0,,True
1536454,2025-07-03 20:10:00+03:00,55.82477,37.645947,Опрокидывание,Тяжёлый,1,0,,True
1536455,2025-07-03 20:10:00+03:00,55.715357,37.799706,Наезд на пешехода,Тяжёлый,1,0,,True
1536513,2025-07-03 21:55:00+03:00,55.734009,37.643076,Столкновение,Тяжёлый,1,0,,True
1536519,2025-07-03 22:10:00+03:00,55.530902,37.503794,Наезд на велосипедиста,Тяжёлый,1,0,,True
1536533,2025-07-03 22:55:00+03:00,55.814563,37.638431,Столкновение,Тяжёлый,1,0,,True
1536539,2025-07-03 23:09:00+03:00,55.705184,37.833309,Столкновение,Тяжёлый,1,0,,True
1536560,2025-07-04 01:20:00+03:00,55.759085,37.626503,Наезд на стоящее ТС,Тяжёлый,1,0,,True
1536564,2025-07-04 02:00:00+03:00,55.802296,37.322564,Наезд на препятствие,Тяжёлый,1,0,,True
1536605,2025-07-04 08:45:00+03:00,55.650946,37.745172,Столкновение,Тяжёлый,1,0,,True
1536622,2025-07-04 09:20:00+03:00,55.731689,37.46016,Падение пассажира,Тяжёлый,1,0,,True
1536624,2025-07-04 09:29:00+03:00,55.79841,37.72675,Наезд на пешехода,Легкий,1,0,,True
1536626,2025-07-04 09:30:00+03:00,55.870926,37.676457,Наезд на пешехода,Тяжёлый,1,0,,True
1536655,2025-07-04 10:40:00+03:00,55.615409,37.379198,Столкновение,Тяжёлый,1,0,,True
1536670,2025-07-04 11:15:00+03:00,55.810597,37.805028,Наезд на пешехода,Тяжёлый,1,0,,True
1536692,2025-07-04 12:00:00+03:00,55.794309,37.556934,Столкновение,Тяжёлый,1,0,,True
1536697,2025-07-04 12:20:00+03:00,55.868774,37.443713,Наезд на пешехода,С погибшими,0,1,,True
1536700,2025-07-04 12:22:00+03:00,55.876587,37.536378,Наезд на велосипедиста,Тяжёлый,1,0,,True
1536707,2025-07-04 12:40:00+03:00,55.87563,37.46972,Столкновение,Тяжёлый,1,0,,True
1536722,2025-07-04 13:10:00+03:00,55.741488,37.500861,Наезд на пешехода,Тяжёлый,1,0,,True
1536730,2025-07-04 13:35:00+03:00,55.737464,37.687837,Столкновение,Легкий,1,0,,True
1536816,2025-07-04 16:00:00+03:00,55.87581,37.516605,Опрокидывание,Тяжёлый,1,0,,True
1536830,2025-07-04 16:30:00+03:00,55.607693,37.754409,Опрокидывание,Тяжёлый,1,0,,True
1536850,2025-07-04 17:00:00+03:00,55.705759,37.512689,Столкновение,Тяжёлый,1,0,,True
1536862,2025-07-04 17:16:00+03:00,55.697282,37.459238,Наезд на пешехода,Тяжёлый,1,0,,True
1536872,2025-07-04 17:45:00+03:00,55.799023,37.305932,Столкновение,Легкий,1,0,,True
1536876,2025-07-04 17:50:00+03:00,55.851595,37.643173,Столкновение,Тяжёлый,1,0,,True
1536889,2025-07-04 18:00:00+03:00,55.849759,37.367892,Столкновение,Тяжёлый,1,0,,True
1536899,2025-07-04 18:22:00+03:00,55.839368,37.490244,Наезд на пешехода,Тяжёлый,1,0,,True
1536921,2025-07-04 19:15:00+03:00,55.794792,37.771693,Наезд на велосипедиста,Легкий,1,0,,True
1536934,2025-07-04 19:33:00+03:00,55.804815,37.819308,Наезд на пешехода,Легкий,1,0,,True
1536938,2025-07-04 19:38:00+03:00,55.691967,37.538266,Падение пассажира,Тяжёлый,2,0,,True
1536946,2025-07-04 20:00:00+03:00,55.767774,37.616408,Столкновение,Тяжёлый,1,0,,True
1537008,2025-07-04 22:25:00+03:00,55.827377,37.425109,Опрокидывание,Тяжёлый,1,0,,True
1537018,2025-07-04 22:45:00+03:00,55.73088,37.444593,Наезд на пешехода,Тяжёлый,1,0,,True
1537045,2025-07-05 00:05:00+03:00,55.839314,37.484654,Наезд на препятствие,Тяжёлый,3,0,,True
1537066,2025-07-05 01:35:00+03:00,55.7546,37.634487,Наезд на пешехода,Тяжёлый,1,0,,True
1537094,2025-07-05 05:01:00+03:00,55.538033,37.53413,Столкновение,Тяжёлый,4,0,,True
1537117,2025-07-05 07:55:00+03:00,55.81047,37.810736,Наезд на препятствие,Легкий,1,0,,True
1537162,2025-07-05 11:03:00+03:00,55.792741,37.782991,Столкновение,Легкий,1,0,,True
1537181,2025-07-05 11:40:00+03:00,55.740539,37.657002,Столкновение,Тяжёлый,2,0,,True
1537185,2025-07-05 11:46:00+03:00,55.318163,37.346542,Наезд на велосипедиста,Тяжёлый,1,0,,True
1537187,2025-07-05 11:47:00+03:00,55.790262,37.370362,Столкновение,Тяжёлый,1,0,,True
1537214,2025-07-05 12:35:00+03:00,55.694616,37.492272,Опрокидывание,Легкий,1,0,,True
1537238,2025-07-05 13:55:00+03:00,55.854552,37.563018,Столкновение,Тяжёлый,1,0,,True
1537257,2025-07-05 14:30:00+03:00,55.759668,37.597135,Наезд на пешехода,Тяжёлый,1,0,,True
1537274,2025-07-05 15:07:00+03:00,55.616316,37.511669,Падение пассажира,Тяжёлый,1,0,,True
1537279,2025-07-05 15:20:00+03:00,55.676145,37.453122,Столкновение,Тяжёлый,1,0,,True
1537280,2025-07-05 15:25:00+03:00,55.750726,37.711601,Столкновение,Тяжёлый,1,0,,True
1537283,2025-07-05 15:30:00+03:00,55.59257,37.524061,Столкновение,Тяжёлый,1,0,,True
1537289,2025-07-05 15:55:00+03:00,55.666633,37.767638,Столкновение,Тяжёлый,1,0,,True
1537342,2025-07-05 17:50:00+03:00,55.745056,37.808547,Столкновение,Легкий,1,0,,True
1537357,2025-07-05 18:15:00+03:00,55.547589,37.566051,Столкновение,Тяжёлый,1,0,,True
1537383,2025-07-05 19:05:00+03:00,55.57977,37.65829,Столкновение,Тяжёлый,1,0,,True
1537408,2025-07-05 19:57:00+03:00,55.662857,37.759548,Падение пассажира,Тяжёлый,1,0,,True
1537410,2025-07-05 20:00:00+03:00,55.649629,37.371974,Наезд на пешехода,Тяжёлый,1,0,,True
1537418,2025-07-05 20:10:00+03:00,55.850827,37.585197,Наезд на велосипедиста,Тяжёлый,1,0,,True
1537430,2025-07-05 20:42:00+03:00,55.88793,37.674222,Столкновение,С погибшими,0,1,,True
1537442,2025-07-05 21:20:00+03:00,55.891751,37.646761,Наезд на велосипедиста,Тяжёлый,1,0,,True
1537457,2025-07-05 21:51:00+03:00,55.65525,37.496363,Столкновение,Тяжёлый,1,0,,True
1537466,2025-07-05 22:15:00+03:00,55.752671,37.607113,Падение пассажира,Тяжёлый,1,0,,True
1537479,2025-07-05 22:47:00+03:00,55.996227,37.209857,Наезд на пешехода,Легкий,1,0,,True
1537518,2025-07-06 00:35:00+03:00,55.676435,37.767187,Наезд на пешехода,Тяжёлый,1,0,,True
1537552,2025-07-06 03:05:00+03:00,55.657767,37.64313,Столкновение,Тяжёлый,5,0,,True
1537568,2025-07-06 05:10:00+03:00,55.843928,37.66742,Столкновение,Тяжёлый,1,0,,True
1537630,2025-07-06 10:57:00+03:00,55.611532,37.71695,Столкновение,Тяжёлый,1,0,,True
1537648,2025-07-06 11:57:00+03:00,55.662234,37.741256,Столкновение,Тяжёлый,1,0,,True
1537667,2025-07-06 13:06:00+03:00,55.817264,37.798076,Наезд на пешехода,Легкий,1,0,,True
1537699,2025-07-06 14:40:00+03:00,55.859496,37.37375,Наезд на пешехода,Легкий,1,0,,True
1537702,2025-07-06 14:49:00+03:00,55.777955,37.51182,Наезд на велосипедиста,Легкий,1,0,,True
1537717,2025-07-06 15:41:00+03:00,55.781925,37.708039,Наезд на пешехода,Тяжёлый,1,0,,True
1537726,2025-07-06 16:00:00+03:00,55.888905,37.645855,Столкновение,Тяжёлый,1,0,,True
1537765,2025-07-06 17:20:00+03:00,55.795226,37.289808,Столкновение,Легкий,1,0,,True
1537772,2025-07-06 17:43:00+03:00,55.707536,37.574379,Столкновение,Тяжёлый,2,0,,True
1537816,2025-07-06 19:24:00+03:00,55.861487,37.588825,Наезд на пешехода,Тяжёлый,1,0,,True
1537849,2025-07-06 21:00:00+03:00,55.879307,37.437361,Столкновение,Тяжёлый,1,0,,True
1537857,2025-07-06 21:21:00+03:00,55.6667,37.659631,Столкновение,Тяжёлый,1,0,,True
1537872,2025-07-06 22:10:00+03:00,55.717163,37.194962,Столкновение,Легкий,1,0,,True
1537890,2025-07-06 23:00:00+03:00,55.845169,37.639922,Наезд на пешехода,Тяжёлый,1,0,,True
1537909,2025-07-07 01:05:00+03:00,55.855721,37.470095,Наезд на пешехода,Тяжёлый,1,0,,True
1537925,2025-07-07 03:23:00+03:00,55.667771,37.83803,Наезд на пешехода,С погибшими,0,1,,True
1537949,2025-07-07 07:11:00+03:00,55.773562,37.626629,Столкновение,Тяжёлый,1,0,,True
1537974,2025-07-07 07:50:00+03:00,55.682986,37.55083,Столкновение,Тяжёлый,1,0,,True
1537984,2025-07-07 08:24:00+03:00,55.673132,37.457628,Столкновение,Тяжёлый,1,0,,True
1537989,2025-07-07 08:55:00+03:00,55.754874,37.40599,Наезд на пешехода,Тяжёлый,1,0,,True
1538000,2025-07-07 09:20:00+03:00,55.735728,37.703109,Столкновение,Тяжёлый,1,0,,True
1538002,2025-07-07 09:23:00+03:00,55.840253,37.565979,Столкновение,Тяжёлый,1,0,,True
1538010,2025-07-07 09:57:00+03:00,55.748003,37.743788,Столкновение,Легкий,1,0,,True
1538039,2025-07-07 11:31:00+03:00,55.852065,37.519169,Наезд на пешехода,Тяжёлый,1,0,,True
1538056,2025-07-07 12:05:00+03:00,55.844338,37.569391,Наезд на велосипедиста,Тяжёлый,1,0,,True
1538078,2025-07-07 13:15:00+03:00,55.681931,37.610531,Столкновение,Тяжёлый,1,0,,True
1538089,2025-07-07 13:40:00+03:00,55.872004,37.712584,Падение пассажира,Тяжёлый,1,0,,True
1538108,2025-07-07 14:20:00+03:00,55.804833,37.748498,Наезд на пешехода,Тяжёлый,1,0,,True
1538139,2025-07-07 15:03:00+03:00,55.593625,37.295108,Наезд на стоящее ТС,Тяжёлый,1,0,,True
1538167,2025-07-07 16:00:00+03:00,55.641985,37.456223,Столкновение,Тяжёлый,1,0,,True
1538202,2025-07-07 17:00:00+03:00,55.734952,37.706044,Столкновение,Тяжёлый,2,0,,True
1538212,2025-07-07 17:12:00+03:00,55.727859,37.623217,Столкновение,Тяжёлый,1,0,,True
1538277,2025-07-07 19:20:00+03:00,55.779668,37.501434,Наезд на пешехода,Тяжёлый,1,0,,True
1538291,2025-07-07 19:40:00+03:00,55.888905,37.67993,Наезд на пешехода,Тяжёлый,1,0,,True
1538293,2025-07-07 19:48:00+03:00,55.679786,37.545902,Столкновение,Тяжёлый,1,0,,True
1538314,2025-07-07 20:45:00+03:00,55.781762,37.369974,Опрокидывание,Тяжёлый,1,0,,True
1538329,2025-07-07 21:30:00+03:00,55.903964,37.586178,Наезд на пешехода,Тяжёлый,2,0,,True
1538335,2025-07-07 21:40:00+03:00,55.677342,37.723274,Столкновение,Тяжёлый,1,0,,True
1538339,2025-07-07 22:00:00+03:00,55.744754,37.618094,Наезд на пешехода,Тяжёлый,1,0,,True
1538342,2025-07-07 22:05:00+03:00,55.652041,37.605311,Столкновение,Тяжёлый,1,0,,True
1538359,2025-07-07 23:20:00+03:00,55.78248,37.456083,Наезд на препятствие,Тяжёлый,1,0,,True
1538366,2025-07-07 23:40:00+03:00,55.644728,37.667549,Опрокидывание,Тяжёлый,1,0,,True
1538372,2025-07-08 00:10:00+03:00,55.825611,37.642172,Наезд на пешехода,Тяжёлый,1,0,,True
1538385,2025-07-08 01:25:00+03:00,55.842537,37.532172,Столкновение,Тяжёлый,1,0,,True
1538404,2025-07-08 04:53:00+03:00,55.803826,37.426997,Наезд на велосипедиста,Тяжёлый,1,0,,True
1538417,2025-07-08 06:30:00+03:00,55.951224,37.349578,Столкновение,Тяжёлый,1,0,,True
1538422,2025-07-08 06:52:00+03:00,55.716276,37.896566,Столкновение,Легкий,1,0,,True
1538444,2025-07-08 08:30:00+03:00,55.86282,37.549574,Столкновение,Легкий,1,0,,True
1538446,2025-07-08 08:30:00+03:00,55.948509,37.54038,Столкновение,Тяжёлый,1,0,,True
1538473,2025-07-08 09:33:00+03:00,55.748703,37.703072,Столкновение,Тяжёлый,1,0,,True
1538476,2025-07-08 09:45:00+03:00,55.759813,37.564037,Столкновение,Тяжёлый,1,0,,True
1538482,2025-07-08 10:02:00+03:00,55.475765,37.459002,Столкновение,Тяжёлый,1,0,,True
1538502,2025-07-08 10:55:00+03:00,55.788899,37.819426,Столкновение,Легкий,1,0,,True
1538513,2025-07-08 11:18:00+03:00,55.562725,37.487057,Столкновение,Тяжёлый,1,0,,True
1538530,2025-07-08 11:52:00+03:00,55.819392,37.765932,Столкновение,Легкий,1,0,,True
1538535,2025-07-08 12:05:00+03:00,55.881997,37.639664,Наезд на пешехода,С погибшими,0,1,,True
1538541,2025-07-08 12:20:00+03:00,55.739368,37.66864,Наезд на велосипедиста,Легкий,1,0,,True
1538550,2025-07-08 12:47:00+03:00,55.683262,37.568869,Наезд на пешехода,С погибшими,0,2,,True
1538581,2025-07-08 14:45:00+03:00,55.715931,37.38493,Столкновение,Тяжёлый,1,0,,True
1538602,2025-07-08 15:49:00+03:00,55.711779,37.083837,Столкновение,Тяжёлый,1,0,,True
1538614,2025-07-08 16:15:00+03:00,55.903469,37.574025,Наезд на велосипедиста,Тяжёлый,1,0,,True
1538617,2025-07-08 16:20:00+03:00,55.752701,37.63327,Столкновение,Тяжёлый,1,0,,True
1538634,2025-07-08 17:00:00+03:00,55.894843,37.681775,Столкновение,Тяжёлый,1,0,,True
1538655,2025-07-08 17:50:00+03:00,55.764123,37.791456,Столкновение,Легкий,1,0,,True
1538688,2025-07-08 18:50:00+03:00,55.50364,37.600708,Наезд на пешехода,Тяжёлый,1,0,,True
1538690,2025-07-08 18:54:00+03:00,55.796505,37.793698,Столкновение,Легкий,1,0,,True
1538691,2025-07-08 18:57:00+03:00,55.858015,37.601094,Наезд на велосипедиста,Тяжёлый,1,0,,True
1538704,2025-07-08 19:15:00+03:00,55.575014,37.589508,Столкновение,Тяжёлый,1,0,,True
1538707,2025-07-08 19:18:00+03:00,55.682104,37.549322,Наезд на пешехода,Тяжёлый,1,0,,True
1538724,2025-07-08 20:00:00+03:00,55.810229,37.7472,Опрокидывание,Легкий,1,0,,True
1538725,2025-07-08 20:00:00+03:00,55.649251,37.406795,Столкновение,Тяжёлый,1,0,,True
1538733,2025-07-08 20:25:00+03:00,55.74354,37.5713,Опрокидывание,Тяжёлый,1,0,,True
1538738,2025-07-08 20:30:00+03:00,55.631035,37.666588,Столкновение,Тяжёлый,1,0,,True
1538747,2025-07-08 21:09:00+03:00,55.636215,37.736717,Наезд на велосипедиста,Тяжёлый,1,0,,True
1538758,2025-07-08 22:00:00+03:00,55.818337,37.497947,Столкновение,Легкий,1,0,,True
1538762,2025-07-08 22:11:00+03:00,55.772313,37.419809,Столкновение,Тяжёлый,2,0,,True
1538774,2025-07-08 23:10:00+03:00,55.719763,37.779526,Столкновение,Тяжёлый,1,0,,True
1538786,2025-07-09 00:20:00+03:00,55.875744,37.568049,Опрокидывание,Тяжёлый,1,0,,True
1538811,2025-07-09 05:00:00+03:00,55.71682,37.38405,Столкновение,Тяжёлый,1,0,,True
1538851,2025-07-09 09:00:00+03:00,55.811628,37.50373,Столкновение,Тяжёлый,1,0,,True
1538858,2025-07-09 09:29:00+03:00,55.984057,37.223192,Столкновение,Тяжёлый,1,0,,True
1538871,2025-07-09 10:00:00+03:00,55.474561,37.305053,Наезд на пешехода,Тяжёлый,1,0,,True
1538872,2025-07-09 10:00:00+03:00,55.904738,37.389822,Столкновение,Тяжёлый,1,0,,True
1538915,2025-07-09 11:50:00+03:00,55.616471,37.510869,Столкновение,Тяжёлый,1,0,,True
1538927,2025-07-09 12:02:00+03:00,55.74848,37.802936,Опрокидывание,Легкий,1,0,,True
1538940,2025-07-09 12:50:00+03:00,56.007451,37.200093,Столкновение,Тяжёлый,1,0,,True
1538975,2025-07-09 14:45:00+03:00,55.794309,37.556859,Столкновение,Тяжёлый,1,0,,True
1538991,2025-07-09 15:45:00+03:00,55.723146,37.694113,Столкновение,Тяжёлый,1,0,,True
1539005,2025-07-09 16:00:00+03:00,55.714215,37.65947,Наезд на пешехода,Тяжёлый,1,0,,True
1539011,2025-07-09 16:20:00+03:00,55.754476,37.732683,Столкновение,Легкий,1,0,,True
1539031,2025-07-09 17:00:00+03:00,55.752181,37.61075,Столкновение,Тяжёлый,1,0,,True
1539099,2025-07-09 19:05:00+03:00,55.577574,37.587694,Столкновение,Тяжёлый,1,0,,True
1539139,2025-07-09 21:00:00+03:00,55.645373,37.605242,Столкновение,Тяжёлый,1,0,,True
1539146,2025-07-09 21:10:00+03:00,55.884124,37.688958,Наезд на пешехода,Тяжёлый,1,0,,True
1539171,2025-07-09 22:35:00+03:00,55.78993,37.640609,Наезд на препятствие,Тяжёлый,1,0,,True
1539172,2025-07-09 22:40:00+03:00,55.755508,37.532676,Столкновение,Тяжёлый,1,0,,True
1539201,2025-07-10 01:00:00+03:00,55.831252,37.487959,Столкновение,Тяжёлый,1,0,,True
1539289,2025-07-10 10:18:00+03:00,55.750539,37.531078,Столкновение,Тяжёлый,1,0,,True
1539293,2025-07-10 10:29:00+03:00,55.80505,37.412975,Наезд на велосипедиста,Тяжёлый,1,0,,True
1539317,2025-07-10 11:45:00+03:00,55.7906,37.656981,Столкновение,Тяжёлый,1,0,,True
1539321,2025-07-10 11:55:00+03:00,55.808414,37.559595,Наезд на пешехода,Тяжёлый,1,0,,True
1539324,2025-07-10 12:00:00+03:00,55.778908,37.581085,Столкновение,Тяжёлый,1,0,,True
1539342,2025-07-10 12:45:00+03:00,55.776627,37.54878,Столкновение,Тяжёлый,1,0,,True
1539367,2025-07-10 13:40:00+03:00,55.674681,37.798333,Столкновение,Тяжёлый,1,0,,True
1539377,2025-07-10 14:00:00+03:00,55.847181,37.670692,Столкновение,Тяжёлый,1,0,,True
1539447,2025-07-10 16:59:00+03:00,55.711568,37.819737,Столкновение,Тяжёлый,1,0,,True
1539485,2025-07-10 18:03:00+03:00,55.690939,37.590247,Наезд на велосипедиста,Тяжёлый,1,0,,True
1539489,2025-07-10 18:12:00+03:00,55.325952,37.119927,Опрокидывание,Тяжёлый,2,0,,True
1539496,2025-07-10 18:20:00+03:00,55.583059,37.671128,Наезд на пешехода,Тяжёлый,1,0,,True
1539520,2025-07-10 18:58:00+03:00,55.747502,37.513794,Наезд на велосипедиста,Тяжёлый,1,0,,True
1539528,2025-07-10 19:02:00+03:00,55.686361,37.542558,Наезд на пешехода,С погибшими,0,1,,True
1539538,2025-07-10 19:33:00+03:00,55.883482,37.675097,Наезд на велосипедиста,Тяжёлый,1,0,,True
1539542,2025-07-10 19:45:00+03:00,55.791218,37.365653,Столкновение,Легкий,1,0,,True
1539550,2025-07-10 20:00:00+03:00,55.718548,37.596052,Столкновение,Тяжёлый,1,0,,True
1539557,2025-07-10 20:15:00+03:00,55.546428,37.585211,Наезд на пешехода,Тяжёлый,1,0,,True
1539673,2025-07-11 01:30:00+03:00,55.647241,37.515285,Столкновение,Тяжёлый,1,0,,True
1539693,2025-07-11 04:10:00+03:00,55.675815,37.625832,Столкновение,Тяжёлый,1,0,,True
1539754,2025-07-11 09:10:00+03:00,55.688774,37.604517,Столкновение,Тяжёлый,1,0,,True
1539786,2025-07-11 10:23:00+03:00,55.621587,37.728918,Падение пассажира,Тяжёлый,2,0,,True
1539797,2025-07-11 10:50:00+03:00,55.839416,37.362732,Столкновение,Тяжёлый,1,0,,True
1539837,2025-07-11 12:20:00+03:00,55.997655,37.223246,Столкновение,Тяжёлый,1,0,,True
1539844,2025-07-11 12:35:00+03:00,55.589005,37.614119,Столкновение,Тяжёлый,1,0,,True
1539881,2025-07-11 13:45:00+03:00,55.691805,37.552796,Опрокидывание,Тяжёлый,1,0,,True
1539884,2025-07-11 13:50:00+03:00,55.47391,37.310107,Наезд на препятствие,Тяжёлый,1,0,,True
1539892,2025-07-11 14:00:00+03:00,55.893933,37.698277,Столкновение,Тяжёлый,2,0,,True
1539907,2025-07-11 14:30:00+03:00,55.709271,37.504352,Столкновение,Тяжёлый,1,0,,True
1539943,2025-07-11 15:51:00+03:00,55.645261,37.451878,Столкновение,Тяжёлый,2,0,,True
1539955,2025-07-11 16:12:00+03:00,55.745509,37.570496,Наезд на велосипедиста,Тяжёлый,1,0,,True
1539979,2025-07-11 17:00:00+03:00,55.852372,37.410282,Наезд на пешехода,Тяжёлый,1,0,,True
1539994,2025-07-11 17:20:00+03:00,55.770315,37.371336,Столкновение,Тяжёлый,1,0,,True
1540007,2025-07-11 17:40:00+03:00,55.88583,37.643409,Наезд на велосипедиста,Тяжёлый,1,0,,True
1540032,2025-07-11 18:05:00+03:00,55.644056,37.676303,Столкновение,Тяжёлый,1,0,,True
1540069,2025-07-11 19:04:00+03:00,55.601299,37.670971,Наезд на велосипедиста,Тяжёлый,1,0,,True
1540073,2025-07-11 19:10:00+03:00,55.792307,37.569444,Столкновение,Тяжёлый,1,0,,True
1540097,2025-07-11 19:50:00+03:00,55.711163,37.680852,Наезд на велосипедиста,Тяжёлый,1,0,,True
1540102,2025-07-11 19:57:00+03:00,55.674926,37.539928,Наезд на пешехода,Тяжёлый,1,0,,True
1540131,2025-07-11 21:15:00+03:00,55.650564,37.726611,Наезд на велосипедиста,Тяжёлый,1,0,,True
1540133,2025-07-11 21:21:00+03:00,55.723485,37.454066,Наезд на пешехода,Тяжёлый,1,0,,True
1540138,2025-07-11 21:38:00+03:00,55.743987,37.57159,Наезд на пешехода,Тяжёлый,5,0,,True
1540161,2025-07-11 22:45:00+03:00,55.881349,37.652508,Наезд на пешехода,Тяжёлый,1,0,,True
1540179,2025-07-11 23:30:00+03:00,55.611944,37.746383,Опрокидывание,Тяжёлый,1,0,,True
1540182,2025-07-11 23:49:00+03:00,55.751348,37.610235,Столкновение,Тяжёлый,1,0,,True
1540190,2025-07-12 00:06:00+03:00,55.754509,37.707658,Наезд на велосипедиста,Тяжёлый,1,0,,True
1540225,2025-07-12 02:55:00+03:00,55.765324,37.630599,Столкновение,Тяжёлый,1,0,,True
1540240,2025-07-12 04:20:00+03:00,55.885168,37.720495,Наезд на пешехода,Тяжёлый,1,0,,True
1540310,2025-07-12 09:05:00+03:00,55.703939,37.833395,Столкновение,Тяжёлый,1,0,,True
1540313,2025-07-12 09:30:00+03:00,55.661992,37.741288,Столкновение,Тяжёлый,1,0,,True
1540315,2025-07-12 09:36:00+03:00,55.817403,37.714498,Столкновение,Легкий,2,0,,True
1540328,2025-07-12 10:00:00+03:00,55.846813,37.580656,Столкновение,Тяжёлый,2,0,,True
1540330,2025-07-12 10:05:00+03:00,55.72801,37.378771,Столкновение,Тяжёлый,1,0,,True
1540340,2025-07-12 10:25:00+03:00,55.718844,37.627391,Опрокидывание,Тяжёлый,1,0,,True
1540350,2025-07-12 10:55:00+03:00,55.715937,37.942636,Столкновение,Тяжёлый,1,0,,True
1540402,2025-07-12 13:08:00+03:00,55.540116,37.513868,Падение пассажира,Тяжёлый,1,0,,True
1540404,2025-07-12 13:17:00+03:00,55.800189,37.583359,Наезд на пешехода,Тяжёлый,1,0,,True
1540442,2025-07-12 15:04:00+03:00,55.596917,37.600311,Столкновение,Тяжёлый,1,0,,True
1540454,2025-07-12 15:29:00+03:00,55.671513,37.551928,Наезд на велосипедиста,Тяжёлый,1,0,,True
1540467,2025-07-12 15:50:00+03:00,55.678924,37.697491,Столкновение,Легкий,1,0,,True
1540477,2025-07-12 16:05:00+03:00,55.505621,37.560207,Наезд на пешехода,Тяжёлый,1,0,,True
1540480,2025-07-12 16:20:00+03:00,55.424484,37.290087,Наезд на велосипедиста,Тяжёлый,1,0,,True
1540492,2025-07-12 16:45:00+03:00,55.788875,37.466844,Наезд на велосипедиста,Тяжёлый,1,0,,True
1540500,2025-07-12 17:05:00+03:00,55.876935,37.585324,Опрокидывание,Тяжёлый,1,0,,True
1540509,2025-07-12 17:25:00+03:00,55.798302,37.770985,Наезд на пешехода,Легкий,1,0,,True
1540530,2025-07-12 18:20:00+03:00,55.639569,37.638398,Падение пассажира,Тяжёлый,1,0,,True
1540562,2025-07-12 19:38:00+03:00,55.678328,37.60265,Наезд на пешехода,Тяжёлый,1,0,,True
1540589,2025-07-12 20:40:00+03:00,55.703228,37.648292,Столкновение,Тяжёлый,2,0,,True
1540590,2025-07-12 20:45:00+03:00,55.746427,37.513955,Наезд на пешехода,Тяжёлый,1,0,,True
1540598,2025-07-12 21:00:00+03:00,55.714529,37.838609,Столкновение,Тяжёлый,1,0,,True
1540604,2025-07-12 21:22:00+03:00,55.68422,37.663987,Наезд на пешехода,Тяжёлый,1,0,,True
1540626,2025-07-12 22:00:00+03:00,55.581474,37.682065,Столкновение,Тяжёлый,2,0,,True
1540629,2025-07-12 22:10:00+03:00,55.652417,37.387601,Наезд на велосипедиста,Тяжёлый,1,0,,True
1540631,2025-07-12 22:20:00+03:00,55.433116,37.146803,Наезд на пешехода,Тяжёлый,1,0,,True
1540663,2025-07-13 00:10:00+03:00,55.881829,37.524329,Наезд на препятствие,Тяжёлый,1,0,,True
1540686,2025-07-13 01:25:00+03:00,55.762197,37.602038,Наезд на пешехода,Тяжёлый,1,0,,True
1540751,2025-07-13 07:03:00+03:00,55.75031,37.369137,Столкновение,Тяжёлый,1,0,,True
1540770,2025-07-13 08:16:00+03:00,55.66034,37.7528,Столкновение,Тяжёлый,1,0,,True
1540786,2025-07-13 10:20:00+03:00,55.846997,37.626855,Столкновение,Тяжёлый,1,0,,True
1540790,2025-07-13 10:30:00+03:00,55.687813,37.588207,Столкновение,Тяжёлый,1,0,,True
1540800,2025-07-13 11:05:00+03:00,55.994769,37.188613,Наезд на пешехода,Легкий,1,0,,True
1540816,2025-07-13 11:40:00+03:00,55.907236,37.545105,Опрокидывание,Тяжёлый,1,0,,True
1540832,2025-07-13 12:30:00+03:00,55.82837,37.583246,Опрокидывание,Тяжёлый,1,0,,True
1540869,2025-07-13 13:57:00+03:00,55.751378,37.597125,Наезд на пешехода,Тяжёлый,1,0,,True
1540963,2025-07-13 17:28:00+03:00,55.67853,37.574343,Столкновение,Тяжёлый,1,0,,True
1540974,2025-07-13 18:00:00+03:00,55.547248,37.565644,Наезд на велосипедиста,Тяжёлый,1,0,,True
1541008,2025-07-13 18:50:00+03:00,55.596541,37.725763,Столкновение,Тяжёлый,1,0,,True
1541016,2025-07-13 19:05:00+03:00,55.871784,37.637669,Наезд на пешехода,Тяжёлый,1,0,,True
1541020,2025-07-13 19:25:00+03:00,55.97004,37.152876,Столкновение,Тяжёлый,1,0,,True
1541039,2025-07-13 19:50:00+03:00,55.784917,37.482369,Наезд на велосипедиста,Тяжёлый,1,0,,True
1541040,2025-07-13 19:50:00+03:00,55.864979,37.700643,Столкновение,Тяжёлый,1,0,,True
1541045,2025-07-13 20:01:00+03:00,55.867594,37.467864,Наезд на велосипедиста,Тяжёлый,1,0,,True
1541049,2025-07-13 20:10:00+03:00,55.748335,37.804095,Столкновение,Легкий,1,0,,True
1541051,2025-07-13 20:15:00+03:00,55.528254,37.510715,Столкновение,Тяжёлый,1,0,,True
1541070,2025-07-13 21:01:00+03:00,55.690326,37.544522,Наезд на пешехода,Тяжёлый,1,0,,True
1541077,2025-07-13 21:10:00+03:00,55.608002,37.606426,Опрокидывание,Тяжёлый,1,0,,True
1541084,2025-07-13 21:20:00+03:00,55.737422,37.424562,Опрокидывание,Тяжёлый,1,0,,True
1541110,2025-07-13 22:40:00+03:00,55.880198,37.722738,Столкновение,Тяжёлый,1,0,,True
1541127,2025-07-14 00:05:00+03:00,55.950852,37.350104,Столкновение,Тяжёлый,1,0,,True
1541137,2025-07-14 00:50:00+03:00,55.949644,37.351906,Столкновение,Легкий,1,0,,True
1541150,2025-07-14 02:53:00+03:00,55.856208,37.39627,Столкновение,С погибшими,0,1,,True
1541168,2025-07-14 06:29:00+03:00,55.505342,37.580227,Столкновение,Тяжёлый,1,0,,True
1541179,2025-07-14 07:30:00+03:00,55.716268,37.928471,Столкновение,Легкий,1,0,,True
1541195,2025-07-14 08:45:00+03:00,55.763646,37.479558,Наезд на пешехода,С погибшими,0,1,,True
1541229,2025-07-14 10:40:00+03:00,55.675046,37.539586,Наезд на пешехода,Тяжёлый,1,0,,True
1541276,2025-07-14 13:05:00+03:00,55.695215,37.567631,Столкновение,Тяжёлый,3,0,,True
1541287,2025-07-14 13:30:00+03:00,55.652435,37.583091,Столкновение,Тяжёлый,1,0,,True
1541295,2025-07-14 13:40:00+03:00,55.66998,37.522012,Столкновение,Тяжёлый,1,0,,True
1541296,2025-07-14 13:40:00+03:00,55.744809,37.735655,Столкновение,Тяжёлый,1,0,,True
1541301,2025-07-14 13:48:00+03:00,55.810464,37.631242,Наезд на велосипедиста,Тяжёлый,1,0,,True
1541347,2025-07-14 15:35:00+03:00,55.841,37.369888,Столкновение,Легкий,1,0,,True
1541366,2025-07-14 16:30:00+03:00,55.590351,37.534382,Столкновение,Тяжёлый,1,0,,True
1541387,2025-07-14 17:27:00+03:00,55.607166,37.606008,Опрокидывание,Тяжёлый,1,0,,True
1541394,2025-07-14 17:34:00+03:00,55.691955,37.852707,Наезд на велосипедиста,Тяжёлый,1,0,,True
1541424,2025-07-14 18:35:00+03:00,55.908033,37.544693,Столкновение,Тяжёлый,1,0,,True
1541453,2025-07-14 19:34:00+03:00,55.551032,37.509245,Наезд на пешехода,Тяжёлый,1,0,,True
1541475,2025-07-14 20:35:00+03:00,55.629716,37.591599,Опрокидывание,Тяжёлый,1,0,,True
1541481,2025-07-14 20:58:00+03:00,55.714541,37.408844,Наезд на велосипедиста,Тяжёлый,1,0,,True
1541502,2025-07-14 22:13:00+03:00,55.576725,37.590623,Столкновение,Тяжёлый,1,0,,True
1541503,2025-07-14 22:15:00+03:00,55.767007,37.623646,Наезд на пешехода,Тяжёлый,1,0,,True
1541511,2025-07-14 22:30:00+03:00,55.594807,37.663354,Опрокидывание,Тяжёлый,1,0,,True
1541515,2025-07-14 23:00:00+03:00,55.795057,37.353258,Наезд на пешехода,Легкий,1,0,,True
1541531,2025-07-14 23:48:00+03:00,55.784344,37.567245,Опрокидывание,Легкий,1,0,,True
1541552,2025-07-15 02:12:00+03:00,55.823002,37.495512,Столкновение,Тяжёлый,1,0,,True
1541565,2025-07-15 06:40:00+03:00,55.687915,37.60341,Столкновение,Тяжёлый,2,0,,True
1541574,2025-07-15 07:20:00+03:00,55.640581,37.685863,Наезд на препятствие,Тяжёлый,1,0,,True
1541580,2025-07-15 07:52:00+03:00,55.86785,37.61318,Наезд на велосипедиста,Тяжёлый,1,0,,True
1541588,2025-07-15 08:28:00+03:00,55.874817,37.525295,Наезд на пешехода,Тяжёлый,1,0,,True
1541589,2025-07-15 08:28:00+03:00,55.814557,37.733188,Наезд на пешехода,Легкий,1,0,,True
1541593,2025-07-15 08:46:00+03:00,55.729956,37.560539,Иной вид ДТП,Тяжёлый,1,0,,True
1541627,2025-07-15 10:32:00+03:00,55.663151,37.552619,Наезд на велосипедиста,Тяжёлый,1,0,,True
1541639,2025-07-15 11:00:00+03:00,55.745865,37.512056,Наезд на пешехода,Тяжёлый,1,0,,True
1541649,2025-07-15 11:27:00+03:00,55.782649,37.579551,Наезд на пешехода,Тяжёлый,1,0,,True
1541655,2025-07-15 11:40:00+03:00,55.888039,37.648051,Падение пассажира,Тяжёлый,1,0,,True
1541671,2025-07-15 12:08:00+03:00,55.786462,37.730656,Наезд на пешехода,Легкий,1,0,,True
1541699,2025-07-15 13:23:00+03:00,55.677209,37.421172,Столкновение,Тяжёлый,2,0,,True
1541721,2025-07-15 14:17:00+03:00,55.838934,37.495759,Наезд на пешехода,Легкий,1,0,,True
1541747,2025-07-15 15:15:00+03:00,55.898245,37.603298,Наезд на препятствие,Тяжёлый,1,0,,True
1541757,2025-07-15 15:49:00+03:00,55.83797,37.416011,Наезд на пешехода,Легкий,1,0,,True
1541766,2025-07-15 16:00:00+03:00,55.750485,37.761973,Столкновение,Легкий,1,0,,True
1541788,2025-07-15 16:49:00+03:00,55.842976,37.393094,Наезд на стоящее ТС,Тяжёлый,1,0,,True
1541807,2025-07-15 17:15:00+03:00,55.612269,37.730473,Наезд на пешехода,Тяжёлый,1,0,,True
1541817,2025-07-15 17:38:00+03:00,55.738473,37.773185,Столкновение,Легкий,1,0,,True
1541858,2025-07-15 18:50:00+03:00,55.678946,37.625009,Наезд на стоящее ТС,Тяжёлый,1,0,,True
1541862,2025-07-15 18:55:00+03:00,55.838452,37.379447,Наезд на пешехода,Тяжёлый,1,0,,True
1541871,2025-07-15 19:10:00+03:00,55.615731,37.500077,Столкновение,Тяжёлый,11,0,,True
1541905,2025-07-15 19:55:00+03:00,55.932726,37.527309,Столкновение,Тяжёлый,1,0,,True
1541928,2025-07-15 20:50:00+03:00,55.702143,37.732254,Наезд на велосипедиста,Тяжёлый,1,0,,True
1541934,2025-07-15 21:00:00+03:00,55.610404,37.492583,Столкновение,Тяжёлый,1,0,,True
1541937,2025-07-15 21:10:00+03:00,55.681849,37.596706,Столкновение,Тяжёлый,1,0,,True
1541951,2025-07-15 21:35:00+03:00,55.784202,37.596777,Наезд на пешехода,Тяжёлый,1,0,,True
1541993,2025-07-16 01:00:00+03:00,55.594916,37.662613,Опрокидывание,Тяжёлый,1,0,,True
1542020,2025-07-16 06:30:00+03:00,55.645897,37.827644,Столкновение,Тяжёлый,1,0,,True
1542057,2025-07-16 08:43:00+03:00,55.600681,37.62149,Столкновение,Легкий,1,0,,True
1542074,2025-07-16 09:25:00+03:00,55.784308,37.614119,Наезд на пешехода,Тяжёлый,1,0,,True
1542078,2025-07-16 09:35:00+03:00,55.723939,37.066366,Столкновение,Тяжёлый,1,0,,True
1542082,2025-07-16 09:45:00+03:00,55.786151,37.63391,Наезд на велосипедиста,Тяжёлый,1,0,,True
1542096,2025-07-16 10:00:00+03:00,55.776694,37.620331,Столкновение,Тяжёлый,1,0,,True
1542107,2025-07-16 10:55:00+03:00,55.82126,37.662324,Столкновение,Тяжёлый,1,0,,True
1542205,2025-07-16 15:00:00+03:00,55.868545,37.49343,Наезд на пешехода,Тяжёлый,1,0,,True
1542224,2025-07-16 15:30:00+03:00,55.916676,37.399805,Столкновение,Тяжёлый,1,0,,True
1542256,2025-07-16 16:33:00+03:00,55.622356,37.656991,Столкновение,Тяжёлый,1,0,,True
1542341,2025-07-16 18:50:00+03:00,55.763754,37.556688,Наезд на велосипедиста,Тяжёлый,1,0,,True
1542361,2025-07-16 19:30:00+03:00,55.627956,37.601787,Наезд на пешехода,Легкий,1,0,,True
1542372,2025-07-16 19:45:00+03:00,55.879825,37.43822,Столкновение,Тяжёлый,1,0,,True
1542373,2025-07-16 19:48:00+03:00,55.715303,37.818085,Наезд на пешехода,Тяжёлый,1,0,,True
1542378,2025-07-16 20:00:00+03:00,55.684928,37.853372,Наезд на пешехода,Тяжёлый,1,0,,True
1542386,2025-07-16 20:25:00+03:00,55.869376,37.589818,Наезд на велосипедиста,Тяжёлый,2,0,,True
1542402,2025-07-16 21:00:00+03:00,55.858581,37.530584,Столкновение,Тяжёлый,1,0,,True
1542423,2025-07-16 21:50:00+03:00,55.719992,37.598208,Столкновение,Тяжёлый,1,0,,True
1542432,2025-07-16 22:15:00+03:00,55.608681,37.352679,Опрокидывание,Легкий,1,0,,True
1542439,2025-07-16 22:50:00+03:00,55.674407,37.542212,Опрокидывание,Тяжёлый,1,0,,True
1542451,2025-07-16 23:30:00+03:00,55.733864,37.405593,Столкновение,Тяжёлый,1,0,,True
1542457,2025-07-17 00:10:00+03:00,55.737283,37.523181,Столкновение,Тяжёлый,1,0,,True
1542476,2025-07-17 02:10:00+03:00,55.699713,37.402149,Наезд на препятствие,Тяжёлый,1,0,,True
1542528,2025-07-17 09:00:00+03:00,55.572898,37.678792,Столкновение,Тяжёлый,1,0,,True
1542537,2025-07-17 09:24:00+03:00,55.783566,37.634775,Наезд на пешехода,Тяжёлый,2,0,,True
1542548,2025-07-17 10:07:00+03:00,55.577186,37.134057,Наезд на велосипедиста,Тяжёлый,1,0,,True
1542581,2025-07-17 12:00:00+03:00,55.866215,37.404048,Столкновение,Тяжёлый,1,0,,True
1542583,2025-07-17 12:10:00+03:00,55.830364,37.619135,Наезд на велосипедиста,Тяжёлый,1,0,,True
1542584,2025-07-17 12:10:00+03:00,55.692405,37.735194,Столкновение,Тяжёлый,1,0,,True
1542587,2025-07-17 12:17:00+03:00,55.598147,37.355425,Падение пассажира,Тяжёлый,1,0,,True
1542599,2025-07-17 12:50:00+03:00,55.749425,37.655945,Столкновение,Тяжёлый,2,0,,True
1542607,2025-07-17 13:00:00+03:00,55.628323,37.616093,Наезд на пешехода,С погибшими,0,1,,True
1542609,2025-07-17 13:00:00+03:00,55.773833,37.543448,Наезд на пешехода,Легкий,1,0,,True
1542632,2025-07-17 14:00:00+03:00,55.684129,37.495211,Опрокидывание,Тяжёлый,1,0,,True
1542641,2025-07-17 14:21:00+03:00,55.665108,37.484547,Падение пассажира,Тяжёлый,2,0,,True
1542656,2025-07-17 15:00:00+03:00,55.835913,37.658487,Наезд на пешехода,Тяжёлый,1,0,,True
1542716,2025-07-17 17:34:00+03:00,55.760241,37.761501,Наезд на пешехода,Легкий,1,0,,True
1542750,2025-07-17 18:30:00+03:00,55.801781,37.749141,Опрокидывание,Легкий,1,0,,True
1542766,2025-07-17 19:00:00+03:00,55.726137,37.415797,Наезд на пешехода,Тяжёлый,1,0,,True
1542767,2025-07-17 19:00:00+03:00,55.885066,37.608168,Столкновение,Тяжёлый,1,0,,True
1542769,2025-07-17 19:15:00+03:00,55.887533,37.508129,Столкновение,Тяжёлый,1,0,,True
1542785,2025-07-17 19:44:00+03:00,55.810301,37.473925,Падение пассажира,Легкий,1,0,,True
1542803,2025-07-17 20:20:00+03:00,55.619394,37.454882,Наезд на велосипедиста,Тяжёлый,1,0,,True
1542804,2025-07-17 20:20:00+03:00,55.750062,37.423339,Наезд на велосипедиста,Тяжёлый,1,0,,True
1542805,2025-07-17 20:20:00+03:00,55.700275,37.785695,Наезд на пешехода,Тяжёлый,1,0,,True
1542809,2025-07-17 20:32:00+03:00,55.611166,37.696388,Опрокидывание,Тяжёлый,1,0,,True
1542811,2025-07-17 20:37:00+03:00,55.996731,37.191392,Столкновение,Легкий,1,0,,True
1542813,2025-07-17 20:40:00+03:00,55.69357,37.491113,Столкновение,Тяжёлый,1,0,,True
1542830,2025-07-17 21:35:00+03:00,55.698842,37.932122,Столкновение,Тяжёлый,1,0,,True
1542847,2025-07-17 22:08:00+03:00,55.882695,37.451481,Наезд на препятствие,Тяжёлый,1,0,,True
1542862,2025-07-17 22:50:00+03:00,55.608808,37.75677,Опрокидывание,Тяжёлый,1,0,,True
1542906,2025-07-18 04:30:00+03:00,55.603475,37.666733,Опрокидывание,Тяжёлый,1,0,,True
1542932,2025-07-18 08:00:00+03:00,55.595832,37.600204,Опрокидывание,Тяжёлый,1,0,,True
1542958,2025-07-18 09:10:00+03:00,55.552984,37.528196,Столкновение,Тяжёлый,1,0,,True
1542980,2025-07-18 09:56:00+03:00,55.605457,37.629032,Опрокидывание,Тяжёлый,1,0,,True
1542991,2025-07-18 10:20:00+03:00,55.733864,37.737619,Столкновение,Тяжёлый,1,0,,True
1543012,2025-07-18 11:50:00+03:00,55.780344,37.635137,Наезд на пешехода,Тяжёлый,1,0,,True
1543025,2025-07-18 12:17:00+03:00,55.875883,37.703276,Столкновение,С погибшими,0,1,,True
1543028,2025-07-18 12:30:00+03:00,55.534184,37.536932,Наезд на велосипедиста,Тяжёлый,1,0,,True
1543065,2025-07-18 13:50:00+03:00,55.468467,37.524984,Столкновение,Тяжёлый,1,0,,True
1543160,2025-07-18 16:43:00+03:00,55.867437,37.525327,Наезд на пешехода,Тяжёлый,1,0,,True
1543173,2025-07-18 17:05:00+03:00,55.630163,37.470413,Столкновение,Тяжёлый,1,0,,True
1543184,2025-07-18 17:30:00+03:00,55.808336,37.466404,Столкновение,Тяжёлый,1,0,,True
1543194,2025-07-18 17:45:00+03:00,55.691163,37.589561,Наезд на велосипедиста,Тяжёлый,1,0,,True
1543223,2025-07-18 18:40:00+03:00,55.788483,37.568511,Наезд на пешехода,Тяжёлый,1,0,,True
1543256,2025-07-18 19:37:00+03:00,55.82158,37.642508,Столкновение,Тяжёлый,1,0,,True
1543268,2025-07-18 20:00:00+03:00,55.612105,37.604173,Опрокидывание,Тяжёлый,1,0,,True
1543281,2025-07-18 20:25:00+03:00,55.704489,37.816765,Столкновение,Тяжёлый,1,0,,True
1543286,2025-07-18 20:30:00+03:00,55.899168,37.587171,Наезд на пешехода,Тяжёлый,1,0,,True
1543287,2025-07-18 20:40:00+03:00,55.582068,37.65623,Наезд на пешехода,Тяжёлый,1,0,,True
1543288,2025-07-18 20:40:00+03:00,55.539474,37.57306,Столкновение,Тяжёлый,1,0,,True
1543336,2025-07-18 22:51:00+03:00,55.656551,37.743005,Наезд на пешехода,Тяжёлый,1,0,,True
1543338,2025-07-18 22:52:00+03:00,55.806485,37.387601,Опрокидывание,Тяжёлый,1,0,,True
1543341,2025-07-18 23:00:00+03:00,55.794756,37.545283,Столкновение,Легкий,1,0,,True
1543345,2025-07-18 23:10:00+03:00,55.718179,37.520263,Падение пассажира,Легкий,1,0,,True
1543372,2025-07-19 01:00:00+03:00,55.757549,37.342046,Столкновение,Легкий,1,0,,True
1543375,2025-07-19 01:20:00+03:00,55.725418,37.457607,Наезд на стоящее ТС,Тяжёлый,1,0,,True
1543388,2025-07-19 03:13:00+03:00,55.80533,37.584789,Наезд на пешехода,Тяжёлый,1,0,,True
1543396,2025-07-19 03:51:00+03:00,55.733597,37.501379,Наезд на стоящее ТС,Тяжёлый,2,0,,True
1543399,2025-07-19 04:30:00+03:00,55.550582,37.351359,Наезд на препятствие,Тяжёлый,1,0,,True
1543401,2025-07-19 04:40:00+03:00,55.67969,37.640952,Опрокидывание,Тяжёлый,1,0,,True
1543417,2025-07-19 07:00:00+03:00,55.602245,37.736149,Опрокидывание,Тяжёлый,1,0,,True
1543436,2025-07-19 08:10:00+03:00,55.699459,37.737823,Столкновение,Тяжёлый,1,0,,True
1543463,2025-07-19 09:40:00+03:00,55.822918,37.817023,Столкновение,Легкий,1,0,,True
1543467,2025-07-19 10:00:00+03:00,55.847566,37.660682,Столкновение,Тяжёлый,1,0,,True
1543481,2025-07-19 10:55:00+03:00,55.649002,37.744464,Падение пассажира,Тяжёлый,1,0,,True
1543514,2025-07-19 11:59:00+03:00,55.551808,37.44411,Наезд на пешехода,Тяжёлый,1,0,,True
1543521,2025-07-19 12:05:00+03:00,55.750225,37.826732,Столкновение,Легкий,1,0,,True
1543533,2025-07-19 12:37:00+03:00,55.73529,37.467542,Наезд на пешехода,Тяжёлый,1,0,,True
1543555,2025-07-19 13:25:00+03:00,55.72456,37.727383,Столкновение,Тяжёлый,1,0,,True
1543556,2025-07-19 13:30:00+03:00,55.615249,37.551128,Столкновение,Тяжёлый,1,0,,True
1543563,2025-07-19 13:50:00+03:00,55.883329,37.58638,Падение пассажира,Тяжёлый,1,0,,True
1543582,2025-07-19 14:40:00+03:00,55.78797,37.841721,Столкновение,Легкий,1,0,,True
1543601,2025-07-19 15:10:00+03:00,55.79402,37.491907,Наезд на препятствие,Тяжёлый,1,0,,True
1543621,2025-07-19 16:13:00+03:00,55.613832,37.707042,Столкновение,Тяжёлый,1,0,,True
1543623,2025-07-19 16:19:00+03:00,55.828064,37.446352,Падение пассажира,Тяжёлый,1,0,,True
1543625,2025-07-19 16:20:00+03:00,55.887103,37.679788,Опрокидывание,Тяжёлый,1,0,,True
1543633,2025-07-19 16:35:00+03:00,55.703764,37.642035,Наезд на пешехода,Тяжёлый,1,0,,True
1543648,2025-07-19 17:05:00+03:00,55.900381,37.58694,Столкновение,Тяжёлый,1,0,,True
1543681,2025-07-19 18:15:00+03:00,55.617158,37.657797,Столкновение,Тяжёлый,1,0,,True
1543682,2025-07-19 18:20:00+03:00,55.819362,37.707245,Наезд на пешехода,Легкий,1,0,,True
1543775,2025-07-19 21:20:00+03:00,55.703742,37.599575,Столкновение,Тяжёлый,1,0,,True
1543832,2025-07-20 00:15:00+03:00,55.879822,37.576195,Столкновение,Тяжёлый,2,0,,True
1543844,2025-07-20 00:43:00+03:00,55.799357,37.502904,Опрокидывание,Тяжёлый,1,0,,True
1543874,2025-07-20 02:50:00+03:00,55.706962,37.713575,Столкновение,С погибшими,5,1,,True
1543903,2025-07-20 07:01:00+03:00,55.616668,37.759624,Опрокидывание,Тяжёлый,1,0,,True
1543943,2025-07-20 10:20:00+03:00,55.757712,37.698255,Столкновение,Тяжёлый,1,0,,True
1543946,2025-07-20 10:25:00+03:00,55.867064,37.488763,Столкновение,Тяжёлый,1,0,,True
1543996,2025-07-20 13:10:00+03:00,55.681619,37.682666,Столкновение,Легкий,1,0,,True
1544029,2025-07-20 14:14:00+03:00,55.57843,37.469784,Столкновение,Тяжёлый,2,0,,True
1544031,2025-07-20 14:17:00+03:00,55.666966,37.807603,Столкновение,Тяжёлый,2,0,,True
1544094,2025-07-20 16:42:00+03:00,55.623616,37.649212,Наезд на велосипедиста,Тяжёлый,1,0,,True
1544108,2025-07-20 17:25:00+03:00,55.67923,37.559971,Столкновение,Тяжёлый,1,0,,True
1544112,2025-07-20 17:30:00+03:00,55.850698,37.658107,Наезд на пешехода,Тяжёлый,1,0,,True
1544117,2025-07-20 17:40:00+03:00,55.854968,37.614441,Столкновение,Тяжёлый,1,0,,True
1544124,2025-07-20 17:55:00+03:00,55.897748,37.55333,Столкновение,Тяжёлый,2,0,,True
1544125,2025-07-20 17:58:00+03:00,55.650837,37.445869,Столкновение,Тяжёлый,1,0,,True
1544129,2025-07-20 18:10:00+03:00,55.799986,37.335803,Столкновение,Тяжёлый,3,0,,True
1544133,2025-07-20 18:13:00+03:00,55.676036,37.770878,Опрокидывание,Тяжёлый,1,0,,True
1544147,2025-07-20 18:40:00+03:00,55.839169,37.417974,Столкновение,Тяжёлый,1,0,,True
1544160,2025-07-20 19:00:00+03:00,55.64161,37.776618,Опрокидывание,Тяжёлый,1,0,,True
1544200,2025-07-20 20:34:00+03:00,55.867112,37.59558,Столкновение,Тяжёлый,1,0,,True
1544211,2025-07-20 21:00:00+03:00,55.627863,37.639332,Опрокидывание,Тяжёлый,1,0,,True
1544213,2025-07-20 21:15:00+03:00,55.765692,37.789804,Столкновение,Легкий,1,0,,True
1544260,2025-07-20 23:15:00+03:00,55.873604,37.603787,Наезд на стоящее ТС,Тяжёлый,1,0,,True
1544267,2025-07-20 23:30:00+03:00,55.233367,37.028668,Столкновение,Тяжёлый,2,0,,True
1544272,2025-07-20 23:40:00+03:00,55.779168,37.557138,Столкновение,Тяжёлый,1,0,,True
1544349,2025-07-21 08:21:00+03:00,55.67603,37.452972,Наезд на пешехода,Тяжёлый,1,0,,True
1544352,2025-07-21 08:25:00+03:00,55.694828,37.487991,Столкновение,Тяжёлый,1,0,,True
1544408,2025-07-21 10:55:00+03:00,55.817583,37.458411,Столкновение,Тяжёлый,1,0,,True
1544457,2025-07-21 13:05:00+03:00,55.795564,37.51242,Наезд на пешехода,Тяжёлый,1,0,,True
1544487,2025-07-21 14:02:00+03:00,55.682425,37.517087,Падение пассажира,Тяжёлый,1,0,,True
1544512,2025-07-21 15:15:00+03:00,55.512547,37.353687,Наезд на пешехода,Тяжёлый,1,0,,True
1544520,2025-07-21 16:00:00+03:00,55.314512,37.186875,Наезд на пешехода,Тяжёлый,1,0,,True
1544539,2025-07-21 16:45:00+03:00,55.694453,37.466286,Столкновение,Тяжёлый,1,0,,True
1544570,2025-07-21 17:38:00+03:00,55.580249,37.643065,Опрокидывание,Тяжёлый,1,0,,True
1544571,2025-07-21 17:45:00+03:00,55.665181,37.767713,Наезд на пешехода,Тяжёлый,1,0,,True
1544580,2025-07-21 18:09:00+03:00,55.725569,37.622842,Столкновение,Тяжёлый,1,0,,True
1544595,2025-07-21 18:30:00+03:00,55.6313,37.662481,Наезд на пешехода,Тяжёлый,1,0,,True
1544638,2025-07-21 20:25:00+03:00,55.630176,37.359771,Столкновение,Тяжёлый,1,0,,True
1544643,2025-07-21 20:39:00+03:00,55.66276,37.482133,Наезд на пешехода,Легкий,1,0,,True
1544649,2025-07-21 21:00:00+03:00,55.806458,37.588224,Наезд на пешехода,Тяжёлый,1,0,,True
1544681,2025-07-21 23:00:00+03:00,55.737887,37.411762,Столкновение,Тяжёлый,1,0,,True
1544682,2025-07-21 23:09:00+03:00,55.718203,37.785212,Столкновение,Тяжёлый,2,0,,True
1544691,2025-07-22 00:15:00+03:00,55.862212,37.399778,Столкновение,Тяжёлый,1,0,,True
1544823,2025-07-22 11:35:00+03:00,55.90755,37.597419,Столкновение,Легкий,1,0,,True
1544829,2025-07-22 11:50:00+03:00,55.641972,37.655912,Наезд на пешехода,Тяжёлый,1,0,,True
1544841,2025-07-22 12:13:00+03:00,55.875224,37.664658,Наезд на пешехода,Тяжёлый,1,0,,True
1544856,2025-07-22 12:58:00+03:00,55.883381,37.671636,Наезд на пешехода,Легкий,1,0,,True
1544880,2025-07-22 13:30:00+03:00,55.739131,37.817774,Наезд на пешехода,Тяжёлый,1,0,,True
1544910,2025-07-22 14:45:00+03:00,55.597014,37.662849,Столкновение,Тяжёлый,1,0,,True
1544912,2025-07-22 14:55:00+03:00,55.64408,37.744936,Падение пассажира,Тяжёлый,1,0,,True
1544913,2025-07-22 14:59:00+03:00,55.639267,37.351617,Падение пассажира,Тяжёлый,1,0,,True
1544919,2025-07-22 15:10:00+03:00,55.542587,37.550776,Столкновение,Тяжёлый,2,0,,True
1544927,2025-07-22 15:30:00+03:00,55.599741,37.660789,Опрокидывание,Тяжёлый,1,0,,True
1544946,2025-07-22 16:22:00+03:00,55.711205,37.853458,Наезд на пешехода,Тяжёлый,1,0,,True
1544957,2025-07-22 17:05:00+03:00,55.889356,37.711851,Столкновение,Тяжёлый,1,0,,True
1544962,2025-07-22 17:15:00+03:00,55.812996,37.829425,Столкновение,Тяжёлый,1,0,,True
1545017,2025-07-22 18:40:00+03:00,55.673767,37.423779,Столкновение,Тяжёлый,1,0,,True
1545025,2025-07-22 18:54:00+03:00,55.741783,37.594013,Наезд на пешехода,Тяжёлый,1,0,,True
1545046,2025-07-22 20:00:00+03:00,55.776911,37.444432,Столкновение,Легкий,1,0,,True
1545070,2025-07-22 21:18:00+03:00,55.880036,37.73097,Столкновение,Тяжёлый,2,0,,True
1545118,2025-07-23 00:40:00+03:00,55.632199,37.747285,Наезд на стоящее ТС,Тяжёлый,1,0,,True
1545122,2025-07-23 01:00:00+03:00,55.633374,37.60383,Опрокидывание,Тяжёлый,1,0,,True
1545140,2025-07-23 05:10:00+03:00,55.433804,37.365135,Наезд на препятствие,Тяжёлый,2,0,,True
1545157,2025-07-23 07:20:00+03:00,55.705076,37.931424,Столкновение,Тяжёлый,1,0,,True
1545160,2025-07-23 07:35:00+03:00,55.883947,37.722952,Столкновение,Тяжёлый,1,0,,True
1545167,2025-07-23 08:00:00+03:00,55.627112,37.71762,Опрокидывание,Тяжёлый,1,0,,True
1545199,2025-07-23 09:55:00+03:00,55.790455,37.743058,Столкновение,Легкий,2,0,,True
1545256,2025-07-23 13:00:00+03:00,55.784332,37.626822,Опрокидывание,Тяжёлый,1,0,,True
1545260,2025-07-23 13:15:00+03:00,55.798899,37.819061,Наезд на пешехода,Легкий,1,0,,True
1545270,2025-07-23 13:50:00+03:00,55.703498,37.594507,Наезд на велосипедиста,Тяжёлый,1,0,,True
1545296,2025-07-23 14:45:00+03:00,55.695493,37.610686,Столкновение,Тяжёлый,1,0,,True
1545321,2025-07-23 15:40:00+03:00,55.673719,37.17015,Столкновение,Тяжёлый,1,0,,True
1545338,2025-07-23 16:15:00+03:00,55.891119,37.52758,Наезд на велосипедиста,Тяжёлый,1,0,,True
1545363,2025-07-23 17:15:00+03:00,55.797259,37.714884,Наезд на пешехода,Легкий,1,0,,True
1545371,2025-07-23 17:33:00+03:00,55.791559,37.635974,Столкновение,Тяжёлый,1,0,,True
1545373,2025-07-23 17:35:00+03:00,55.379787,37.384704,Столкновение,Тяжёлый,1,0,,True
1545378,2025-07-23 17:50:00+03:00,55.610305,37.722437,Наезд на пешехода,Тяжёлый,1,0,,True
1545416,2025-07-23 19:15:00+03:00,55.773942,37.843223,Опрокидывание,Легкий,1,0,,True
1545452,2025-07-23 20:40:00+03:00,55.76616,37.615412,Наезд на пешехода,Тяжёлый,1,0,,True
1545463,2025-07-23 21:04:00+03:00,55.576137,37.675831,Наезд на пешехода,Тяжёлый,1,0,,True
1545465,2025-07-23 21:05:00+03:00,55.627917,37.649406,Наезд на пешехода,Тяжёлый,1,0,,True
1545474,2025-07-23 21:26:00+03:00,55.651139,37.744013,Наезд на пешехода,Тяжёлый,1,0,,True
1545480,2025-07-23 21:40:00+03:00,55.607354,37.601652,Наезд на велосипедиста,Тяжёлый,1,0,,True
1545520,2025-07-24 00:08:00+03:00,55.570757,37.199857,Столкновение,С погибшими,0,1,,True
1545526,2025-07-24 00:50:00+03:00,55.600651,37.750257,Столкновение,Тяжёлый,1,0,,True
1545528,2025-07-24 00:58:00+03:00,55.802722,37.582748,Наезд на пешехода,Тяжёлый,1,0,,True
1545542,2025-07-24 05:15:00+03:00,55.680936,37.735473,Столкновение,Тяжёлый,1,0,,True
1545565,2025-07-24 08:40:00+03:00,55.814931,37.390519,Столкновение,Тяжёлый,1,0,,True
1545572,2025-07-24 09:15:00+03:00,55.737736,37.722985,Столкновение,Тяжёлый,1,0,,True
1545574,2025-07-24 09:15:00+03:00,55.786371,37.355479,Падение пассажира,Легкий,1,0,,True
1545575,2025-07-24 09:20:00+03:00,55.650146,37.496876,Столкновение,Тяжёлый,1,0,,True
1545578,2025-07-24 09:30:00+03:00,55.791541,37.823503,Наезд на пешехода,Тяжёлый,1,0,,True
1545587,2025-07-24 10:00:00+03:00,55.772041,37.4207,Наезд на велосипедиста,Тяжёлый,1,0,,True
1545589,2025-07-24 10:00:00+03:00,55.805633,37.511767,Столкновение,Тяжёлый,1,0,,True
1545592,2025-07-24 10:13:00+03:00,55.701789,37.579415,Падение пассажира,Тяжёлый,1,0,,True
1545607,2025-07-24 11:10:00+03:00,55.498816,36.919931,Наезд на препятствие,Тяжёлый,2,0,,True
1545610,2025-07-24 11:25:00+03:00,55.654614,37.717062,Наезд на велосипедиста,Тяжёлый,1,0,,True
1545621,2025-07-24 12:00:00+03:00,55.769718,37.518611,Наезд на пешехода,С погибшими,0,1,,True
1545638,2025-07-24 12:45:00+03:00,55.730022,37.563393,Наезд на пешехода,Тяжёлый,1,0,,True
1545668,2025-07-24 13:52:00+03:00,55.642869,37.721493,Столкновение,Тяжёлый,1,0,,True
1545674,2025-07-24 14:00:00+03:00,55.680694,37.632508,Опрокидывание,Тяжёлый,1,0,,True
1545683,2025-07-24 14:15:00+03:00,55.809578,37.451524,Наезд на препятствие,Тяжёлый,1,0,,True
1545734,2025-07-24 16:20:00+03:00,55.676465,37.766876,Наезд на пешехода,Тяжёлый,1,0,,True
1545739,2025-07-24 16:39:00+03:00,55.730946,37.472531,Наезд на пешехода,Тяжёлый,3,0,,True
1545763,2025-07-24 17:30:00+03:00,55.803416,37.824254,Наезд на пешехода,Легкий,1,0,,True
1545787,2025-07-24 18:10:00+03:00,55.795389,37.616034,Столкновение,Тяжёлый,1,0,,True
1545792,2025-07-24 18:27:00+03:00,55.724862,37.715839,Столкновение,Тяжёлый,1,0,,True
1545805,2025-07-24 18:50:00+03:00,55.753015,37.543738,Падение пассажира,Тяжёлый,1,0,,True
1545834,2025-07-24 19:58:00+03:00,55.650213,37.834693,Столкновение,Тяжёлый,1,0,,True
1545857,2025-07-24 20:45:00+03:00,55.73358,37.812259,Наезд на велосипедиста,Тяжёлый,1,0,,True
1545880,2025-07-24 22:00:00+03:00,55.674971,37.726225,Столкновение,Тяжёлый,1,0,,True
1545885,2025-07-24 22:19:00+03:00,55.673452,37.760943,Столкновение,Тяжёлый,1,0,,True
1545895,2025-07-24 22:47:00+03:00,55.668668,37.590385,Наезд на препятствие,С погибшими,1,1,,True
1545924,2025-07-25 01:10:00+03:00,55.660644,37.575601,Наезд на препятствие,Тяжёлый,1,0,,True
1545926,2025-07-25 01:12:00+03:00,55.662537,37.554048,Столкновение,Тяжёлый,1,0,,True
1545959,2025-07-25 07:25:00+03:00,55.599766,37.748079,Столкновение,Тяжёлый,1,0,,True
1545998,2025-07-25 09:00:00+03:00,55.821519,37.444829,Столкновение,Тяжёлый,1,0,,True
1546011,2025-07-25 09:25:00+03:00,55.746586,37.669318,Наезд на велосипедиста,Тяжёлый,1,0,,True
1546059,2025-07-25 11:50:00+03:00,55.581122,37.586288,Опрокидывание,Тяжёлый,1,0,,True
1546066,2025-07-25 12:06:00+03:00,55.377111,37.39686,Столкновение,Тяжёлый,2,0,,True
1546088,2025-07-25 13:00:00+03:00,55.586459,37.715871,Столкновение,Тяжёлый,1,0,,True
1546102,2025-07-25 13:30:00+03:00,55.977316,37.164667,Наезд на пешехода,Тяжёлый,1,0,,True
1546104,2025-07-25 13:30:00+03:00,55.881602,37.586669,Столкновение,Тяжёлый,1,0,,True
1546139,2025-07-25 15:00:00+03:00,55.913692,37.548083,Опрокидывание,Тяжёлый,1,0,,True
1546148,2025-07-25 15:29:00+03:00,55.980137,37.18518,Наезд на пешехода,Тяжёлый,1,0,,True
1546161,2025-07-25 15:50:00+03:00,55.609663,37.732061,Столкновение,Тяжёлый,1,0,,True
1546195,2025-07-25 16:30:00+03:00,55.879864,37.583344,Наезд на препятствие,Тяжёлый,1,0,,True
1546202,2025-07-25 16:39:00+03:00,55.644038,37.619129,Наезд на пешехода,Тяжёлый,1,0,,True
1546212,2025-07-25 17:00:00+03:00,55.827112,37.490469,Наезд на велосипедиста,Тяжёлый,1,0,,True
1546234,2025-07-25 17:35:00+03:00,55.758974,37.620567,Столкновение,Тяжёлый,1,0,,True
1546236,2025-07-25 17:40:00+03:00,55.671498,37.765417,Столкновение,Тяжёлый,1,0,,True
1546254,2025-07-25 18:05:00+03:00,55.879745,37.708818,Столкновение,Тяжёлый,1,0,,True
1546262,2025-07-25 18:10:00+03:00,55.734347,37.841088,Столкновение,Легкий,1,0,,True
1546297,2025-07-25 19:18:00+03:00,55.889272,37.541571,Наезд на велосипедиста,Тяжёлый,2,0,,True
1546312,2025-07-25 19:30:00+03:00,55.813905,37.601895,Столкновение,Тяжёлый,3,0,,True
1546315,2025-07-25 19:30:00+03:00,55.84765,37.576976,Столкновение,Тяжёлый,1,0,,True
1546322,2025-07-25 19:57:00+03:00,55.827136,37.817441,Наезд на пешехода,Легкий,1,0,,True
1546335,2025-07-25 20:25:00+03:00,55.731417,37.672141,Наезд на велосипедиста,Тяжёлый,1,0,,True
1546342,2025-07-25 20:35:00+03:00,55.537126,37.504041,Столкновение,Тяжёлый,1,0,,True
1546345,2025-07-25 20:40:00+03:00,55.716626,37.408533,Наезд на пешехода,Тяжёлый,1,0,,True
1546355,2025-07-25 21:05:00+03:00,55.881637,37.656186,Столкновение,Тяжёлый,2,0,,True
1546390,2025-07-25 22:30:00+03:00,55.634634,37.699196,Столкновение,Тяжёлый,2,0,,True
1546391,2025-07-25 22:30:00+03:00,55.835289,37.655618,Столкновение,Тяжёлый,2,0,,True
1546419,2025-07-25 23:41:00+03:00,55.7497,37.632369,Наезд на пешехода,Тяжёлый,1,0,,True
1546465,2025-07-26 03:25:00+03:00,55.681069,37.845969,Столкновение,Тяжёлый,1,0,,True
1546471,2025-07-26 04:00:00+03:00,55.806878,37.636217,Опрокидывание,Тяжёлый,1,0,,True
1546478,2025-07-26 05:05:00+03:00,55.803621,37.458047,Наезд на стоящее ТС,С погибшими,1,1,,True
1546489,2025-07-26 06:30:00+03:00,55.569149,37.599678,Столкновение,Тяжёлый,2,0,,True
1546509,2025-07-26 08:20:00+03:00,55.595974,37.671791,Наезд на препятствие,Легкий,1,0,,True
1546550,2025-07-26 10:46:00+03:00,55.727853,37.424015,Столкновение,Тяжёлый,1,0,,True
1546556,2025-07-26 11:05:00+03:00,55.766794,37.572304,Столкновение,Тяжёлый,1,0,,True
1546559,2025-07-26 11:15:00+03:00,55.907703,37.595773,Столкновение,Тяжёлый,1,0,,True
1546597,2025-07-26 12:30:00+03:00,55.812894,37.475889,Столкновение,Легкий,1,0,,True
1546605,2025-07-26 12:52:00+03:00,55.792596,37.628195,Наезд на велосипедиста,Тяжёлый,1,0,,True
1546641,2025-07-26 14:15:00+03:00,55.708962,37.455343,Опрокидывание,Тяжёлый,1,0,,True
1546642,2025-07-26 14:15:00+03:00,55.766748,37.532601,Столкновение,Тяжёлый,3,0,,True
1546643,2025-07-26 14:16:00+03:00,55.762674,37.48651,Столкновение,Тяжёлый,1,0,,True
1546647,2025-07-26 14:20:00+03:00,55.648282,37.448841,Столкновение,Тяжёлый,1,0,,True
1546686,2025-07-26 15:45:00+03:00,55.737473,37.687916,Столкновение,Легкий,1,0,,True
1546701,2025-07-26 16:16:00+03:00,55.801582,37.745064,Столкновение,Тяжёлый,1,0,,True
1546766,2025-07-26 18:30:00+03:00,55.602033,37.483174,Наезд на пешехода,Тяжёлый,1,0,,True
1546775,2025-07-26 18:50:00+03:00,55.774008,37.589593,Наезд на пешехода,Тяжёлый,1,0,,True
1546789,2025-07-26 19:23:00+03:00,55.809276,37.38272,Наезд на пешехода,Тяжёлый,1,0,,True
1546811,2025-07-26 20:02:00+03:00,55.71568,37.816964,Наезд на пешехода,Тяжёлый,1,0,,True
1546820,2025-07-26 20:22:00+03:00,55.587853,37.719841,Столкновение,Тяжёлый,2,0,,True
1546851,2025-07-26 21:30:00+03:00,55.530525,37.502431,Наезд на пешехода,Тяжёлый,2,0,,True
1546854,2025-07-26 21:40:00+03:00,55.626942,37.66462,Опрокидывание,Тяжёлый,1,0,,True
1546863,2025-07-26 22:00:00+03:00,55.667033,37.653236,Опрокидывание,Тяжёлый,1,0,,True
1546878,2025-07-26 22:43:00+03:00,55.78023,37.557846,Наезд на велосипедиста,Тяжёлый,1,0,,True
1546907,2025-07-27 00:20:00+03:00,55.757416,37.632819,Наезд на пешехода,Тяжёлый,1,0,,True
1546952,2025-07-27 05:05:00+03:00,55.803114,37.793108,Опрокидывание,С погибшими,0,1,,True
1547012,2025-07-27 10:19:00+03:00,55.897541,37.55473,Столкновение,Тяжёлый,1,0,,True
1547016,2025-07-27 10:36:00+03:00,55.598323,37.597328,Столкновение,С погибшими,1,1,,True
1547020,2025-07-27 10:50:00+03:00,55.634586,37.319752,Наезд на пешехода,Тяжёлый,1,0,,True
1547035,2025-07-27 11:30:00+03:00,55.873431,37.677952,Наезд на пешехода,Тяжёлый,1,0,,True
1547045,2025-07-27 12:00:00+03:00,55.588275,37.643049,Опрокидывание,Тяжёлый,1,0,,True
1547103,2025-07-27 14:57:00+03:00,55.853119,37.606813,Столкновение,Тяжёлый,1,0,,True
1547126,2025-07-27 15:45:00+03:00,55.574997,37.612284,Опрокидывание,Тяжёлый,1,0,,True
1547136,2025-07-27 16:00:00+03:00,55.788012,37.486575,Столкновение,Тяжёлый,1,0,,True
1547140,2025-07-27 16:05:00+03:00,55.82025,37.57879,Столкновение,Тяжёлый,1,0,,True
1547189,2025-07-27 18:07:00+03:00,55.622211,37.506187,Наезд на пешехода,Тяжёлый,1,0,,True
1547199,2025-07-27 18:25:00+03:00,55.83068,37.362549,Наезд на велосипедиста,Тяжёлый,1,0,,True
1547205,2025-07-27 18:42:00+03:00,55.699405,37.402096,Наезд на стоящее ТС,Тяжёлый,1,0,,True
1547223,2025-07-27 19:30:00+03:00,55.820266,37.466533,Опрокидывание,Тяжёлый,1,0,,True
1547239,2025-07-27 20:00:00+03:00,55.617973,37.757901,Наезд на пешехода,Тяжёлый,1,0,,True
1547257,2025-07-27 20:50:00+03:00,55.77175,37.678756,Наезд на пешехода,Тяжёлый,1,0,,True
1547300,2025-07-27 22:30:00+03:00,55.816336,37.520692,Столкновение,Тяжёлый,1,0,,True
1547351,2025-07-28 04:14:00+03:00,55.761053,37.657372,Опрокидывание,Тяжёлый,1,0,,True
1547352,2025-07-28 04:30:00+03:00,55.818331,37.391195,Наезд на препятствие,Тяжёлый,2,0,,True
1547353,2025-07-28 04:40:00+03:00,55.754705,37.707556,Опрокидывание,Тяжёлый,1,0,,True
1547363,2025-07-28 05:50:00+03:00,55.765372,37.481661,Столкновение,Тяжёлый,1,0,,True
1547394,2025-07-28 08:40:00+03:00,55.709809,37.558415,Столкновение,Тяжёлый,1,0,,True
1547403,2025-07-28 09:15:00+03:00,55.627559,37.800136,Наезд на стоящее ТС,Тяжёлый,2,0,,True
1547405,2025-07-28 09:30:00+03:00,55.646405,37.694607,Столкновение,Тяжёлый,3,0,,True
1547407,2025-07-28 09:34:00+03:00,55.702141,37.111298,Столкновение,Тяжёлый,6,0,,True
1547425,2025-07-28 11:00:00+03:00,55.622308,37.786875,Столкновение,Тяжёлый,1,0,,True
1547426,2025-07-28 11:05:00+03:00,55.836066,37.489321,Наезд на велосипедиста,Тяжёлый,1,0,,True
1547429,2025-07-28 11:07:00+03:00,55.637305,37.461684,Столкновение,Тяжёлый,1,0,,True
1547449,2025-07-28 12:19:00+03:00,55.684504,37.665607,Столкновение,Легкий,1,0,,True
1547453,2025-07-28 12:23:00+03:00,55.747472,37.417867,Столкновение,Легкий,1,0,,True
1547460,2025-07-28 12:30:00+03:00,55.733562,37.468454,Опрокидывание,Легкий,1,0,,True
1547525,2025-07-28 15:15:00+03:00,55.920203,37.539661,Столкновение,Тяжёлый,1,0,,True
1547563,2025-07-28 17:04:00+03:00,55.853968,37.524147,Столкновение,Тяжёлый,1,0,,True
1547580,2025-07-28 17:37:00+03:00,55.638788,37.751834,Наезд на велосипедиста,Тяжёлый,1,0,,True
1547583,2025-07-28 17:40:00+03:00,55.625464,37.702653,Опрокидывание,Тяжёлый,1,0,,True
1547597,2025-07-28 18:00:00+03:00,55.813615,37.582504,Столкновение,Тяжёлый,2,0,,True
1547606,2025-07-28 18:23:00+03:00,55.768333,37.644348,Наезд на пешехода,Тяжёлый,1,0,,True
1547620,2025-07-28 18:40:00+03:00,55.821339,37.660371,Наезд на пешехода,Тяжёлый,1,0,,True
1547629,2025-07-28 18:54:00+03:00,55.63903,37.352668,Наезд на пешехода,Тяжёлый,1,0,,True
1547640,2025-07-28 19:07:00+03:00,55.71714,37.437651,Наезд на пешехода,Тяжёлый,1,0,,True
1547642,2025-07-28 19:10:00+03:00,55.71998,37.626425,Падение пассажира,Легкий,1,0,,True
1547646,2025-07-28 19:20:00+03:00,55.81082,37.403426,Наезд на пешехода,Тяжёлый,1,0,,True
1547649,2025-07-28 19:28:00+03:00,55.773127,37.609806,Столкновение,Тяжёлый,1,0,,True
1547661,2025-07-28 19:50:00+03:00,55.681284,37.64923,Наезд на пешехода,Тяжёлый,1,0,,True
1547666,2025-07-28 20:01:00+03:00,55.621357,37.615042,Столкновение,Легкий,1,0,,True
1547667,2025-07-28 20:05:00+03:00,55.810476,37.839006,Столкновение,Тяжёлый,1,0,,True
1547687,2025-07-28 20:56:00+03:00,55.695293,37.517538,Опрокидывание,Тяжёлый,1,0,,True
1547699,2025-07-28 21:18:00+03:00,55.836042,37.489353,Столкновение,Тяжёлый,1,0,,True
1547701,2025-07-28 21:24:00+03:00,55.7203,37.42909,Столкновение,Тяжёлый,1,0,,True
1547718,2025-07-28 22:47:00+03:00,55.801878,37.527291,Столкновение,Тяжёлый,1,0,,True
1547732,2025-07-28 23:30:00+03:00,55.58832,37.671111,Опрокидывание,Тяжёлый,1,0,,True
1547737,2025-07-29 00:05:00+03:00,55.740104,37.646638,Столкновение,Тяжёлый,1,0,,True
1547748,2025-07-29 01:10:00+03:00,55.638479,37.641574,Опрокидывание,Тяжёлый,1,0,,True
1547768,2025-07-29 06:55:00+03:00,55.73117,37.487851,Наезд на пешехода,Тяжёлый,1,0,,True
1547789,2025-07-29 07:58:00+03:00,55.816288,37.83833,Столкновение,Легкий,1,0,,True
1547807,2025-07-29 08:42:00+03:00,55.81586,37.500297,Столкновение,Тяжёлый,1,0,,True
1547814,2025-07-29 09:00:00+03:00,55.726947,37.608476,Наезд на велосипедиста,Тяжёлый,1,0,,True
1547826,2025-07-29 10:00:00+03:00,55.902829,37.612639,Столкновение,Тяжёлый,1,0,,True
1547841,2025-07-29 10:50:00+03:00,55.829673,37.572277,Столкновение,Тяжёлый,1,0,,True
1547844,2025-07-29 11:04:00+03:00,55.729086,37.663375,Наезд на пешехода,Тяжёлый,1,0,,True
1547853,2025-07-29 11:30:00+03:00,55.744972,37.422963,Наезд на пешехода,Тяжёлый,1,0,,True
1547857,2025-07-29 11:35:00+03:00,55.789357,37.381657,Наезд на велосипедиста,Тяжёлый,1,0,,True
1547868,2025-07-29 12:11:00+03:00,55.805466,37.764452,Наезд на пешехода,Легкий,1,0,,True
1547900,2025-07-29 13:39:00+03:00,55.75875,37.554982,Наезд на пешехода,Тяжёлый,1,0,,True
1547915,2025-07-29 14:20:00+03:00,55.766619,37.610261,Наезд на велосипедиста,Тяжёлый,1,0,,True
1547917,2025-07-29 14:28:00+03:00,55.699749,37.842815,Наезд на велосипедиста,Тяжёлый,1,0,,True
1547919,2025-07-29 14:30:00+03:00,55.892874,37.673692,Наезд на велосипедиста,Тяжёлый,1,0,,True
1547941,2025-07-29 15:20:00+03:00,55.79595,37.64222,Опрокидывание,Тяжёлый,1,0,,True
1547943,2025-07-29 15:20:00+03:00,55.739898,37.550143,Наезд на пешехода,Тяжёлый,1,0,,True
1547964,2025-07-29 16:10:00+03:00,55.641113,37.602907,Опрокидывание,Тяжёлый,1,0,,True
1548003,2025-07-29 17:20:00+03:00,55.6454,37.672462,Столкновение,Тяжёлый,1,0,,True
1548006,2025-07-29 17:30:00+03:00,55.586143,37.715077,Столкновение,Тяжёлый,1,0,,True
1548018,2025-07-29 17:51:00+03:00,55.752085,37.792261,Наезд на пешехода,Легкий,1,0,,True
1548025,2025-07-29 18:00:00+03:00,55.7377,37.648623,Столкновение,Тяжёлый,1,0,,True
1548033,2025-07-29 18:14:00+03:00,55.745159,37.812817,Наезд на велосипедиста,Легкий,1,0,,True
1548086,2025-07-29 19:35:00+03:00,55.672633,37.651545,Наезд на пешехода,Тяжёлый,1,0,,True
1548119,2025-07-29 20:47:00+03:00,55.793387,37.806412,Падение пассажира,Легкий,1,0,,True
1548142,2025-07-29 21:45:00+03:00,55.574536,37.566451,Столкновение,Тяжёлый,2,0,,True
1548154,2025-07-29 22:10:00+03:00,55.649148,37.74411,Наезд на пешехода,Тяжёлый,1,0,,True
1548176,2025-07-29 22:45:00+03:00,55.750274,37.208858,Столкновение,Легкий,1,0,,True
1548191,2025-07-29 23:40:00+03:00,55.863407,37.659174,Наезд на стоящее ТС,Тяжёлый,4,0,,True
1548202,2025-07-30 00:53:00+03:00,55.794738,37.840594,Наезд на стоящее ТС,С погибшими,0,1,,True
1548287,2025-07-30 08:50:00+03:00,55.598919,37.724202,Падение пассажира,Тяжёлый,1,0,,True
1548288,2025-07-30 08:50:00+03:00,55.551444,37.537215,Столкновение,Тяжёлый,1,0,,True
1548313,2025-07-30 09:45:00+03:00,55.667844,37.419519,Наезд на велосипедиста,Тяжёлый,1,0,,True
1548332,2025-07-30 10:32:00+03:00,55.820566,37.620605,Столкновение,Тяжёлый,2,0,,True
1548347,2025-07-30 11:20:00+03:00,55.763353,37.560213,Столкновение,Тяжёлый,1,0,,True
1548420,2025-07-30 14:44:00+03:00,55.854896,37.566676,Падение пассажира,Тяжёлый,2,0,,True
1548451,2025-07-30 15:30:00+03:00,55.778462,37.549134,Столкновение,Тяжёлый,1,0,,True
1548456,2025-07-30 15:43:00+03:00,55.810338,37.810735,Наезд на пешехода,Тяжёлый,1,0,,True
1548476,2025-07-30 16:30:00+03:00,55.687731,37.603206,Падение пассажира,Тяжёлый,1,0,,True
1548492,2025-07-30 17:00:00+03:00,55.70296,37.457843,Наезд на велосипедиста,Тяжёлый,1,0,,True
1548515,2025-07-30 17:45:00+03:00,55.704124,37.639466,Наезд на стоящее ТС,Тяжёлый,1,0,,True
1548520,2025-07-30 17:58:00+03:00,55.706272,37.655725,Наезд на пешехода,Тяжёлый,1,0,,True
1548539,2025-07-30 18:25:00+03:00,55.610451,37.722545,Наезд на пешехода,Тяжёлый,1,0,,True
1548578,2025-07-30 19:40:00+03:00,55.750717,37.643009,Столкновение,Легкий,1,0,,True
1548600,2025-07-30 20:12:00+03:00,55.907991,37.410593,Столкновение,Тяжёлый,2,0,,True
1548625,2025-07-30 21:10:00+03:00,55.62928,37.632122,Столкновение,Тяжёлый,1,0,,True
1548631,2025-07-30 21:25:00+03:00,55.799568,37.534887,Опрокидывание,Тяжёлый,1,0,,True
1548641,2025-07-30 21:51:00+03:00,55.433056,37.368515,Столкновение,Тяжёлый,1,0,,True
1548652,2025-07-30 22:30:00+03:00,55.740376,37.489589,Наезд на пешехода,Тяжёлый,1,0,,True
1548653,2025-07-30 22:30:00+03:00,55.681625,37.761029,Столкновение,Тяжёлый,1,0,,True
1548654,2025-07-30 22:30:00+03:00,55.894744,37.585865,Наезд на пешехода,Тяжёлый,1,0,,True
1548664,2025-07-30 23:00:00+03:00,55.707651,37.621082,Столкновение,Тяжёлый,1,0,,True
1548666,2025-07-30 23:24:00+03:00,55.77778,37.521486,Наезд на пешехода,Тяжёлый,1,0,,True
1548671,2025-07-30 23:40:00+03:00,55.866037,37.6386,Опрокидывание,Тяжёлый,1,0,,True
1548718,2025-07-31 07:45:00+03:00,55.813201,37.735623,Столкновение,Тяжёлый,1,0,,True
1548722,2025-07-31 07:55:00+03:00,55.779168,37.478979,Столкновение,Тяжёлый,1,0,,True
1548725,2025-07-31 08:05:00+03:00,55.847193,37.362152,Столкновение,Тяжёлый,1,0,,True
1548729,2025-07-31 08:25:00+03:00,55.756855,37.521315,Наезд на пешехода,Тяжёлый,1,0,,True
1548737,2025-07-31 08:45:00+03:00,55.585494,37.597318,Столкновение,Тяжёлый,1,0,,True
1548776,2025-07-31 10:56:00+03:00,55.781653,37.536163,Столкновение,Тяжёлый,1,0,,True
1548781,2025-07-31 11:05:00+03:00,55.59588,37.662849,Столкновение,Тяжёлый,1,0,,True
1548788,2025-07-31 11:17:00+03:00,55.816957,37.499331,Столкновение,Легкий,1,0,,True
1548814,2025-07-31 12:20:00+03:00,55.818976,37.580913,Столкновение,Тяжёлый,1,0,,True
1548818,2025-07-31 12:40:00+03:00,55.743812,37.863833,Наезд на пешехода,Легкий,1,0,,True
1548837,2025-07-31 13:20:00+03:00,55.879193,37.620192,Наезд на велосипедиста,Тяжёлый,1,0,,True
1548838,2025-07-31 13:20:00+03:00,55.76329,37.560496,Наезд на велосипедиста,Тяжёлый,1,0,,True
1548842,2025-07-31 13:30:00+03:00,55.62132,37.61501,Столкновение,Тяжёлый,1,0,,True
1548851,2025-07-31 13:55:00+03:00,55.607957,37.532886,Наезд на пешехода,Тяжёлый,1,0,,True
1548877,2025-07-31 14:50:00+03:00,55.672626,37.635668,Столкновение,Тяжёлый,1,0,,True
1548912,2025-07-31 16:35:00+03:00,55.67389,37.524084,Столкновение,Тяжёлый,1,0,,True
1548925,2025-07-31 17:00:00+03:00,55.615595,37.598037,Наезд на велосипедиста,Тяжёлый,1,0,,True
1548927,2025-07-31 17:00:00+03:00,55.738546,37.521776,Наезд на велосипедиста,Тяжёлый,1,0,,True
1548947,2025-07-31 17:48:00+03:00,55.583845,37.708962,Столкновение,Тяжёлый,1,0,,True
1548951,2025-07-31 17:55:00+03:00,55.708098,37.747371,Столкновение,Тяжёлый,1,0,,True
1548983,2025-07-31 18:40:00+03:00,55.702428,37.840433,Столкновение,Тяжёлый,1,0,,True
1549043,2025-07-31 20:38:00+03:00,55.702663,37.472187,Наезд на пешехода,Тяжёлый,2,0,,True
1549048,2025-07-31 21:00:00+03:00,55.707735,37.747854,Столкновение,Тяжёлый,1,0,,True
1549069,2025-07-31 21:47:00+03:00,55.728363,37.625247,Наезд на пешехода,Тяжёлый,1,0,,True
1549076,2025-07-31 22:15:00+03:00,55.657332,37.765138,Столкновение,Тяжёлый,1,0,,True
1549091,2025-07-31 23:00:00+03:00,55.7718,37.517742,Наезд на велосипедиста,Тяжёлый,1,0,,True
1549117,2025-08-01 01:38:00+03:00,55.77341,37.591073,Столкновение,Тяжёлый,1,0,,True
1549127,2025-08-01 03:50:00+03:00,55.645491,37.619548,Столкновение,С погибшими,0,1,,True
1549132,2025-08-01 05:02:00+03:00,55.589964,37.724804,Столкновение,Тяжёлый,4,0,,True
1549138,2025-08-01 05:40:00+03:00,55.701835,37.914655,Наезд на стоящее ТС,Тяжёлый,1,0,,True
1549150,2025-08-01 07:40:00+03:00,55.731614,37.49041,Столкновение,Тяжёлый,1,0,,True
1549218,2025-08-01 11:25:00+03:00,55.773532,37.485148,Наезд на стоящее ТС,Тяжёлый,1,0,,True
1549260,2025-08-01 13:30:00+03:00,55.788573,37.592071,Наезд на пешехода,Тяжёлый,1,0,,True
1549297,2025-08-01 15:05:00+03:00,55.781599,37.711966,Наезд на велосипедиста,Легкий,1,0,,True
1549309,2025-08-01 15:30:00+03:00,55.801637,37.450333,Падение пассажира,Тяжёлый,2,0,,True
1549321,2025-08-01 15:55:00+03:00,55.635158,37.604181,Столкновение,Тяжёлый,1,0,,True
1549326,2025-08-01 16:10:00+03:00,55.603957,37.52222,Наезд на пешехода,С погибшими,2,1,,True
1549440,2025-08-01 19:15:00+03:00,55.835892,37.35594,Столкновение,Тяжёлый,1,0,,True
1549454,2025-08-01 19:35:00+03:00,55.660779,37.558709,Наезд на велосипедиста,Тяжёлый,1,0,,True
1549473,2025-08-01 20:18:00+03:00,55.699538,37.460783,Наезд на велосипедиста,Тяжёлый,1,0,,True
1549513,2025-08-01 21:42:00+03:00,55.666621,37.442039,Столкновение,Тяжёлый,1,0,,True
1549547,2025-08-01 23:38:00+03:00,55.715321,37.39818,Наезд на пешехода,Тяжёлый,1,0,,True
1549548,2025-08-01 23:40:00+03:00,55.825726,37.761136,Столкновение,Легкий,1,0,,True
1549561,2025-08-02 00:11:00+03:00,55.537629,37.394929,Столкновение,Тяжёлый,1,0,,True
1549563,2025-08-02 00:15:00+03:00,55.748713,37.636204,Наезд на пешехода,Тяжёлый,1,0,,True
1549595,2025-08-02 02:37:00+03:00,55.99277,37.176641,Наезд на стоящее ТС,Тяжёлый,1,0,,True
1549597,2025-08-02 02:48:00+03:00,55.838307,37.396163,Наезд на препятствие,Тяжёлый,1,0,,True
1549598,2025-08-02 02:55:00+03:00,55.723575,37.603937,Столкновение,Тяжёлый,1,0,,True
1549633,2025-08-02 07:05:00+03:00,55.812056,37.619355,Наезд на велосипедиста,Тяжёлый,1,0,,True
1549795,2025-08-02 15:00:00+03:00,55.722397,37.663558,Столкновение,Тяжёлый,1,0,,True
1549800,2025-08-02 15:10:00+03:00,55.820887,37.763625,Наезд на пешехода,Тяжёлый,1,0,,True
1549821,2025-08-02 15:45:00+03:00,55.610251,37.713028,Столкновение,Тяжёлый,1,0,,True
1549822,2025-08-02 15:48:00+03:00,55.742979,37.575613,Наезд на пешехода,Тяжёлый,1,0,,True
1549865,2025-08-02 17:45:00+03:00,55.780586,37.842525,Столкновение,Тяжёлый,1,0,,True
1549883,2025-08-02 18:20:00+03:00,55.771987,37.824479,Столкновение,Тяжёлый,1,0,,True
1549887,2025-08-02 18:26:00+03:00,55.746687,37.842203,Столкновение,Тяжёлый,1,0,,True
1549901,2025-08-02 18:42:00+03:00,55.843705,37.547761,Наезд на пешехода,Тяжёлый,1,0,,True
1549907,2025-08-02 18:58:00+03:00,55.692965,37.815993,Столкновение,Тяжёлый,6,0,,True
1549918,2025-08-02 19:24:00+03:00,55.370576,37.419777,Наезд на стоящее ТС,Тяжёлый,3,0,,True
1549944,2025-08-02 20:21:00+03:00,55.429975,36.893281,Опрокидывание,Тяжёлый,1,0,,True
1549983,2025-08-02 21:57:00+03:00,55.60101,37.619342,Опрокидывание,Тяжёлый,1,0,,True
1549988,2025-08-02 22:03:00+03:00,55.805454,37.514341,Столкновение,Тяжёлый,1,0,,True
1550018,2025-08-02 23:30:00+03:00,55.7185,37.570238,Столкновение,С погибшими,2,2,,True
1550029,2025-08-02 23:54:00+03:00,55.748094,37.632658,Наезд на препятствие,Тяжёлый,1,0,,True
1550041,2025-08-03 00:22:00+03:00,55.744402,37.613494,Столкновение,Тяжёлый,1,0,,True
1550055,2025-08-03 01:31:00+03:00,55.599675,37.48239,Столкновение,Тяжёлый,1,0,,True
1550056,2025-08-03 01:36:00+03:00,55.595674,37.479569,Столкновение,Тяжёлый,1,0,,True
1550061,2025-08-03 02:15:00+03:00,55.586046,37.714906,Наезд на пешехода,С погибшими,0,1,,True
1550089,2025-08-03 06:50:00+03:00,55.628111,37.617752,Столкновение,Тяжёлый,1,0,,True
1550113,2025-08-03 09:26:00+03:00,55.673652,37.469505,Падение пассажира,Тяжёлый,1,0,,True
1550114,2025-08-03 09:30:00+03:00,55.768643,37.745118,Наезд на велосипедиста,Легкий,1,0,,True
1550156,2025-08-03 12:10:00+03:00,55.804326,37.54289,Столкновение,Тяжёлый,1,0,,True
1550167,2025-08-03 12:50:00+03:00,55.544719,37.459334,Столкновение,Тяжёлый,1,0,,True
1550185,2025-08-03 13:40:00+03:00,55.678982,37.645501,Наезд на велосипедиста,Тяжёлый,1,0,,True
1550192,2025-08-03 14:05:00+03:00,55.696327,37.406709,Столкновение,Тяжёлый,1,0,,True
1550224,2025-08-03 15:25:00+03:00,55.68226,37.665317,Наезд на велосипедиста,Тяжёлый,1,0,,True
1550241,2025-08-03 15:50:00+03:00,55.823668,37.611093,Наезд на велосипедиста,Тяжёлый,1,0,,True
1550282,2025-08-03 17:36:00+03:00,55.77183,37.491875,Наезд на пешехода,Легкий,1,0,,True
1550285,2025-08-03 17:40:00+03:00,55.547959,37.544297,Наезд на пешехода,Тяжёлый,1,0,,True
1550289,2025-08-03 17:45:00+03:00,55.692094,37.856365,Столкновение,Тяжёлый,1,0,,True
1550312,2025-08-03 18:35:00+03:00,55.61124,37.7191,Столкновение,Легкий,1,0,,True
1550396,2025-08-03 21:45:00+03:00,55.887717,37.613975,Наезд на пешехода,С погибшими,0,1,,True
1550401,2025-08-03 22:00:00+03:00,55.639969,37.591674,Наезд на велосипедиста,Тяжёлый,1,0,,True
1550403,2025-08-03 22:04:00+03:00,55.84035,37.348816,Наезд на велосипедиста,Тяжёлый,1,0,,True
1550422,2025-08-03 23:25:00+03:00,55.71381,37.949921,Наезд на стоящее ТС,Тяжёлый,1,0,,True
1550427,2025-08-03 23:55:00+03:00,55.924526,37.545948,Наезд на пешехода,С погибшими,0,1,,True
1550476,2025-08-04 08:15:00+03:00,55.74194,37.731514,Столкновение,Тяжёлый,1,0,,True
1550479,2025-08-04 08:25:00+03:00,55.694023,37.818042,Столкновение,Тяжёлый,1,0,,True
1550483,2025-08-04 08:50:00+03:00,55.641398,37.70849,Наезд на велосипедиста,Тяжёлый,1,0,,True
1550520,2025-08-04 10:43:00+03:00,55.660545,37.839468,Столкновение,Тяжёлый,1,0,,True
1550544,2025-08-04 12:01:00+03:00,55.697434,37.497089,Наезд на пешехода,Тяжёлый,1,0,,True
1550555,2025-08-04 12:20:00+03:00,55.515135,37.538685,Столкновение,Тяжёлый,1,0,,True
1550645,2025-08-04 15:40:00+03:00,55.604766,37.720367,Столкновение,Тяжёлый,1,0,,True
1550664,2025-08-04 16:30:00+03:00,55.69358,37.582969,Наезд на велосипедиста,Тяжёлый,1,0,,True
1550668,2025-08-04 16:34:00+03:00,55.696049,37.540337,Наезд на велосипедиста,Тяжёлый,1,0,,True
1550698,2025-08-04 17:30:00+03:00,55.775653,37.584073,Наезд на пешехода,Тяжёлый,1,0,,True
1550700,2025-08-04 17:38:00+03:00,55.75264,37.575012,Столкновение,Тяжёлый,1,0,,True
1550707,2025-08-04 17:52:00+03:00,55.772071,37.412181,Столкновение,Тяжёлый,1,0,,True
1550717,2025-08-04 18:10:00+03:00,55.659722,37.735827,Столкновение,Тяжёлый,1,0,,True
1550745,2025-08-04 19:15:00+03:00,55.614368,37.60477,Наезд на пешехода,Легкий,1,0,,True
1550778,2025-08-04 20:30:00+03:00,55.555273,37.587587,Наезд на препятствие,Тяжёлый,1,0,,True
1550788,2025-08-04 20:55:00+03:00,55.746411,37.532553,Столкновение,Тяжёлый,1,0,,True
1550795,2025-08-04 21:10:00+03:00,55.849987,37.452832,Столкновение,Тяжёлый,1,0,,True
1550800,2025-08-04 21:25:00+03:00,55.729068,37.729572,Столкновение,Тяжёлый,1,0,,True
1550803,2025-08-04 21:25:00+03:00,55.678763,37.685267,Наезд на пешехода,Тяжёлый,1,0,,True
1550814,2025-08-04 21:50:00+03:00,55.558587,37.490394,Опрокидывание,Тяжёлый,1,0,,True
1550829,2025-08-04 23:00:00+03:00,55.788489,37.539715,Столкновение,Тяжёлый,2,0,,True
1550838,2025-08-05 00:10:00+03:00,55.748596,37.645417,Столкновение,Тяжёлый,2,0,,True
1550846,2025-08-05 00:47:00+03:00,55.69529,37.610273,Наезд на пешехода,С погибшими,0,1,,True
1550862,2025-08-05 03:50:00+03:00,55.586078,37.714896,Столкновение,Тяжёлый,1,0,,True
1550898,2025-08-05 08:10:00+03:00,55.844898,37.584336,Наезд на препятствие,Тяжёлый,1,0,,True
1550919,2025-08-05 09:45:00+03:00,55.898257,37.626637,Опрокидывание,Тяжёлый,1,0,,True
1550928,2025-08-05 10:15:00+03:00,55.841675,37.527966,Наезд на велосипедиста,Тяжёлый,1,0,,True
1550932,2025-08-05 10:45:00+03:00,55.678931,37.625044,Столкновение,Тяжёлый,1,0,,True
1550941,2025-08-05 11:15:00+03:00,55.797373,37.615928,Наезд на пешехода,Тяжёлый,1,0,,True
1550945,2025-08-05 11:40:00+03:00,55.72169,37.635652,Опрокидывание,Легкий,1,0,,True
1550969,2025-08-05 12:49:00+03:00,55.754693,37.78254,Падение пассажира,Легкий,1,0,,True
1550973,2025-08-05 12:55:00+03:00,55.855961,37.561322,Столкновение,Тяжёлый,1,0,,True
1551014,2025-08-05 14:33:00+03:00,55.695173,37.458133,Наезд на велосипедиста,Тяжёлый,1,0,,True
1551039,2025-08-05 15:30:00+03:00,55.523669,37.123865,Столкновение,Тяжёлый,1,0,,True
1551040,2025-08-05 15:30:00+03:00,55.84921,37.354331,Наезд на пешехода,Тяжёлый,1,0,,True
1551046,2025-08-05 15:40:00+03:00,55.621999,37.745268,Наезд на пешехода,Тяжёлый,2,0,,True
1551063,2025-08-05 16:05:00+03:00,55.65945,37.740129,Наезд на пешехода,Тяжёлый,1,0,,True
1551070,2025-08-05 16:20:00+03:00,55.639206,37.620331,Столкновение,Легкий,1,0,,True
1551075,2025-08-05 16:31:00+03:00,55.668279,37.479569,Столкновение,Тяжёлый,1,0,,True
1551121,2025-08-05 18:15:00+03:00,55.758817,37.619762,Наезд на пешехода,Тяжёлый,1,0,,True
1551151,2025-08-05 19:00:00+03:00,55.886907,37.541989,Столкновение,Тяжёлый,1,0,,True
1551153,2025-08-05 19:00:00+03:00,55.612596,37.538019,Наезд на стоящее ТС,Тяжёлый,1,0,,True
1551170,2025-08-05 19:35:00+03:00,55.769144,37.369587,Столкновение,Тяжёлый,1,0,,True
1551172,2025-08-05 19:40:00+03:00,55.607053,37.496972,Наезд на стоящее ТС,Тяжёлый,1,0,,True
1551173,2025-08-05 19:40:00+03:00,55.886215,37.68773,Наезд на велосипедиста,Тяжёлый,1,0,,True
1551183,2025-08-05 19:54:00+03:00,55.706702,37.396152,Наезд на велосипедиста,Тяжёлый,1,0,,True
1551191,2025-08-05 20:20:00+03:00,55.795027,37.805479,Наезд на велосипедиста,Тяжёлый,1,0,,True
1551209,2025-08-05 21:05:00+03:00,55.769633,37.54141,Опрокидывание,Тяжёлый,1,0,,True
1551238,2025-08-05 22:25:00+03:00,55.899673,37.542783,Падение пассажира,Тяжёлый,1,0,,True
1551245,2025-08-05 23:50:00+03:00,55.608299,37.764806,Наезд на стоящее ТС,Легкий,3,0,,True
1551250,2025-08-06 00:06:00+03:00,55.615625,37.59308,Опрокидывание,Тяжёлый,1,0,,True
1551295,2025-08-06 07:30:00+03:00,55.883948,37.442446,Столкновение,Тяжёлый,1,0,,True
1551316,2025-08-06 08:55:00+03:00,55.797253,37.689393,Наезд на препятствие,Тяжёлый,1,0,,True
1551321,2025-08-06 09:17:00+03:00,55.59029,37.594786,Столкновение,Тяжёлый,1,0,,True
1551322,2025-08-06 09:17:00+03:00,55.703117,37.667023,Столкновение,Тяжёлый,1,0,,True
1551351,2025-08-06 10:48:00+03:00,55.546437,37.532001,Наезд на велосипедиста,Тяжёлый,1,0,,True
1551359,2025-08-06 11:20:00+03:00,55.804251,37.636333,Падение пассажира,Тяжёлый,1,0,,True
1551397,2025-08-06 13:00:00+03:00,55.826922,37.630851,Опрокидывание,Тяжёлый,1,0,,True
1551406,2025-08-06 13:10:00+03:00,55.703794,37.742393,Столкновение,Тяжёлый,1,0,,True
1551408,2025-08-06 13:20:00+03:00,55.621491,37.727795,Столкновение,Тяжёлый,1,0,,True
1551420,2025-08-06 13:50:00+03:00,55.720077,37.604967,Опрокидывание,Тяжёлый,1,0,,True
1551423,2025-08-06 13:56:00+03:00,55.8982,37.53553,Столкновение,Тяжёлый,1,0,,True
1551429,2025-08-06 14:00:00+03:00,55.85598,37.656527,Наезд на пешехода,Тяжёлый,1,0,,True
1551458,2025-08-06 15:27:00+03:00,55.71744,37.408249,Наезд на велосипедиста,С погибшими,0,1,,True
1551469,2025-08-06 16:00:00+03:00,55.650831,37.751598,Столкновение,Тяжёлый,1,0,,True
1551493,2025-08-06 16:50:00+03:00,55.66978,37.720313,Столкновение,Тяжёлый,1,0,,True
1551496,2025-08-06 17:00:00+03:00,55.683912,37.693244,Наезд на велосипедиста,Тяжёлый,1,0,,True
1551515,2025-08-06 17:30:00+03:00,55.75846,37.75207,Столкновение,Тяжёлый,1,0,,True
1551552,2025-08-06 18:50:00+03:00,55.733568,37.501198,Столкновение,Тяжёлый,1,0,,True
1551557,2025-08-06 19:00:00+03:00,55.626721,37.519184,Столкновение,Тяжёлый,1,0,,True
1551561,2025-08-06 19:00:00+03:00,55.878292,37.619267,Столкновение,Тяжёлый,1,0,,True
1551566,2025-08-06 19:12:00+03:00,55.866884,37.404939,Наезд на пешехода,Тяжёлый,1,0,,True
1551567,2025-08-06 19:15:00+03:00,55.78873,37.474848,Наезд на велосипедиста,Тяжёлый,1,0,,True
1551606,2025-08-06 20:45:00+03:00,55.659462,37.574304,Столкновение,Тяжёлый,1,0,,True
1551635,2025-08-06 22:00:00+03:00,55.776579,37.466576,Столкновение,Тяжёлый,1,0,,True
1551645,2025-08-06 22:15:00+03:00,55.88432,37.408179,Столкновение,Тяжёлый,1,0,,True
1551648,2025-08-06 22:20:00+03:00,55.641136,37.400861,Наезд на пешехода,Тяжёлый,1,0,,True
1551649,2025-08-06 22:25:00+03:00,55.638445,37.353067,Столкновение,Легкий,1,0,,True
1551703,2025-08-07 05:57:00+03:00,55.776217,37.472273,Столкновение,Тяжёлый,2,0,,True
1551740,2025-08-07 08:55:00+03:00,55.624767,37.59853,Наезд на препятствие,Тяжёлый,1,0,,True
1551741,2025-08-07 09:00:00+03:00,55.661096,37.741771,Столкновение,Тяжёлый,1,0,,True
1551773,2025-08-07 10:40:00+03:00,55.856738,37.535917,Столкновение,Тяжёлый,1,0,,True
1551796,2025-08-07 11:30:00+03:00,55.703455,37.816744,Наезд на пешехода,Тяжёлый,1,0,,True
1551800,2025-08-07 11:35:00+03:00,55.737994,37.672611,Наезд на пешехода,Тяжёлый,1,0,,True
1551804,2025-08-07 11:50:00+03:00,55.70244,37.924461,Столкновение,Тяжёлый,1,0,,True
1551822,2025-08-07 12:30:00+03:00,55.808565,37.782079,Падение пассажира,Легкий,1,0,,True
1551828,2025-08-07 12:50:00+03:00,55.603114,37.714037,Наезд на пешехода,Легкий,1,0,,True
1551833,2025-08-07 12:58:00+03:00,55.739615,37.550669,Наезд на препятствие,Тяжёлый,1,0,,True
1551877,2025-08-07 14:46:00+03:00,55.773333,37.819716,Наезд на пешехода,Легкий,1,0,,True
1551891,2025-08-07 15:10:00+03:00,55.654753,37.738477,Столкновение,Тяжёлый,1,0,,True
1551908,2025-08-07 15:50:00+03:00,55.834018,37.648097,Наезд на пешехода,Тяжёлый,1,0,,True
1551921,2025-08-07 16:20:00+03:00,55.772844,37.819941,Столкновение,Легкий,1,0,,True
1551934,2025-08-07 16:44:00+03:00,55.685164,37.731299,Столкновение,Тяжёлый,1,0,,True
1551945,2025-08-07 17:20:00+03:00,55.889395,37.595102,Столкновение,Тяжёлый,1,0,,True
1551953,2025-08-07 17:35:00+03:00,55.757048,37.543792,Столкновение,С погибшими,1,1,,True
1551954,2025-08-07 17:35:00+03:00,55.614733,37.618482,Наезд на пешехода,Легкий,1,0,,True
1551960,2025-08-07 17:50:00+03:00,55.824114,37.614596,Столкновение,Тяжёлый,1,0,,True
1551971,2025-08-07 18:15:00+03:00,55.543584,37.523209,Столкновение,Тяжёлый,1,0,,True
1551990,2025-08-07 18:56:00+03:00,55.71717,37.481875,Столкновение,Тяжёлый,1,0,,True
1552014,2025-08-07 19:30:00+03:00,55.849807,37.430785,Наезд на пешехода,Тяжёлый,1,0,,True
1552057,2025-08-07 21:30:00+03:00,55.612771,37.604259,Наезд на пешехода,Тяжёлый,2,0,,True
1552075,2025-08-07 22:22:00+03:00,55.691925,37.607349,Наезд на пешехода,Тяжёлый,1,0,,True
1552101,2025-08-08 00:25:00+03:00,55.628287,37.647636,Столкновение,Тяжёлый,1,0,,True
1552102,2025-08-08 00:30:00+03:00,55.572376,37.659931,Столкновение,Тяжёлый,2,0,,True
1552155,2025-08-08 07:35:00+03:00,55.84744,37.567449,Наезд на пешехода,Тяжёлый,1,0,,True
1552158,2025-08-08 07:48:00+03:00,55.879758,37.482616,Столкновение,Тяжёлый,1,0,,True
1552177,2025-08-08 08:33:00+03:00,55.690818,37.621951,Столкновение,Легкий,2,0,,True
1552187,2025-08-08 09:10:00+03:00,55.629252,37.471545,Столкновение,Тяжёлый,2,0,,True
1552190,2025-08-08 09:20:00+03:00,55.906861,37.36697,Наезд на препятствие,Тяжёлый,1,0,,True
1552197,2025-08-08 09:42:00+03:00,55.872355,37.469902,Столкновение,Тяжёлый,1,0,,True
1552208,2025-08-08 10:46:00+03:00,55.746757,37.68145,Падение пассажира,Тяжёлый,1,0,,True
1552223,2025-08-08 11:25:00+03:00,55.616716,37.694339,Столкновение,Легкий,1,0,,True
1552231,2025-08-08 11:40:00+03:00,55.598323,37.480609,Наезд на препятствие,С погибшими,0,1,,True
1552237,2025-08-08 12:00:00+03:00,55.826916,37.597591,Наезд на пешехода,Тяжёлый,1,0,,True
1552247,2025-08-08 12:14:00+03:00,55.747447,37.757628,Столкновение,Тяжёлый,1,0,,True
1552270,2025-08-08 12:59:00+03:00,55.694531,37.467198,Наезд на велосипедиста,Тяжёлый,1,0,,True
1552271,2025-08-08 13:05:00+03:00,55.780573,37.716848,Падение пассажира,Тяжёлый,2,0,,True
1552341,2025-08-08 16:00:00+03:00,55.843416,37.368279,Наезд на пешехода,Тяжёлый,1,0,,True
1552345,2025-08-08 16:00:00+03:00,55.980023,37.18518,Наезд на пешехода,Легкий,1,0,,True
1552350,2025-08-08 16:11:00+03:00,55.720542,37.801563,Наезд на велосипедиста,Тяжёлый,1,0,,True
1552352,2025-08-08 16:20:00+03:00,55.676629,37.421161,Столкновение,Тяжёлый,1,0,,True
1552356,2025-08-08 16:30:00+03:00,55.722651,37.708758,Столкновение,Тяжёлый,1,0,,True
1552359,2025-08-08 16:34:00+03:00,55.808553,37.529608,Наезд на велосипедиста,Тяжёлый,1,0,,True
1552373,2025-08-08 17:08:00+03:00,55.70994,37.882162,Наезд на велосипедиста,Легкий,1,0,,True
1552392,2025-08-08 17:35:00+03:00,55.793293,37.61067,Столкновение,Тяжёлый,1,0,,True
1552411,2025-08-08 18:21:00+03:00,55.654456,37.647096,Наезд на пешехода,Тяжёлый,2,0,,True
1552421,2025-08-08 18:53:00+03:00,55.645957,37.716451,Столкновение,Тяжёлый,1,0,,True
1552442,2025-08-08 19:30:00+03:00,55.850593,37.406103,Падение пассажира,Тяжёлый,1,0,,True
1552450,2025-08-08 19:50:00+03:00,55.708032,37.730205,Столкновение,Тяжёлый,1,0,,True
1552481,2025-08-08 21:20:00+03:00,55.837283,37.661208,Наезд на велосипедиста,Тяжёлый,1,0,,True
1552489,2025-08-08 21:30:00+03:00,55.681431,37.606885,Наезд на препятствие,Тяжёлый,1,0,,True
1552509,2025-08-08 22:30:00+03:00,55.661805,37.655854,Столкновение,Тяжёлый,1,0,,True
1552511,2025-08-08 22:30:00+03:00,55.881529,37.724466,Наезд на препятствие,Тяжёлый,1,0,,True
1552533,2025-08-08 23:25:00+03:00,55.749639,37.62356,Опрокидывание,Тяжёлый,1,0,,True
1552540,2025-08-09 00:05:00+03:00,55.76498,37.604549,Наезд на пешехода,Тяжёлый,1,0,,True
1552541,2025-08-09 00:10:00+03:00,55.626324,37.439561,Наезд на пешехода,Тяжёлый,1,0,,True
1552564,2025-08-09 04:02:00+03:00,55.744507,37.750804,Наезд на стоящее ТС,С погибшими,1,1,,True
1552614,2025-08-09 09:35:00+03:00,55.705559,37.817259,Наезд на велосипедиста,Тяжёлый,1,0,,True
1552627,2025-08-09 10:15:00+03:00,55.653553,37.605318,Наезд на пешехода,Тяжёлый,1,0,,True
1552651,2025-08-09 11:56:00+03:00,55.741831,37.676228,Столкновение,Тяжёлый,1,0,,True
1552684,2025-08-09 13:05:00+03:00,55.733546,37.628918,Наезд на пешехода,Легкий,1,0,,True
1552725,2025-08-09 14:47:00+03:00,55.616468,37.344096,Столкновение,Тяжёлый,1,0,,True
1552730,2025-08-09 14:55:00+03:00,55.777991,37.461212,Наезд на стоящее ТС,Тяжёлый,6,0,,True
1552739,2025-08-09 15:23:00+03:00,55.798664,37.728188,Наезд на пешехода,Тяжёлый,1,0,,True
1552765,2025-08-09 16:25:00+03:00,55.624311,37.64674,Столкновение,Тяжёлый,2,0,,True
1552784,2025-08-09 17:05:00+03:00,55.792913,37.613148,Столкновение,Тяжёлый,1,0,,True
1552791,2025-08-09 17:27:00+03:00,55.714638,37.622359,Столкновение,Тяжёлый,1,0,,True
1552800,2025-08-09 17:47:00+03:00,55.790962,37.534243,Наезд на велосипедиста,С погибшими,1,2,,True
1552847,2025-08-09 19:20:00+03:00,55.618122,37.410464,Наезд на пешехода,Тяжёлый,1,0,,True
1552855,2025-08-09 19:33:00+03:00,55.825847,37.493076,Наезд на пешехода,Тяжёлый,1,0,,True
1552884,2025-08-09 20:50:00+03:00,55.837874,37.415764,Столкновение,Тяжёлый,3,0,,True
1552911,2025-08-09 21:33:00+03:00,55.772198,37.480004,Наезд на пешехода,Тяжёлый,1,0,,True
1552929,2025-08-09 22:25:00+03:00,55.701466,37.823482,Падение пассажира,Тяжёлый,1,0,,True
1552931,2025-08-09 22:30:00+03:00,55.667481,37.783055,Наезд на пешехода,Тяжёлый,1,0,,True
1552957,2025-08-10 00:29:00+03:00,55.887323,37.542322,Столкновение,Тяжёлый,1,0,,True
1552964,2025-08-10 00:51:00+03:00,55.693794,37.468185,Наезд на пешехода,Тяжёлый,1,0,,True
1552980,2025-08-10 02:11:00+03:00,55.423528,37.283134,Съезд с дороги,Тяжёлый,2,0,,True
1553001,2025-08-10 03:45:00+03:00,55.774425,37.588423,Наезд на препятствие,С погибшими,1,1,,True
1553063,2025-08-10 11:20:00+03:00,55.676663,37.508199,Наезд на велосипедиста,Тяжёлый,1,0,,True
1553079,2025-08-10 11:59:00+03:00,55.625936,37.721113,Падение пассажира,Тяжёлый,1,0,,True
1553091,2025-08-10 12:30:00+03:00,55.627818,37.588716,Наезд на пешехода,Тяжёлый,1,0,,True
1553138,2025-08-10 14:18:00+03:00,55.762119,37.657131,Столкновение,Тяжёлый,1,0,,True
1553140,2025-08-10 14:19:00+03:00,55.550944,37.5868,Наезд на стоящее ТС,Тяжёлый,2,0,,True
1553146,2025-08-10 14:30:00+03:00,55.720524,37.805693,Столкновение,Легкий,1,0,,True
1553164,2025-08-10 15:25:00+03:00,55.702494,37.400122,Столкновение,Тяжёлый,1,0,,True
1553173,2025-08-10 15:40:00+03:00,55.636536,37.604999,Столкновение,Тяжёлый,1,0,,True
1553174,2025-08-10 15:45:00+03:00,55.877192,37.635925,Столкновение,Тяжёлый,1,0,,True
1553228,2025-08-10 17:30:00+03:00,55.618491,37.743595,Столкновение,Тяжёлый,1,0,,True
1553229,2025-08-10 17:32:00+03:00,55.715424,37.535659,Столкновение,С погибшими,0,1,,True
1553232,2025-08-10 17:40:00+03:00,55.592825,37.599592,Наезд на пешехода,Тяжёлый,1,0,,True
1553241,2025-08-10 18:00:00+03:00,55.62965,37.741556,Наезд на пешехода,Тяжёлый,1,0,,True
1553292,2025-08-10 19:27:00+03:00,55.669774,37.720034,Наезд на пешехода,Тяжёлый,1,0,,True
1553301,2025-08-10 19:42:00+03:00,55.579496,37.697971,Столкновение,Тяжёлый,1,0,,True
1553352,2025-08-10 21:37:00+03:00,55.703818,37.727609,Столкновение,Тяжёлый,1,0,,True
1553365,2025-08-10 22:13:00+03:00,55.862898,37.506766,Падение пассажира,Тяжёлый,1,0,,True
1553381,2025-08-11 00:50:00+03:00,55.818174,37.622584,Наезд на стоящее ТС,Тяжёлый,1,0,,True
1553431,2025-08-11 07:53:00+03:00,55.66647,37.733788,Наезд на пешехода,Тяжёлый,1,0,,True
1553469,2025-08-11 10:26:00+03:00,55.713057,37.520516,Наезд на пешехода,Легкий,1,0,,True
1553474,2025-08-11 10:45:00+03:00,55.700142,37.468786,Наезд на пешехода,Тяжёлый,1,0,,True
1553477,2025-08-11 10:45:00+03:00,55.886023,37.673095,Столкновение,Тяжёлый,1,0,,True
1553496,2025-08-11 11:46:00+03:00,55.722784,37.501134,Столкновение,Тяжёлый,1,0,,True
1553501,2025-08-11 12:00:00+03:00,55.591509,37.658436,Опрокидывание,Тяжёлый,1,0,,True
1553527,2025-08-11 13:15:00+03:00,55.502875,37.269745,Наезд на препятствие,Тяжёлый,1,0,,True
1553545,2025-08-11 14:15:00+03:00,55.742846,37.870034,Падение пассажира,Тяжёлый,2,0,,True
1553560,2025-08-11 14:45:00+03:00,55.757247,37.68774,Столкновение,Тяжёлый,1,0,,True
1553595,2025-08-11 16:25:00+03:00,55.650582,37.388535,Наезд на стоящее ТС,Тяжёлый,1,0,,True
1553600,2025-08-11 16:33:00+03:00,55.805014,37.399575,Наезд на пешехода,Тяжёлый,1,0,,True
1553601,2025-08-11 16:34:00+03:00,55.588108,37.63622,Столкновение,Тяжёлый,1,0,,True
1553651,2025-08-11 18:10:00+03:00,55.817324,37.835305,Столкновение,Тяжёлый,1,0,,True
1553652,2025-08-11 18:12:00+03:00,55.722542,37.445161,Столкновение,Тяжёлый,1,0,,True
1553679,2025-08-11 19:15:00+03:00,55.700142,37.931092,Наезд на препятствие,Тяжёлый,1,0,,True
1553682,2025-08-11 19:20:00+03:00,55.730119,37.612134,Иной вид ДТП,Тяжёлый,1,0,,True
1553722,2025-08-11 21:10:00+03:00,55.848397,37.57719,Столкновение,Тяжёлый,1,0,,True
1553729,2025-08-11 21:30:00+03:00,55.737639,37.490083,Наезд на пешехода,Тяжёлый,1,0,,True
1553740,2025-08-11 22:10:00+03:00,55.629964,37.476425,Столкновение,Тяжёлый,1,0,,True
1553742,2025-08-11 22:15:00+03:00,55.666972,37.459302,Наезд на препятствие,С погибшими,1,1,,True
1553809,2025-08-12 08:00:00+03:00,55.621653,37.730192,Столкновение,Легкий,1,0,,True
1553817,2025-08-12 08:21:00+03:00,55.511423,37.355222,Наезд на пешехода,Тяжёлый,1,0,,True
1553835,2025-08-12 09:22:00+03:00,55.715097,37.474065,Падение пассажира,Тяжёлый,1,0,,True
1553841,2025-08-12 09:50:00+03:00,55.82472,37.585741,Наезд на пешехода,Тяжёлый,1,0,,True
1553847,2025-08-12 09:55:00+03:00,55.641265,37.799288,Столкновение,Тяжёлый,1,0,,True
1553853,2025-08-12 10:15:00+03:00,55.676955,37.529994,Наезд на пешехода,Тяжёлый,1,0,,True
1553854,2025-08-12 10:20:00+03:00,55.804531,37.39318,Наезд на пешехода,Тяжёлый,1,0,,True
1553871,2025-08-12 10:50:00+03:00,55.872608,37.709949,Наезд на пешехода,Тяжёлый,1,0,,True
1553872,2025-08-12 10:54:00+03:00,55.877959,37.540627,Наезд на пешехода,Тяжёлый,1,0,,True
1553873,2025-08-12 10:56:00+03:00,55.980005,37.152102,Наезд на пешехода,Тяжёлый,1,0,,True
1553892,2025-08-12 11:40:00+03:00,55.772792,37.632256,Падение пассажира,Тяжёлый,1,0,,True
1553896,2025-08-12 11:45:00+03:00,55.637347,37.461619,Столкновение,Тяжёлый,1,0,,True
1553924,2025-08-12 13:05:00+03:00,55.684595,37.65557,Столкновение,Тяжёлый,1,0,,True
1553958,2025-08-12 14:19:00+03:00,55.793,37.787583,Падение пассажира,Тяжёлый,1,0,,True
1553961,2025-08-12 14:20:00+03:00,55.693285,37.666111,Столкновение,Легкий,1,0,,True
1553964,2025-08-12 14:27:00+03:00,55.696515,37.463797,Наезд на препятствие,Тяжёлый,1,0,,True
1553981,2025-08-12 15:00:00+03:00,55.757549,37.546978,Наезд на пешехода,Тяжёлый,1,0,,True
1554007,2025-08-12 16:00:00+03:00,55.700106,37.635629,Наезд на пешехода,Тяжёлый,1,0,,True
1554034,2025-08-12 16:47:00+03:00,55.979615,37.187551,Столкновение,Легкий,1,0,,True
1554047,2025-08-12 17:06:00+03:00,55.581261,37.595944,Наезд на пешехода,Легкий,1,0,,True
1554063,2025-08-12 17:26:00+03:00,55.688333,37.577952,Наезд на пешехода,С погибшими,0,1,,True
1554073,2025-08-12 17:50:00+03:00,55.871826,37.554595,Наезд на пешехода,Тяжёлый,1,0,,True
1554093,2025-08-12 18:25:00+03:00,55.693472,37.559346,Наезд на пешехода,С погибшими,0,1,,True
1554105,2025-08-12 18:40:00+03:00,55.883159,37.675263,Наезд на пешехода,Тяжёлый,1,0,,True
1554147,2025-08-12 20:35:00+03:00,55.845295,37.454678,Наезд на пешехода,Тяжёлый,1,0,,True
1554149,2025-08-12 20:40:00+03:00,55.544571,37.525719,Столкновение,Тяжёлый,1,0,,True
1554168,2025-08-12 21:30:00+03:00,55.613886,37.70702,Столкновение,Легкий,1,0,,True
1554171,2025-08-12 21:32:00+03:00,55.683785,37.737597,Наезд на велосипедиста,Тяжёлый,1,0,,True
1554185,2025-08-12 22:20:00+03:00,55.707433,37.750096,Наезд на препятствие,Тяжёлый,1,0,,True
1554186,2025-08-12 22:27:00+03:00,55.647943,37.831271,Наезд на препятствие,Тяжёлый,1,0,,True
1554257,2025-08-13 08:55:00+03:00,55.63286,37.616726,Столкновение,Тяжёлый,1,0,,True
1554260,2025-08-13 09:10:00+03:00,55.867109,37.595564,Столкновение,Тяжёлый,1,0,,True
1554267,2025-08-13 09:23:00+03:00,55.756559,37.584014,Столкновение,Тяжёлый,1,0,,True
1554316,2025-08-13 12:25:00+03:00,55.875401,37.493784,Наезд на пешехода,Тяжёлый,1,0,,True
1554326,2025-08-13 12:35:00+03:00,55.802011,37.727308,Наезд на пешехода,Легкий,1,0,,True
1554330,2025-08-13 12:52:00+03:00,55.983445,37.147887,Наезд на пешехода,Тяжёлый,1,0,,True
1554357,2025-08-13 13:55:00+03:00,55.859029,37.68781,Падение пассажира,Тяжёлый,1,0,,True
1554392,2025-08-13 15:00:00+03:00,55.684428,37.664885,Столкновение,Тяжёлый,1,0,,True
1554396,2025-08-13 15:09:00+03:00,55.648663,37.598455,Столкновение,Тяжёлый,1,0,,True
1554415,2025-08-13 16:00:00+03:00,55.950317,37.350973,Столкновение,Тяжёлый,1,0,,True
1554423,2025-08-13 16:25:00+03:00,55.819108,37.498151,Падение пассажира,Тяжёлый,1,0,,True
1554428,2025-08-13 16:30:00+03:00,55.794578,37.591379,Наезд на пешехода,Тяжёлый,1,0,,True
1554448,2025-08-13 17:25:00+03:00,55.675128,37.766887,Столкновение,Тяжёлый,1,0,,True
1554457,2025-08-13 17:30:00+03:00,55.784055,37.51448,Наезд на пешехода,Тяжёлый,1,0,,True
1554465,2025-08-13 17:44:00+03:00,55.710564,37.890075,Наезд на велосипедиста,Легкий,2,0,,True
1554497,2025-08-13 18:16:00+03:00,55.796776,37.812624,Наезд на пешехода,Легкий,1,0,,True
1554499,2025-08-13 18:20:00+03:00,55.777219,37.502764,Наезд на пешехода,Тяжёлый,1,0,,True
1554520,2025-08-13 19:03:00+03:00,55.766609,37.530155,Столкновение,Тяжёлый,1,0,,True
1554522,2025-08-13 19:05:00+03:00,55.572465,37.578451,Столкновение,Тяжёлый,1,0,,True
1554534,2025-08-13 19:30:00+03:00,55.620715,37.722309,Опрокидывание,Тяжёлый,1,0,,True
1554539,2025-08-13 19:52:00+03:00,55.897863,37.631156,Наезд на велосипедиста,Тяжёлый,1,0,,True
1554551,2025-08-13 20:26:00+03:00,55.716898,37.622319,Столкновение,Легкий,1,0,,True
1554564,2025-08-13 20:55:00+03:00,55.82217,37.602704,Наезд на велосипедиста,Тяжёлый,1,0,,True
1554574,2025-08-13 21:19:00+03:00,55.731533,37.491746,Столкновение,Тяжёлый,2,0,,True
1554582,2025-08-13 21:47:00+03:00,55.699003,37.626078,Столкновение,Тяжёлый,1,0,,True
1554600,2025-08-13 22:36:00+03:00,55.747001,37.582651,Столкновение,Тяжёлый,2,0,,True
1554613,2025-08-13 23:20:00+03:00,55.862991,37.61421,Наезд на стоящее ТС,Легкий,1,0,,True
1554690,2025-08-14 09:15:00+03:00,55.817294,37.838148,Столкновение,Легкий,1,0,,True
1554716,2025-08-14 10:15:00+03:00,55.738881,37.412937,Падение пассажира,Тяжёлый,1,0,,True
1554728,2025-08-14 11:00:00+03:00,55.64781,37.389393,Падение пассажира,Тяжёлый,1,0,,True
1554732,2025-08-14 11:10:00+03:00,55.878603,37.435151,Столкновение,Тяжёлый,1,0,,True
1554751,2025-08-14 12:02:00+03:00,55.710447,37.879369,Наезд на велосипедиста,Легкий,1,0,,True
1554775,2025-08-14 13:05:00+03:00,55.633938,37.602961,Опрокидывание,Тяжёлый,1,0,,True
1554782,2025-08-14 13:22:00+03:00,55.781557,37.831732,Падение пассажира,Легкий,1,0,,True
1554784,2025-08-14 13:28:00+03:00,55.764977,37.630163,Наезд на пешехода,Тяжёлый,1,0,,True
1554795,2025-08-14 13:45:00+03:00,55.832005,37.52169,Столкновение,Легкий,1,0,,True
1554842,2025-08-14 16:18:00+03:00,55.767008,37.564691,Столкновение,Тяжёлый,1,0,,True
1554855,2025-08-14 16:45:00+03:00,55.750205,37.412168,Столкновение,Тяжёлый,1,0,,True
1554883,2025-08-14 17:20:00+03:00,55.673523,37.613062,Опрокидывание,Тяжёлый,1,0,,True
1554889,2025-08-14 17:38:00+03:00,55.869924,37.662474,Наезд на пешехода,С погибшими,0,1,,True
1554902,2025-08-14 18:00:00+03:00,55.715756,37.574122,Опрокидывание,Тяжёлый,1,0,,True
1554921,2025-08-14 18:30:00+03:00,55.761207,37.832891,Наезд на пешехода,Легкий,1,0,,True
1554930,2025-08-14 18:48:00+03:00,55.761587,37.834017,Наезд на пешехода,Легкий,1,0,,True
1554953,2025-08-14 19:20:00+03:00,55.821756,37.620869,Опрокидывание,Тяжёлый,1,0,,True
1554957,2025-08-14 19:23:00+03:00,55.71995,37.501048,Наезд на велосипедиста,Тяжёлый,1,0,,True
1554966,2025-08-14 19:45:00+03:00,55.695245,37.557127,Столкновение,Тяжёлый,1,0,,True
1554991,2025-08-14 20:30:00+03:00,55.748697,37.408458,Наезд на пешехода,Тяжёлый,1,0,,True
1554997,2025-08-14 21:00:00+03:00,55.678619,37.633109,Наезд на велосипедиста,Тяжёлый,1,0,,True
1554998,2025-08-14 21:00:00+03:00,55.840229,37.38345,Наезд на пешехода,Тяжёлый,1,0,,True
1555011,2025-08-14 21:20:00+03:00,55.808722,37.496595,Столкновение,Тяжёлый,1,0,,True
1555049,2025-08-14 23:53:00+03:00,55.877869,37.480084,Столкновение,Тяжёлый,1,0,,True
1555077,2025-08-15 04:35:00+03:00,55.748516,37.667398,Наезд на препятствие,Тяжёлый,1,0,,True
1555078,2025-08-15 04:43:00+03:00,55.704586,37.856119,Наезд на препятствие,Легкий,3,0,,True
1555108,2025-08-15 08:40:00+03:00,55.829053,37.412449,Столкновение,Тяжёлый,1,0,,True
1555181,2025-08-15 11:45:00+03:00,55.68543,37.554005,Падение пассажира,Тяжёлый,1,0,,True
1555230,2025-08-15 13:30:00+03:00,55.809949,37.590081,Столкновение,Тяжёлый,1,0,,True
1555236,2025-08-15 13:50:00+03:00,55.630443,37.517892,Столкновение,Тяжёлый,1,0,,True
1555285,2025-08-15 15:26:00+03:00,55.724554,37.818621,Наезд на пешехода,Тяжёлый,1,0,,True
1555322,2025-08-15 16:24:00+03:00,55.752073,37.812839,Опрокидывание,Тяжёлый,1,0,,True
1555339,2025-08-15 16:45:00+03:00,55.596521,37.740482,Столкновение,Тяжёлый,1,0,,True
1555340,2025-08-15 16:45:00+03:00,55.713604,37.888477,Столкновение,Тяжёлый,1,0,,True
1555362,2025-08-15 17:00:00+03:00,55.658662,37.41181,Наезд на велосипедиста,Легкий,1,0,,True
1555390,2025-08-15 17:55:00+03:00,55.887229,37.585822,Наезд на велосипедиста,Тяжёлый,1,0,,True
1555414,2025-08-15 18:30:00+03:00,55.731207,37.594518,Столкновение,Тяжёлый,1,0,,True
1555423,2025-08-15 18:48:00+03:00,55.728669,37.545905,Наезд на пешехода,Тяжёлый,1,0,,True
1555453,2025-08-15 20:15:00+03:00,55.434991,37.333485,Наезд на стоящее ТС,Тяжёлый,1,0,,True
1555475,2025-08-15 21:00:00+03:00,55.871203,37.676403,Столкновение,Тяжёлый,1,0,,True
1555476,2025-08-15 21:00:00+03:00,55.703298,37.646477,Опрокидывание,Тяжёлый,1,0,,True
1555491,2025-08-15 21:49:00+03:00,55.787505,37.733059,Столкновение,Тяжёлый,2,0,,True
1555498,2025-08-15 22:15:00+03:00,55.760569,37.615274,Наезд на пешехода,Тяжёлый,1,0,,True
1555502,2025-08-15 22:20:00+03:00,55.793953,37.547139,Опрокидывание,Легкий,1,0,,True
1555505,2025-08-15 22:35:00+03:00,55.832978,37.661868,Опрокидывание,Тяжёлый,1,0,,True
1555541,2025-08-16 00:50:00+03:00,55.845079,37.378246,Столкновение,Тяжёлый,1,0,,True
1555549,2025-08-16 01:20:00+03:00,55.795914,37.542762,Опрокидывание,Легкий,1,0,,True
1555610,2025-08-16 08:10:00+03:00,55.580762,37.573224,Столкновение,Тяжёлый,1,0,,True
1555621,2025-08-16 09:05:00+03:00,55.633483,37.619677,Столкновение,Легкий,1,0,,True
1555640,2025-08-16 09:55:00+03:00,55.761492,37.84303,Столкновение,Легкий,2,0,,True
1555655,2025-08-16 10:40:00+03:00,55.769313,37.692418,Столкновение,Тяжёлый,4,0,,True
1555656,2025-08-16 10:48:00+03:00,55.64741,37.713801,Наезд на пешехода,Тяжёлый,1,0,,True
1555667,2025-08-16 11:30:00+03:00,55.644593,37.664046,Наезд на пешехода,Тяжёлый,1,0,,True
1555683,2025-08-16 12:11:00+03:00,55.668191,37.590136,Наезд на пешехода,Тяжёлый,1,0,,True
1555684,2025-08-16 12:15:00+03:00,55.595694,37.534618,Столкновение,Тяжёлый,1,0,,True
1555693,2025-08-16 12:48:00+03:00,55.993221,37.18797,Наезд на препятствие,Тяжёлый,1,0,,True
1555711,2025-08-16 13:40:00+03:00,55.615882,37.705727,Наезд на велосипедиста,Легкий,1,0,,True
1555732,2025-08-16 14:25:00+03:00,55.59883,37.662552,Наезд на пешехода,Легкий,1,0,,True
1555749,2025-08-16 14:53:00+03:00,55.808167,37.775137,Наезд на пешехода,Легкий,1,0,,True
1555757,2025-08-16 15:05:00+03:00,55.552767,37.136021,Наезд на препятствие,С погибшими,0,1,,True
1555763,2025-08-16 15:18:00+03:00,55.618702,37.672312,Столкновение,Тяжёлый,1,0,,True
1555771,2025-08-16 15:30:00+03:00,55.623005,37.785308,Столкновение,Легкий,1,0,,True
1555787,2025-08-16 16:00:00+03:00,55.730959,37.66301,Наезд на пешехода,Тяжёлый,1,0,,True
1555795,2025-08-16 16:15:00+03:00,55.635567,37.714595,Столкновение,Тяжёлый,1,0,,True
1555796,2025-08-16 16:19:00+03:00,55.745901,37.554134,Наезд на пешехода,Тяжёлый,1,0,,True
1555815,2025-08-16 17:00:00+03:00,55.81151,37.595016,Наезд на пешехода,Тяжёлый,1,0,,True
1555826,2025-08-16 17:35:00+03:00,55.638449,37.354095,Столкновение,Тяжёлый,1,0,,True
1555844,2025-08-16 18:00:00+03:00,55.678063,37.654945,Опрокидывание,Тяжёлый,1,0,,True
1555882,2025-08-16 19:35:00+03:00,55.759988,37.744088,Наезд на стоящее ТС,Легкий,1,0,,True
1555903,2025-08-16 20:10:00+03:00,55.731019,37.63665,Столкновение,Тяжёлый,1,0,,True
1555910,2025-08-16 20:30:00+03:00,55.793754,37.585752,Опрокидывание,Тяжёлый,1,0,,True
1555912,2025-08-16 20:35:00+03:00,55.756538,37.533517,Столкновение,Тяжёлый,1,0,,True
1555921,2025-08-16 21:00:00+03:00,55.511029,37.353065,Наезд на пешехода,Тяжёлый,1,0,,True
1555963,2025-08-16 22:50:00+03:00,55.821104,37.392011,Столкновение,Тяжёлый,1,0,,True
1555976,2025-08-16 23:59:00+03:00,55.788573,37.557964,Опрокидывание,Тяжёлый,1,0,,True
1556029,2025-08-17 04:07:00+03:00,55.720627,37.42763,Столкновение,Тяжёлый,1,0,,True
1556038,2025-08-17 05:20:00+03:00,55.619156,37.713434,Столкновение,Тяжёлый,1,0,,True
1556076,2025-08-17 09:52:00+03:00,55.64319,37.767767,Опрокидывание,Легкий,1,0,,True
1556081,2025-08-17 10:09:00+03:00,55.642414,37.400871,Наезд на велосипедиста,Тяжёлый,1,0,,True
1556083,2025-08-17 10:15:00+03:00,55.898549,37.586879,Столкновение,Тяжёлый,1,0,,True
1556084,2025-08-17 10:20:00+03:00,55.880751,37.442147,Столкновение,Тяжёлый,1,0,,True
1556101,2025-08-17 11:25:00+03:00,55.77284,37.677378,Наезд на пешехода,Тяжёлый,1,0,,True
1556131,2025-08-17 13:00:00+03:00,55.819169,37.39141,Столкновение,Тяжёлый,1,0,,True
1556168,2025-08-17 14:50:00+03:00,55.761334,37.701613,Наезд на пешехода,Тяжёлый,1,0,,True
1556176,2025-08-17 15:00:00+03:00,55.530565,37.519495,Опрокидывание,Тяжёлый,1,0,,True
1556200,2025-08-17 16:00:00+03:00,55.679452,37.578077,Наезд на пешехода,Тяжёлый,1,0,,True
1556205,2025-08-17 16:04:00+03:00,55.641598,37.761244,Наезд на стоящее ТС,Легкий,1,0,,True
1556219,2025-08-17 16:40:00+03:00,55.904554,37.570565,Наезд на пешехода,Тяжёлый,1,0,,True
1556267,2025-08-17 18:15:00+03:00,55.740569,37.415861,Наезд на пешехода,Тяжёлый,1,0,,True
1556277,2025-08-17 18:40:00+03:00,55.65278,37.721847,Столкновение,Тяжёлый,1,0,,True
1556284,2025-08-17 19:04:00+03:00,55.6949,37.744775,Наезд на пешехода,Тяжёлый,1,0,,True
1556285,2025-08-17 19:05:00+03:00,55.646308,37.721,Наезд на велосипедиста,Тяжёлый,1,0,,True
1556363,2025-08-17 21:59:00+03:00,55.689827,37.484354,Наезд на пешехода,Тяжёлый,1,0,,True
1556399,2025-08-18 00:20:00+03:00,55.899481,37.422953,Столкновение,Тяжёлый,1,0,,True
1556406,2025-08-18 01:21:00+03:00,55.754995,37.622037,Наезд на препятствие,Тяжёлый,1,0,,True
1556471,2025-08-18 08:50:00+03:00,55.839268,37.636709,Наезд на пешехода,Тяжёлый,1,0,,True
1556481,2025-08-18 09:15:00+03:00,55.64074,37.619317,Столкновение,Тяжёлый,1,0,,True
1556492,2025-08-18 10:04:00+03:00,55.69354,37.536367,Столкновение,Тяжёлый,1,0,,True
1556494,2025-08-18 10:14:00+03:00,55.846855,37.628442,Столкновение,Тяжёлый,1,0,,True
1556500,2025-08-18 10:30:00+03:00,55.734181,37.40591,Столкновение,Тяжёлый,1,0,,True
1556512,2025-08-18 11:10:00+03:00,55.661423,37.625856,Столкновение,Тяжёлый,1,0,,True
1556539,2025-08-18 12:15:00+03:00,55.744313,37.735226,Столкновение,Тяжёлый,1,0,,True
1556556,2025-08-18 13:10:00+03:00,55.737009,37.468996,Столкновение,Тяжёлый,1,0,,True
1556591,2025-08-18 14:28:00+03:00,55.680568,37.578201,Наезд на пешехода,Тяжёлый,1,0,,True
1556607,2025-08-18 15:15:00+03:00,55.677615,37.751083,Столкновение,Тяжёлый,1,0,,True
1556609,2025-08-18 15:30:00+03:00,55.720953,37.826968,Столкновение,Тяжёлый,1,0,,True
1556635,2025-08-18 16:25:00+03:00,55.799772,37.337336,Столкновение,Легкий,1,0,,True
1556649,2025-08-18 16:44:00+03:00,55.839494,37.617488,Опрокидывание,Тяжёлый,1,0,,True
1556688,2025-08-18 17:45:00+03:00,55.867112,37.704734,Наезд на пешехода,Тяжёлый,1,0,,True
1556707,2025-08-18 18:25:00+03:00,55.834518,37.659245,Наезд на велосипедиста,Тяжёлый,1,0,,True
1556718,2025-08-18 18:40:00+03:00,55.733891,37.402511,Столкновение,Тяжёлый,1,0,,True
1556744,2025-08-18 19:20:00+03:00,55.742677,37.479987,Наезд на пешехода,Тяжёлый,1,0,,True
1556754,2025-08-18 19:40:00+03:00,55.801457,37.599195,Наезд на пешехода,Тяжёлый,1,0,,True
1556783,2025-08-18 20:20:00+03:00,55.701327,37.931424,Наезд на пешехода,Тяжёлый,1,0,,True
1556789,2025-08-18 20:40:00+03:00,55.729204,37.411833,Наезд на пешехода,Тяжёлый,1,0,,True
1556796,2025-08-18 20:55:00+03:00,55.874793,37.666926,Столкновение,Тяжёлый,1,0,,True
1556805,2025-08-18 21:10:00+03:00,55.668574,37.456539,Наезд на препятствие,Тяжёлый,1,0,,True
1556806,2025-08-18 21:10:00+03:00,55.803024,37.407589,Наезд на пешехода,Тяжёлый,1,0,,True
1556809,2025-08-18 21:15:00+03:00,55.623519,37.595161,Столкновение,Тяжёлый,1,0,,True
1556820,2025-08-18 21:50:00+03:00,55.596474,37.466919,Наезд на пешехода,Тяжёлый,1,0,,True
1556842,2025-08-19 00:08:00+03:00,55.708987,37.878156,Столкновение,Тяжёлый,1,0,,True
1556851,2025-08-19 01:59:00+03:00,55.707747,37.390798,Наезд на стоящее ТС,С погибшими,0,1,,True
1556861,2025-08-19 03:55:00+03:00,55.711447,37.836635,Столкновение,Тяжёлый,1,0,,True
1556877,2025-08-19 06:40:00+03:00,55.946052,37.541871,Столкновение,Тяжёлый,1,0,,True
1556882,2025-08-19 06:55:00+03:00,55.720808,37.432233,Столкновение,Тяжёлый,1,0,,True
1556890,2025-08-19 07:20:00+03:00,55.628423,37.659261,Столкновение,Тяжёлый,1,0,,True
1556891,2025-08-19 07:25:00+03:00,55.501453,37.572566,Наезд на пешехода,Тяжёлый,1,0,,True
1556916,2025-08-19 09:27:00+03:00,55.777804,37.723864,Наезд на велосипедиста,Легкий,1,0,,True
1556920,2025-08-19 09:34:00+03:00,55.726651,37.839671,Столкновение,С погибшими,0,1,,True
1556928,2025-08-19 10:00:00+03:00,55.825051,37.432405,Столкновение,Тяжёлый,1,0,,True
1556932,2025-08-19 10:07:00+03:00,55.656667,37.600711,Наезд на велосипедиста,Тяжёлый,1,0,,True
1556945,2025-08-19 10:30:00+03:00,56.013737,37.187197,Наезд на пешехода,Легкий,1,0,,True
1556968,2025-08-19 11:30:00+03:00,55.860992,37.691512,Столкновение,Тяжёлый,1,0,,True
1556991,2025-08-19 12:20:00+03:00,55.660484,37.588707,Наезд на пешехода,Тяжёлый,1,0,,True
1557002,2025-08-19 12:50:00+03:00,55.721158,37.858071,Столкновение,Легкий,2,0,,True
1557077,2025-08-19 15:55:00+03:00,55.798549,37.408276,Падение пассажира,Тяжёлый,1,0,,True
1557083,2025-08-19 16:02:00+03:00,55.756595,37.715979,Столкновение,Тяжёлый,1,0,,True
1557188,2025-08-19 19:53:00+03:00,55.657138,37.597221,Столкновение,Тяжёлый,1,0,,True
1557193,2025-08-19 20:00:00+03:00,55.643112,37.619559,Столкновение,Тяжёлый,1,0,,True
1557219,2025-08-19 20:56:00+03:00,55.668763,37.740483,Столкновение,Тяжёлый,1,0,,True
1557228,2025-08-19 21:10:00+03:00,55.909668,37.542203,Столкновение,Тяжёлый,1,0,,True
1557261,2025-08-19 23:15:00+03:00,55.854607,37.665017,Наезд на пешехода,Тяжёлый,1,0,,True
1557271,2025-08-20 00:09:00+03:00,55.787342,37.61678,Наезд на велосипедиста,Тяжёлый,1,0,,True
1557298,2025-08-20 05:57:00+03:00,55.715653,37.816969,Наезд на пешехода,Тяжёлый,1,0,,True
1557327,2025-08-20 08:35:00+03:00,55.840555,37.549199,Наезд на пешехода,Тяжёлый,1,0,,True
1557330,2025-08-20 08:40:00+03:00,55.78137,37.713436,Падение пассажира,Легкий,3,0,,True
1557334,2025-08-20 09:05:00+03:00,55.806756,37.778131,Наезд на велосипедиста,Легкий,1,0,,True
1557345,2025-08-20 09:40:00+03:00,55.815329,37.633474,Столкновение,Тяжёлый,2,0,,True
1557351,2025-08-20 10:00:00+03:00,55.641555,37.472445,Наезд на пешехода,Тяжёлый,1,0,,True
1557352,2025-08-20 10:04:00+03:00,55.822863,37.494643,Столкновение,Тяжёлый,1,0,,True
1557365,2025-08-20 10:42:00+03:00,55.772029,37.420753,Столкновение,Тяжёлый,1,0,,True
1557384,2025-08-20 11:30:00+03:00,55.62401,37.509363,Столкновение,Тяжёлый,1,0,,True
1557395,2025-08-20 12:00:00+03:00,55.804507,37.518042,Наезд на пешехода,Легкий,1,0,,True
1557425,2025-08-20 13:15:00+03:00,55.547202,37.555454,Столкновение,Тяжёлый,1,0,,True
1557434,2025-08-20 13:30:00+03:00,55.761225,37.412932,Наезд на пешехода,Тяжёлый,1,0,,True
1557441,2025-08-20 13:50:00+03:00,55.734788,37.612939,Наезд на пешехода,Тяжёлый,1,0,,True
1557461,2025-08-20 14:39:00+03:00,55.620096,37.786231,Наезд на стоящее ТС,Легкий,2,0,,True
1557463,2025-08-20 14:50:00+03:00,55.711574,37.836732,Столкновение,Тяжёлый,1,0,,True
1557478,2025-08-20 15:10:00+03:00,55.876611,37.736953,Столкновение,Тяжёлый,2,0,,True
1557483,2025-08-20 15:20:00+03:00,55.641324,37.76069,Столкновение,Легкий,1,0,,True
1557493,2025-08-20 15:40:00+03:00,55.844585,37.357517,Столкновение,Тяжёлый,1,0,,True
1557513,2025-08-20 16:22:00+03:00,55.746391,37.495919,Наезд на велосипедиста,Тяжёлый,1,0,,True
1557537,2025-08-20 17:00:00+03:00,55.820597,37.450408,Наезд на стоящее ТС,Тяжёлый,2,0,,True
1557539,2025-08-20 17:08:00+03:00,55.779151,37.665653,Падение пассажира,Тяжёлый,1,0,,True
1557548,2025-08-20 17:23:00+03:00,55.64261,37.526143,Столкновение,С погибшими,0,1,,True
1557551,2025-08-20 17:30:00+03:00,55.707149,37.668192,Столкновение,Тяжёлый,1,0,,True
1557610,2025-08-20 19:19:00+03:00,55.691054,37.694499,Наезд на пешехода,Тяжёлый,1,0,,True
1557627,2025-08-20 19:50:00+03:00,55.832584,37.652464,Наезд на пешехода,Тяжёлый,1,0,,True
1557636,2025-08-20 20:00:00+03:00,55.722802,37.905782,Наезд на пешехода,Легкий,1,0,,True
1557647,2025-08-20 20:25:00+03:00,55.792952,37.783517,Наезд на пешехода,Легкий,1,0,,True
1557654,2025-08-20 20:30:00+03:00,55.65965,37.482015,Столкновение,Тяжёлый,1,0,,True
1557664,2025-08-20 20:46:00+03:00,55.815474,37.569691,Падение пассажира,Тяжёлый,1,0,,True
1557667,2025-08-20 20:50:00+03:00,55.492349,37.556355,Наезд на пешехода,Тяжёлый,1,0,,True
1557733,2025-08-21 00:20:00+03:00,55.887449,37.667463,Наезд на пешехода,Тяжёлый,1,0,,True
1557736,2025-08-21 01:30:00+03:00,55.690056,37.829232,Столкновение,Тяжёлый,1,0,,True
1557777,2025-08-21 08:55:00+03:00,55.860718,37.498827,Столкновение,Тяжёлый,1,0,,True
1557781,2025-08-21 09:00:00+03:00,55.604693,37.758851,Столкновение,Тяжёлый,1,0,,True
1557800,2025-08-21 10:02:00+03:00,55.719527,37.82257,Падение пассажира,Тяжёлый,1,0,,True
1557810,2025-08-21 10:39:00+03:00,55.724621,37.454066,Столкновение,Тяжёлый,1,0,,True
1557816,2025-08-21 10:50:00+03:00,55.653591,37.623346,Наезд на пешехода,Тяжёлый,1,0,,True
1557840,2025-08-21 11:58:00+03:00,55.770363,37.840594,Наезд на пешехода,Тяжёлый,1,0,,True
1557855,2025-08-21 12:32:00+03:00,55.782782,37.731493,Наезд на пешехода,Тяжёлый,1,0,,True
1557857,2025-08-21 12:40:00+03:00,55.836928,37.405862,Столкновение,Тяжёлый,1,0,,True
1557900,2025-08-21 14:15:00+03:00,55.773254,37.526357,Наезд на пешехода,Тяжёлый,1,0,,True
1557919,2025-08-21 15:09:00+03:00,55.877378,37.642631,Наезд на велосипедиста,Тяжёлый,1,0,,True
1557961,2025-08-21 17:05:00+03:00,55.657604,37.729969,Столкновение,Тяжёлый,1,0,,True
1557979,2025-08-21 17:30:00+03:00,55.862166,37.674356,Наезд на пешехода,Тяжёлый,1,0,,True
1558002,2025-08-21 18:19:00+03:00,55.672806,37.508225,Опрокидывание,Тяжёлый,1,0,,True
1558014,2025-08-21 18:30:00+03:00,55.763362,37.487508,Наезд на пешехода,Тяжёлый,1,0,,True
1558023,2025-08-21 18:40:00+03:00,55.886549,37.68413,Столкновение,Тяжёлый,1,0,,True
1558036,2025-08-21 19:10:00+03:00,55.633354,37.619682,Столкновение,Тяжёлый,1,0,,True
1558098,2025-08-21 21:25:00+03:00,55.56827,37.590097,Столкновение,Тяжёлый,1,0,,True
1558100,2025-08-21 21:30:00+03:00,55.648226,37.54794,Наезд на велосипедиста,Тяжёлый,1,0,,True
1558101,2025-08-21 21:30:00+03:00,55.844988,37.378278,Наезд на стоящее ТС,Тяжёлый,2,0,,True
1558102,2025-08-21 21:30:00+03:00,55.77667,37.465514,Наезд на препятствие,Тяжёлый,1,0,,True
1558126,2025-08-21 23:28:00+03:00,55.701412,37.793698,Столкновение,Тяжёлый,2,0,,True
1558148,2025-08-22 01:15:00+03:00,55.867543,37.706564,Наезд на пешехода,С погибшими,0,1,,True
1558150,2025-08-22 01:50:00+03:00,55.639793,37.818847,Столкновение,С погибшими,1,1,,True
1558197,2025-08-22 08:20:00+03:00,55.567653,37.570164,Столкновение,Тяжёлый,1,0,,True
1558212,2025-08-22 09:10:00+03:00,55.814435,37.582082,Опрокидывание,Тяжёлый,1,0,,True
1558219,2025-08-22 09:24:00+03:00,55.730608,37.470395,Столкновение,Тяжёлый,1,0,,True
1558228,2025-08-22 09:30:00+03:00,55.905748,37.528514,Столкновение,Тяжёлый,3,0,,True
1558245,2025-08-22 10:10:00+03:00,55.693277,37.583268,Столкновение,Тяжёлый,1,0,,True
1558256,2025-08-22 10:49:00+03:00,55.676379,37.518477,Падение пассажира,Тяжёлый,1,0,,True
1558270,2025-08-22 11:15:00+03:00,55.830007,37.594996,Наезд на пешехода,Тяжёлый,1,0,,True
1558327,2025-08-22 13:40:00+03:00,55.679442,37.664577,Падение пассажира,Тяжёлый,1,0,,True
1558328,2025-08-22 13:50:00+03:00,55.79706,37.717953,Наезд на препятствие,Легкий,1,0,,True
1558354,2025-08-22 14:50:00+03:00,55.360454,37.194686,Столкновение,Тяжёлый,1,0,,True
1558366,2025-08-22 15:10:00+03:00,55.700614,37.421451,Наезд на препятствие,Тяжёлый,1,0,,True
1558378,2025-08-22 15:30:00+03:00,55.804646,37.514824,Падение пассажира,Тяжёлый,1,0,,True
1558384,2025-08-22 15:40:00+03:00,55.695381,37.430791,Наезд на пешехода,С погибшими,0,1,,True
1558385,2025-08-22 15:40:00+03:00,55.742266,37.584572,Падение пассажира,Тяжёлый,1,0,,True
1558391,2025-08-22 15:55:00+03:00,55.745474,37.670304,Столкновение,Тяжёлый,1,0,,True
1558395,2025-08-22 16:00:00+03:00,55.764738,37.36948,Наезд на препятствие,Тяжёлый,1,0,,True
1558403,2025-08-22 16:20:00+03:00,55.777506,37.602099,Наезд на пешехода,Тяжёлый,1,0,,True
1558455,2025-08-22 17:42:00+03:00,55.741801,37.862234,Наезд на пешехода,Тяжёлый,2,0,,True
1558500,2025-08-22 18:59:00+03:00,55.76469,37.605051,Наезд на пешехода,Тяжёлый,1,0,,True
1558504,2025-08-22 19:00:00+03:00,55.909705,37.560217,Столкновение,Тяжёлый,1,0,,True
1558517,2025-08-22 19:35:00+03:00,55.829011,37.649288,Столкновение,Тяжёлый,1,0,,True
1558583,2025-08-22 22:26:00+03:00,55.88565,37.476307,Наезд на стоящее ТС,Тяжёлый,2,0,,True
1558589,2025-08-22 22:40:00+03:00,55.876274,37.61869,Наезд на препятствие,Легкий,1,0,,True
1558604,2025-08-22 23:10:00+03:00,55.967764,37.185041,Столкновение,Тяжёлый,1,0,,True
1558623,2025-08-23 00:20:00+03:00,55.821298,37.635514,Столкновение,Тяжёлый,2,0,,True
1558633,2025-08-23 01:04:00+03:00,55.755267,37.803944,Наезд на велосипедиста,Легкий,1,0,,True
1558638,2025-08-23 01:40:00+03:00,55.599515,37.603859,Столкновение,Тяжёлый,1,0,,True
1558640,2025-08-23 01:52:00+03:00,55.65941,37.514631,Наезд на пешехода,Тяжёлый,1,0,,True
1558661,2025-08-23 03:58:00+03:00,55.866831,37.663257,Столкновение,Тяжёлый,1,0,,True
1558691,2025-08-23 07:50:00+03:00,55.72824,37.204632,Наезд на препятствие,Тяжёлый,1,0,,True
1558715,2025-08-23 10:10:00+03:00,55.580237,37.680219,Столкновение,Тяжёлый,1,0,,True
1558736,2025-08-23 11:05:00+03:00,55.580316,37.6817,Наезд на пешехода,Тяжёлый,2,0,,True
1558745,2025-08-23 11:27:00+03:00,55.643941,37.384028,Столкновение,Тяжёлый,1,0,,True
1558750,2025-08-23 11:40:00+03:00,55.807956,37.530155,Столкновение,Тяжёлый,1,0,,True
1558773,2025-08-23 12:50:00+03:00,55.603324,37.731568,Столкновение,Тяжёлый,1,0,,True
1558798,2025-08-23 13:45:00+03:00,55.847536,37.372817,Столкновение,Тяжёлый,1,0,,True
1558816,2025-08-23 14:05:00+03:00,55.792687,37.608465,Столкновение,Тяжёлый,1,0,,True
1558846,2025-08-23 15:05:00+03:00,55.829213,37.826842,Столкновение,Легкий,2,0,,True
1558884,2025-08-23 16:22:00+03:00,55.641737,37.600054,Столкновение,Тяжёлый,1,0,,True
1558942,2025-08-23 18:40:00+03:00,55.700902,37.633736,Столкновение,Тяжёлый,2,0,,True
1558965,2025-08-23 19:20:00+03:00,55.781623,37.560464,Столкновение,Тяжёлый,1,0,,True
1558972,2025-08-23 19:30:00+03:00,55.846765,37.573596,Наезд на велосипедиста,Тяжёлый,1,0,,True
1558975,2025-08-23 19:40:00+03:00,55.773236,37.539082,Наезд на велосипедиста,Тяжёлый,1,0,,True
1559060,2025-08-23 22:50:00+03:00,55.901316,37.6212,Столкновение,Тяжёлый,1,0,,True
1559067,2025-08-23 23:05:00+03:00,55.607018,37.544624,Наезд на пешехода,Тяжёлый,1,0,,True
1559077,2025-08-24 00:03:00+03:00,55.708245,37.895251,Наезд на стоящее ТС,Легкий,1,0,,True
1559187,2025-08-24 11:17:00+03:00,55.622241,37.614806,Наезд на велосипедиста,Легкий,1,0,,True
1559189,2025-08-24 11:20:00+03:00,55.62356,37.742767,Падение пассажира,Тяжёлый,1,0,,True
1559196,2025-08-24 11:40:00+03:00,55.67897,37.27423,Столкновение,Тяжёлый,1,0,,True
1559203,2025-08-24 11:50:00+03:00,55.575222,37.608235,Столкновение,Легкий,1,0,,True
1559217,2025-08-24 12:45:00+03:00,55.555817,37.553288,Столкновение,Тяжёлый,1,0,,True
1559257,2025-08-24 14:20:00+03:00,55.599285,37.723677,Столкновение,Тяжёлый,1,0,,True
1559267,2025-08-24 14:55:00+03:00,55.696775,37.460632,Наезд на пешехода,Тяжёлый,1,0,,True
1559292,2025-08-24 15:40:00+03:00,55.762873,37.536024,Столкновение,Тяжёлый,1,0,,True
1559295,2025-08-24 15:47:00+03:00,55.6123,37.610283,Опрокидывание,С погибшими,0,1,,True
1559298,2025-08-24 15:55:00+03:00,55.802375,37.635947,Столкновение,Тяжёлый,1,0,,True
1559327,2025-08-24 16:57:00+03:00,55.767786,37.799846,Столкновение,Тяжёлый,1,0,,True
1559344,2025-08-24 17:20:00+03:00,55.818228,37.753079,Наезд на пешехода,Тяжёлый,1,0,,True
1559388,2025-08-24 19:10:00+03:00,55.79148,37.528707,Наезд на пешехода,Тяжёлый,1,0,,True
1559401,2025-08-24 19:43:00+03:00,55.724887,37.589282,Столкновение,Тяжёлый,8,0,,True
1559402,2025-08-24 19:43:00+03:00,55.724736,37.589089,Падение пассажира,Тяжёлый,1,0,,True
1559439,2025-08-24 21:18:00+03:00,55.707462,37.621252,Наезд на пешехода,Легкий,1,0,,True
1559463,2025-08-24 22:30:00+03:00,55.786311,37.420013,Опрокидывание,Тяжёлый,1,0,,True
1559486,2025-08-25 00:25:00+03:00,55.60313,37.730602,Столкновение,Тяжёлый,2,0,,True
1559493,2025-08-25 01:10:00+03:00,55.588608,37.722595,Столкновение,Тяжёлый,1,0,,True
1559536,2025-08-25 08:10:00+03:00,55.573149,37.6478,Столкновение,Тяжёлый,1,0,,True
1559552,2025-08-25 09:00:00+03:00,55.806027,37.549231,Наезд на пешехода,Тяжёлый,1,0,,True
1559556,2025-08-25 09:10:00+03:00,55.666596,37.564221,Столкновение,Легкий,1,0,,True
1559570,2025-08-25 10:00:00+03:00,55.892142,37.624698,Столкновение,Тяжёлый,1,0,,True
1559583,2025-08-25 10:35:00+03:00,55.763888,37.6735,Наезд на велосипедиста,Тяжёлый,1,0,,True
1559611,2025-08-25 11:50:00+03:00,55.562961,37.569476,Наезд на велосипедиста,Тяжёлый,1,0,,True
1559618,2025-08-25 12:20:00+03:00,55.847885,37.587844,Наезд на стоящее ТС,Тяжёлый,1,0,,True
1559651,2025-08-25 13:30:00+03:00,55.773308,37.586106,Наезд на пешехода,Тяжёлый,1,0,,True
1559674,2025-08-25 14:15:00+03:00,55.88852,37.650672,Наезд на стоящее ТС,Тяжёлый,1,0,,True
1559700,2025-08-25 15:21:00+03:00,55.769569,37.623002,Наезд на пешехода,Тяжёлый,1,0,,True
1559702,2025-08-25 15:24:00+03:00,55.790298,37.689092,Наезд на велосипедиста,Легкий,1,0,,True
1559713,2025-08-25 15:49:00+03:00,55.76574,37.519298,Столкновение,Тяжёлый,1,0,,True
1559725,2025-08-25 16:02:00+03:00,55.850421,37.488624,Наезд на пешехода,Тяжёлый,1,0,,True
1559737,2025-08-25 16:30:00+03:00,55.648706,37.447886,Столкновение,Тяжёлый,1,0,,True
1559750,2025-08-25 16:50:00+03:00,55.951825,37.348698,Столкновение,Легкий,3,0,,True
1559763,2025-08-25 17:10:00+03:00,55.983727,37.1472,Столкновение,Тяжёлый,1,0,,True
1559767,2025-08-25 17:20:00+03:00,55.707494,37.588102,Наезд на пешехода,Легкий,1,0,,True
1559776,2025-08-25 17:35:00+03:00,55.736214,37.570957,Наезд на препятствие,Тяжёлый,1,0,,True
1559831,2025-08-25 19:23:00+03:00,55.659141,37.758304,Наезд на пешехода,Тяжёлый,1,0,,True
1559842,2025-08-25 19:45:00+03:00,55.677509,37.530136,Наезд на пешехода,Тяжёлый,1,0,,True
1559851,2025-08-25 20:05:00+03:00,55.643584,37.697418,Столкновение,Тяжёлый,1,0,,True
1559880,2025-08-25 21:15:00+03:00,55.784489,37.706709,Наезд на пешехода,Легкий,1,0,,True
1559881,2025-08-25 21:20:00+03:00,55.680351,37.672811,Опрокидывание,Легкий,1,0,,True
1559912,2025-08-25 23:17:00+03:00,55.663553,37.508816,Столкновение,Легкий,1,0,,True
1559918,2025-08-25 23:40:00+03:00,55.867823,37.663,Столкновение,Тяжёлый,1,0,,True
1559933,2025-08-26 01:23:00+03:00,55.602309,37.726656,Столкновение,Легкий,1,0,,True
1559961,2025-08-26 06:58:00+03:00,55.751632,37.685369,Столкновение,Тяжёлый,1,0,,True
1559963,2025-08-26 07:10:00+03:00,55.735761,37.562234,Наезд на пешехода,Тяжёлый,1,0,,True
1559970,2025-08-26 07:40:00+03:00,55.727243,37.624987,Столкновение,Тяжёлый,1,0,,True
1559987,2025-08-26 08:32:00+03:00,55.611347,37.71998,Наезд на пешехода,Тяжёлый,1,0,,True
1559996,2025-08-26 09:05:00+03:00,55.810934,37.637272,Наезд на пешехода,Тяжёлый,1,0,,True
1559998,2025-08-26 09:10:00+03:00,55.741294,37.816722,Столкновение,Легкий,1,0,,True
1560043,2025-08-26 11:35:00+03:00,55.677173,37.759323,Наезд на пешехода,Тяжёлый,1,0,,True
1560100,2025-08-26 14:05:00+03:00,55.742046,37.417778,Наезд на пешехода,Тяжёлый,1,0,,True
1560103,2025-08-26 14:13:00+03:00,55.984344,37.163102,Столкновение,Тяжёлый,1,0,,True
1560132,2025-08-26 15:30:00+03:00,55.600063,37.748809,Столкновение,Тяжёлый,1,0,,True
1560152,2025-08-26 16:05:00+03:00,55.986572,37.181071,Столкновение,Легкий,1,0,,True
1560201,2025-08-26 17:40:00+03:00,55.693711,37.456562,Наезд на пешехода,Тяжёлый,1,0,,True
1560205,2025-08-26 17:50:00+03:00,55.865442,37.600746,Опрокидывание,Тяжёлый,1,0,,True
1560214,2025-08-26 18:07:00+03:00,55.940542,37.528867,Наезд на пешехода,Тяжёлый,1,0,,True
1560226,2025-08-26 18:35:00+03:00,55.722397,37.695658,Столкновение,Тяжёлый,1,0,,True
1560246,2025-08-26 19:08:00+03:00,55.831072,37.600182,Наезд на пешехода,Тяжёлый,1,0,,True
1560271,2025-08-26 20:10:00+03:00,55.642667,37.33512,Наезд на пешехода,С погибшими,0,1,,True
1560274,2025-08-26 20:17:00+03:00,55.8395,37.353001,Наезд на велосипедиста,Тяжёлый,1,0,,True
1560294,2025-08-26 20:55:00+03:00,55.740448,37.616791,Столкновение,Тяжёлый,1,0,,True
1560337,2025-08-26 23:24:00+03:00,55.575027,37.61192,Столкновение,Тяжёлый,1,0,,True
1560376,2025-08-27 07:05:00+03:00,55.843151,37.455686,Столкновение,Тяжёлый,1,0,,True
1560414,2025-08-27 09:15:00+03:00,55.719068,37.663043,Столкновение,Тяжёлый,1,0,,True
1560430,2025-08-27 09:55:00+03:00,55.800191,37.585403,Столкновение,Тяжёлый,1,0,,True
1560438,2025-08-27 10:15:00+03:00,55.691786,37.755826,Наезд на препятствие,Тяжёлый,1,0,,True
1560480,2025-08-27 12:20:00+03:00,55.814009,37.652764,Наезд на пешехода,Тяжёлый,2,0,,True
1560497,2025-08-27 13:00:00+03:00,55.811506,37.581695,Наезд на пешехода,Тяжёлый,1,0,,True
1560501,2025-08-27 13:00:00+03:00,55.863043,37.436149,Наезд на пешехода,Тяжёлый,1,0,,True
1560514,2025-08-27 13:30:00+03:00,55.713326,37.677934,Столкновение,Тяжёлый,1,0,,True
1560517,2025-08-27 13:48:00+03:00,55.867555,37.612691,Наезд на пешехода,Тяжёлый,1,0,,True
1560537,2025-08-27 14:22:00+03:00,55.769787,37.684832,Наезд на пешехода,Тяжёлый,1,0,,True
1560538,2025-08-27 14:25:00+03:00,55.662052,37.482026,Падение пассажира,Тяжёлый,1,0,,True
1560548,2025-08-27 14:50:00+03:00,55.769694,37.691954,Столкновение,Тяжёлый,1,0,,True
1560593,2025-08-27 16:30:00+03:00,55.665445,37.569311,Наезд на пешехода,Тяжёлый,1,0,,True
1560599,2025-08-27 16:47:00+03:00,55.707076,37.670381,Наезд на велосипедиста,Тяжёлый,1,0,,True
1560614,2025-08-27 17:05:00+03:00,55.733097,37.499664,Столкновение,Тяжёлый,3,0,,True
1560658,2025-08-27 18:42:00+03:00,55.622708,37.600429,Опрокидывание,Тяжёлый,1,0,,True
1560662,2025-08-27 18:55:00+03:00,55.847169,37.498655,Наезд на пешехода,Легкий,1,0,,True
1560670,2025-08-27 19:00:00+03:00,55.636178,37.521669,Столкновение,Тяжёлый,1,0,,True
1560673,2025-08-27 19:05:00+03:00,55.648906,37.619205,Столкновение,Тяжёлый,1,0,,True
1560686,2025-08-27 19:32:00+03:00,55.68159,37.536027,Столкновение,Тяжёлый,1,0,,True
1560689,2025-08-27 19:39:00+03:00,55.794641,37.495522,Столкновение,Тяжёлый,1,0,,True
1560700,2025-08-27 20:05:00+03:00,55.680936,37.650994,Наезд на велосипедиста,Тяжёлый,1,0,,True
1560707,2025-08-27 20:25:00+03:00,55.728086,37.723719,Столкновение,Тяжёлый,1,0,,True
1560726,2025-08-27 21:15:00+03:00,55.660455,37.779686,Столкновение,Тяжёлый,1,0,,True
1560745,2025-08-27 22:10:00+03:00,55.601727,37.666148,Столкновение,Тяжёлый,1,0,,True
1560767,2025-08-27 23:31:00+03:00,55.877056,37.450354,Наезд на пешехода,С погибшими,0,1,,True
1560774,2025-08-28 00:05:00+03:00,55.572243,37.674823,Столкновение,Тяжёлый,1,0,,True
1560789,2025-08-28 03:35:00+03:00,55.585973,37.71467,Наезд на препятствие,Легкий,2,0,,True
1560824,2025-08-28 08:00:00+03:00,55.891387,37.609918,Столкновение,Тяжёлый,1,0,,True
1560830,2025-08-28 08:20:00+03:00,55.688127,37.587426,Столкновение,Тяжёлый,1,0,,True
1560851,2025-08-28 09:05:00+03:00,55.712905,37.647584,Опрокидывание,Легкий,1,0,,True
1560887,2025-08-28 10:45:00+03:00,55.73323,37.712191,Столкновение,Тяжёлый,1,0,,True
1560901,2025-08-28 11:09:00+03:00,55.624293,37.710909,Столкновение,Легкий,1,0,,True
1560904,2025-08-28 11:15:00+03:00,55.716557,37.608083,Наезд на стоящее ТС,Легкий,1,0,,True
1560922,2025-08-28 12:10:00+03:00,55.804003,37.636291,Столкновение,Тяжёлый,1,0,,True
1560939,2025-08-28 13:00:00+03:00,55.804433,37.626745,Наезд на пешехода,Тяжёлый,1,0,,True
1560941,2025-08-28 13:00:00+03:00,55.682192,37.664465,Столкновение,Легкий,1,0,,True
1560953,2025-08-28 13:22:00+03:00,55.686125,37.424626,Наезд на пешехода,Тяжёлый,1,0,,True
1560957,2025-08-28 13:31:00+03:00,55.888178,37.642201,Наезд на пешехода,Тяжёлый,1,0,,True
1561002,2025-08-28 15:09:00+03:00,55.758237,37.677623,Наезд на пешехода,Тяжёлый,1,0,,True
1561010,2025-08-28 15:30:00+03:00,55.749911,37.626082,Столкновение,Тяжёлый,1,0,,True
1561046,2025-08-28 16:35:00+03:00,55.776259,37.503462,Столкновение,Тяжёлый,1,0,,True
1561051,2025-08-28 16:41:00+03:00,55.69776,37.52846,Столкновение,Тяжёлый,3,0,,True
1561074,2025-08-28 17:20:00+03:00,55.866681,37.639091,Наезд на пешехода,Тяжёлый,1,0,,True
1561132,2025-08-28 19:00:00+03:00,55.54511,37.546502,Столкновение,С погибшими,0,1,,True
1561142,2025-08-28 19:14:00+03:00,55.636116,37.740404,Столкновение,Легкий,1,0,,True
1561152,2025-08-28 19:31:00+03:00,55.84688,37.556409,Столкновение,Тяжёлый,1,0,,True
1561186,2025-08-28 20:30:00+03:00,55.68852,37.604216,Столкновение,Тяжёлый,1,0,,True
1561265,2025-08-29 01:05:00+03:00,55.758172,37.627865,Падение пассажира,Тяжёлый,1,0,,True
1561274,2025-08-29 02:30:00+03:00,55.754597,37.746524,Наезд на стоящее ТС,Легкий,1,0,,True
1561287,2025-08-29 06:00:00+03:00,55.838374,37.454356,Столкновение,Тяжёлый,1,0,,True
1561291,2025-08-29 06:38:00+03:00,55.575968,37.599374,Столкновение,Легкий,1,0,,True
1561300,2025-08-29 07:30:00+03:00,55.797844,37.485276,Столкновение,Тяжёлый,1,0,,True
1561318,2025-08-29 08:30:00+03:00,55.761062,37.650501,Наезд на пешехода,Тяжёлый,1,0,,True
1561339,2025-08-29 09:15:00+03:00,55.67776,37.507732,Наезд на пешехода,Тяжёлый,1,0,,True
1561341,2025-08-29 09:20:00+03:00,55.702464,37.621382,Опрокидывание,Легкий,1,0,,True
1561347,2025-08-29 09:30:00+03:00,55.929626,37.380002,Наезд на препятствие,Тяжёлый,1,0,,True
1561372,2025-08-29 10:38:00+03:00,55.994181,37.188452,Наезд на пешехода,Легкий,1,0,,True
1561381,2025-08-29 10:57:00+03:00,55.785792,37.578961,Столкновение,Тяжёлый,1,0,,True
1561413,2025-08-29 12:02:00+03:00,55.696043,37.821754,Падение пассажира,Тяжёлый,1,0,,True
1561418,2025-08-29 12:27:00+03:00,55.910024,37.368536,Столкновение,Тяжёлый,1,0,,True
1561434,2025-08-29 13:10:00+03:00,55.909549,37.55893,Столкновение,Тяжёлый,1,0,,True
1561443,2025-08-29 13:40:00+03:00,55.808613,37.798698,Наезд на пешехода,Легкий,1,0,,True
1561467,2025-08-29 14:20:00+03:00,55.795528,37.495898,Столкновение,Тяжёлый,1,0,,True
1561500,2025-08-29 15:14:00+03:00,55.871272,37.502217,Наезд на стоящее ТС,Тяжёлый,1,0,,True
1561503,2025-08-29 15:20:00+03:00,55.747067,37.764301,Столкновение,Тяжёлый,2,0,,True
1561510,2025-08-29 15:45:00+03:00,55.764648,37.560936,Столкновение,Тяжёлый,1,0,,True
1561565,2025-08-29 17:34:00+03:00,55.870574,37.533867,Наезд на пешехода,Тяжёлый,1,0,,True
1561570,2025-08-29 17:45:00+03:00,55.869647,37.439797,Столкновение,Тяжёлый,1,0,,True
1561589,2025-08-29 18:08:00+03:00,55.719956,37.64769,Наезд на пешехода,Легкий,1,0,,True
1561592,2025-08-29 18:10:00+03:00,55.579448,37.690573,Столкновение,Легкий,1,0,,True
1561624,2025-08-29 19:05:00+03:00,55.760326,37.778817,Наезд на пешехода,Легкий,1,0,,True
1561656,2025-08-29 20:00:00+03:00,55.643039,37.468207,Падение пассажира,Легкий,1,0,,True
1561708,2025-08-29 21:20:00+03:00,55.813219,37.735612,Наезд на пешехода,Легкий,2,0,,True
1561724,2025-08-29 22:30:00+03:00,55.85604,37.355479,Наезд на пешехода,С погибшими,0,1,,True
1561757,2025-08-30 00:30:00+03:00,55.666319,37.768389,Столкновение,Тяжёлый,1,0,,True
1561763,2025-08-30 01:02:00+03:00,55.73857,37.740859,Наезд на препятствие,С погибшими,0,2,,True
1561767,2025-08-30 01:22:00+03:00,55.612299,37.581739,Опрокидывание,Тяжёлый,1,0,,True
1561772,2025-08-30 01:45:00+03:00,55.928733,37.381153,Столкновение,Легкий,1,0,,True
1561794,2025-08-30 04:10:00+03:00,55.794647,37.545658,Опрокидывание,Легкий,1,0,,True
1561798,2025-08-30 04:46:00+03:00,55.883496,37.468679,Наезд на препятствие,Тяжёлый,2,0,,True
1561816,2025-08-30 07:20:00+03:00,55.867365,37.664073,Наезд на пешехода,Тяжёлый,1,0,,True
1561817,2025-08-30 07:25:00+03:00,55.880177,37.58595,Опрокидывание,Тяжёлый,1,0,,True
1561820,2025-08-30 07:40:00+03:00,55.845094,37.558347,Столкновение,Тяжёлый,1,0,,True
1561840,2025-08-30 09:00:00+03:00,55.663246,37.180953,Столкновение,Тяжёлый,1,0,,True
1561844,2025-08-30 09:29:00+03:00,55.863711,37.471844,Наезд на пешехода,Тяжёлый,1,0,,True
1561845,2025-08-30 09:30:00+03:00,55.771063,37.594228,Столкновение,Тяжёлый,1,0,,True
1561879,2025-08-30 11:15:00+03:00,55.661647,37.585095,Столкновение,Тяжёлый,1,0,,True
1561881,2025-08-30 11:20:00+03:00,55.65505,37.83582,Столкновение,Тяжёлый,1,0,,True
1561883,2025-08-30 11:26:00+03:00,55.613541,37.716011,Столкновение,Тяжёлый,4,0,,True
1561896,2025-08-30 11:50:00+03:00,55.566729,37.601781,Наезд на пешехода,С погибшими,0,1,,True
1561919,2025-08-30 12:35:00+03:00,55.756758,37.614999,Столкновение,Тяжёлый,1,0,,True
1561926,2025-08-30 12:53:00+03:00,55.678138,37.625292,Столкновение,Тяжёлый,2,0,,True
1561930,2025-08-30 13:00:00+03:00,55.712313,37.474383,Столкновение,Тяжёлый,1,0,,True
1561937,2025-08-30 13:15:00+03:00,55.621785,37.678895,Столкновение,Тяжёлый,1,0,,True
1561943,2025-08-30 13:24:00+03:00,55.669211,37.624719,Наезд на велосипедиста,Тяжёлый,1,0,,True
1561947,2025-08-30 13:36:00+03:00,55.607899,37.487959,Столкновение,Тяжёлый,1,0,,True
1561956,2025-08-30 13:51:00+03:00,55.847506,37.794235,Столкновение,Тяжёлый,3,0,,True
1561961,2025-08-30 14:00:00+03:00,55.729478,37.547611,Опрокидывание,Тяжёлый,1,0,,True
1561999,2025-08-30 15:05:00+03:00,55.479504,37.150569,Наезд на велосипедиста,Тяжёлый,1,0,,True
1562006,2025-08-30 15:20:00+03:00,55.781943,37.53818,Столкновение,Легкий,1,0,,True
1562008,2025-08-30 15:20:00+03:00,55.672554,37.57979,Наезд на пешехода,Тяжёлый,1,0,,True
1562027,2025-08-30 15:50:00+03:00,55.567869,37.360479,Столкновение,Тяжёлый,1,0,,True
1562040,2025-08-30 16:01:00+03:00,55.748359,37.31192,Наезд на велосипедиста,Тяжёлый,1,0,,True
1562043,2025-08-30 16:07:00+03:00,55.810633,37.483206,Падение пассажира,Тяжёлый,1,0,,True
1562056,2025-08-30 16:25:00+03:00,55.693636,37.666572,Опрокидывание,Тяжёлый,1,0,,True
1562060,2025-08-30 16:30:00+03:00,55.546164,37.534254,Наезд на пешехода,Тяжёлый,1,0,,True
1562077,2025-08-30 17:10:00+03:00,55.784495,37.566934,Падение пассажира,Тяжёлый,1,0,,True
1562096,2025-08-30 17:55:00+03:00,55.773812,37.665811,Наезд на стоящее ТС,Тяжёлый,1,0,,True
1562103,2025-08-30 18:02:00+03:00,55.810362,37.794578,Наезд на пешехода,Легкий,1,0,,True
1562125,2025-08-30 18:53:00+03:00,55.543706,37.170985,Столкновение,Тяжёлый,2,0,,True
1562127,2025-08-30 18:54:00+03:00,55.757676,37.712878,Наезд на велосипедиста,Тяжёлый,1,0,,True
1562165,2025-08-30 20:08:00+03:00,55.968264,37.202701,Столкновение,Тяжёлый,1,0,,True
1562178,2025-08-30 20:36:00+03:00,55.580616,37.644134,Столкновение,Тяжёлый,1,0,,True
1562181,2025-08-30 20:40:00+03:00,55.880198,37.558479,Столкновение,Тяжёлый,1,0,,True
1562195,2025-08-30 21:05:00+03:00,55.75357,37.611727,Столкновение,Тяжёлый,1,0,,True
1562241,2025-08-30 23:30:00+03:00,55.708086,37.624387,Столкновение,Тяжёлый,1,0,,True
1562244,2025-08-30 23:50:00+03:00,55.631818,37.623904,Опрокидывание,Тяжёлый,1,0,,True
1562263,2025-08-31 01:50:00+03:00,55.747737,37.557117,Наезд на пешехода,Тяжёлый,1,0,,True
1562266,2025-08-31 02:14:00+03:00,55.749331,37.608143,Столкновение,Тяжёлый,1,0,,True
1562270,2025-08-31 02:45:00+03:00,55.811821,37.821368,Столкновение,Легкий,1,0,,True
1562284,2025-08-31 04:55:00+03:00,55.668685,37.723832,Наезд на препятствие,Тяжёлый,1,0,,True
1562313,2025-08-31 08:45:00+03:00,55.677125,37.690422,Наезд на велосипедиста,Тяжёлый,1,0,,True
1562320,2025-08-31 09:16:00+03:00,55.852414,37.564713,Падение пассажира,Тяжёлый,1,0,,True
1562409,2025-08-31 14:00:00+03:00,55.594352,37.44367,Наезд на пешехода,Тяжёлый,1,0,,True
1562417,2025-08-31 14:11:00+03:00,55.63765,37.352099,Наезд на стоящее ТС,Тяжёлый,1,0,,True
1562424,2025-08-31 14:25:00+03:00,55.775499,37.481865,Столкновение,Тяжёлый,1,0,,True
1562440,2025-08-31 15:00:00+03:00,55.696318,37.807437,Столкновение,Тяжёлый,1,0,,True
1562451,2025-08-31 15:25:00+03:00,55.770608,37.627611,Наезд на препятствие,Тяжёлый,1,0,,True
1562463,2025-08-31 15:50:00+03:00,55.744651,37.750547,Наезд на стоящее ТС,Тяжёлый,3,0,,True
1562476,2025-08-31 16:15:00+03:00,55.565504,37.586475,Наезд на пешехода,Тяжёлый,1,0,,True
1562478,2025-08-31 16:20:00+03:00,55.868864,37.616101,Наезд на пешехода,Тяжёлый,1,0,,True
1562522,2025-08-31 17:30:00+03:00,55.729829,37.644591,Столкновение,Тяжёлый,1,0,,True
1562536,2025-08-31 17:50:00+03:00,55.898119,37.572487,Наезд на пешехода,Тяжёлый,1,0,,True
1562537,2025-08-31 17:50:00+03:00,55.609323,37.35579,Столкновение,Тяжёлый,1,0,,True
1562560,2025-08-31 18:35:00+03:00,55.709319,37.835519,Столкновение,Тяжёлый,1,0,,True
1562571,2025-08-31 18:57:00+03:00,55.847952,37.488871,Наезд на пешехода,Тяжёлый,1,0,,True
1562597,2025-08-31 19:50:00+03:00,55.830035,37.698802,Опрокидывание,Легкий,1,0,,True
1562649,2025-08-31 21:39:00+03:00,55.662555,37.483034,Наезд на пешехода,Тяжёлый,1,0,,True
1562658,2025-08-31 21:55:00+03:00,55.800099,37.635512,Столкновение,Тяжёлый,1,0,,True
1562685,2025-08-31 23:15:00+03:00,55.72366,37.793301,Наезд на препятствие,Тяжёлый,1,0,,True
1562687,2025-08-31 23:35:00+03:00,55.705559,37.817388,Наезд на пешехода,Тяжёлый,1,0,,True
1562692,2025-09-01 00:13:00+03:00,55.601972,37.722631,Наезд на пешехода,Тяжёлый,1,0,,True
1562694,2025-09-01 00:22:00+03:00,55.629964,37.517517,Столкновение,Тяжёлый,2,0,,True
1562700,2025-09-01 01:10:00+03:00,55.830306,37.698019,Столкновение,Легкий,1,0,,True
1562707,2025-09-01 05:00:00+03:00,55.566474,37.60191,Наезд на препятствие,Тяжёлый,2,0,,True
1562708,2025-09-01 05:08:00+03:00,55.752302,37.368826,Наезд на стоящее ТС,Тяжёлый,1,0,,True
1562730,2025-09-01 07:50:00+03:00,55.89863,37.551691,Падение пассажира,Тяжёлый,1,0,,True
1562775,2025-09-01 10:20:00+03:00,55.841826,37.372001,Столкновение,Тяжёлый,1,0,,True
1562780,2025-09-01 10:30:00+03:00,55.724905,37.42615,Наезд на велосипедиста,Тяжёлый,1,0,,True
1562784,2025-09-01 10:46:00+03:00,55.714106,37.886235,Наезд на пешехода,С погибшими,0,1,,True
1562795,2025-09-01 11:15:00+03:00,55.662742,37.546753,Столкновение,Тяжёлый,1,0,,True
1562800,2025-09-01 11:27:00+03:00,55.813515,37.728971,Наезд на пешехода,Легкий,1,0,,True
1562841,2025-09-01 13:00:00+03:00,55.72766,37.751148,Падение пассажира,Тяжёлый,1,0,,True
1562854,2025-09-01 13:35:00+03:00,55.679224,37.46708,Падение пассажира,Тяжёлый,1,0,,True
1562855,2025-09-01 13:44:00+03:00,55.580601,37.46648,Наезд на стоящее ТС,С погибшими,2,1,,True
1562862,2025-09-01 13:56:00+03:00,55.666101,37.733542,Наезд на пешехода,Тяжёлый,1,0,,True
1562883,2025-09-01 14:40:00+03:00,55.749422,37.632669,Наезд на препятствие,С погибшими,0,1,,True
1562884,2025-09-01 14:40:00+03:00,55.771214,37.604924,Опрокидывание,Тяжёлый,1,0,,True
1562885,2025-09-01 14:45:00+03:00,55.791583,37.363762,Столкновение,Легкий,1,0,,True
1562889,2025-09-01 15:00:00+03:00,55.528286,37.510726,Столкновение,Тяжёлый,1,0,,True
1562891,2025-09-01 15:00:00+03:00,55.604602,37.492862,Падение пассажира,Тяжёлый,1,0,,True
1562928,2025-09-01 16:40:00+03:00,55.761772,37.651579,Наезд на пешехода,Тяжёлый,1,0,,True
1562960,2025-09-01 17:40:00+03:00,55.70847,37.667393,Столкновение,Тяжёлый,1,0,,True
1562965,2025-09-01 17:45:00+03:00,55.654692,37.383867,Наезд на пешехода,Тяжёлый,1,0,,True
1562976,2025-09-01 18:01:00+03:00,55.910475,37.375478,Столкновение,Тяжёлый,1,0,,True
1562987,2025-09-01 18:20:00+03:00,55.738891,37.659962,Столкновение,С погибшими,1,1,,True
1562990,2025-09-01 18:26:00+03:00,55.731532,37.638613,Падение пассажира,Тяжёлый,1,0,,True
1563006,2025-09-01 19:15:00+03:00,55.698552,37.791907,Наезд на велосипедиста,Тяжёлый,1,0,,True
1563036,2025-09-01 20:30:00+03:00,55.73677,37.518815,Столкновение,Тяжёлый,1,0,,True
1563040,2025-09-01 20:41:00+03:00,55.820597,37.750987,Наезд на велосипедиста,Легкий,1,0,,True
1563057,2025-09-01 21:29:00+03:00,55.637589,37.461405,Столкновение,Тяжёлый,2,0,,True
1563063,2025-09-01 21:45:00+03:00,55.782637,37.456137,Наезд на препятствие,С погибшими,0,1,,True
1563066,2025-09-01 21:55:00+03:00,55.669368,37.624837,Наезд на велосипедиста,Легкий,1,0,,True
1563096,2025-09-02 02:55:00+03:00,55.766766,37.250648,Съезд с дороги,Легкий,1,0,,True
1563106,2025-09-02 06:29:00+03:00,55.663157,37.619222,Наезд на велосипедиста,Тяжёлый,1,0,,True
1563108,2025-09-02 06:55:00+03:00,55.71497,37.879529,Наезд на пешехода,Тяжёлый,1,0,,True
1563121,2025-09-02 07:40:00+03:00,55.727642,37.804266,Падение пассажира,Легкий,2,0,,True
1563131,2025-09-02 08:00:00+03:00,55.719787,37.52286,Наезд на велосипедиста,Тяжёлый,1,0,,True
1563136,2025-09-02 08:25:00+03:00,55.862224,37.584915,Столкновение,Тяжёлый,1,0,,True
1563140,2025-09-02 08:30:00+03:00,55.696043,37.666519,Столкновение,Тяжёлый,1,0,,True
1563173,2025-09-02 10:14:00+03:00,55.827281,37.444249,Наезд на велосипедиста,Тяжёлый,1,0,,True
1563179,2025-09-02 10:50:00+03:00,55.678956,37.274263,Столкновение,Тяжёлый,1,0,,True
1563234,2025-09-02 13:16:00+03:00,55.729551,37.61193,Опрокидывание,Легкий,1,0,,True
1563235,2025-09-02 13:20:00+03:00,55.87383,37.419112,Столкновение,Тяжёлый,1,0,,True
1563256,2025-09-02 14:10:00+03:00,55.672636,37.456706,Столкновение,Тяжёлый,3,0,,True
1563263,2025-09-02 14:27:00+03:00,55.672351,37.739614,Столкновение,Тяжёлый,2,0,,True
1563279,2025-09-02 15:30:00+03:00,55.686119,37.522613,Наезд на велосипедиста,Тяжёлый,1,0,,True
1563284,2025-09-02 15:40:00+03:00,55.795383,37.705808,Наезд на пешехода,Тяжёлый,1,0,,True
1563285,2025-09-02 15:45:00+03:00,55.635912,37.695712,Наезд на велосипедиста,Легкий,1,0,,True
1563287,2025-09-02 15:50:00+03:00,55.654874,37.824157,Наезд на пешехода,Тяжёлый,1,0,,True
1563289,2025-09-02 15:56:00+03:00,55.682526,37.72454,Наезд на пешехода,Тяжёлый,1,0,,True
1563310,2025-09-02 16:31:00+03:00,55.991754,37.186052,Столкновение,Тяжёлый,1,0,,True
1563311,2025-09-02 16:34:00+03:00,55.395931,37.193474,Столкновение,Тяжёлый,2,0,,True
1563312,2025-09-02 16:35:00+03:00,55.81419,37.499696,Наезд на пешехода,Тяжёлый,1,0,,True
1563341,2025-09-02 18:00:00+03:00,55.653926,37.650263,Наезд на пешехода,Тяжёлый,1,0,,True
1563345,2025-09-02 18:05:00+03:00,55.761956,37.593391,Столкновение,Тяжёлый,1,0,,True
1563355,2025-09-02 18:15:00+03:00,55.688312,37.532826,Наезд на велосипедиста,Тяжёлый,1,0,,True
1563356,2025-09-02 18:17:00+03:00,55.725527,37.606115,Опрокидывание,Легкий,1,0,,True
1563361,2025-09-02 18:27:00+03:00,55.500918,37.519491,Наезд на пешехода,Тяжёлый,1,0,,True
1563390,2025-09-02 19:50:00+03:00,55.685188,37.538277,Наезд на велосипедиста,Тяжёлый,1,0,,True
1563392,2025-09-02 20:00:00+03:00,55.621163,37.608261,Столкновение,Легкий,1,0,,True
1563418,2025-09-02 20:48:00+03:00,55.721154,37.622353,Опрокидывание,Тяжёлый,1,0,,True
1563442,2025-09-02 22:02:00+03:00,55.699625,37.267647,Столкновение,Легкий,1,0,,True
1563453,2025-09-02 23:20:00+03:00,55.873348,37.637529,Наезд на пешехода,С погибшими,1,1,,True
1563467,2025-09-03 01:24:00+03:00,55.684389,37.519909,Столкновение,Тяжёлый,3,0,,True
1563522,2025-09-03 08:35:00+03:00,55.887828,37.662013,Наезд на пешехода,Тяжёлый,1,0,,True
1563525,2025-09-03 08:41:00+03:00,55.798935,37.38847,Наезд на пешехода,Тяжёлый,1,0,,True
1563532,2025-09-03 09:10:00+03:00,55.727959,37.424782,Столкновение,Тяжёлый,1,0,,True
1563555,2025-09-03 10:10:00+03:00,55.661381,37.468561,Наезд на пешехода,Тяжёлый,1,0,,True
1563581,2025-09-03 11:30:00+03:00,55.802035,37.407278,Столкновение,Тяжёлый,1,0,,True
1563608,2025-09-03 13:10:00+03:00,55.644531,37.399226,Наезд на пешехода,Тяжёлый,1,0,,True
1563623,2025-09-03 13:40:00+03:00,55.565315,37.499299,Наезд на пешехода,Тяжёлый,1,0,,True
1563645,2025-09-03 15:01:00+03:00,55.720107,37.561998,Столкновение,Тяжёлый,1,0,,True
1563657,2025-09-03 15:20:00+03:00,55.787523,37.730076,Столкновение,Легкий,1,0,,True
1563661,2025-09-03 15:25:00+03:00,55.671804,37.521632,Столкновение,Тяжёлый,1,0,,True
1563668,2025-09-03 15:40:00+03:00,55.680503,37.8495,Столкновение,Тяжёлый,1,0,,True
1563672,2025-09-03 15:50:00+03:00,55.759758,37.240176,Столкновение,Тяжёлый,2,0,,True
1563675,2025-09-03 15:57:00+03:00,55.850427,37.43661,Наезд на пешехода,Тяжёлый,1,0,,True
1563676,2025-09-03 16:00:00+03:00,55.812303,37.63945,Наезд на пешехода,Тяжёлый,1,0,,True
1563685,2025-09-03 16:22:00+03:00,55.789261,37.557396,Столкновение,Тяжёлый,1,0,,True
1563715,2025-09-03 17:40:00+03:00,55.655558,37.559638,Наезд на пешехода,Тяжёлый,1,0,,True
1563727,2025-09-03 18:00:00+03:00,55.824872,37.599127,Наезд на пешехода,Тяжёлый,1,0,,True
1563732,2025-09-03 18:20:00+03:00,55.745388,37.169602,Наезд на пешехода,Тяжёлый,1,0,,True
1563733,2025-09-03 18:30:00+03:00,55.730113,37.666229,Наезд на пешехода,С погибшими,0,1,,True
1563764,2025-09-03 19:57:00+03:00,55.649994,37.532773,Столкновение,Тяжёлый,1,0,,True
1563795,2025-09-03 20:55:00+03:00,55.863327,37.660725,Наезд на велосипедиста,Тяжёлый,1,0,,True
1563801,2025-09-03 21:05:00+03:00,55.715834,37.81521,Опрокидывание,Тяжёлый,1,0,,True
1563803,2025-09-03 21:12:00+03:00,55.78996,37.52228,Наезд на велосипедиста,С погибшими,0,1,,True
1563805,2025-09-03 21:16:00+03:00,55.684601,37.539618,Падение пассажира,Тяжёлый,1,0,,True
1563816,2025-09-03 22:00:00+03:00,55.881945,37.684542,Столкновение,Тяжёлый,1,0,,True
1563818,2025-09-03 22:04:00+03:00,55.595783,37.594721,Столкновение,Тяжёлый,1,0,,True
1563821,2025-09-03 22:10:00+03:00,55.808016,37.761168,Наезд на велосипедиста,Легкий,1,0,,True
1563839,2025-09-04 00:55:00+03:00,55.794904,37.634626,Столкновение,Тяжёлый,2,0,,True
1563843,2025-09-04 01:34:00+03:00,55.769941,37.747006,Столкновение,Легкий,1,0,,True
1563848,2025-09-04 02:47:00+03:00,55.738056,37.526464,Наезд на пешехода,С погибшими,0,1,,True
1563884,2025-09-04 08:07:00+03:00,55.652168,37.395616,Наезд на пешехода,Тяжёлый,1,0,,True
1563896,2025-09-04 08:50:00+03:00,55.765306,37.578081,Наезд на велосипедиста,Тяжёлый,1,0,,True
1563902,2025-09-04 09:00:00+03:00,55.499897,37.552943,Столкновение,Тяжёлый,2,0,,True
1563923,2025-09-04 09:55:00+03:00,55.777647,37.520596,Столкновение,Тяжёлый,1,0,,True
1563924,2025-09-04 09:55:00+03:00,55.827781,37.831818,Столкновение,Тяжёлый,1,0,,True
1563926,2025-09-04 10:00:00+03:00,55.866408,37.404317,Столкновение,Тяжёлый,1,0,,True
1563932,2025-09-04 10:40:00+03:00,55.858665,37.530434,Наезд на препятствие,Тяжёлый,1,0,,True
1563933,2025-09-04 10:40:00+03:00,55.729563,37.748508,Столкновение,Тяжёлый,1,0,,True
1563956,2025-09-04 12:06:00+03:00,55.566378,37.575185,Столкновение,Тяжёлый,2,0,,True
1563973,2025-09-04 13:00:00+03:00,55.613383,37.371261,Наезд на препятствие,Тяжёлый,1,0,,True
1563986,2025-09-04 13:45:00+03:00,55.795593,37.489612,Столкновение,Тяжёлый,1,0,,True
1564008,2025-09-04 14:45:00+03:00,55.770514,37.369298,Столкновение,Тяжёлый,1,0,,True
1564033,2025-09-04 15:55:00+03:00,55.836139,37.643666,Наезд на пешехода,Тяжёлый,1,0,,True
1564055,2025-09-04 16:45:00+03:00,55.643814,37.666186,Столкновение,Тяжёлый,1,0,,True
1564067,2025-09-04 17:16:00+03:00,55.756221,37.584186,Наезд на пешехода,Тяжёлый,1,0,,True
1564098,2025-09-04 18:05:00+03:00,55.756879,37.757875,Столкновение,Легкий,1,0,,True
1564105,2025-09-04 18:27:00+03:00,55.866834,37.613921,Наезд на велосипедиста,Тяжёлый,1,0,,True
1564116,2025-09-04 18:45:00+03:00,55.575803,37.596953,Столкновение,Легкий,1,0,,True
1564124,2025-09-04 19:03:00+03:00,55.706291,37.458272,Наезд на пешехода,Тяжёлый,1,0,,True
1564125,2025-09-04 19:05:00+03:00,55.81062,37.810303,Столкновение,Тяжёлый,1,0,,True
1564126,2025-09-04 19:10:00+03:00,55.606996,37.606893,Наезд на велосипедиста,Тяжёлый,1,0,,True
1564169,2025-09-04 21:00:00+03:00,55.624355,37.302307,Столкновение,Тяжёлый,1,0,,True
1564178,2025-09-04 21:15:00+03:00,55.882918,37.46119,Наезд на стоящее ТС,Тяжёлый,1,0,,True
1564189,2025-09-04 21:35:00+03:00,55.761636,37.619265,Наезд на пешехода,Тяжёлый,1,0,,True
1564201,2025-09-04 22:30:00+03:00,55.783355,37.744431,Столкновение,Легкий,2,0,,True
1564210,2025-09-04 23:10:00+03:00,55.820368,37.573843,Столкновение,Тяжёлый,1,0,,True
1564216,2025-09-05 00:06:00+03:00,55.680609,37.745161,Столкновение,Тяжёлый,1,0,,True
1564276,2025-09-05 08:15:00+03:00,55.542297,37.506799,Наезд на велосипедиста,Тяжёлый,1,0,,True
1564286,2025-09-05 08:45:00+03:00,55.502407,37.283628,Наезд на препятствие,Тяжёлый,1,0,,True
1564302,2025-09-05 09:18:00+03:00,55.65686,37.492819,Наезд на пешехода,Тяжёлый,1,0,,True
1564305,2025-09-05 09:24:00+03:00,55.476081,37.53214,Столкновение,Тяжёлый,1,0,,True
1564320,2025-09-05 10:05:00+03:00,55.717865,37.797625,Наезд на пешехода,Тяжёлый,1,0,,True
1564327,2025-09-05 10:20:00+03:00,55.688486,37.654992,Наезд на пешехода,Тяжёлый,1,0,,True
1564354,2025-09-05 12:05:00+03:00,55.675909,37.59206,Столкновение,Тяжёлый,2,0,,True
1564356,2025-09-05 12:10:00+03:00,55.734517,37.488045,Столкновение,Тяжёлый,1,0,,True
1564358,2025-09-05 12:15:00+03:00,55.65718,37.742704,Наезд на пешехода,С погибшими,0,1,,True
1564366,2025-09-05 12:29:00+03:00,55.655419,37.715957,Столкновение,Тяжёлый,1,0,,True
1564373,2025-09-05 12:40:00+03:00,55.663632,37.482744,Столкновение,Тяжёлый,2,0,,True
1564390,2025-09-05 13:20:00+03:00,55.774515,37.53317,Наезд на велосипедиста,Тяжёлый,1,0,,True
1564391,2025-09-05 13:20:00+03:00,55.796704,37.725195,Наезд на велосипедиста,Легкий,1,0,,True
1564433,2025-09-05 14:43:00+03:00,55.819814,37.495404,Наезд на пешехода,Тяжёлый,1,0,,True
1564459,2025-09-05 15:40:00+03:00,55.859924,37.596234,Наезд на пешехода,Тяжёлый,1,0,,True
1564498,2025-09-05 17:15:00+03:00,55.605774,37.543775,Столкновение,Тяжёлый,1,0,,True
1564500,2025-09-05 17:19:00+03:00,55.982766,37.147133,Столкновение,Легкий,1,0,,True
1564514,2025-09-05 17:50:00+03:00,55.717735,37.569428,Столкновение,Тяжёлый,1,0,,True
1564517,2025-09-05 17:50:00+03:00,55.887587,37.60265,Наезд на пешехода,Тяжёлый,1,0,,True
1564525,2025-09-05 18:07:00+03:00,55.705607,37.621297,Столкновение,Тяжёлый,1,0,,True
1564534,2025-09-05 18:30:00+03:00,55.77609,37.500522,Столкновение,Легкий,1,0,,True
1564535,2025-09-05 18:36:00+03:00,55.748088,37.611287,Столкновение,Тяжёлый,1,0,,True
1564536,2025-09-05 18:38:00+03:00,55.646843,37.477581,Наезд на пешехода,Тяжёлый,1,0,,True
1564640,2025-09-05 21:40:00+03:00,55.870399,37.749732,Столкновение,Тяжёлый,1,0,,True
1564644,2025-09-05 21:50:00+03:00,55.58493,37.613497,Столкновение,Тяжёлый,1,0,,True
1564678,2025-09-06 00:40:00+03:00,55.740418,37.597253,Столкновение,Тяжёлый,1,0,,True
1564697,2025-09-06 02:45:00+03:00,55.882045,37.725677,Столкновение,Тяжёлый,1,0,,True
1564736,2025-09-06 08:05:00+03:00,55.667922,37.766436,Опрокидывание,Тяжёлый,1,0,,True
1564751,2025-09-06 08:50:00+03:00,56.00828,37.198236,Столкновение,Тяжёлый,1,0,,True
1564761,2025-09-06 09:30:00+03:00,55.74848,37.699156,Столкновение,Тяжёлый,1,0,,True
1564765,2025-09-06 09:43:00+03:00,55.575106,37.644804,Столкновение,Тяжёлый,2,0,,True
1564770,2025-09-06 10:00:00+03:00,55.737466,37.687639,Столкновение,Тяжёлый,1,0,,True
1564778,2025-09-06 10:15:00+03:00,55.833506,37.486092,Столкновение,Легкий,1,0,,True
1564786,2025-09-06 10:32:00+03:00,55.667175,37.089853,Столкновение,Тяжёлый,2,0,,True
1564812,2025-09-06 11:25:00+03:00,55.63398,37.640426,Столкновение,Тяжёлый,1,0,,True
1564819,2025-09-06 11:46:00+03:00,55.816046,37.569004,Наезд на пешехода,Тяжёлый,1,0,,True
1564904,2025-09-06 15:00:00+03:00,55.565285,37.577598,Столкновение,Тяжёлый,1,0,,True
1564911,2025-09-06 15:20:00+03:00,55.795497,37.700561,Наезд на препятствие,Легкий,1,0,,True
1564921,2025-09-06 15:46:00+03:00,55.862844,37.434465,Падение пассажира,Тяжёлый,1,0,,True
1564933,2025-09-06 16:02:00+03:00,55.819856,37.496756,Столкновение,Тяжёлый,1,0,,True
1564937,2025-09-06 16:25:00+03:00,55.712138,37.661762,Наезд на велосипедиста,Тяжёлый,1,0,,True
1564957,2025-09-06 17:12:00+03:00,55.490738,37.306427,Столкновение,Тяжёлый,2,0,,True
1564960,2025-09-06 17:20:00+03:00,55.863641,37.614944,Наезд на пешехода,Тяжёлый,1,0,,True
1564971,2025-09-06 17:40:00+03:00,55.868281,37.623201,Столкновение,Тяжёлый,1,0,,True
1564986,2025-09-06 18:06:00+03:00,55.790546,37.530262,Наезд на пешехода,Тяжёлый,1,0,,True
1564990,2025-09-06 18:11:00+03:00,55.615523,37.605568,Столкновение,Легкий,1,0,,True
1565021,2025-09-06 19:21:00+03:00,55.820043,37.496896,Наезд на пешехода,Легкий,1,0,,True
1565035,2025-09-06 19:45:00+03:00,55.844093,37.666417,Опрокидывание,Тяжёлый,1,0,,True
1565047,2025-09-06 20:05:00+03:00,55.64248,37.526514,Падение пассажира,Тяжёлый,1,0,,True
1565058,2025-09-06 20:20:00+03:00,55.687226,37.479376,Столкновение,Тяжёлый,3,0,,True
1565070,2025-09-06 20:40:00+03:00,55.821387,37.616726,Наезд на велосипедиста,Тяжёлый,1,0,,True
1565078,2025-09-06 20:50:00+03:00,55.873477,37.65232,Опрокидывание,Тяжёлый,1,0,,True
1565088,2025-09-06 21:00:00+03:00,55.711785,37.748004,Наезд на велосипедиста,Тяжёлый,1,0,,True
1565097,2025-09-06 21:25:00+03:00,55.6773,37.529747,Наезд на пешехода,Легкий,1,0,,True
1565125,2025-09-06 22:40:00+03:00,55.586599,37.673973,Наезд на пешехода,Тяжёлый,1,0,,True
1565140,2025-09-06 23:22:00+03:00,55.734058,37.597028,Наезд на пешехода,Тяжёлый,2,0,,True
1565167,2025-09-07 00:51:00+03:00,55.881239,37.446889,Столкновение,Тяжёлый,1,0,,True
1565193,2025-09-07 03:01:00+03:00,55.737033,37.516256,Наезд на велосипедиста,Тяжёлый,1,0,,True
1565197,2025-09-07 03:30:00+03:00,55.600814,37.323604,Наезд на стоящее ТС,С погибшими,0,1,,True
1565209,2025-09-07 05:00:00+03:00,55.75652,37.630245,Наезд на препятствие,Тяжёлый,3,0,,True
1565223,2025-09-07 06:54:00+03:00,55.794762,37.545862,Столкновение,Тяжёлый,1,0,,True
1565232,2025-09-07 07:50:00+03:00,55.907143,37.597779,Столкновение,Тяжёлый,2,0,,True
1565235,2025-09-07 08:10:00+03:00,55.555571,37.467917,Наезд на велосипедиста,Тяжёлый,1,0,,True
1565273,2025-09-07 10:52:00+03:00,55.60019,37.653108,Столкновение,Тяжёлый,1,0,,True
1565280,2025-09-07 11:00:00+03:00,55.659892,37.590344,Столкновение,Тяжёлый,1,0,,True
1565339,2025-09-07 13:44:00+03:00,55.579794,37.465428,Столкновение,Тяжёлый,1,0,,True
1565340,2025-09-07 13:55:00+03:00,55.687516,37.682709,Наезд на пешехода,Тяжёлый,1,0,,True
1565371,2025-09-07 15:08:00+03:00,55.671607,37.425388,Столкновение,Тяжёлый,1,0,,True
1565378,2025-09-07 15:27:00+03:00,55.980239,37.184579,Столкновение,Легкий,1,0,,True
1565397,2025-09-07 16:09:00+03:00,55.607487,37.590204,Наезд на пешехода,Тяжёлый,1,0,,True
1565417,2025-09-07 17:15:00+03:00,55.86873,37.612776,Наезд на велосипедиста,Тяжёлый,1,0,,True
1565442,2025-09-07 18:05:00+03:00,55.773019,37.48974,Столкновение,Тяжёлый,3,0,,True
1565455,2025-09-07 18:45:00+03:00,55.889661,37.630292,Столкновение,Тяжёлый,1,0,,True
1565458,2025-09-07 18:49:00+03:00,55.758545,37.657635,Столкновение,Тяжёлый,1,0,,True
1565467,2025-09-07 19:07:00+03:00,55.758092,37.464752,Наезд на препятствие,Тяжёлый,1,0,,True
1565472,2025-09-07 19:15:00+03:00,55.621931,37.498721,Столкновение,Тяжёлый,1,0,,True
1565481,2025-09-07 19:25:00+03:00,55.600002,37.487133,Наезд на препятствие,Тяжёлый,1,0,,True
1565488,2025-09-07 19:50:00+03:00,55.756609,37.701227,Опрокидывание,Тяжёлый,1,0,,True
1565489,2025-09-07 19:56:00+03:00,55.797856,37.748122,Столкновение,Тяжёлый,1,0,,True
1565499,2025-09-07 20:10:00+03:00,55.782064,37.369984,Столкновение,Тяжёлый,1,0,,True
1565501,2025-09-07 20:11:00+03:00,55.30393,37.218322,Столкновение,Тяжёлый,1,0,,True
1565526,2025-09-07 20:55:00+03:00,55.606928,37.532864,Падение пассажира,Тяжёлый,1,0,,True
1565548,2025-09-07 21:43:00+03:00,55.651698,37.588508,Наезд на велосипедиста,Тяжёлый,1,0,,True
1565555,2025-09-07 22:00:00+03:00,55.748272,37.514513,Наезд на препятствие,Тяжёлый,1,0,,True
1565561,2025-09-07 22:16:00+03:00,55.778456,37.844081,Наезд на препятствие,Тяжёлый,1,0,,True
1565562,2025-09-07 22:20:00+03:00,55.649644,37.63003,Наезд на пешехода,Тяжёлый,1,0,,True
1565572,2025-09-07 23:00:00+03:00,55.897761,37.606115,Падение пассажира,Тяжёлый,1,0,,True
1565574,2025-09-07 23:40:00+03:00,55.66984,37.625728,Столкновение,Тяжёлый,1,0,,True
1565577,2025-09-08 00:02:00+03:00,55.900049,37.618293,Столкновение,Тяжёлый,1,0,,True
1565594,2025-09-08 05:40:00+03:00,55.706442,37.662742,Наезд на стоящее ТС,Тяжёлый,1,0,,True
1565595,2025-09-08 06:25:00+03:00,55.664146,37.630234,Наезд на пешехода,Тяжёлый,1,0,,True
1565622,2025-09-08 08:00:00+03:00,55.843699,37.355608,Наезд на велосипедиста,Тяжёлый,1,0,,True
1565628,2025-09-08 08:10:00+03:00,55.756253,37.553462,Столкновение,Тяжёлый,1,0,,True
1565645,2025-09-08 08:46:00+03:00,55.842169,37.553544,Столкновение,Тяжёлый,3,0,,True
1565654,2025-09-08 09:20:00+03:00,55.762988,37.656713,Наезд на пешехода,Тяжёлый,1,0,,True
1565655,2025-09-08 09:20:00+03:00,55.884669,37.474473,Столкновение,Тяжёлый,1,0,,True
1565661,2025-09-08 09:30:00+03:00,55.65833,37.641521,Столкновение,Тяжёлый,1,0,,True
1565690,2025-09-08 10:50:00+03:00,55.713653,37.678621,Столкновение,Тяжёлый,1,0,,True
1565696,2025-09-08 11:10:00+03:00,55.704157,37.727405,Столкновение,Тяжёлый,1,0,,True
1565702,2025-09-08 11:30:00+03:00,55.581971,37.597779,Наезд на пешехода,Тяжёлый,1,0,,True
1565719,2025-09-08 12:00:00+03:00,55.634725,37.341928,Столкновение,Тяжёлый,3,0,,True
1565729,2025-09-08 12:40:00+03:00,55.80801,37.395712,Наезд на пешехода,Легкий,1,0,,True
1565730,2025-09-08 12:41:00+03:00,55.847132,37.567567,Столкновение,Тяжёлый,1,0,,True
1565740,2025-09-08 13:00:00+03:00,55.844844,37.36506,Падение пассажира,Тяжёлый,1,0,,True
1565797,2025-09-08 15:50:00+03:00,55.724585,37.45338,Столкновение,Легкий,1,0,,True
1565827,2025-09-08 17:17:00+03:00,55.676786,37.669544,Наезд на велосипедиста,Тяжёлый,1,0,,True
1565847,2025-09-08 17:57:00+03:00,55.722476,37.575935,Наезд на пешехода,Тяжёлый,1,0,,True
1565859,2025-09-08 18:28:00+03:00,55.677639,37.454828,Наезд на пешехода,Тяжёлый,1,0,,True
1565862,2025-09-08 18:39:00+03:00,55.802403,37.553641,Столкновение,Тяжёлый,1,0,,True
1565870,2025-09-08 19:00:00+03:00,55.772967,37.631612,Падение пассажира,Тяжёлый,1,0,,True
1565876,2025-09-08 19:05:00+03:00,55.683972,37.526518,Наезд на пешехода,Тяжёлый,1,0,,True
1565890,2025-09-08 19:38:00+03:00,55.792711,37.689285,Наезд на пешехода,Легкий,1,0,,True
1565905,2025-09-08 20:00:00+03:00,55.833204,37.637754,Опрокидывание,Тяжёлый,1,0,,True
1565909,2025-09-08 20:00:00+03:00,55.822653,37.558887,Падение пассажира,Тяжёлый,1,0,,True
1565913,2025-09-08 20:15:00+03:00,55.683918,37.854917,Наезд на велосипедиста,Тяжёлый,1,0,,True
1565916,2025-09-08 20:25:00+03:00,55.777991,37.585055,Наезд на пешехода,Тяжёлый,1,0,,True
1565958,2025-09-08 22:00:00+03:00,55.849011,37.34812,Наезд на велосипедиста,Тяжёлый,1,0,,True
1565968,2025-09-08 23:20:00+03:00,55.772614,37.589614,Столкновение,Тяжёлый,1,0,,True
1565971,2025-09-08 23:31:00+03:00,55.750108,37.53208,Столкновение,Тяжёлый,1,0,,True
1565981,2025-09-09 01:35:00+03:00,55.699172,37.936601,Наезд на пешехода,Тяжёлый,1,0,,True
1566011,2025-09-09 07:40:00+03:00,55.700058,37.913958,Столкновение,Тяжёлый,1,0,,True
1566013,2025-09-09 07:40:00+03:00,55.859493,37.491194,Столкновение,Тяжёлый,1,0,,True
1566031,2025-09-09 08:00:00+03:00,55.732531,37.77279,Столкновение,Тяжёлый,1,0,,True
1566041,2025-09-09 08:25:00+03:00,55.87392,37.580613,Наезд на пешехода,Тяжёлый,1,0,,True
1566043,2025-09-09 08:30:00+03:00,55.674037,37.558876,Опрокидывание,Тяжёлый,1,0,,True
1566045,2025-09-09 08:30:00+03:00,55.773924,37.710732,Наезд на пешехода,Тяжёлый,1,0,,True
1566058,2025-09-09 08:48:00+03:00,55.620672,37.584175,Столкновение,Тяжёлый,1,0,,True
1566073,2025-09-09 09:40:00+03:00,55.835253,37.395444,Столкновение,Тяжёлый,1,0,,True
1566077,2025-09-09 09:45:00+03:00,55.851378,37.670027,Столкновение,Тяжёлый,1,0,,True
1566079,2025-09-09 09:56:00+03:00,55.994175,37.188442,Падение пассажира,Тяжёлый,1,0,,True
1566080,2025-09-09 10:00:00+03:00,55.980029,37.191081,Падение пассажира,Тяжёлый,1,0,,True
1566095,2025-09-09 11:01:00+03:00,55.895742,37.62052,Наезд на пешехода,С погибшими,0,1,,True
1566104,2025-09-09 11:35:00+03:00,55.814383,37.600908,Падение пассажира,Тяжёлый,1,0,,True
1566105,2025-09-09 11:35:00+03:00,55.640786,37.61295,Наезд на велосипедиста,Тяжёлый,1,0,,True
1566111,2025-09-09 11:49:00+03:00,55.672515,37.424701,Столкновение,Тяжёлый,1,0,,True
1566139,2025-09-09 13:20:00+03:00,55.85628,37.587671,Наезд на пешехода,Тяжёлый,1,0,,True
1566140,2025-09-09 13:25:00+03:00,55.315617,37.156169,Столкновение,Тяжёлый,2,0,,True
1566149,2025-09-09 14:00:00+03:00,55.814417,37.597901,Наезд на пешехода,Тяжёлый,1,0,,True
1566170,2025-09-09 15:05:00+03:00,55.676332,37.687236,Столкновение,Тяжёлый,1,0,,True
1566191,2025-09-09 15:40:00+03:00,55.883126,37.653476,Наезд на пешехода,Тяжёлый,1,0,,True
1566255,2025-09-09 17:55:00+03:00,55.816884,37.565314,Наезд на пешехода,Тяжёлый,1,0,,True
1566256,2025-09-09 18:00:00+03:00,55.839808,37.571536,Наезд на пешехода,Тяжёлый,1,0,,True
1566261,2025-09-09 18:09:00+03:00,55.95812,37.188226,Столкновение,Легкий,1,0,,True
1566278,2025-09-09 18:54:00+03:00,55.87068,37.483899,Столкновение,Тяжёлый,1,0,,True
1566282,2025-09-09 19:05:00+03:00,55.803657,37.426343,Столкновение,Тяжёлый,1,0,,True
1566283,2025-09-09 19:07:00+03:00,55.873833,37.666863,Опрокидывание,Тяжёлый,1,0,,True
1566286,2025-09-09 19:12:00+03:00,55.752779,37.817817,Наезд на пешехода,Легкий,1,0,,True
1566294,2025-09-09 19:37:00+03:00,55.985755,37.236861,Наезд на пешехода,Тяжёлый,1,0,,True
1566298,2025-09-09 19:43:00+03:00,55.717323,37.409444,Столкновение,Тяжёлый,1,0,,True
1566299,2025-09-09 19:43:00+03:00,55.66618,37.484547,Падение пассажира,Тяжёлый,2,0,,True
1566301,2025-09-09 19:55:00+03:00,55.867835,37.474548,Наезд на велосипедиста,Тяжёлый,1,0,,True
1566306,2025-09-09 20:05:00+03:00,55.889567,37.490244,Столкновение,Тяжёлый,1,0,,True
1566314,2025-09-09 20:30:00+03:00,55.904731,37.606461,Столкновение,Тяжёлый,1,0,,True
1566321,2025-09-09 20:46:00+03:00,55.776102,37.555357,Наезд на велосипедиста,Тяжёлый,1,0,,True
1566327,2025-09-09 21:05:00+03:00,55.6756,37.771704,Падение пассажира,Тяжёлый,1,0,,True
1566347,2025-09-09 22:30:00+03:00,55.843453,37.669338,Столкновение,Тяжёлый,1,0,,True
1566351,2025-09-09 22:50:00+03:00,55.839615,37.546721,Столкновение,Тяжёлый,1,0,,True
1566356,2025-09-09 23:20:00+03:00,55.799418,37.469484,Столкновение,Тяжёлый,1,0,,True
1566358,2025-09-09 23:40:00+03:00,55.612099,37.670596,Наезд на препятствие,Тяжёлый,1,0,,True
1566365,2025-09-10 00:30:00+03:00,55.737357,37.521915,Наезд на пешехода,С погибшими,0,1,,True
1566426,2025-09-10 08:20:00+03:00,55.640587,37.5027,Наезд на пешехода,Тяжёлый,1,0,,True
1566438,2025-09-10 08:49:00+03:00,55.761956,37.770385,Столкновение,Тяжёлый,1,0,,True
1566446,2025-09-10 09:10:00+03:00,55.831725,37.519399,Столкновение,Тяжёлый,1,0,,True
1566449,2025-09-10 09:20:00+03:00,55.762915,37.680016,Наезд на пешехода,Тяжёлый,1,0,,True
1566455,2025-09-10 09:54:00+03:00,55.826847,37.491596,Наезд на стоящее ТС,Легкий,1,0,,True
1566461,2025-09-10 10:20:00+03:00,55.614923,37.660006,Столкновение,Тяжёлый,1,0,,True
1566476,2025-09-10 11:10:00+03:00,55.833795,37.610068,Наезд на велосипедиста,Тяжёлый,1,0,,True
1566496,2025-09-10 11:48:00+03:00,55.736985,37.655419,Падение пассажира,Тяжёлый,2,0,,True
1566507,2025-09-10 12:01:00+03:00,55.885044,37.709943,Наезд на препятствие,Тяжёлый,1,0,,True
1566528,2025-09-10 13:20:00+03:00,55.64289,37.616249,Наезд на пешехода,Легкий,1,0,,True
1566541,2025-09-10 13:50:00+03:00,55.872054,37.683438,Столкновение,Тяжёлый,1,0,,True
1566544,2025-09-10 13:55:00+03:00,55.642991,37.740195,Столкновение,Тяжёлый,1,0,,True
1566555,2025-09-10 14:18:00+03:00,55.737748,37.491789,Наезд на пешехода,Тяжёлый,1,0,,True
1566574,2025-09-10 14:50:00+03:00,55.878405,37.635845,Столкновение,Тяжёлый,1,0,,True
1566581,2025-09-10 15:15:00+03:00,55.721677,37.600528,Столкновение,Тяжёлый,1,0,,True
1566583,2025-09-10 15:20:00+03:00,55.788578,37.568828,Наезд на пешехода,Тяжёлый,1,0,,True
1566587,2025-09-10 15:30:00+03:00,55.910445,37.569337,Столкновение,Тяжёлый,1,0,,True
1566606,2025-09-10 16:00:00+03:00,55.687807,37.467284,Наезд на пешехода,Тяжёлый,1,0,,True
1566622,2025-09-10 16:30:00+03:00,55.781467,37.623631,Наезд на велосипедиста,Тяжёлый,1,0,,True
1566655,2025-09-10 17:25:00+03:00,55.837307,37.420324,Наезд на пешехода,Тяжёлый,1,0,,True
1566656,2025-09-10 17:26:00+03:00,55.718185,37.785394,Наезд на велосипедиста,Тяжёлый,1,0,,True
1566657,2025-09-10 17:27:00+03:00,55.530404,37.445676,Столкновение,Тяжёлый,1,0,,True
1566678,2025-09-10 17:51:00+03:00,55.650348,37.388653,Наезд на пешехода,Тяжёлый,1,0,,True
1566688,2025-09-10 18:10:00+03:00,55.610996,37.717245,Столкновение,Легкий,1,0,,True
1566700,2025-09-10 18:30:00+03:00,55.856684,37.586117,Наезд на пешехода,Тяжёлый,1,0,,True
1566703,2025-09-10 18:30:00+03:00,55.639684,37.797066,Наезд на пешехода,Тяжёлый,1,0,,True
1566707,2025-09-10 18:39:00+03:00,55.729672,37.620728,Столкновение,Тяжёлый,1,0,,True
1566712,2025-09-10 18:45:00+03:00,55.743727,37.583896,Наезд на велосипедиста,Тяжёлый,1,0,,True
1566722,2025-09-10 19:00:00+03:00,55.783313,37.562867,Столкновение,Тяжёлый,1,0,,True
1566740,2025-09-10 19:35:00+03:00,55.835873,37.395766,Столкновение,Тяжёлый,1,0,,True
1566741,2025-09-10 19:44:00+03:00,55.658942,37.749302,Столкновение,Тяжёлый,1,0,,True
1566759,2025-09-10 20:22:00+03:00,55.534963,37.522428,Столкновение,Тяжёлый,1,0,,True
1566775,2025-09-10 20:50:00+03:00,55.642857,37.66845,Наезд на пешехода,Легкий,1,0,,True
1566809,2025-09-10 22:30:00+03:00,55.826648,37.439915,Наезд на пешехода,Легкий,1,0,,True
1566816,2025-09-10 23:00:00+03:00,55.772204,37.657099,Падение пассажира,Тяжёлый,1,0,,True
1566820,2025-09-10 23:40:00+03:00,55.75756,37.633678,Столкновение,Тяжёлый,1,0,,True
1566837,2025-09-11 02:20:00+03:00,55.846849,37.592189,Наезд на пешехода,Тяжёлый,1,0,,True
1566869,2025-09-11 07:35:00+03:00,55.660237,37.589662,Наезд на велосипедиста,Тяжёлый,1,0,,True
1566873,2025-09-11 07:44:00+03:00,55.818029,37.603734,Наезд на пешехода,Тяжёлый,1,0,,True
1566886,2025-09-11 08:05:00+03:00,55.806021,37.818589,Столкновение,Легкий,1,0,,True
1566922,2025-09-11 09:40:00+03:00,55.729376,37.630169,Наезд на пешехода,Тяжёлый,1,0,,True
1566923,2025-09-11 09:45:00+03:00,55.879904,37.574378,Наезд на пешехода,Тяжёлый,1,0,,True
1566932,2025-09-11 10:05:00+03:00,55.812104,37.81197,Наезд на пешехода,Легкий,1,0,,True
1566950,2025-09-11 11:00:00+03:00,55.712069,37.879711,Наезд на велосипедиста,Легкий,1,0,,True
1566953,2025-09-11 11:00:00+03:00,55.863343,37.674469,Столкновение,Тяжёлый,1,0,,True
1566958,2025-09-11 11:15:00+03:00,55.889266,37.596147,Наезд на велосипедиста,Тяжёлый,1,0,,True
1566964,2025-09-11 11:21:00+03:00,55.701965,37.519872,Столкновение,Тяжёлый,2,0,,True
1566976,2025-09-11 12:00:00+03:00,55.736262,37.591739,Столкновение,Тяжёлый,1,0,,True
1566992,2025-09-11 12:44:00+03:00,55.662238,37.511932,Столкновение,Тяжёлый,1,0,,True
1567006,2025-09-11 13:35:00+03:00,55.736184,37.698812,Столкновение,Тяжёлый,1,0,,True
1567017,2025-09-11 14:20:00+03:00,55.694428,37.460922,Наезд на пешехода,Тяжёлый,1,0,,True
1567063,2025-09-11 16:10:00+03:00,55.720355,37.598723,Столкновение,Тяжёлый,1,0,,True
1567088,2025-09-11 17:00:00+03:00,55.74566,37.786413,Наезд на пешехода,Легкий,1,0,,True
1567097,2025-09-11 17:10:00+03:00,55.855687,37.672631,Столкновение,Тяжёлый,1,0,,True
1567115,2025-09-11 17:35:00+03:00,55.820133,37.813665,Наезд на пешехода,Легкий,1,0,,True
1567118,2025-09-11 17:45:00+03:00,55.604366,37.737726,Столкновение,Тяжёлый,1,0,,True
1567122,2025-09-11 17:50:00+03:00,55.719497,37.563447,Столкновение,Тяжёлый,1,0,,True
1567124,2025-09-11 18:00:00+03:00,55.604421,37.734711,Наезд на велосипедиста,Тяжёлый,1,0,,True
1567140,2025-09-11 18:40:00+03:00,55.730022,37.667924,Столкновение,Тяжёлый,1,0,,True
1567143,2025-09-11 18:46:00+03:00,55.804368,37.414198,Наезд на пешехода,Тяжёлый,1,0,,True
1567144,2025-09-11 18:50:00+03:00,55.871909,37.66596,Наезд на пешехода,Тяжёлый,1,0,,True
1567166,2025-09-11 19:30:00+03:00,55.89678,37.605439,Наезд на пешехода,Тяжёлый,1,0,,True
1567190,2025-09-11 20:06:00+03:00,55.752565,37.504702,Наезд на пешехода,Тяжёлый,1,0,,True
1567215,2025-09-11 21:10:00+03:00,55.666745,37.550717,Столкновение,Тяжёлый,1,0,,True
1567219,2025-09-11 21:30:00+03:00,55.612231,37.730725,Столкновение,Тяжёлый,1,0,,True
1567230,2025-09-11 22:00:00+03:00,55.786498,37.562824,Столкновение,Легкий,1,0,,True
1567233,2025-09-11 22:05:00+03:00,55.76836,37.598627,Столкновение,Тяжёлый,2,0,,True
1567236,2025-09-11 22:10:00+03:00,55.6353,37.685616,Столкновение,Тяжёлый,1,0,,True
1567245,2025-09-11 22:45:00+03:00,55.568021,37.575012,Наезд на велосипедиста,Тяжёлый,1,0,,True
1567248,2025-09-11 23:21:00+03:00,55.806144,37.584823,Опрокидывание,Тяжёлый,1,0,,True
1567252,2025-09-11 23:48:00+03:00,55.858702,37.585096,Столкновение,Тяжёлый,2,0,,True
1567297,2025-09-12 08:15:00+03:00,55.617146,37.657796,Падение пассажира,Тяжёлый,1,0,,True
1567298,2025-09-12 08:17:00+03:00,55.789755,37.556323,Столкновение,Тяжёлый,1,0,,True
1567303,2025-09-12 08:30:00+03:00,55.84203,37.382677,Наезд на пешехода,Легкий,1,0,,True
1567310,2025-09-12 08:48:00+03:00,55.790702,37.823503,Столкновение,Легкий,1,0,,True
1567315,2025-09-12 08:55:00+03:00,55.722746,37.602266,Столкновение,Тяжёлый,1,0,,True
1567363,2025-09-12 11:15:00+03:00,55.528497,37.150247,Столкновение,Тяжёлый,1,0,,True
1567370,2025-09-12 11:59:00+03:00,55.640623,37.683706,Наезд на препятствие,Тяжёлый,1,0,,True
1567375,2025-09-12 12:05:00+03:00,55.764823,37.617053,Столкновение,Тяжёлый,1,0,,True
1567390,2025-09-12 12:50:00+03:00,55.774165,37.745934,Столкновение,Легкий,1,0,,True
1567424,2025-09-12 14:14:00+03:00,55.805877,37.584453,Опрокидывание,Тяжёлый,1,0,,True
1567437,2025-09-12 14:40:00+03:00,55.900622,37.586577,Столкновение,Тяжёлый,1,0,,True
1567494,2025-09-12 16:20:00+03:00,55.600081,37.53997,Наезд на пешехода,Тяжёлый,1,0,,True
1567497,2025-09-12 16:20:00+03:00,55.727711,37.547561,Столкновение,Тяжёлый,1,0,,True
1567544,2025-09-12 17:40:00+03:00,55.811504,37.653692,Наезд на пешехода,Тяжёлый,1,0,,True
1567621,2025-09-12 19:50:00+03:00,55.851963,37.353816,Столкновение,Легкий,1,0,,True
1567623,2025-09-12 19:50:00+03:00,55.999731,37.200222,Столкновение,Легкий,1,0,,True
1567631,2025-09-12 20:08:00+03:00,55.88843,37.509931,Наезд на пешехода,Тяжёлый,1,0,,True
1567656,2025-09-12 20:57:00+03:00,55.686143,37.721161,Столкновение,С погибшими,0,1,,True
1567686,2025-09-12 22:04:00+03:00,55.823563,37.720968,Столкновение,Легкий,1,0,,True
1567692,2025-09-12 22:40:00+03:00,55.829041,37.372345,Наезд на стоящее ТС,Легкий,1,0,,True
1567699,2025-09-12 23:10:00+03:00,55.608985,37.354753,Столкновение,Тяжёлый,1,0,,True
1567717,2025-09-13 00:57:00+03:00,55.586155,37.715099,Наезд на препятствие,Тяжёлый,1,0,,True
1567736,2025-09-13 02:19:00+03:00,55.762001,37.63371,Столкновение,Тяжёлый,1,0,,True
1567767,2025-09-13 06:50:00+03:00,55.709398,37.729679,Столкновение,Тяжёлый,4,0,,True
1567768,2025-09-13 06:50:00+03:00,55.809952,37.791499,Наезд на препятствие,Легкий,2,0,,True
1567777,2025-09-13 07:40:00+03:00,55.812538,37.389275,Столкновение,Тяжёлый,2,0,,True
1567782,2025-09-13 07:50:00+03:00,55.848566,37.423199,Наезд на пешехода,Тяжёлый,1,0,,True
1567808,2025-09-13 09:28:00+03:00,55.78689,37.738745,Наезд на велосипедиста,Тяжёлый,1,0,,True
1567838,2025-09-13 10:40:00+03:00,55.891895,37.432362,Столкновение,Легкий,1,0,,True
1567840,2025-09-13 10:40:00+03:00,55.801974,37.685755,Столкновение,Тяжёлый,1,0,,True
1567851,2025-09-13 11:20:00+03:00,55.713109,37.687826,Наезд на пешехода,Тяжёлый,1,0,,True
1567855,2025-09-13 11:34:00+03:00,55.856121,37.624585,Наезд на пешехода,Тяжёлый,1,0,,True
1567867,2025-09-13 11:55:00+03:00,55.788169,37.485287,Столкновение,Легкий,1,0,,True
1567871,2025-09-13 12:00:00+03:00,55.938829,37.361272,Наезд на пешехода,Тяжёлый,1,0,,True
1567887,2025-09-13 12:33:00+03:00,55.745067,37.548866,Столкновение,Тяжёлый,2,0,,True
1567912,2025-09-13 13:10:00+03:00,55.846349,37.590419,Падение пассажира,Тяжёлый,1,0,,True
1567940,2025-09-13 14:10:00+03:00,55.920795,37.555675,Наезд на пешехода,Тяжёлый,1,0,,True
1567980,2025-09-13 15:30:00+03:00,55.827745,37.624243,Наезд на велосипедиста,Тяжёлый,1,0,,True
1567982,2025-09-13 15:35:00+03:00,55.721216,37.43652,Наезд на пешехода,Тяжёлый,1,0,,True
1567989,2025-09-13 15:40:00+03:00,55.7661,37.747345,Столкновение,Легкий,1,0,,True
1567993,2025-09-13 15:48:00+03:00,55.770237,37.643409,Столкновение,Тяжёлый,1,0,,True
1567998,2025-09-13 16:00:00+03:00,55.890606,37.59707,Столкновение,Тяжёлый,1,0,,True
1568001,2025-09-13 16:04:00+03:00,55.859129,37.488999,Столкновение,Тяжёлый,1,0,,True
1568089,2025-09-13 19:00:00+03:00,55.534557,37.516576,Столкновение,Тяжёлый,1,0,,True
1568122,2025-09-13 20:04:00+03:00,55.677482,37.658912,Наезд на препятствие,Тяжёлый,2,0,,True
1568124,2025-09-13 20:10:00+03:00,55.739584,36.989843,Столкновение,Легкий,1,0,,True
1568164,2025-09-13 21:32:00+03:00,55.652532,37.387569,Наезд на велосипедиста,Тяжёлый,1,0,,True
1568213,2025-09-14 00:07:00+03:00,55.711501,37.622563,Столкновение,Тяжёлый,1,0,,True
1568219,2025-09-14 00:45:00+03:00,55.91944,37.546345,Столкновение,Тяжёлый,1,0,,True
1568290,2025-09-14 08:02:00+03:00,55.505384,37.340448,Наезд на препятствие,Тяжёлый,3,0,,True
1568297,2025-09-14 08:40:00+03:00,55.494081,37.258941,Опрокидывание,Тяжёлый,1,0,,True
1568307,2025-09-14 09:30:00+03:00,55.819476,37.603347,Столкновение,Тяжёлый,1,0,,True
1568309,2025-09-14 09:37:00+03:00,55.794092,37.376797,Столкновение,Тяжёлый,1,0,,True
1568310,2025-09-14 09:40:00+03:00,55.726004,37.742093,Наезд на велосипедиста,Тяжёлый,1,0,,True
1568317,2025-09-14 09:53:00+03:00,55.711713,37.67346,Столкновение,Тяжёлый,1,0,,True
1568347,2025-09-14 12:20:00+03:00,55.765046,37.842793,Столкновение,Легкий,2,0,,True
1568352,2025-09-14 12:30:00+03:00,55.826642,37.582319,Наезд на пешехода,Тяжёлый,1,0,,True
1568360,2025-09-14 12:48:00+03:00,55.74677,37.640983,Столкновение,Тяжёлый,1,0,,True
1568366,2025-09-14 12:50:00+03:00,55.60546,37.741358,Наезд на пешехода,Тяжёлый,1,0,,True
1568415,2025-09-14 14:40:00+03:00,55.891679,37.707287,Столкновение,Тяжёлый,1,0,,True
1568439,2025-09-14 15:31:00+03:00,55.553787,37.520134,Столкновение,Тяжёлый,1,0,,True
1568448,2025-09-14 15:54:00+03:00,55.590223,37.534949,Столкновение,Тяжёлый,2,0,,True
1568461,2025-09-14 16:23:00+03:00,55.502273,37.520435,Наезд на пешехода,Тяжёлый,1,0,,True
1568467,2025-09-14 16:40:00+03:00,55.649372,37.752178,Падение пассажира,Тяжёлый,1,0,,True
1568471,2025-09-14 16:50:00+03:00,55.710147,37.584282,Падение пассажира,Тяжёлый,2,0,,True
1568478,2025-09-14 17:01:00+03:00,55.737401,37.522324,Наезд на препятствие,Тяжёлый,3,0,,True
1568484,2025-09-14 17:10:00+03:00,55.580024,37.649942,Наезд на пешехода,Легкий,1,0,,True
1568500,2025-09-14 17:50:00+03:00,55.814069,37.566322,Наезд на пешехода,Тяжёлый,1,0,,True
1568510,2025-09-14 18:15:00+03:00,55.782613,37.57306,Падение пассажира,Тяжёлый,1,0,,True
1568517,2025-09-14 18:30:00+03:00,55.631043,37.751384,Столкновение,Тяжёлый,2,0,,True
1568531,2025-09-14 19:00:00+03:00,55.900179,37.586224,Столкновение,Тяжёлый,1,0,,True
1568536,2025-09-14 19:20:00+03:00,55.798466,37.34472,Столкновение,Тяжёлый,2,0,,True
1568573,2025-09-14 20:25:00+03:00,55.796764,37.611201,Наезд на стоящее ТС,Тяжёлый,1,0,,True
1568583,2025-09-14 21:10:00+03:00,55.837019,37.628904,Опрокидывание,Тяжёлый,1,0,,True
1568589,2025-09-14 21:24:00+03:00,55.784863,37.370371,Столкновение,Тяжёлый,1,0,,True
1568591,2025-09-14 21:33:00+03:00,55.858105,37.485512,Столкновение,Тяжёлый,1,0,,True
1568598,2025-09-14 22:00:00+03:00,55.711558,37.730279,Наезд на препятствие,Тяжёлый,1,0,,True
1568626,2025-09-15 01:15:00+03:00,55.824412,37.464613,Опрокидывание,Тяжёлый,1,0,,True
1568650,2025-09-15 07:09:00+03:00,55.579485,37.658064,Наезд на пешехода,Легкий,1,0,,True
1568652,2025-09-15 07:10:00+03:00,55.755677,37.818739,Падение пассажира,Легкий,3,0,,True
1568663,2025-09-15 07:30:00+03:00,55.838609,37.417073,Столкновение,Легкий,1,0,,True
1568682,2025-09-15 08:05:00+03:00,55.741686,37.594206,Наезд на пешехода,Тяжёлый,1,0,,True
1568692,2025-09-15 08:21:00+03:00,55.72308,37.693888,Столкновение,Тяжёлый,3,0,,True
1568724,2025-09-15 09:18:00+03:00,55.597984,37.596588,Наезд на пешехода,Тяжёлый,1,0,,True
1568727,2025-09-15 09:25:00+03:00,55.811242,37.495887,Наезд на пешехода,Тяжёлый,1,0,,True
1568770,2025-09-15 11:30:00+03:00,55.889514,37.435447,Столкновение,Легкий,1,0,,True
1568777,2025-09-15 12:00:00+03:00,55.860291,37.433467,Столкновение,Тяжёлый,1,0,,True
1568800,2025-09-15 12:35:00+03:00,55.743233,37.500798,Наезд на пешехода,Тяжёлый,1,0,,True
1568838,2025-09-15 14:00:00+03:00,55.818444,37.639513,Опрокидывание,Тяжёлый,1,0,,True
1568848,2025-09-15 14:15:00+03:00,55.594813,37.607349,Столкновение,Тяжёлый,1,0,,True
1568870,2025-09-15 14:54:00+03:00,55.783047,37.744453,Столкновение,Легкий,1,0,,True
1568880,2025-09-15 15:27:00+03:00,55.69831,37.733252,Наезд на велосипедиста,Тяжёлый,1,0,,True
1568891,2025-09-15 15:50:00+03:00,55.645792,37.350399,Столкновение,Тяжёлый,1,0,,True
1568896,2025-09-15 15:56:00+03:00,55.706665,37.787218,Наезд на пешехода,Тяжёлый,1,0,,True
1568921,2025-09-15 16:35:00+03:00,55.772657,37.632283,Наезд на пешехода,Тяжёлый,1,0,,True
1568925,2025-09-15 16:45:00+03:00,55.786281,37.567095,Столкновение,Тяжёлый,1,0,,True
1568946,2025-09-15 17:35:00+03:00,55.704634,37.54009,Столкновение,Тяжёлый,1,0,,True
1568954,2025-09-15 18:00:00+03:00,55.758603,37.747501,Столкновение,Легкий,2,0,,True
1568956,2025-09-15 18:05:00+03:00,55.758116,37.633066,Наезд на пешехода,Тяжёлый,1,0,,True
1568960,2025-09-15 18:12:00+03:00,55.802933,37.777541,Наезд на пешехода,Легкий,1,0,,True
1568974,2025-09-15 18:50:00+03:00,55.628329,37.645597,Наезд на велосипедиста,Тяжёлый,1,0,,True
1568993,2025-09-15 19:30:00+03:00,55.67923,37.482637,Опрокидывание,Тяжёлый,1,0,,True
1569008,2025-09-15 20:00:00+03:00,55.871236,37.637551,Наезд на пешехода,Тяжёлый,1,0,,True
1569063,2025-09-15 23:57:00+03:00,55.59782,37.347121,Наезд на пешехода,Тяжёлый,1,0,,True
1569105,2025-09-16 07:40:00+03:00,55.819765,37.635813,Наезд на пешехода,Тяжёлый,1,0,,True
1569108,2025-09-16 07:50:00+03:00,55.791818,37.573446,Наезд на пешехода,Тяжёлый,1,0,,True
1569120,2025-09-16 08:10:00+03:00,55.712756,37.487607,Наезд на велосипедиста,Тяжёлый,1,0,,True
1569132,2025-09-16 08:50:00+03:00,55.822121,37.642144,Наезд на пешехода,Тяжёлый,1,0,,True
1569134,2025-09-16 08:55:00+03:00,55.661411,37.635137,Столкновение,Тяжёлый,1,0,,True
1569142,2025-09-16 09:10:00+03:00,55.752739,37.605433,Столкновение,Тяжёлый,1,0,,True
1569146,2025-09-16 09:30:00+03:00,55.648267,37.53118,Опрокидывание,Тяжёлый,1,0,,True
1569155,2025-09-16 09:40:00+03:00,55.687661,37.603787,Наезд на пешехода,Тяжёлый,1,0,,True
1569166,2025-09-16 10:17:00+03:00,55.629595,37.517173,Падение пассажира,Тяжёлый,1,0,,True
1569167,2025-09-16 10:24:00+03:00,55.593104,37.639332,Наезд на пешехода,Тяжёлый,1,0,,True
1569172,2025-09-16 10:39:00+03:00,55.781454,37.670263,Наезд на пешехода,С погибшими,0,1,,True
1569181,2025-09-16 11:00:00+03:00,55.895574,37.661641,Столкновение,Тяжёлый,1,0,,True
1569185,2025-09-16 11:15:00+03:00,55.339799,37.17223,Столкновение,С погибшими,1,1,,True
1569202,2025-09-16 12:10:00+03:00,55.791559,37.586889,Наезд на велосипедиста,Тяжёлый,1,0,,True
1569211,2025-09-16 12:40:00+03:00,55.8076,37.533535,Наезд на пешехода,Легкий,1,0,,True
1569230,2025-09-16 13:25:00+03:00,55.760573,37.842976,Столкновение,Тяжёлый,1,0,,True
1569253,2025-09-16 14:20:00+03:00,55.878176,37.546667,Столкновение,Легкий,1,0,,True
1569263,2025-09-16 14:45:00+03:00,55.581704,37.20799,Наезд на велосипедиста,Тяжёлый,1,0,,True
1569279,2025-09-16 15:19:00+03:00,55.873096,37.521411,Столкновение,Легкий,2,0,,True
1569295,2025-09-16 15:45:00+03:00,55.802306,37.476962,Наезд на пешехода,Тяжёлый,1,0,,True
1569300,2025-09-16 16:00:00+03:00,55.547872,37.544773,Иной вид ДТП,Тяжёлый,1,0,,True
1569308,2025-09-16 16:50:00+03:00,55.888171,37.598597,Наезд на пешехода,Тяжёлый,1,0,,True
1569343,2025-09-16 18:00:00+03:00,55.882533,37.556505,Наезд на пешехода,Легкий,1,0,,True
1569344,2025-09-16 18:00:00+03:00,55.671426,37.791628,Столкновение,Тяжёлый,1,0,,True
1569370,2025-09-16 19:00:00+03:00,55.508258,37.540777,Наезд на пешехода,Тяжёлый,1,0,,True
1569378,2025-09-16 19:17:00+03:00,55.757953,37.408812,Столкновение,Тяжёлый,1,0,,True
1569426,2025-09-16 20:50:00+03:00,55.933362,37.551652,Наезд на препятствие,Тяжёлый,1,0,,True
1569442,2025-09-16 21:51:00+03:00,55.740198,37.533304,Столкновение,Тяжёлый,1,0,,True
1569447,2025-09-16 22:06:00+03:00,55.758811,37.619934,Столкновение,Тяжёлый,1,0,,True
1569467,2025-09-17 00:01:00+03:00,55.96003,37.186704,Наезд на препятствие,Тяжёлый,3,0,,True
1569468,2025-09-17 00:05:00+03:00,55.659486,37.839875,Наезд на пешехода,С погибшими,0,1,,True
1569477,2025-09-17 02:05:00+03:00,55.712468,37.834178,Наезд на препятствие,Тяжёлый,2,0,,True
1569484,2025-09-17 03:05:00+03:00,55.811833,37.637851,Наезд на препятствие,Тяжёлый,1,0,,True
1569502,2025-09-17 07:45:00+03:00,55.730252,37.840562,Столкновение,Тяжёлый,1,0,,True
1569514,2025-09-17 08:00:00+03:00,55.66676,37.61133,Наезд на пешехода,Тяжёлый,1,0,,True
1569523,2025-09-17 08:20:00+03:00,55.632308,37.595773,Наезд на пешехода,Тяжёлый,1,0,,True
1569524,2025-09-17 08:20:00+03:00,55.639787,37.504771,Наезд на велосипедиста,Тяжёлый,1,0,,True
1569552,2025-09-17 09:32:00+03:00,55.892235,37.624594,Столкновение,Тяжёлый,2,0,,True
1569566,2025-09-17 10:24:00+03:00,55.842374,37.374651,Опрокидывание,Тяжёлый,1,0,,True
1569573,2025-09-17 10:38:00+03:00,55.343521,37.17384,Столкновение,Тяжёлый,1,0,,True
1569585,2025-09-17 11:11:00+03:00,55.652199,37.694145,Наезд на велосипедиста,С погибшими,0,1,,True
1569621,2025-09-17 12:30:00+03:00,55.630322,37.436085,Столкновение,Тяжёлый,1,0,,True
1569628,2025-09-17 12:50:00+03:00,55.550541,37.53432,Наезд на велосипедиста,Тяжёлый,1,0,,True
1569641,2025-09-17 13:11:00+03:00,55.722893,37.525821,Наезд на пешехода,Тяжёлый,1,0,,True
1569664,2025-09-17 14:04:00+03:00,55.643021,37.343602,Столкновение,Тяжёлый,1,0,,True
1569677,2025-09-17 14:47:00+03:00,55.798682,37.732308,Наезд на пешехода,Легкий,1,0,,True
1569694,2025-09-17 15:30:00+03:00,55.792452,37.653322,Столкновение,Легкий,1,0,,True
1569710,2025-09-17 16:04:00+03:00,55.658379,37.436771,Столкновение,Тяжёлый,1,0,,True
1569714,2025-09-17 16:26:00+03:00,55.83997,37.462392,Наезд на пешехода,Тяжёлый,1,0,,True
1569732,2025-09-17 17:00:00+03:00,55.802059,37.596631,Столкновение,Тяжёлый,1,0,,True
1569738,2025-09-17 17:10:00+03:00,55.750606,37.592415,Наезд на велосипедиста,Тяжёлый,1,0,,True
1569748,2025-09-17 17:30:00+03:00,55.837151,37.419316,Наезд на велосипедиста,Тяжёлый,1,0,,True
1569776,2025-09-17 18:25:00+03:00,55.820236,37.591943,Наезд на пешехода,Тяжёлый,1,0,,True
1569784,2025-09-17 18:55:00+03:00,55.615934,37.705969,Наезд на велосипедиста,Тяжёлый,1,0,,True
1569809,2025-09-17 19:36:00+03:00,55.754687,37.818278,Столкновение,Легкий,1,0,,True
1569811,2025-09-17 19:40:00+03:00,55.731194,37.488184,Столкновение,Тяжёлый,1,0,,True
1569823,2025-09-17 19:58:00+03:00,55.871371,37.660888,Опрокидывание,Тяжёлый,1,0,,True
1569846,2025-09-17 20:55:00+03:00,55.706436,37.666798,Столкновение,Тяжёлый,1,0,,True
1569849,2025-09-17 21:00:00+03:00,55.572389,37.673739,Столкновение,Тяжёлый,1,0,,True
1569858,2025-09-17 21:17:00+03:00,55.769953,37.367152,Наезд на велосипедиста,С погибшими,0,1,,True
1569869,2025-09-17 22:00:00+03:00,55.747876,37.69995,Столкновение,Тяжёлый,1,0,,True
1569890,2025-09-18 00:25:00+03:00,55.823032,37.587748,Столкновение,Тяжёлый,1,0,,True
1569906,2025-09-18 05:05:00+03:00,55.719998,37.598219,Опрокидывание,Тяжёлый,1,0,,True
1569916,2025-09-18 07:05:00+03:00,55.679078,37.697321,Столкновение,Тяжёлый,3,0,,True
1569934,2025-09-18 07:47:00+03:00,55.801347,37.540991,Наезд на пешехода,Тяжёлый,1,0,,True
1569939,2025-09-18 08:00:00+03:00,55.636632,37.616447,Наезд на велосипедиста,Легкий,1,0,,True
1569946,2025-09-18 08:20:00+03:00,55.613493,37.744421,Столкновение,Тяжёлый,1,0,,True
1569955,2025-09-18 08:41:00+03:00,55.975875,37.161759,Столкновение,Легкий,1,0,,True
1569958,2025-09-18 08:47:00+03:00,55.704294,37.618149,Столкновение,Тяжёлый,1,0,,True
1569960,2025-09-18 08:50:00+03:00,55.719696,37.627648,Опрокидывание,Легкий,1,0,,True
1569991,2025-09-18 10:47:00+03:00,55.677167,37.664115,Столкновение,Легкий,1,0,,True
1570009,2025-09-18 11:47:00+03:00,55.708487,37.393844,Падение пассажира,Тяжёлый,1,0,,True
1570010,2025-09-18 11:50:00+03:00,55.606148,37.532355,Столкновение,Тяжёлый,1,0,,True
1570029,2025-09-18 12:30:00+03:00,55.636984,37.455804,Опрокидывание,Тяжёлый,1,0,,True
1570044,2025-09-18 13:10:00+03:00,55.644323,37.825756,Столкновение,Тяжёлый,1,0,,True
1570058,2025-09-18 13:36:00+03:00,55.653282,37.837386,Наезд на стоящее ТС,Тяжёлый,1,0,,True
1570065,2025-09-18 13:43:00+03:00,55.849084,37.343044,Столкновение,Тяжёлый,1,0,,True
1570070,2025-09-18 13:59:00+03:00,55.646057,37.416146,Наезд на пешехода,Легкий,1,0,,True
1570110,2025-09-18 15:30:00+03:00,55.683724,37.66389,Наезд на велосипедиста,Легкий,1,0,,True
1570116,2025-09-18 15:45:00+03:00,55.773272,37.821776,Наезд на пешехода,Легкий,1,0,,True
1570117,2025-09-18 15:48:00+03:00,55.776012,37.473496,Столкновение,Тяжёлый,1,0,,True
1570126,2025-09-18 16:00:00+03:00,55.88435,37.557503,Наезд на велосипедиста,Тяжёлый,1,0,,True
1570129,2025-09-18 16:15:00+03:00,55.844913,37.500409,Столкновение,Тяжёлый,1,0,,True
1570151,2025-09-18 16:50:00+03:00,55.427284,37.172112,Столкновение,Тяжёлый,1,0,,True
1570161,2025-09-18 17:20:00+03:00,55.904094,37.57321,Наезд на пешехода,Тяжёлый,1,0,,True
1570163,2025-09-18 17:21:00+03:00,55.737023,37.826314,Столкновение,Легкий,1,0,,True
1570192,2025-09-18 18:45:00+03:00,55.686446,37.919129,Столкновение,Тяжёлый,1,0,,True
1570204,2025-09-18 19:13:00+03:00,55.701787,37.747328,Наезд на пешехода,Тяжёлый,1,0,,True
1570247,2025-09-18 21:15:00+03:00,55.779674,37.599581,Наезд на велосипедиста,Тяжёлый,1,0,,True
1570255,2025-09-18 21:55:00+03:00,55.683365,37.568494,Наезд на пешехода,Тяжёлый,1,0,,True
1570257,2025-09-18 22:00:00+03:00,55.712111,37.681153,Столкновение,Тяжёлый,2,0,,True
1570266,2025-09-18 22:30:00+03:00,55.999653,37.218512,Наезд на пешехода,Тяжёлый,1,0,,True
1570278,2025-09-18 23:20:00+03:00,55.610553,37.744676,Столкновение,Тяжёлый,2,0,,True
1570290,2025-09-19 01:35:00+03:00,55.650189,37.833867,Столкновение,Тяжёлый,1,0,,True
1570296,2025-09-19 02:54:00+03:00,55.608448,37.494883,Столкновение,Тяжёлый,1,0,,True
1570301,2025-09-19 03:25:00+03:00,55.870299,37.676017,Опрокидывание,Тяжёлый,1,0,,True
1570302,2025-09-19 03:53:00+03:00,55.705517,37.764484,Наезд на пешехода,Тяжёлый,1,0,,True
1570331,2025-09-19 07:55:00+03:00,55.635088,37.764055,Столкновение,Тяжёлый,1,0,,True
1570344,2025-09-19 08:15:00+03:00,55.676181,37.767037,Столкновение,Тяжёлый,1,0,,True
1570346,2025-09-19 08:27:00+03:00,55.70762,37.776693,Наезд на пешехода,Тяжёлый,1,0,,True
1570360,2025-09-19 09:00:00+03:00,55.713212,37.068933,Столкновение,Тяжёлый,1,0,,True
1570388,2025-09-19 10:50:00+03:00,55.676882,37.566533,Столкновение,Тяжёлый,1,0,,True
1570391,2025-09-19 10:51:00+03:00,55.718578,37.415367,Столкновение,Тяжёлый,1,0,,True
1570407,2025-09-19 11:30:00+03:00,55.885439,37.440066,Наезд на стоящее ТС,Легкий,1,0,,True
1570413,2025-09-19 11:45:00+03:00,55.661024,37.740698,Столкновение,Тяжёлый,1,0,,True
1570416,2025-09-19 11:55:00+03:00,55.78003,37.718371,Столкновение,Тяжёлый,1,0,,True
1570435,2025-09-19 12:35:00+03:00,55.820993,37.66369,Наезд на пешехода,Тяжёлый,1,0,,True
1570458,2025-09-19 13:26:00+03:00,55.765336,37.369105,Столкновение,Тяжёлый,1,0,,True
1570464,2025-09-19 13:45:00+03:00,55.60669,37.512071,Опрокидывание,Тяжёлый,1,0,,True
1570491,2025-09-19 14:35:00+03:00,55.8536,37.583949,Столкновение,Тяжёлый,1,0,,True
1570492,2025-09-19 14:36:00+03:00,55.613271,37.508121,Столкновение,Тяжёлый,1,0,,True
1570496,2025-09-19 14:50:00+03:00,55.831234,37.381164,Столкновение,Легкий,1,0,,True
1570498,2025-09-19 14:57:00+03:00,55.863584,37.566622,Наезд на пешехода,Тяжёлый,1,0,,True
1570505,2025-09-19 15:00:00+03:00,55.81979,37.391582,Столкновение,Тяжёлый,1,0,,True
1570515,2025-09-19 15:30:00+03:00,55.649856,37.68641,Столкновение,Тяжёлый,1,0,,True
1570520,2025-09-19 15:45:00+03:00,55.773164,37.590601,Столкновение,Тяжёлый,2,0,,True
1570537,2025-09-19 16:09:00+03:00,55.752828,37.604195,Столкновение,Тяжёлый,2,0,,True
1570554,2025-09-19 16:40:00+03:00,55.647083,37.449796,Столкновение,Тяжёлый,1,0,,True
1570591,2025-09-19 17:40:00+03:00,55.765064,37.369277,Столкновение,Тяжёлый,1,0,,True
1570594,2025-09-19 17:43:00+03:00,56.005724,37.166287,Столкновение,Тяжёлый,1,0,,True
1570608,2025-09-19 18:10:00+03:00,55.800286,37.480556,Падение пассажира,Тяжёлый,1,0,,True
1570630,2025-09-19 18:32:00+03:00,55.776989,37.584153,Опрокидывание,Тяжёлый,1,0,,True
1570652,2025-09-19 19:05:00+03:00,55.84224,37.665147,Столкновение,Тяжёлый,1,0,,True
1570658,2025-09-19 19:20:00+03:00,55.690655,37.821325,Наезд на пешехода,Тяжёлый,1,0,,True
1570673,2025-09-19 19:40:00+03:00,55.79291,37.642186,Столкновение,Тяжёлый,1,0,,True
1570690,2025-09-19 20:00:00+03:00,55.739464,37.720581,Столкновение,Тяжёлый,1,0,,True
1570733,2025-09-19 21:45:00+03:00,55.752109,37.560282,Наезд на препятствие,Тяжёлый,1,0,,True
1570734,2025-09-19 21:45:00+03:00,55.661151,37.419616,Наезд на пешехода,Тяжёлый,1,0,,True
1570741,2025-09-19 22:01:00+03:00,55.795962,37.542622,Столкновение,Тяжёлый,2,0,,True
1570743,2025-09-19 22:10:00+03:00,55.799128,37.404252,Наезд на пешехода,Легкий,1,0,,True
1570758,2025-09-19 23:16:00+03:00,55.774093,37.579937,Столкновение,Тяжёлый,1,0,,True
1570761,2025-09-19 23:20:00+03:00,55.376587,37.395905,Столкновение,Тяжёлый,1,0,,True
1570780,2025-09-20 01:00:00+03:00,55.771595,37.404971,Наезд на велосипедиста,Тяжёлый,1,0,,True
1570822,2025-09-20 08:25:00+03:00,55.895072,37.681507,Столкновение,Тяжёлый,1,0,,True
1570848,2025-09-20 09:30:00+03:00,55.68575,37.831485,Наезд на препятствие,Тяжёлый,1,0,,True
1570892,2025-09-20 11:10:00+03:00,55.831698,37.526379,Столкновение,Тяжёлый,1,0,,True
1570900,2025-09-20 11:36:00+03:00,55.802312,37.784353,Наезд на пешехода,Легкий,1,0,,True
1570911,2025-09-20 12:05:00+03:00,55.765463,37.566601,Наезд на пешехода,Тяжёлый,1,0,,True
1570947,2025-09-20 13:10:00+03:00,55.550455,37.554789,Столкновение,Тяжёлый,1,0,,True
1570991,2025-09-20 14:55:00+03:00,55.952708,37.537612,Столкновение,Тяжёлый,1,0,,True
1571016,2025-09-20 16:25:00+03:00,55.630443,37.43572,Столкновение,Тяжёлый,1,0,,True
1571021,2025-09-20 16:30:00+03:00,55.848162,37.370499,Столкновение,Тяжёлый,1,0,,True
1571033,2025-09-20 17:05:00+03:00,55.789104,37.486918,Столкновение,Легкий,1,0,,True
1571078,2025-09-20 19:00:00+03:00,55.566492,37.601416,Наезд на пешехода,С погибшими,0,1,,True
1571099,2025-09-20 19:30:00+03:00,55.923035,37.545444,Столкновение,Тяжёлый,1,0,,True
1571125,2025-09-20 20:15:00+03:00,55.813871,37.660592,Столкновение,Тяжёлый,2,0,,True
1571135,2025-09-20 20:35:00+03:00,55.790932,37.52816,Столкновение,Тяжёлый,1,0,,True
1571178,2025-09-20 22:38:00+03:00,55.73172,37.405411,Падение пассажира,Тяжёлый,1,0,,True
1571180,2025-09-20 22:40:00+03:00,55.857238,37.433231,Столкновение,Тяжёлый,2,0,,True
1571208,2025-09-21 00:20:00+03:00,55.797963,37.635352,Столкновение,Тяжёлый,2,0,,True
1571213,2025-09-21 00:30:00+03:00,55.574469,37.216069,"Наезд на лицо, не являющееся участником дорожного движения, осуществляющее несение службы",Тяжёлый,1,0,,True
1571220,2025-09-21 01:15:00+03:00,55.839537,37.662045,Наезд на стоящее ТС,Тяжёлый,2,0,,True
1571249,2025-09-21 05:04:00+03:00,55.737984,37.513558,Опрокидывание,Тяжёлый,1,0,,True
1571297,2025-09-21 11:30:00+03:00,55.665493,37.551832,Наезд на пешехода,Тяжёлый,1,0,,True
1571300,2025-09-21 11:37:00+03:00,55.693769,37.535058,Падение пассажира,Тяжёлый,1,0,,True
1571312,2025-09-21 12:25:00+03:00,55.717031,37.677226,Опрокидывание,Тяжёлый,1,0,,True
1571331,2025-09-21 13:12:00+03:00,55.772035,37.420571,Столкновение,Легкий,1,0,,True
1571348,2025-09-21 14:01:00+03:00,55.805303,37.44985,Наезд на велосипедиста,Тяжёлый,1,0,,True
1571353,2025-09-21 14:15:00+03:00,55.780392,37.594175,Наезд на пешехода,Тяжёлый,1,0,,True
1571370,2025-09-21 15:00:00+03:00,55.737749,37.269294,Наезд на пешехода,Тяжёлый,1,0,,True
1571388,2025-09-21 15:28:00+03:00,55.993923,37.21329,Столкновение,Тяжёлый,2,0,,True
1571422,2025-09-21 16:30:00+03:00,55.893237,37.430699,Столкновение,Легкий,1,0,,True
1571448,2025-09-21 17:20:00+03:00,55.598699,37.365071,Наезд на пешехода,Тяжёлый,1,0,,True
1571461,2025-09-21 17:48:00+03:00,55.752012,37.633115,Столкновение,Тяжёлый,1,0,,True
1571477,2025-09-21 18:20:00+03:00,55.699713,37.635652,Столкновение,Тяжёлый,1,0,,True
1571519,2025-09-21 19:25:00+03:00,55.77988,37.577716,Наезд на пешехода,Тяжёлый,1,0,,True
1571530,2025-09-21 19:45:00+03:00,55.781412,37.574444,Столкновение,Тяжёлый,2,0,,True
1571541,2025-09-21 19:57:00+03:00,55.808197,37.574733,Наезд на пешехода,Тяжёлый,1,0,,True
1571549,2025-09-21 20:05:00+03:00,55.862151,37.419916,Наезд на велосипедиста,Тяжёлый,1,0,,True
1571555,2025-09-21 20:20:00+03:00,55.790081,37.493666,Опрокидывание,Тяжёлый,1,0,,True
1571559,2025-09-21 20:30:00+03:00,55.790702,37.367045,Столкновение,Тяжёлый,1,0,,True
1571577,2025-09-21 21:05:00+03:00,55.760223,37.807978,Наезд на препятствие,Легкий,1,0,,True
1571602,2025-09-21 21:50:00+03:00,55.839241,37.670757,Столкновение,Тяжёлый,1,0,,True
1571603,2025-09-21 21:50:00+03:00,55.725974,37.736278,Наезд на пешехода,Тяжёлый,1,0,,True
1571613,2025-09-21 22:30:00+03:00,55.749404,37.816347,Наезд на пешехода,С погибшими,3,1,,True
1571623,2025-09-21 23:09:00+03:00,55.711344,37.681614,Столкновение,С погибшими,3,2,,True
1571624,2025-09-21 23:15:00+03:00,55.631878,37.704231,Наезд на пешехода,Тяжёлый,1,0,,True
1571633,2025-09-22 00:15:00+03:00,55.816539,37.617611,Столкновение,Тяжёлый,2,0,,True
1571642,2025-09-22 01:30:00+03:00,55.936428,37.545953,Столкновение,Тяжёлый,1,0,,True
1571648,2025-09-22 03:28:00+03:00,55.58638,37.715882,Наезд на препятствие,Тяжёлый,1,0,,True
1571656,2025-09-22 06:20:00+03:00,55.988078,37.168915,Наезд на пешехода,Легкий,1,0,,True
1571680,2025-09-22 07:55:00+03:00,55.545254,37.562822,Наезд на пешехода,Тяжёлый,1,0,,True
1571684,2025-09-22 08:00:00+03:00,55.643593,37.638225,Столкновение,Тяжёлый,1,0,,True
1571696,2025-09-22 08:30:00+03:00,55.799412,37.399145,Наезд на пешехода,Тяжёлый,1,0,,True
1571715,2025-09-22 09:15:00+03:00,55.853962,37.524555,Столкновение,Тяжёлый,1,0,,True
1571716,2025-09-22 09:30:00+03:00,55.805412,37.528331,Наезд на пешехода,Тяжёлый,1,0,,True
1571721,2025-09-22 09:35:00+03:00,55.887467,37.66699,Наезд на велосипедиста,Тяжёлый,1,0,,True
1571722,2025-09-22 09:35:00+03:00,55.598329,37.474151,Столкновение,Тяжёлый,1,0,,True
1571723,2025-09-22 09:35:00+03:00,55.778715,37.449185,Столкновение,Тяжёлый,1,0,,True
1571725,2025-09-22 09:38:00+03:00,55.627106,37.67007,Наезд на препятствие,Тяжёлый,1,0,,True
1571732,2025-09-22 10:00:00+03:00,55.630637,37.804888,Столкновение,Тяжёлый,1,0,,True
1571735,2025-09-22 10:05:00+03:00,55.737561,37.243395,Столкновение,Легкий,1,0,,True
1571747,2025-09-22 10:45:00+03:00,55.677982,37.678433,Столкновение,Тяжёлый,1,0,,True
1571764,2025-09-22 11:40:00+03:00,55.792771,37.746073,Столкновение,Легкий,1,0,,True
1571773,2025-09-22 12:05:00+03:00,55.65338,37.604286,Наезд на пешехода,Тяжёлый,1,0,,True
1571788,2025-09-22 12:49:00+03:00,55.738455,37.586288,Столкновение,Тяжёлый,1,0,,True
1571794,2025-09-22 13:00:00+03:00,55.603068,37.755286,Столкновение,Тяжёлый,1,0,,True
1571802,2025-09-22 13:20:00+03:00,55.780738,37.593398,Столкновение,Тяжёлый,1,0,,True
1571805,2025-09-22 13:30:00+03:00,55.872806,37.652638,Наезд на пешехода,Тяжёлый,1,0,,True
1571809,2025-09-22 13:40:00+03:00,55.583336,37.673482,Наезд на велосипедиста,Легкий,1,0,,True
1571818,2025-09-22 14:00:00+03:00,55.887268,37.691785,Наезд на пешехода,Тяжёлый,1,0,,True
1571831,2025-09-22 14:35:00+03:00,55.76408,37.791188,Столкновение,Тяжёлый,1,0,,True
1571834,2025-09-22 14:45:00+03:00,55.682674,37.579695,Наезд на пешехода,Тяжёлый,1,0,,True
1571849,2025-09-22 15:13:00+03:00,55.637081,37.338302,Столкновение,Тяжёлый,2,0,,True
1571862,2025-09-22 15:40:00+03:00,55.742459,37.866772,Наезд на велосипедиста,Тяжёлый,1,0,,True
1571880,2025-09-22 16:28:00+03:00,55.633822,37.441685,Наезд на пешехода,Тяжёлый,1,0,,True
1571885,2025-09-22 16:34:00+03:00,55.818849,37.497808,Столкновение,Легкий,1,0,,True
1571892,2025-09-22 16:49:00+03:00,55.981206,37.147254,Наезд на пешехода,Тяжёлый,1,0,,True
1571895,2025-09-22 16:50:00+03:00,55.705221,37.922208,Наезд на пешехода,Тяжёлый,1,0,,True
1571898,2025-09-22 16:50:00+03:00,55.777629,37.520553,Столкновение,Тяжёлый,1,0,,True
1571906,2025-09-22 17:15:00+03:00,55.811869,37.62488,Столкновение,Тяжёлый,1,0,,True
1571908,2025-09-22 17:20:00+03:00,55.646787,37.737007,Наезд на велосипедиста,Тяжёлый,1,0,,True
1571928,2025-09-22 17:40:00+03:00,55.869051,37.550089,Наезд на пешехода,Тяжёлый,1,0,,True
1571930,2025-09-22 17:44:00+03:00,55.799448,37.686024,Опрокидывание,Тяжёлый,1,0,,True
1571937,2025-09-22 18:02:00+03:00,55.70591,37.46929,Наезд на пешехода,Тяжёлый,1,0,,True
1571940,2025-09-22 18:10:00+03:00,55.868994,37.646808,Наезд на пешехода,Тяжёлый,1,0,,True
1571950,2025-09-22 18:39:00+03:00,55.730578,37.551259,Наезд на велосипедиста,Тяжёлый,1,0,,True
1572000,2025-09-22 20:14:00+03:00,55.750213,37.632392,Опрокидывание,Тяжёлый,1,0,,True
1572004,2025-09-22 20:17:00+03:00,55.80763,37.395616,Наезд на пешехода,С погибшими,0,1,,True
1572008,2025-09-22 20:27:00+03:00,55.789542,37.633356,Наезд на велосипедиста,Тяжёлый,1,0,,True
1572017,2025-09-22 20:45:00+03:00,55.830113,37.395079,Столкновение,Тяжёлый,1,0,,True
1572025,2025-09-22 21:10:00+03:00,55.712142,37.777219,Столкновение,Тяжёлый,1,0,,True
1572043,2025-09-22 21:45:00+03:00,55.694628,37.566376,Наезд на пешехода,Тяжёлый,1,0,,True
1572050,2025-09-22 22:05:00+03:00,55.715393,37.45279,Наезд на пешехода,Тяжёлый,1,0,,True
1572061,2025-09-22 23:10:00+03:00,55.83801,37.487735,Наезд на велосипедиста,Тяжёлый,1,0,,True
1572071,2025-09-22 23:45:00+03:00,55.62361,37.609452,Столкновение,Тяжёлый,1,0,,True
1572076,2025-09-23 00:20:00+03:00,55.746131,37.553394,Наезд на препятствие,Тяжёлый,1,0,,True
1572077,2025-09-23 00:35:00+03:00,55.631569,37.704027,Наезд на препятствие,Тяжёлый,1,0,,True
1572094,2025-09-23 05:15:00+03:00,55.783723,37.370156,Столкновение,Тяжёлый,1,0,,True
1572117,2025-09-23 07:50:00+03:00,55.953261,37.34534,Наезд на препятствие,Тяжёлый,1,0,,True
1572120,2025-09-23 07:50:00+03:00,55.427041,37.172456,Столкновение,Тяжёлый,1,0,,True
1572132,2025-09-23 08:21:00+03:00,55.809965,37.648347,Наезд на пешехода,Тяжёлый,1,0,,True
1572136,2025-09-23 08:35:00+03:00,55.60599,37.354621,Столкновение,Тяжёлый,1,0,,True
1572165,2025-09-23 10:00:00+03:00,55.721332,37.654707,Столкновение,Тяжёлый,1,0,,True
1572195,2025-09-23 11:50:00+03:00,55.642179,37.592511,Столкновение,Тяжёлый,2,0,,True
1572197,2025-09-23 12:00:00+03:00,55.533846,37.151867,Наезд на пешехода,Тяжёлый,1,0,,True
1572235,2025-09-23 13:26:00+03:00,55.806264,37.754574,Наезд на пешехода,Легкий,1,0,,True
1572241,2025-09-23 13:55:00+03:00,55.857328,37.511766,Падение пассажира,Тяжёлый,1,0,,True
1572247,2025-09-23 14:00:00+03:00,55.77387,37.49121,Наезд на пешехода,Тяжёлый,1,0,,True
1572251,2025-09-23 14:10:00+03:00,55.69623,37.611759,Наезд на пешехода,Тяжёлый,1,0,,True
1572260,2025-09-23 14:30:00+03:00,55.901592,37.420281,Столкновение,Тяжёлый,1,0,,True
1572320,2025-09-23 16:49:00+03:00,55.681444,37.669995,Наезд на пешехода,Тяжёлый,1,0,,True
1572324,2025-09-23 16:50:00+03:00,55.851848,37.512914,Столкновение,Легкий,2,0,,True
1572362,2025-09-23 17:35:00+03:00,55.776169,37.472649,Столкновение,Тяжёлый,1,0,,True
1572382,2025-09-23 18:06:00+03:00,55.891312,37.659889,Наезд на пешехода,Тяжёлый,1,0,,True
1572397,2025-09-23 18:30:00+03:00,55.768927,37.428339,Наезд на пешехода,Тяжёлый,1,0,,True
1572411,2025-09-23 19:04:00+03:00,55.800485,37.549263,Наезд на пешехода,Тяжёлый,1,0,,True
1572415,2025-09-23 19:10:00+03:00,55.709549,37.654642,Наезд на пешехода,Тяжёлый,1,0,,True
1572418,2025-09-23 19:10:00+03:00,55.647822,37.469087,Столкновение,Легкий,1,0,,True
1572432,2025-09-23 19:30:00+03:00,55.729503,37.70672,Столкновение,Тяжёлый,3,0,,True
1572467,2025-09-23 20:30:00+03:00,55.678123,37.511519,Наезд на пешехода,Тяжёлый,1,0,,True
1572477,2025-09-23 20:55:00+03:00,55.635421,37.721418,Столкновение,Тяжёлый,2,0,,True
1572478,2025-09-23 20:55:00+03:00,55.458693,37.296116,Наезд на препятствие,Тяжёлый,1,0,,True
1572482,2025-09-23 21:00:00+03:00,55.605463,37.340534,Столкновение,Тяжёлый,1,0,,True
1572487,2025-09-23 21:15:00+03:00,55.576404,37.644106,Наезд на велосипедиста,Тяжёлый,1,0,,True
1572490,2025-09-23 21:36:00+03:00,55.778178,37.369888,Наезд на стоящее ТС,Тяжёлый,3,0,,True
1572500,2025-09-23 22:30:00+03:00,55.633853,37.80977,Столкновение,Тяжёлый,1,0,,True
1572514,2025-09-24 00:20:00+03:00,55.471417,37.464076,Наезд на препятствие,С погибшими,0,1,,True
1572535,2025-09-24 04:24:00+03:00,55.828872,37.394092,Наезд на стоящее ТС,Тяжёлый,1,0,,True
1572538,2025-09-24 05:56:00+03:00,55.670821,37.779322,Столкновение,Тяжёлый,3,0,,True
1572555,2025-09-24 07:25:00+03:00,55.605765,37.534705,Столкновение,Тяжёлый,3,0,,True
1572574,2025-09-24 08:15:00+03:00,55.833415,37.653548,Столкновение,Тяжёлый,1,0,,True
1572579,2025-09-24 08:26:00+03:00,55.59197,37.729508,Столкновение,Тяжёлый,1,0,,True
1572581,2025-09-24 08:30:00+03:00,55.80965,37.779064,Столкновение,Легкий,1,0,,True
1572583,2025-09-24 08:40:00+03:00,55.825268,37.579787,Наезд на пешехода,Тяжёлый,1,0,,True
1572601,2025-09-24 09:25:00+03:00,55.714239,37.734829,Столкновение,Тяжёлый,1,0,,True
1572612,2025-09-24 10:25:00+03:00,55.449512,36.894364,Столкновение,Тяжёлый,1,0,,True
1572639,2025-09-24 11:35:00+03:00,55.57274,37.654653,Столкновение,Тяжёлый,1,0,,True
1572702,2025-09-24 14:07:00+03:00,55.606215,37.590312,Падение пассажира,Тяжёлый,2,0,,True
1572706,2025-09-24 14:25:00+03:00,55.60956,37.709134,Столкновение,Тяжёлый,3,0,,True
1572717,2025-09-24 14:55:00+03:00,55.795763,37.497003,Наезд на велосипедиста,Легкий,1,0,,True
1572734,2025-09-24 15:36:00+03:00,55.880023,37.558748,Наезд на пешехода,Тяжёлый,1,0,,True
1572743,2025-09-24 15:50:00+03:00,55.816595,37.820628,Столкновение,Легкий,1,0,,True
1572758,2025-09-24 16:11:00+03:00,55.5922,37.44735,Наезд на велосипедиста,Тяжёлый,1,0,,True
1572759,2025-09-24 16:13:00+03:00,55.651109,37.400647,Наезд на пешехода,Тяжёлый,1,0,,True
1572762,2025-09-24 16:20:00+03:00,55.57581,37.596524,Столкновение,Тяжёлый,1,0,,True
1572771,2025-09-24 16:42:00+03:00,55.575094,37.218719,Столкновение,Тяжёлый,1,0,,True
1572782,2025-09-24 17:05:00+03:00,55.811591,37.572759,Падение пассажира,Легкий,1,0,,True
1572791,2025-09-24 17:27:00+03:00,55.811169,37.816561,Столкновение,Легкий,2,0,,True
1572801,2025-09-24 17:45:00+03:00,55.681401,37.757703,Наезд на пешехода,Тяжёлый,1,0,,True
1572815,2025-09-24 18:20:00+03:00,55.74816,37.570142,Наезд на пешехода,Тяжёлый,1,0,,True
1572818,2025-09-24 18:30:00+03:00,55.709204,37.671239,Наезд на велосипедиста,Тяжёлый,1,0,,True
1572841,2025-09-24 19:06:00+03:00,55.640956,37.65535,Столкновение,Тяжёлый,1,0,,True
1572849,2025-09-24 19:21:00+03:00,55.980294,37.184363,Столкновение,Тяжёлый,1,0,,True
1572874,2025-09-24 20:05:00+03:00,55.732248,37.6713,Наезд на велосипедиста,Легкий,1,0,,True
1572876,2025-09-24 20:09:00+03:00,55.734764,37.508719,Столкновение,Тяжёлый,1,0,,True
1572882,2025-09-24 20:25:00+03:00,55.704362,37.637122,Наезд на препятствие,Тяжёлый,1,0,,True
1572884,2025-09-24 20:27:00+03:00,55.511843,37.356133,Наезд на пешехода,С погибшими,1,1,,True
1572885,2025-09-24 20:30:00+03:00,55.701648,37.624322,Наезд на пешехода,Тяжёлый,1,0,,True
1572892,2025-09-24 21:00:00+03:00,55.77661,37.659868,Наезд на пешехода,Тяжёлый,1,0,,True
1572926,2025-09-24 23:00:00+03:00,55.798404,37.728639,Наезд на пешехода,Легкий,1,0,,True
1572963,2025-09-25 07:20:00+03:00,55.789267,37.708426,Столкновение,Легкий,1,0,,True
1572976,2025-09-25 07:50:00+03:00,55.840296,37.579637,Наезд на пешехода,Тяжёлый,1,0,,True
1572995,2025-09-25 08:24:00+03:00,55.801655,37.746792,Наезд на пешехода,Тяжёлый,1,0,,True
1573014,2025-09-25 09:15:00+03:00,55.499715,37.568371,Наезд на пешехода,Тяжёлый,1,0,,True
1573015,2025-09-25 09:17:00+03:00,55.752761,37.583026,Столкновение,Тяжёлый,1,0,,True
1573027,2025-09-25 09:50:00+03:00,55.703044,37.472456,Наезд на пешехода,Тяжёлый,1,0,,True
1573050,2025-09-25 10:55:00+03:00,55.84946,37.59757,Наезд на пешехода,Тяжёлый,1,0,,True
1573062,2025-09-25 11:58:00+03:00,55.876647,37.428167,Наезд на стоящее ТС,Тяжёлый,1,0,,True
1573080,2025-09-25 12:50:00+03:00,55.610348,37.751974,Наезд на пешехода,Тяжёлый,1,0,,True
1573083,2025-09-25 12:58:00+03:00,55.812514,37.389736,Столкновение,Тяжёлый,1,0,,True
1573115,2025-09-25 14:20:00+03:00,55.50406,37.599549,Столкновение,Тяжёлый,3,0,,True
1573122,2025-09-25 14:40:00+03:00,55.421646,37.341918,Съезд с дороги,С погибшими,0,1,,True
1573157,2025-09-25 15:35:00+03:00,55.697745,37.228277,Столкновение,Легкий,1,0,,True
1573193,2025-09-25 16:54:00+03:00,55.628547,37.677355,Наезд на пешехода,Тяжёлый,1,0,,True
1573207,2025-09-25 17:18:00+03:00,55.632163,37.669308,Наезд на пешехода,Тяжёлый,1,0,,True
1573208,2025-09-25 17:20:00+03:00,55.612069,37.708189,Наезд на пешехода,Тяжёлый,1,0,,True
1573232,2025-09-25 17:53:00+03:00,55.60153,37.503419,Столкновение,Тяжёлый,1,0,,True
1573250,2025-09-25 18:29:00+03:00,55.769699,37.667652,Столкновение,Тяжёлый,1,0,,True
1573251,2025-09-25 18:30:00+03:00,55.737163,37.691277,Наезд на велосипедиста,Тяжёлый,1,0,,True
1573262,2025-09-25 18:45:00+03:00,55.757319,37.819448,Столкновение,Легкий,2,0,,True
1573264,2025-09-25 18:50:00+03:00,55.688814,37.543691,Падение пассажира,Тяжёлый,2,0,,True
1573295,2025-09-25 19:41:00+03:00,55.873541,37.463754,Столкновение,С погибшими,1,2,,True
1573297,2025-09-25 19:48:00+03:00,55.701352,37.504771,Столкновение,Тяжёлый,1,0,,True
1573364,2025-09-25 23:50:00+03:00,55.638631,37.352797,Столкновение,Тяжёлый,1,0,,True
1573379,2025-09-26 02:31:00+03:00,55.64557,37.619537,Столкновение,Тяжёлый,2,0,,True
1573386,2025-09-26 04:20:00+03:00,55.73586,37.66528,Наезд на велосипедиста,С погибшими,0,1,,True
1573391,2025-09-26 06:15:00+03:00,55.806467,37.507421,Падение пассажира,Тяжёлый,1,0,,True
1573407,2025-09-26 07:30:00+03:00,55.847391,37.580506,Столкновение,Тяжёлый,1,0,,True
1573426,2025-09-26 08:05:00+03:00,55.55196,37.488077,Столкновение,Тяжёлый,1,0,,True
1573437,2025-09-26 08:35:00+03:00,55.89509,37.399263,Наезд на пешехода,Тяжёлый,1,0,,True
1573443,2025-09-26 08:55:00+03:00,55.887479,37.667334,Столкновение,Тяжёлый,1,0,,True
1573460,2025-09-26 09:40:00+03:00,55.819889,37.57371,Столкновение,Тяжёлый,1,0,,True
1573469,2025-09-26 10:05:00+03:00,55.663783,37.481489,Наезд на пешехода,Тяжёлый,1,0,,True
1573475,2025-09-26 10:30:00+03:00,55.807679,37.560046,Падение пассажира,Тяжёлый,1,0,,True
1573476,2025-09-26 10:30:00+03:00,55.850277,37.671282,Столкновение,Тяжёлый,1,0,,True
1573488,2025-09-26 11:00:00+03:00,55.738177,37.770041,Столкновение,Легкий,1,0,,True
1573510,2025-09-26 12:10:00+03:00,55.872933,37.587265,Наезд на велосипедиста,Тяжёлый,1,0,,True
1573529,2025-09-26 12:55:00+03:00,55.829565,37.671787,Падение пассажира,Легкий,1,0,,True
1573535,2025-09-26 13:17:00+03:00,55.882286,37.448004,Столкновение,Тяжёлый,1,0,,True
1573545,2025-09-26 13:30:00+03:00,55.722748,37.772176,Столкновение,Тяжёлый,1,0,,True
1573547,2025-09-26 13:35:00+03:00,55.733852,37.414466,Наезд на велосипедиста,Тяжёлый,1,0,,True
1573596,2025-09-26 15:20:00+03:00,55.698945,37.613798,Столкновение,Тяжёлый,1,0,,True
1573599,2025-09-26 15:26:00+03:00,55.805418,37.779204,Столкновение,Легкий,1,0,,True
1573617,2025-09-26 16:06:00+03:00,55.98824,37.145076,Падение пассажира,Тяжёлый,1,0,,True
1573625,2025-09-26 16:20:00+03:00,55.673858,37.757918,Падение пассажира,Тяжёлый,2,0,,True
1573633,2025-09-26 16:55:00+03:00,55.75261,37.822312,Наезд на пешехода,Легкий,1,0,,True
1573641,2025-09-26 17:10:00+03:00,55.677669,37.657721,Наезд на пешехода,Легкий,1,0,,True
1573710,2025-09-26 19:10:00+03:00,55.929713,37.54554,Наезд на пешехода,Тяжёлый,1,0,,True
1573732,2025-09-26 19:45:00+03:00,55.62951,37.432072,Столкновение,Тяжёлый,1,0,,True
1573769,2025-09-26 21:03:00+03:00,55.623138,37.759731,Наезд на пешехода,Легкий,1,0,,True
1573774,2025-09-26 21:23:00+03:00,55.724488,37.406344,Наезд на препятствие,С погибшими,0,1,,True
1573779,2025-09-26 21:45:00+03:00,55.708098,37.744839,Столкновение,Тяжёлый,1,0,,True
1573782,2025-09-26 21:50:00+03:00,55.734045,37.854853,Наезд на пешехода,Легкий,1,0,,True
1573783,2025-09-26 21:50:00+03:00,55.881275,37.445741,Столкновение,Тяжёлый,1,0,,True
1573790,2025-09-26 22:20:00+03:00,55.670488,37.535412,Наезд на пешехода,Тяжёлый,1,0,,True
1573807,2025-09-26 23:10:00+03:00,55.659644,37.481693,Столкновение,Тяжёлый,1,0,,True
1573819,2025-09-27 00:05:00+03:00,55.797156,37.840337,Столкновение,Легкий,1,0,,True
1573822,2025-09-27 00:16:00+03:00,55.66227,37.741417,Столкновение,Тяжёлый,3,0,,True
1573833,2025-09-27 02:15:00+03:00,55.755603,37.64876,Столкновение,Тяжёлый,1,0,,True
1573842,2025-09-27 04:05:00+03:00,55.545939,37.487701,Столкновение,Тяжёлый,1,0,,True
1573868,2025-09-27 07:40:00+03:00,55.543712,37.170975,Столкновение,Тяжёлый,1,0,,True
1573889,2025-09-27 09:20:00+03:00,55.62257,37.47839,Столкновение,Тяжёлый,1,0,,True
1573891,2025-09-27 09:25:00+03:00,55.712402,37.88587,Наезд на пешехода,Легкий,2,0,,True
1573935,2025-09-27 11:45:00+03:00,55.763175,37.592962,Наезд на стоящее ТС,Тяжёлый,1,0,,True
1573936,2025-09-27 11:45:00+03:00,55.736787,37.249593,Столкновение,Тяжёлый,1,0,,True
1573937,2025-09-27 12:00:00+03:00,55.672684,37.456652,Столкновение,Тяжёлый,1,0,,True
1573967,2025-09-27 13:00:00+03:00,55.728645,37.611147,Наезд на пешехода,Тяжёлый,1,0,,True
1573980,2025-09-27 13:40:00+03:00,55.81935,37.42763,Наезд на пешехода,Тяжёлый,1,0,,True
1574015,2025-09-27 14:50:00+03:00,55.560595,37.312553,Столкновение,Тяжёлый,2,0,,True
1574027,2025-09-27 15:10:00+03:00,55.707521,37.584383,Наезд на пешехода,Тяжёлый,1,0,,True
1574029,2025-09-27 15:15:00+03:00,55.749899,37.625974,Столкновение,Тяжёлый,1,0,,True
1574041,2025-09-27 15:30:00+03:00,55.738382,37.412546,Наезд на велосипедиста,Тяжёлый,1,0,,True
1574055,2025-09-27 16:15:00+03:00,55.863849,37.57499,Наезд на препятствие,Тяжёлый,1,0,,True
1574079,2025-09-27 17:10:00+03:00,55.603148,37.732598,Наезд на велосипедиста,Тяжёлый,1,0,,True
1574171,2025-09-27 19:50:00+03:00,55.432447,36.865171,Наезд на пешехода,С погибшими,0,1,,True
1574173,2025-09-27 19:50:00+03:00,55.716221,37.664201,Столкновение,Тяжёлый,1,0,,True
1574239,2025-09-27 21:58:00+03:00,55.60139,37.722609,Столкновение,Тяжёлый,3,0,,True
1574244,2025-09-27 22:10:00+03:00,55.611972,37.365274,Столкновение,Тяжёлый,2,0,,True
1574252,2025-09-27 22:45:00+03:00,55.702319,37.929525,Наезд на велосипедиста,С погибшими,0,1,,True
1574262,2025-09-27 23:13:00+03:00,55.850819,37.393019,Столкновение,Тяжёлый,1,0,,True
1574263,2025-09-27 23:20:00+03:00,55.590472,37.664201,Столкновение,Тяжёлый,1,0,,True
1574266,2025-09-27 23:24:00+03:00,55.859045,37.46781,Столкновение,С погибшими,0,1,,True
1574269,2025-09-27 23:39:00+03:00,55.446549,37.273757,Столкновение,С погибшими,0,1,,True
1574285,2025-09-28 01:00:00+03:00,55.852396,37.626189,Опрокидывание,Тяжёлый,1,0,,True
1574303,2025-09-28 02:30:00+03:00,55.719696,37.424197,Столкновение,Тяжёлый,1,0,,True
1574318,2025-09-28 04:45:00+03:00,55.850192,37.788205,Наезд на стоящее ТС,Легкий,2,0,,True
1574327,2025-09-28 05:36:00+03:00,55.790063,37.744689,Наезд на препятствие,Легкий,1,0,,True
1574354,2025-09-28 09:10:00+03:00,55.834543,37.613402,Опрокидывание,Тяжёлый,1,0,,True
1574457,2025-09-28 14:06:00+03:00,55.680996,37.700744,Падение пассажира,Тяжёлый,2,0,,True
1574471,2025-09-28 14:40:00+03:00,55.764521,37.655522,Столкновение,Тяжёлый,1,0,,True
1574477,2025-09-28 14:50:00+03:00,55.76833,37.528192,Столкновение,Тяжёлый,1,0,,True
1574536,2025-09-28 16:50:00+03:00,55.811356,37.7291,Наезд на пешехода,Легкий,1,0,,True
1574556,2025-09-28 17:44:00+03:00,55.737211,37.485738,Столкновение,Легкий,1,0,,True
1574571,2025-09-28 18:10:00+03:00,55.607221,37.545594,Столкновение,Тяжёлый,1,0,,True
1574603,2025-09-28 19:20:00+03:00,55.631909,37.335062,Наезд на пешехода,Тяжёлый,1,0,,True
1574607,2025-09-28 19:30:00+03:00,55.531217,37.499256,Столкновение,Тяжёлый,1,0,,True
1574628,2025-09-28 19:59:00+03:00,55.99978,37.19356,Наезд на пешехода,Тяжёлый,1,0,,True
1574646,2025-09-28 20:40:00+03:00,55.606984,37.6081,Наезд на пешехода,Тяжёлый,1,0,,True
1574666,2025-09-28 22:02:00+03:00,55.781786,37.554907,Столкновение,Тяжёлый,1,0,,True
1574681,2025-09-28 23:01:00+03:00,55.720802,37.806659,Столкновение,Тяжёлый,1,0,,True
1574682,2025-09-28 23:08:00+03:00,55.679744,37.511637,Столкновение,Тяжёлый,1,0,,True
1574699,2025-09-29 02:43:00+03:00,55.817186,37.510607,Наезд на препятствие,Тяжёлый,1,0,,True
1574743,2025-09-29 08:05:00+03:00,55.655994,37.493012,Наезд на пешехода,Тяжёлый,1,0,,True
1574754,2025-09-29 08:40:00+03:00,55.836407,37.663295,Столкновение,Тяжёлый,1,0,,True
1574762,2025-09-29 09:00:00+03:00,55.75084,37.60258,Столкновение,Тяжёлый,1,0,,True
1574765,2025-09-29 09:10:00+03:00,55.73065,37.860872,Столкновение,Легкий,1,0,,True
1574774,2025-09-29 09:30:00+03:00,55.806436,37.64513,Столкновение,Тяжёлый,1,0,,True
1574788,2025-09-29 10:15:00+03:00,55.784435,37.469569,Наезд на пешехода,Тяжёлый,1,0,,True
1574797,2025-09-29 10:37:00+03:00,55.873571,37.528632,Наезд на пешехода,Тяжёлый,1,0,,True
1574802,2025-09-29 11:00:00+03:00,55.629555,37.517166,Падение пассажира,Тяжёлый,1,0,,True
1574806,2025-09-29 11:08:00+03:00,55.81633,37.520735,Столкновение,Тяжёлый,3,0,,True
1574821,2025-09-29 11:59:00+03:00,55.687894,37.543603,Наезд на пешехода,Тяжёлый,1,0,,True
1574826,2025-09-29 12:11:00+03:00,55.855504,37.777948,Столкновение,Легкий,1,0,,True
1574844,2025-09-29 13:00:00+03:00,55.873595,37.482659,Наезд на пешехода,Тяжёлый,1,0,,True
1574885,2025-09-29 14:40:00+03:00,55.701551,37.652775,Столкновение,Тяжёлый,1,0,,True
1574889,2025-09-29 15:00:00+03:00,55.850379,37.414058,Наезд на велосипедиста,Тяжёлый,1,0,,True
1574899,2025-09-29 15:25:00+03:00,55.632975,37.61604,Столкновение,Тяжёлый,1,0,,True
1574906,2025-09-29 15:50:00+03:00,55.664285,37.639782,Наезд на пешехода,Тяжёлый,1,0,,True
1574917,2025-09-29 16:15:00+03:00,55.704791,37.634547,Столкновение,Тяжёлый,1,0,,True
1574925,2025-09-29 16:26:00+03:00,55.867338,37.612194,Наезд на пешехода,Тяжёлый,1,0,,True
1574955,2025-09-29 17:30:00+03:00,55.857696,37.654975,Наезд на пешехода,Тяжёлый,1,0,,True
1574957,2025-09-29 17:38:00+03:00,55.776398,37.531582,Столкновение,Тяжёлый,1,0,,True
1574961,2025-09-29 17:46:00+03:00,55.638419,37.751126,Столкновение,Тяжёлый,1,0,,True
1574975,2025-09-29 18:25:00+03:00,55.757437,37.632744,Падение пассажира,Тяжёлый,1,0,,True
1574989,2025-09-29 18:40:00+03:00,55.621799,37.606941,Наезд на пешехода,Тяжёлый,1,0,,True
1574998,2025-09-29 18:54:00+03:00,55.84653,37.360961,Падение пассажира,Тяжёлый,2,0,,True
1575002,2025-09-29 19:00:00+03:00,55.700505,37.621919,Опрокидывание,Тяжёлый,1,0,,True
1575009,2025-09-29 19:19:00+03:00,55.678625,37.738541,Столкновение,Тяжёлый,1,0,,True
1575068,2025-09-29 22:39:00+03:00,55.731309,37.591395,Столкновение,Тяжёлый,1,0,,True
1575071,2025-09-29 23:16:00+03:00,55.779192,37.557578,Наезд на стоящее ТС,Тяжёлый,3,0,,True
1575079,2025-09-30 00:33:00+03:00,55.681668,37.624086,Столкновение,Тяжёлый,1,0,,True
1575133,2025-09-30 08:07:00+03:00,55.782329,37.720925,Наезд на пешехода,Легкий,1,0,,True
1575140,2025-09-30 08:35:00+03:00,55.890445,37.624934,Опрокидывание,Тяжёлый,1,0,,True
1575146,2025-09-30 08:54:00+03:00,55.713139,37.854252,Столкновение,Тяжёлый,1,0,,True
1575150,2025-09-30 09:15:00+03:00,55.671244,37.519695,Наезд на пешехода,Тяжёлый,1,0,,True
1575161,2025-09-30 10:04:00+03:00,55.759372,37.623714,Столкновение,Тяжёлый,1,0,,True
1575177,2025-09-30 10:45:00+03:00,55.597802,37.744002,Столкновение,Тяжёлый,1,0,,True
1575200,2025-09-30 11:35:00+03:00,55.60316,37.501531,Столкновение,Тяжёлый,2,0,,True
1575219,2025-09-30 12:15:00+03:00,55.793175,37.805017,Наезд на пешехода,Легкий,1,0,,True
1575231,2025-09-30 13:00:00+03:00,55.793374,37.454807,Столкновение,Тяжёлый,1,0,,True
1575272,2025-09-30 14:50:00+03:00,55.89222,37.706022,Столкновение,Тяжёлый,1,0,,True
1575288,2025-09-30 15:40:00+03:00,55.872904,37.693,Столкновение,Тяжёлый,1,0,,True
1575301,2025-09-30 16:05:00+03:00,55.636311,37.672484,Наезд на пешехода,Тяжёлый,1,0,,True
1575309,2025-09-30 16:35:00+03:00,55.791891,37.636982,Столкновение,Тяжёлый,2,0,,True
1575323,2025-09-30 17:30:00+03:00,55.686283,37.918164,Наезд на препятствие,Тяжёлый,1,0,,True
1575342,2025-09-30 18:20:00+03:00,55.862898,37.549489,Столкновение,Тяжёлый,1,0,,True
1575364,2025-09-30 19:10:00+03:00,55.732161,37.732372,Наезд на пешехода,Тяжёлый,1,0,,True
1575365,2025-09-30 19:10:00+03:00,55.652107,37.62862,Наезд на пешехода,Легкий,1,0,,True
1575402,2025-09-30 20:35:00+03:00,55.670724,37.555014,Столкновение,Тяжёлый,1,0,,True
1575408,2025-09-30 21:00:00+03:00,55.584263,37.646917,Столкновение,Тяжёлый,1,0,,True
1575431,2025-10-01 01:29:00+03:00,55.737247,37.485512,Столкновение,Тяжёлый,1,0,,True
1575444,2025-10-01 05:15:00+03:00,55.874276,37.45383,Отбрасывание предмета,Тяжёлый,1,0,,True
1575474,2025-10-01 07:58:00+03:00,55.874209,37.548008,Наезд на препятствие,Тяжёлый,2,0,,True
1575477,2025-10-01 08:01:00+03:00,55.658744,37.516749,Наезд на пешехода,Тяжёлый,1,0,,True
1575483,2025-10-01 08:29:00+03:00,56.009171,37.207774,Столкновение,Легкий,1,0,,True
1575505,2025-10-01 09:25:00+03:00,55.759438,37.516637,"Наезд на лицо, использующее для передвижения СИМ",Тяжёлый,1,0,,True
1575530,2025-10-01 11:10:00+03:00,55.697954,37.805779,Столкновение,Тяжёлый,1,0,,True
1575554,2025-10-01 12:02:00+03:00,55.836982,37.639323,Столкновение,Тяжёлый,1,0,,True
1575588,2025-10-01 13:27:00+03:00,55.58835,37.541614,Столкновение,Тяжёлый,1,0,,True
1575596,2025-10-01 14:18:00+03:00,55.846754,37.591279,Падение пассажира,Тяжёлый,1,0,,True
1575600,2025-10-01 14:38:00+03:00,55.882846,37.459795,Столкновение,Тяжёлый,1,0,,True
1575607,2025-10-01 15:00:00+03:00,55.799436,37.733853,Наезд на велосипедиста,Тяжёлый,1,0,,True
1575610,2025-10-01 15:11:00+03:00,55.646139,37.828503,Столкновение,Тяжёлый,1,0,,True
1575614,2025-10-01 15:18:00+03:00,55.628487,37.801498,Столкновение,Тяжёлый,1,0,,True
1575615,2025-10-01 15:20:00+03:00,55.84391,37.38052,Столкновение,Тяжёлый,1,0,,True
1575620,2025-10-01 15:33:00+03:00,55.879861,37.586578,Падение пассажира,Тяжёлый,1,0,,True
1575639,2025-10-01 16:21:00+03:00,55.697751,37.557294,Наезд на пешехода,Тяжёлый,1,0,,True
1575645,2025-10-01 16:35:00+03:00,55.636984,37.318786,Наезд на пешехода,Тяжёлый,1,0,,True
1575647,2025-10-01 16:39:00+03:00,55.669822,37.77885,Наезд на пешехода,Тяжёлый,1,0,,True
1575648,2025-10-01 16:45:00+03:00,55.668049,37.740655,Наезд на велосипедиста,Тяжёлый,1,0,,True
1575653,2025-10-01 17:05:00+03:00,55.737368,37.700207,Наезд на препятствие,Тяжёлый,1,0,,True
1575654,2025-10-01 17:10:00+03:00,55.760555,37.690347,"Наезд на лицо, использующее для передвижения СИМ",Тяжёлый,1,0,,True
1575666,2025-10-01 17:35:00+03:00,55.593019,37.234522,Столкновение,С погибшими,0,1,,True
1575684,2025-10-01 18:12:00+03:00,55.735688,37.593316,"Наезд на лицо, использующее для передвижения СИМ",Тяжёлый,1,0,,True
1575698,2025-10-01 18:45:00+03:00,55.681631,37.633785,Наезд на пешехода,Тяжёлый,1,0,,True
1575713,2025-10-01 19:14:00+03:00,55.849367,37.566751,Столкновение,Тяжёлый,1,0,,True
1575715,2025-10-01 19:15:00+03:00,55.754473,37.236485,Столкновение,Тяжёлый,1,0,,True
1575728,2025-10-01 19:38:00+03:00,55.730076,37.745569,Падение пассажира,Тяжёлый,1,0,,True
1575729,2025-10-01 19:45:00+03:00,55.731973,37.829822,Падение пассажира,Тяжёлый,1,0,,True
1575743,2025-10-01 20:00:00+03:00,55.758907,37.677741,Столкновение,Тяжёлый,1,0,,True
1575750,2025-10-01 20:10:00+03:00,55.656412,37.609291,Наезд на пешехода,Тяжёлый,1,0,,True
1575754,2025-10-01 20:30:00+03:00,55.497059,37.293584,Наезд на препятствие,Тяжёлый,1,0,,True
1575800,2025-10-02 00:05:00+03:00,55.746989,37.775084,Наезд на стоящее ТС,Тяжёлый,1,0,,True
1575828,2025-10-02 07:30:00+03:00,55.61903,37.339236,Столкновение,Тяжёлый,1,0,,True
1575830,2025-10-02 07:30:00+03:00,55.778051,37.84701,Столкновение,Тяжёлый,1,0,,True
1575846,2025-10-02 08:15:00+03:00,55.663981,37.608202,Наезд на пешехода,Тяжёлый,2,0,,True
1575848,2025-10-02 08:20:00+03:00,55.814467,37.469012,Наезд на пешехода,Легкий,1,0,,True
1575869,2025-10-02 09:05:00+03:00,55.693467,37.53655,Столкновение,Тяжёлый,1,0,,True
1575872,2025-10-02 09:18:00+03:00,55.653069,37.605021,Наезд на пешехода,Тяжёлый,1,0,,True
1575875,2025-10-02 09:24:00+03:00,55.663668,37.482519,Наезд на пешехода,Тяжёлый,1,0,,True
1575886,2025-10-02 10:20:00+03:00,55.761883,37.406924,Наезд на велосипедиста,Тяжёлый,1,0,,True
1575888,2025-10-02 10:23:00+03:00,55.882779,37.557524,Наезд на пешехода,Тяжёлый,1,0,,True
1575891,2025-10-02 10:29:00+03:00,55.756786,37.529035,Наезд на пешехода,С погибшими,0,1,,True
1575914,2025-10-02 11:25:00+03:00,55.845127,37.37817,Столкновение,Легкий,3,0,,True
1575918,2025-10-02 11:44:00+03:00,55.790033,37.68288,Падение пассажира,Легкий,1,0,,True
1575939,2025-10-02 12:53:00+03:00,55.890331,37.597469,"Наезд на лицо, использующее для передвижения СИМ",Тяжёлый,1,0,,True
1575984,2025-10-02 14:34:00+03:00,55.684177,37.560269,Наезд на пешехода,Тяжёлый,1,0,,True
1575998,2025-10-02 15:09:00+03:00,55.785478,37.521111,Наезд на пешехода,Тяжёлый,1,0,,True
1576002,2025-10-02 15:20:00+03:00,55.607336,37.624269,Столкновение,Тяжёлый,1,0,,True
1576015,2025-10-02 15:33:00+03:00,55.827293,37.710196,Опрокидывание,Легкий,1,0,,True
1576024,2025-10-02 15:58:00+03:00,55.853926,37.543802,Наезд на стоящее ТС,С погибшими,0,1,,True
1576039,2025-10-02 16:40:00+03:00,55.804579,37.631317,Наезд на пешехода,Тяжёлый,3,0,,True
1576049,2025-10-02 17:00:00+03:00,55.880947,37.695224,Наезд на пешехода,Тяжёлый,1,0,,True
1576054,2025-10-02 17:03:00+03:00,55.700402,37.931446,Столкновение,Тяжёлый,1,0,,True
1576059,2025-10-02 17:06:00+03:00,55.830113,37.406731,Падение пассажира,Тяжёлый,1,0,,True
1576072,2025-10-02 17:30:00+03:00,55.650722,37.50707,Столкновение,Тяжёлый,1,0,,True
1576083,2025-10-02 17:58:00+03:00,55.733133,37.702138,Столкновение,Тяжёлый,1,0,,True
1576094,2025-10-02 18:15:00+03:00,55.656466,37.60736,Наезд на пешехода,Тяжёлый,1,0,,True
1576102,2025-10-02 18:30:00+03:00,55.874599,37.638609,Наезд на пешехода,Тяжёлый,2,0,,True
1576114,2025-10-02 18:55:00+03:00,55.787345,37.562539,Столкновение,Тяжёлый,2,0,,True
1576115,2025-10-02 19:00:00+03:00,55.702676,37.938741,Наезд на пешехода,Тяжёлый,1,0,,True
1576124,2025-10-02 19:27:00+03:00,55.736383,37.581514,Наезд на пешехода,Тяжёлый,1,0,,True
1576152,2025-10-02 20:25:00+03:00,55.739095,37.530059,Наезд на велосипедиста,Тяжёлый,1,0,,True
1576159,2025-10-02 20:40:00+03:00,55.740092,36.989615,Наезд на пешехода,Тяжёлый,1,0,,True
1576171,2025-10-02 21:29:00+03:00,55.730949,37.608202,Наезд на пешехода,Тяжёлый,1,0,,True
1576182,2025-10-02 22:05:00+03:00,55.61165,37.600322,Столкновение,Тяжёлый,1,0,,True
1576191,2025-10-02 22:45:00+03:00,55.871662,37.457425,Наезд на стоящее ТС,Легкий,1,0,,True
1576196,2025-10-02 23:52:00+03:00,55.660824,37.655071,Наезд на препятствие,Тяжёлый,1,0,,True
1576221,2025-10-03 05:50:00+03:00,55.706188,37.620728,Столкновение,Тяжёлый,1,0,,True
1576260,2025-10-03 08:25:00+03:00,55.74264,37.533985,Наезд на препятствие,Тяжёлый,1,0,,True
1576271,2025-10-03 09:00:00+03:00,55.873565,37.671872,Наезд на пешехода,Тяжёлый,1,0,,True
1576282,2025-10-03 09:30:00+03:00,55.821344,37.617458,Наезд на пешехода,Тяжёлый,1,0,,True
1576285,2025-10-03 09:40:00+03:00,55.737023,37.826271,Столкновение,Легкий,1,0,,True
1576306,2025-10-03 10:40:00+03:00,55.776736,37.477831,Столкновение,Тяжёлый,1,0,,True
1576311,2025-10-03 10:50:00+03:00,55.893642,37.628211,Падение пассажира,Тяжёлый,1,0,,True
1576321,2025-10-03 11:20:00+03:00,55.755209,37.693325,Столкновение,Тяжёлый,1,0,,True
1576328,2025-10-03 11:45:00+03:00,55.78911,37.71644,Наезд на пешехода,С погибшими,0,1,,True
1576336,2025-10-03 12:06:00+03:00,55.98159,37.208537,Столкновение,Тяжёлый,2,0,,True
1576352,2025-10-03 12:50:00+03:00,55.767291,37.822065,Столкновение,Легкий,1,0,,True
1576401,2025-10-03 14:45:00+03:00,55.721007,37.629944,Наезд на пешехода,Тяжёлый,1,0,,True
1576404,2025-10-03 14:50:00+03:00,55.722796,37.756931,Наезд на стоящее ТС,Тяжёлый,1,0,,True
1576410,2025-10-03 15:00:00+03:00,55.739379,37.668257,Наезд на пешехода,Тяжёлый,1,0,,True
1576456,2025-10-03 17:00:00+03:00,55.61734,37.664727,Столкновение,Тяжёлый,1,0,,True
1576524,2025-10-03 19:15:00+03:00,55.882593,37.460032,Столкновение,Тяжёлый,1,0,,True
1576540,2025-10-03 20:00:00+03:00,55.774982,37.698669,Столкновение,Тяжёлый,1,0,,True
1576573,2025-10-03 20:45:00+03:00,55.889513,37.591385,Опрокидывание,Тяжёлый,1,0,,True
1576593,2025-10-03 21:46:00+03:00,55.745992,37.866129,Наезд на пешехода,Легкий,1,0,,True
1576621,2025-10-03 23:50:00+03:00,55.951206,37.549982,Столкновение,С погибшими,1,3,,True
1576725,2025-10-04 11:04:00+03:00,55.772476,37.635459,Столкновение,Тяжёлый,1,0,,True
1576736,2025-10-04 11:25:00+03:00,55.742308,37.697804,Наезд на стоящее ТС,Тяжёлый,3,0,,True
1576745,2025-10-04 11:40:00+03:00,55.574172,37.630395,Столкновение,Тяжёлый,1,0,,True
1576753,2025-10-04 12:00:00+03:00,55.887672,37.585634,Наезд на велосипедиста,Тяжёлый,1,0,,True
1576818,2025-10-04 14:20:00+03:00,55.86405,37.666511,Наезд на пешехода,Тяжёлый,1,0,,True
1576823,2025-10-04 14:26:00+03:00,55.583196,37.564187,Наезд на стоящее ТС,Тяжёлый,2,0,,True
1576850,2025-10-04 15:00:00+03:00,55.739029,37.856601,Наезд на пешехода,Легкий,1,0,,True
1576867,2025-10-04 15:27:00+03:00,55.753021,37.598981,Столкновение,Тяжёлый,1,0,,True
1576921,2025-10-04 17:30:00+03:00,55.830566,37.585028,Опрокидывание,Тяжёлый,1,0,,True
1576945,2025-10-04 18:15:00+03:00,55.801914,37.751749,Наезд на пешехода,Тяжёлый,1,0,,True
1576947,2025-10-04 18:19:00+03:00,55.60299,37.729872,Столкновение,Тяжёлый,1,0,,True
1576967,2025-10-04 19:00:00+03:00,55.77883,37.727748,Наезд на пешехода,Тяжёлый,1,0,,True
1577017,2025-10-04 20:46:00+03:00,55.774087,37.580001,Столкновение,Тяжёлый,1,0,,True
1577032,2025-10-04 21:18:00+03:00,55.895769,37.661884,Наезд на пешехода,С погибшими,0,1,,True
1577038,2025-10-04 21:40:00+03:00,55.720796,37.699896,Столкновение,Тяжёлый,2,0,,True
1577046,2025-10-04 22:00:00+03:00,55.900702,37.421408,Столкновение,Легкий,1,0,,True
1577055,2025-10-04 22:40:00+03:00,55.73049,37.612033,Падение пассажира,Тяжёлый,1,0,,True
1577058,2025-10-04 22:55:00+03:00,55.899403,37.583864,Наезд на пешехода,Тяжёлый,1,0,,True
1577063,2025-10-04 23:20:00+03:00,55.577496,37.587994,Наезд на стоящее ТС,Легкий,1,0,,True
1577098,2025-10-05 01:05:00+03:00,55.773725,37.684747,Наезд на велосипедиста,Тяжёлый,1,0,,True
1577131,2025-10-05 06:08:00+03:00,55.698389,37.802088,Столкновение,Тяжёлый,1,0,,True
1577144,2025-10-05 08:00:00+03:00,55.767768,37.698791,Наезд на пешехода,Тяжёлый,1,0,,True
1577148,2025-10-05 08:15:00+03:00,55.800774,37.840304,Столкновение,Легкий,1,0,,True
1577176,2025-10-05 10:00:00+03:00,55.935555,37.371604,Столкновение,Легкий,1,0,,True
1577180,2025-10-05 10:20:00+03:00,55.940025,37.406434,Столкновение,Легкий,1,0,,True
1577195,2025-10-05 11:41:00+03:00,55.501441,37.581482,Столкновение,Тяжёлый,3,0,,True
1577250,2025-10-05 14:19:00+03:00,55.89971,37.513493,Столкновение,Тяжёлый,2,0,,True
1577267,2025-10-05 14:55:00+03:00,55.995417,37.232108,Столкновение,Легкий,1,0,,True
1577276,2025-10-05 15:25:00+03:00,55.721225,37.705411,Наезд на препятствие,Тяжёлый,1,0,,True
1577288,2025-10-05 16:01:00+03:00,55.579778,37.653892,Наезд на пешехода,Тяжёлый,1,0,,True
1577301,2025-10-05 16:20:00+03:00,55.834396,37.484994,Столкновение,Легкий,1,0,,True
1577312,2025-10-05 16:40:00+03:00,55.606239,37.343463,Столкновение,Тяжёлый,1,0,,True
1577347,2025-10-05 18:40:00+03:00,55.679671,37.511755,Столкновение,Тяжёлый,1,0,,True
1577363,2025-10-05 19:00:00+03:00,55.879975,37.521164,Столкновение,Тяжёлый,1,0,,True
1577403,2025-10-05 20:00:00+03:00,55.881925,37.449346,Наезд на стоящее ТС,Тяжёлый,1,0,,True
1577425,2025-10-05 21:05:00+03:00,55.507001,37.275442,Опрокидывание,Тяжёлый,2,0,,True
1577433,2025-10-05 21:23:00+03:00,55.669004,37.518213,Наезд на пешехода,Тяжёлый,1,0,,True
1577434,2025-10-05 21:27:00+03:00,55.751185,37.508301,Столкновение,Легкий,1,0,,True
1577444,2025-10-05 22:13:00+03:00,55.792373,37.551259,Столкновение,Тяжёлый,3,0,,True
1577455,2025-10-05 23:25:00+03:00,55.642554,37.690446,Столкновение,Тяжёлый,1,0,,True
1577470,2025-10-06 02:01:00+03:00,55.630718,37.482491,Столкновение,Тяжёлый,2,0,,True
1577477,2025-10-06 04:30:00+03:00,55.921292,37.544661,Наезд на препятствие,С погибшими,0,1,,True
1577563,2025-10-06 10:30:00+03:00,55.894151,37.585752,"Наезд на лицо, использующее для передвижения СИМ",Тяжёлый,1,0,,True
1577570,2025-10-06 10:56:00+03:00,55.664134,37.762756,Наезд на пешехода,Тяжёлый,1,0,,True
1577573,2025-10-06 11:10:00+03:00,55.674926,37.539892,Наезд на пешехода,Тяжёлый,1,0,,True
1577591,2025-10-06 11:50:00+03:00,55.809867,37.783442,Столкновение,Легкий,1,0,,True
1577597,2025-10-06 12:10:00+03:00,55.621829,37.737254,Наезд на пешехода,Тяжёлый,1,0,,True
1577602,2025-10-06 12:20:00+03:00,55.626308,37.797694,Наезд на стоящее ТС,Тяжёлый,1,0,,True
1577611,2025-10-06 12:40:00+03:00,55.784006,37.519126,Наезд на пешехода,Тяжёлый,1,0,,True
1577615,2025-10-06 13:00:00+03:00,55.408742,37.252364,Столкновение,Тяжёлый,1,0,,True
1577649,2025-10-06 14:20:00+03:00,55.739561,37.686891,Наезд на пешехода,Тяжёлый,1,0,,True
1577665,2025-10-06 15:05:00+03:00,55.673507,37.777004,Наезд на пешехода,Тяжёлый,1,0,,True
1577668,2025-10-06 15:30:00+03:00,55.848211,37.351424,Наезд на пешехода,Легкий,1,0,,True
1577670,2025-10-06 15:30:00+03:00,55.685817,37.622724,Столкновение,Тяжёлый,1,0,,True
1577671,2025-10-06 15:37:00+03:00,55.753558,37.798226,Столкновение,Легкий,1,0,,True
1577674,2025-10-06 15:43:00+03:00,55.833683,37.654133,Наезд на препятствие,Тяжёлый,1,0,,True
1577707,2025-10-06 17:12:00+03:00,55.790642,37.772723,Наезд на пешехода,С погибшими,0,1,,True
1577713,2025-10-06 17:30:00+03:00,55.805544,37.779118,Наезд на пешехода,Легкий,1,0,,True
1577743,2025-10-06 18:20:00+03:00,55.724011,37.160257,Наезд на пешехода,Тяжёлый,1,0,,True
1577759,2025-10-06 19:00:00+03:00,55.536884,37.501723,"Наезд на лицо, использующее для передвижения СИМ",Тяжёлый,1,0,,True
1577795,2025-10-06 19:45:00+03:00,55.777599,37.845014,Столкновение,Тяжёлый,1,0,,True
1577802,2025-10-06 20:00:00+03:00,55.879525,37.593942,Наезд на пешехода,Тяжёлый,1,0,,True
1577803,2025-10-06 20:00:00+03:00,55.624804,37.415571,Опрокидывание,Тяжёлый,1,0,,True
1577816,2025-10-06 20:37:00+03:00,55.643862,37.6131,Наезд на пешехода,Тяжёлый,1,0,,True
1577822,2025-10-06 20:53:00+03:00,55.633489,37.529447,Наезд на пешехода,Тяжёлый,1,0,,True
1577831,2025-10-06 21:23:00+03:00,55.871477,37.666272,Опрокидывание,Тяжёлый,1,0,,True
1577856,2025-10-06 23:50:00+03:00,55.57217,37.67405,Столкновение,Тяжёлый,1,0,,True
1577881,2025-10-07 07:20:00+03:00,55.708205,37.818325,Столкновение,Тяжёлый,1,0,,True
1577893,2025-10-07 07:50:00+03:00,55.870002,37.663032,Падение пассажира,Тяжёлый,1,0,,True
1577897,2025-10-07 08:15:00+03:00,55.892992,37.666679,Наезд на пешехода,Тяжёлый,1,0,,True
1577899,2025-10-07 08:20:00+03:00,55.661665,37.766147,"Наезд на лицо, использующее для передвижения СИМ",Тяжёлый,1,0,,True
1577914,2025-10-07 08:45:00+03:00,55.830198,37.599882,Столкновение,Тяжёлый,1,0,,True
1577917,2025-10-07 08:55:00+03:00,55.61265,37.716032,Столкновение,Тяжёлый,2,0,,True
1577930,2025-10-07 10:00:00+03:00,55.899655,37.387322,Наезд на пешехода,Тяжёлый,2,0,,True
1577938,2025-10-07 10:23:00+03:00,55.621181,37.671894,Наезд на пешехода,Тяжёлый,1,0,,True
1577939,2025-10-07 10:25:00+03:00,55.681401,37.449367,Наезд на пешехода,Тяжёлый,1,0,,True
1577953,2025-10-07 11:21:00+03:00,55.610487,37.719165,Наезд на пешехода,Тяжёлый,1,0,,True
1577966,2025-10-07 12:10:00+03:00,55.769295,37.61251,Наезд на пешехода,Тяжёлый,1,0,,True
1577982,2025-10-07 13:00:00+03:00,55.757237,37.615947,Опрокидывание,Тяжёлый,1,0,,True
1577984,2025-10-07 13:03:00+03:00,55.854998,37.662442,Столкновение,Тяжёлый,1,0,,True
1577996,2025-10-07 13:30:00+03:00,55.903249,37.549011,"Наезд на лицо, использующее для передвижения СИМ",Тяжёлый,1,0,,True
1578027,2025-10-07 14:30:00+03:00,55.759118,37.583885,Столкновение,Тяжёлый,1,0,,True
1578030,2025-10-07 14:40:00+03:00,55.729448,37.585462,Опрокидывание,Тяжёлый,1,0,,True
1578031,2025-10-07 14:45:00+03:00,55.720104,37.726369,Наезд на пешехода,Тяжёлый,1,0,,True
1578094,2025-10-07 17:05:00+03:00,55.843982,37.356863,"Наезд на лицо, использующее для передвижения СИМ",Тяжёлый,1,0,,True
1578115,2025-10-07 17:55:00+03:00,55.617189,37.705636,Наезд на велосипедиста,Тяжёлый,1,0,,True
1578130,2025-10-07 18:30:00+03:00,55.67317,37.545927,Опрокидывание,Тяжёлый,1,0,,True
1578138,2025-10-07 18:57:00+03:00,55.705946,37.586535,Падение пассажира,Тяжёлый,1,0,,True
1578153,2025-10-07 19:30:00+03:00,55.800153,37.635802,Столкновение,Тяжёлый,1,0,,True
1578197,2025-10-07 20:50:00+03:00,55.72085,37.835037,Столкновение,Легкий,2,0,,True
1578222,2025-10-08 00:02:00+03:00,55.847849,37.453626,Наезд на пешехода,Легкий,1,0,,True
1578258,2025-10-08 07:45:00+03:00,55.642947,37.527398,Наезд на пешехода,Тяжёлый,1,0,,True
1578266,2025-10-08 08:00:00+03:00,55.804067,37.400336,"Наезд на лицо, использующее для передвижения СИМ",Тяжёлый,1,0,,True
1578286,2025-10-08 08:49:00+03:00,55.7314,37.483764,Столкновение,Тяжёлый,3,0,,True
1578317,2025-10-08 10:30:00+03:00,55.740913,37.866622,"Наезд на лицо, использующее для передвижения СИМ",Легкий,1,0,,True
1578331,2025-10-08 11:13:00+03:00,55.641849,37.540511,Столкновение,Тяжёлый,1,0,,True
1578338,2025-10-08 11:30:00+03:00,55.820941,37.645082,Опрокидывание,Тяжёлый,1,0,,True
1578355,2025-10-08 12:45:00+03:00,55.849165,37.618879,"Наезд на лицо, использующее для передвижения СИМ",Тяжёлый,1,0,,True
1578378,2025-10-08 13:50:00+03:00,55.848765,37.646885,Наезд на пешехода,Тяжёлый,1,0,,True
1578382,2025-10-08 14:05:00+03:00,55.70218,37.495898,Наезд на пешехода,Тяжёлый,1,0,,True
1578387,2025-10-08 14:19:00+03:00,55.787053,37.508934,Столкновение,Тяжёлый,1,0,,True
1578395,2025-10-08 14:35:00+03:00,55.7263,37.434025,Столкновение,Тяжёлый,1,0,,True
1578410,2025-10-08 15:10:00+03:00,55.978559,37.173979,Наезд на пешехода,Тяжёлый,1,0,,True
1578445,2025-10-08 16:20:00+03:00,55.600311,37.405379,Наезд на пешехода,Тяжёлый,1,0,,True
1578468,2025-10-08 17:13:00+03:00,55.538014,37.534141,Опрокидывание,Тяжёлый,1,0,,True
1578487,2025-10-08 17:58:00+03:00,55.781171,37.609227,Наезд на пешехода,Тяжёлый,1,0,,True
1578529,2025-10-08 19:00:00+03:00,55.715327,37.402589,Наезд на велосипедиста,Тяжёлый,1,0,,True
1578538,2025-10-08 19:12:00+03:00,55.737917,37.657677,Столкновение,Тяжёлый,1,0,,True
1578565,2025-10-08 20:14:00+03:00,55.995645,37.213032,Наезд на пешехода,С погибшими,0,1,,True
1578572,2025-10-08 20:34:00+03:00,55.802409,37.753294,Наезд на пешехода,Легкий,1,0,,True
1578588,2025-10-08 21:50:00+03:00,55.654165,37.605694,Наезд на пешехода,Легкий,1,0,,True
1578590,2025-10-08 22:01:00+03:00,55.720935,37.433724,Столкновение,Тяжёлый,2,0,,True
1578605,2025-10-08 23:20:00+03:00,55.6394,37.506938,Наезд на препятствие,Тяжёлый,1,0,,True
1578642,2025-10-09 06:35:00+03:00,55.72647,37.379136,Столкновение,Тяжёлый,1,0,,True
1578671,2025-10-09 08:20:00+03:00,55.867913,37.471833,Наезд на пешехода,Легкий,1,0,,True
1578672,2025-10-09 08:24:00+03:00,55.757428,37.69936,Наезд на пешехода,Тяжёлый,1,0,,True
1578684,2025-10-09 09:00:00+03:00,55.884897,37.607338,Столкновение,Тяжёлый,1,0,,True
1578691,2025-10-09 09:20:00+03:00,55.834964,37.484879,Столкновение,Тяжёлый,1,0,,True
1578699,2025-10-09 09:40:00+03:00,55.638554,37.541203,Падение пассажира,С погибшими,0,1,,True
1578704,2025-10-09 09:57:00+03:00,55.772433,37.604184,"Наезд на лицо, использующее для передвижения СИМ",Тяжёлый,1,0,,True
1578709,2025-10-09 10:17:00+03:00,55.709615,37.744367,Столкновение,Тяжёлый,1,0,,True
1578714,2025-10-09 10:30:00+03:00,55.787481,37.686625,Наезд на пешехода,Легкий,1,0,,True
1578721,2025-10-09 11:00:00+03:00,55.755285,37.526025,Столкновение,Тяжёлый,4,0,,True
1578725,2025-10-09 11:00:00+03:00,55.711664,37.839403,Наезд на велосипедиста,Тяжёлый,1,0,,True
1578757,2025-10-09 12:15:00+03:00,55.636439,37.768958,Падение пассажира,Тяжёлый,1,0,,True
1578762,2025-10-09 12:35:00+03:00,55.57866,37.583413,Столкновение,Тяжёлый,1,0,,True
1578763,2025-10-09 12:36:00+03:00,55.869448,37.709563,Столкновение,Тяжёлый,1,0,,True
1578772,2025-10-09 13:00:00+03:00,55.79133,37.533975,Падение пассажира,Легкий,1,0,,True
1578788,2025-10-09 13:34:00+03:00,55.806147,37.766168,Падение пассажира,Легкий,1,0,,True
1578789,2025-10-09 13:36:00+03:00,55.581231,37.583456,Наезд на пешехода,Тяжёлый,1,0,,True
1578798,2025-10-09 14:09:00+03:00,55.778009,37.458605,Наезд на велосипедиста,Легкий,1,0,,True
1578807,2025-10-09 14:30:00+03:00,55.64511,37.364491,Падение пассажира,Тяжёлый,1,0,,True
1578814,2025-10-09 14:45:00+03:00,55.735452,37.670413,Наезд на пешехода,Тяжёлый,1,0,,True
1578818,2025-10-09 15:00:00+03:00,55.64425,37.363054,Падение пассажира,Тяжёлый,1,0,,True
1578832,2025-10-09 15:24:00+03:00,55.887847,37.614216,Наезд на пешехода,Тяжёлый,1,0,,True
1578846,2025-10-09 16:00:00+03:00,55.711429,37.814276,Наезд на пешехода,Тяжёлый,1,0,,True
1578865,2025-10-09 16:45:00+03:00,55.741306,37.494628,Наезд на пешехода,Тяжёлый,1,0,,True
1578867,2025-10-09 16:55:00+03:00,55.82381,37.832558,Столкновение,Легкий,1,0,,True
1578880,2025-10-09 17:30:00+03:00,55.609402,37.7266,Опрокидывание,Тяжёлый,1,0,,True
1578900,2025-10-09 18:10:00+03:00,55.752526,37.817817,Падение пассажира,Тяжёлый,1,0,,True
1578907,2025-10-09 18:19:00+03:00,55.841573,37.522001,"Наезд на лицо, использующее для передвижения СИМ",Тяжёлый,2,0,,True
1578908,2025-10-09 18:20:00+03:00,55.8579,37.514244,Наезд на пешехода,Легкий,1,0,,True
1578928,2025-10-09 19:00:00+03:00,55.730687,37.859659,Наезд на велосипедиста,Легкий,1,0,,True
1578937,2025-10-09 19:28:00+03:00,55.680682,37.716933,Наезд на пешехода,Тяжёлый,1,0,,True
1578946,2025-10-09 19:30:00+03:00,55.575761,37.598948,Наезд на стоящее ТС,Тяжёлый,1,0,,True
1578960,2025-10-09 20:01:00+03:00,55.999743,37.200276,"Наезд на лицо, использующее для передвижения СИМ",Тяжёлый,1,0,,True
1578968,2025-10-09 20:41:00+03:00,55.970196,37.175621,Столкновение,Тяжёлый,3,0,,True
1578993,2025-10-09 22:01:00+03:00,55.662924,37.482358,Столкновение,Тяжёлый,1,0,,True
1579011,2025-10-09 23:20:00+03:00,55.708382,37.81124,Наезд на препятствие,Тяжёлый,1,0,,True
1579022,2025-10-10 00:50:00+03:00,55.742942,37.418962,Наезд на препятствие,Тяжёлый,1,0,,True
1579055,2025-10-10 07:42:00+03:00,55.779355,37.622391,Столкновение,Тяжёлый,2,0,,True
1579068,2025-10-10 08:17:00+03:00,55.595001,37.605944,Наезд на пешехода,С погибшими,0,1,,True
1579085,2025-10-10 09:16:00+03:00,55.794864,37.775803,"Наезд на лицо, использующее для передвижения СИМ",Легкий,1,0,,True
1579086,2025-10-10 09:20:00+03:00,55.810181,37.730194,Падение пассажира,Легкий,1,0,,True
1579132,2025-10-10 11:45:00+03:00,55.633768,37.658772,Столкновение,С погибшими,0,1,,True
1579145,2025-10-10 12:25:00+03:00,55.88021,37.55849,Столкновение,Тяжёлый,1,0,,True
1579147,2025-10-10 12:30:00+03:00,55.725122,37.606169,Наезд на пешехода,Тяжёлый,1,0,,True
1579169,2025-10-10 13:34:00+03:00,55.680579,37.650565,Наезд на пешехода,Тяжёлый,1,0,,True
1579178,2025-10-10 13:53:00+03:00,55.771878,37.592812,Опрокидывание,Легкий,1,0,,True
1579235,2025-10-10 16:15:00+03:00,55.641786,37.359052,Наезд на велосипедиста,Тяжёлый,1,0,,True
1579244,2025-10-10 16:38:00+03:00,55.976896,37.162006,Столкновение,Легкий,1,0,,True
1579246,2025-10-10 16:40:00+03:00,55.852351,37.646793,Наезд на пешехода,Тяжёлый,1,0,,True
1579269,2025-10-10 17:31:00+03:00,55.876701,37.524544,"Наезд на лицо, использующее для передвижения СИМ",Тяжёлый,2,0,,True
1579274,2025-10-10 17:40:00+03:00,55.72389,37.73632,Наезд на пешехода,Тяжёлый,1,0,,True
1579289,2025-10-10 18:10:00+03:00,55.778208,37.460268,Наезд на пешехода,Легкий,1,0,,True
1579295,2025-10-10 18:15:00+03:00,55.793387,37.396882,"Наезд на лицо, использующее для передвижения СИМ",Легкий,1,0,,True
1579330,2025-10-10 18:50:00+03:00,55.979879,37.191103,Столкновение,Тяжёлый,2,0,,True
1579345,2025-10-10 19:10:00+03:00,55.644056,37.65771,Наезд на пешехода,Тяжёлый,1,0,,True
1579348,2025-10-10 19:10:00+03:00,55.590278,37.726139,Столкновение,Тяжёлый,1,0,,True
1579370,2025-10-10 19:30:00+03:00,55.767515,37.832591,Столкновение,Тяжёлый,1,0,,True
1579399,2025-10-10 20:38:00+03:00,55.758376,37.751427,Наезд на препятствие,Легкий,1,0,,True
1579417,2025-10-10 21:24:00+03:00,55.605648,37.53458,"Наезд на лицо, использующее для передвижения СИМ",Тяжёлый,1,0,,True
1579421,2025-10-10 21:30:00+03:00,55.942651,37.361591,Столкновение,Легкий,1,0,,True
1579431,2025-10-10 22:32:00+03:00,55.705378,37.628689,Наезд на стоящее ТС,Тяжёлый,3,0,,True
1579433,2025-10-10 22:40:00+03:00,55.788566,37.634665,Столкновение,С погибшими,0,1,,True
1579446,2025-10-10 23:30:00+03:00,55.8905,37.586641,Наезд на пешехода,Тяжёлый,1,0,,True
1579488,2025-10-11 05:30:00+03:00,55.583129,37.680745,Столкновение,Тяжёлый,1,0,,True
1579489,2025-10-11 05:30:00+03:00,55.713042,37.594678,Опрокидывание,Тяжёлый,1,0,,True
1579508,2025-10-11 08:05:00+03:00,55.749083,37.644943,Столкновение,Тяжёлый,1,0,,True
1579511,2025-10-11 08:28:00+03:00,55.500754,37.54142,Наезд на пешехода,Тяжёлый,1,0,,True
1579549,2025-10-11 11:00:00+03:00,55.857082,37.353559,Столкновение,Тяжёлый,1,0,,True
1579574,2025-10-11 12:05:00+03:00,55.605772,37.720146,Столкновение,Тяжёлый,1,0,,True
1579581,2025-10-11 12:23:00+03:00,55.8256,37.81536,Наезд на пешехода,Тяжёлый,1,0,,True
1579704,2025-10-11 16:30:00+03:00,55.746046,37.422019,Столкновение,Легкий,1,0,,True
1579710,2025-10-11 16:46:00+03:00,55.665399,37.467735,Наезд на велосипедиста,Тяжёлый,1,0,,True
1579713,2025-10-11 16:55:00+03:00,55.593789,37.640684,Столкновение,Тяжёлый,1,0,,True
1579715,2025-10-11 16:58:00+03:00,55.848006,37.488871,Наезд на пешехода,Тяжёлый,1,0,,True
1579737,2025-10-11 17:55:00+03:00,55.788639,37.476146,Наезд на пешехода,Тяжёлый,1,0,,True
1579740,2025-10-11 18:00:00+03:00,55.877207,37.429819,Столкновение,Тяжёлый,1,0,,True
1579745,2025-10-11 18:08:00+03:00,55.72244,37.695519,Наезд на пешехода,Тяжёлый,1,0,,True
1579747,2025-10-11 18:10:00+03:00,55.843779,37.392931,Столкновение,Тяжёлый,3,0,,True
1579761,2025-10-11 18:43:00+03:00,55.657707,37.745697,Наезд на пешехода,Тяжёлый,1,0,,True
1579778,2025-10-11 19:07:00+03:00,55.984003,37.153101,Наезд на пешехода,Тяжёлый,1,0,,True
1579797,2025-10-11 20:00:00+03:00,55.723884,37.90913,"Наезд на лицо, использующее для передвижения СИМ",Тяжёлый,1,0,,True
1579813,2025-10-11 20:35:00+03:00,55.443628,36.950562,Столкновение,Тяжёлый,2,0,,True
1579840,2025-10-11 21:50:00+03:00,55.68895,37.831357,Наезд на пешехода,Тяжёлый,1,0,,True
1579846,2025-10-11 22:10:00+03:00,55.924045,37.545755,Наезд на пешехода,Тяжёлый,1,0,,True
1579881,2025-10-12 01:05:00+03:00,55.688024,37.573575,Столкновение,Тяжёлый,1,0,,True
1579935,2025-10-12 07:05:00+03:00,55.705583,37.763969,Столкновение,Тяжёлый,1,0,,True
1579953,2025-10-12 09:20:00+03:00,55.920089,37.544124,Наезд на стоящее ТС,Тяжёлый,1,0,,True
1579955,2025-10-12 09:30:00+03:00,55.647864,37.626565,Наезд на препятствие,Тяжёлый,1,0,,True
1579957,2025-10-12 09:45:00+03:00,55.847387,37.653767,Столкновение,Тяжёлый,1,0,,True
1579979,2025-10-12 11:25:00+03:00,55.745986,37.865978,Наезд на пешехода,С погибшими,0,1,,True
1580006,2025-10-12 13:00:00+03:00,55.690915,37.539618,"Наезд на лицо, использующее для передвижения СИМ",Тяжёлый,1,0,,True
1580027,2025-10-12 14:15:00+03:00,55.703889,37.64422,Столкновение,Тяжёлый,1,0,,True
1580030,2025-10-12 14:20:00+03:00,55.54183,37.515124,Столкновение,Тяжёлый,1,0,,True
1580036,2025-10-12 14:40:00+03:00,55.607281,37.410057,Наезд на пешехода,Тяжёлый,1,0,,True
1580037,2025-10-12 14:45:00+03:00,55.649951,37.497162,Наезд на велосипедиста,Тяжёлый,1,0,,True
1580039,2025-10-12 14:50:00+03:00,55.667002,37.807571,Столкновение,Тяжёлый,2,0,,True
1580062,2025-10-12 15:40:00+03:00,55.777761,37.5383,Наезд на пешехода,Тяжёлый,1,0,,True
1580092,2025-10-12 17:05:00+03:00,55.709307,37.72999,Столкновение,Тяжёлый,1,0,,True
1580106,2025-10-12 17:40:00+03:00,55.776392,37.575645,Наезд на пешехода,Тяжёлый,1,0,,True
1580179,2025-10-12 20:03:00+03:00,55.712492,37.675102,Наезд на пешехода,С погибшими,0,1,,True
1580183,2025-10-12 20:10:00+03:00,55.654892,37.741835,Столкновение,Тяжёлый,1,0,,True
1580192,2025-10-12 20:30:00+03:00,55.683748,37.703201,Наезд на пешехода,Тяжёлый,1,0,,True
1580235,2025-10-12 22:55:00+03:00,55.804977,37.58911,Наезд на пешехода,Тяжёлый,1,0,,True
1580257,2025-10-13 02:00:00+03:00,55.711501,37.836667,Наезд на стоящее ТС,Легкий,1,0,,True
1580297,2025-10-13 08:00:00+03:00,55.316704,37.153594,Столкновение,Тяжёлый,1,0,,True
1580302,2025-10-13 08:15:00+03:00,55.889622,37.63023,Столкновение,Тяжёлый,1,0,,True
1580309,2025-10-13 08:23:00+03:00,55.787373,37.448241,Столкновение,Тяжёлый,1,0,,True
1580310,2025-10-13 08:30:00+03:00,55.800678,37.38905,Наезд на пешехода,Тяжёлый,1,0,,True
1580312,2025-10-13 08:35:00+03:00,55.7234,37.785051,"Наезд на лицо, использующее для передвижения СИМ",Тяжёлый,1,0,,True
1580322,2025-10-13 08:56:00+03:00,55.791058,37.613347,Наезд на пешехода,Тяжёлый,1,0,,True
1580323,2025-10-13 08:58:00+03:00,55.813726,37.496789,Наезд на пешехода,Тяжёлый,1,0,,True
1580335,2025-10-13 09:20:00+03:00,55.748987,37.723489,Наезд на пешехода,С погибшими,0,1,,True
1580353,2025-10-13 10:32:00+03:00,55.736957,37.654588,Наезд на пешехода,Тяжёлый,1,0,,True
1580371,2025-10-13 11:30:00+03:00,55.796474,37.634678,Столкновение,Тяжёлый,1,0,,True
1580412,2025-10-13 13:22:00+03:00,55.743497,37.543695,Столкновение,Тяжёлый,5,0,,True
1580503,2025-10-13 17:34:00+03:00,55.869719,37.561741,Наезд на пешехода,Тяжёлый,1,0,,True
1580511,2025-10-13 18:00:00+03:00,55.709144,37.653515,Наезд на пешехода,Тяжёлый,1,0,,True
1580515,2025-10-13 18:05:00+03:00,55.807504,37.462735,Наезд на пешехода,Тяжёлый,1,0,,True
1580519,2025-10-13 18:10:00+03:00,55.727219,37.478764,Наезд на пешехода,Тяжёлый,1,0,,True
1580540,2025-10-13 18:50:00+03:00,55.673604,37.524335,Столкновение,Тяжёлый,1,0,,True
1580557,2025-10-13 19:35:00+03:00,55.865017,37.470556,"Наезд на лицо, использующее для передвижения СИМ",Легкий,1,0,,True
1580562,2025-10-13 19:40:00+03:00,55.847343,37.358955,Столкновение,Легкий,1,0,,True
1580578,2025-10-13 20:05:00+03:00,55.713218,37.760535,Столкновение,Тяжёлый,1,0,,True
1580582,2025-10-13 20:15:00+03:00,55.77536,37.830616,Наезд на пешехода,Легкий,1,0,,True
1580583,2025-10-13 20:20:00+03:00,55.737289,37.516111,Наезд на пешехода,Тяжёлый,1,0,,True
1580588,2025-10-13 20:35:00+03:00,55.549004,37.567534,Наезд на пешехода,Тяжёлый,1,0,,True
1580596,2025-10-13 21:08:00+03:00,55.729128,37.668471,Наезд на пешехода,Тяжёлый,2,0,,True
1580598,2025-10-13 21:13:00+03:00,55.656206,37.52404,Наезд на пешехода,Тяжёлый,1,0,,True
1580610,2025-10-13 21:47:00+03:00,56.002958,37.207646,Столкновение,Тяжёлый,2,0,,True
1580629,2025-10-14 00:52:00+03:00,55.74049,37.536008,Столкновение,Тяжёлый,1,0,,True
1580632,2025-10-14 01:15:00+03:00,55.869942,37.547139,Наезд на препятствие,Тяжёлый,1,0,,True
1580670,2025-10-14 07:23:00+03:00,55.82851,37.452886,Наезд на пешехода,Легкий,1,0,,True
1580687,2025-10-14 08:20:00+03:00,55.790431,37.542418,Наезд на пешехода,Тяжёлый,1,0,,True
1580689,2025-10-14 08:30:00+03:00,55.642821,37.54141,Наезд на пешехода,Тяжёлый,1,0,,True
1580705,2025-10-14 09:30:00+03:00,55.750726,37.713339,Столкновение,Тяжёлый,1,0,,True
1580726,2025-10-14 11:06:00+03:00,55.76463,37.578274,Наезд на пешехода,Тяжёлый,1,0,,True
1580738,2025-10-14 11:37:00+03:00,55.706919,37.671636,Наезд на пешехода,Тяжёлый,1,0,,True
1580763,2025-10-14 12:40:00+03:00,55.799544,37.582029,Столкновение,Тяжёлый,1,0,,True
1580798,2025-10-14 14:03:00+03:00,55.772035,37.581182,Наезд на пешехода,Тяжёлый,1,0,,True
1580895,2025-10-14 17:45:00+03:00,55.88438,37.647818,Наезд на пешехода,Тяжёлый,1,0,,True
1580897,2025-10-14 17:55:00+03:00,55.606984,37.733413,Наезд на пешехода,Тяжёлый,1,0,,True
1580902,2025-10-14 18:00:00+03:00,55.691187,37.730999,"Наезд на лицо, использующее для передвижения СИМ",Тяжёлый,1,0,,True
1580915,2025-10-14 18:20:00+03:00,55.538117,37.534064,"Наезд на лицо, использующее для передвижения СИМ",Тяжёлый,1,0,,True
1580918,2025-10-14 18:20:00+03:00,55.536864,37.501584,"Наезд на лицо, использующее для передвижения СИМ",Тяжёлый,1,0,,True
1580921,2025-10-14 18:25:00+03:00,55.610051,37.730645,Наезд на пешехода,Тяжёлый,2,0,,True
1580922,2025-10-14 18:25:00+03:00,55.78727,37.674254,Наезд на пешехода,Легкий,1,0,,True
1580923,2025-10-14 18:25:00+03:00,55.717412,37.502378,Падение пассажира,Тяжёлый,1,0,,True
1580928,2025-10-14 18:40:00+03:00,55.695021,37.753605,Наезд на пешехода,Тяжёлый,1,0,,True
1580942,2025-10-14 19:05:00+03:00,55.862139,37.590601,Наезд на пешехода,Легкий,1,0,,True
1580955,2025-10-14 19:30:00+03:00,55.683834,37.571777,Наезд на пешехода,Тяжёлый,1,0,,True
1580966,2025-10-14 19:40:00+03:00,55.691248,37.622842,Наезд на пешехода,Легкий,1,0,,True
1580970,2025-10-14 19:46:00+03:00,55.86595,37.476157,Наезд на пешехода,Легкий,1,0,,True
1580971,2025-10-14 19:50:00+03:00,55.810711,37.404392,Наезд на пешехода,Легкий,1,0,,True
1580972,2025-10-14 19:50:00+03:00,55.808933,37.396517,Наезд на пешехода,Легкий,1,0,,True
1580981,2025-10-14 20:20:00+03:00,55.721798,37.449981,Столкновение,Тяжёлый,1,0,,True
1580993,2025-10-14 20:50:00+03:00,55.71633,37.784826,Наезд на пешехода,Тяжёлый,1,0,,True
1580999,2025-10-14 21:10:00+03:00,55.656799,37.619913,Наезд на пешехода,Тяжёлый,1,0,,True
1581052,2025-10-15 04:22:00+03:00,55.573262,37.641435,Столкновение,С погибшими,0,1,,True
1581055,2025-10-15 05:50:00+03:00,55.725527,37.379619,Столкновение,Тяжёлый,1,0,,True
1581062,2025-10-15 06:35:00+03:00,55.547244,37.545251,Падение пассажира,Тяжёлый,1,0,,True
1581107,2025-10-15 09:12:00+03:00,55.898091,37.587125,Столкновение,Тяжёлый,2,0,,True
1581116,2025-10-15 09:50:00+03:00,55.640902,37.501863,Столкновение,Тяжёлый,1,0,,True
1581125,2025-10-15 10:28:00+03:00,55.796468,37.488141,Наезд на пешехода,С погибшими,0,1,,True
1581150,2025-10-15 11:32:00+03:00,55.792699,37.743831,Столкновение,С погибшими,0,1,,True
1581155,2025-10-15 11:56:00+03:00,55.602742,37.622144,Наезд на пешехода,Тяжёлый,1,0,,True
1581173,2025-10-15 12:32:00+03:00,55.647325,37.667999,Столкновение,Тяжёлый,1,0,,True
1581175,2025-10-15 12:35:00+03:00,55.738237,37.828696,Падение пассажира,Тяжёлый,1,0,,True
1581186,2025-10-15 13:05:00+03:00,55.739282,37.867631,Наезд на пешехода,С погибшими,0,1,,True
1581205,2025-10-15 13:55:00+03:00,55.646089,37.349324,Наезд на велосипедиста,Тяжёлый,1,0,,True
1581239,2025-10-15 15:35:00+03:00,55.638401,37.761104,"Наезд на лицо, использующее для передвижения СИМ",Тяжёлый,2,0,,True
1581258,2025-10-15 16:28:00+03:00,55.880745,37.496585,Столкновение,Тяжёлый,7,0,,True
1581290,2025-10-15 17:43:00+03:00,55.867064,37.59558,Столкновение,Тяжёлый,2,0,,True
1581321,2025-10-15 18:35:00+03:00,55.744899,37.575463,Наезд на стоящее ТС,Тяжёлый,1,0,,True
1581332,2025-10-15 18:50:00+03:00,55.598947,37.354771,Падение пассажира,Тяжёлый,1,0,,True
1581345,2025-10-15 19:10:00+03:00,55.815644,37.581819,Наезд на пешехода,Тяжёлый,1,0,,True
1581397,2025-10-15 20:54:00+03:00,55.768855,37.65064,Наезд на пешехода,Тяжёлый,1,0,,True
1581398,2025-10-15 20:55:00+03:00,55.680392,37.077784,Столкновение,Легкий,1,0,,True
1581411,2025-10-15 21:35:00+03:00,55.749839,37.816733,Наезд на пешехода,Легкий,2,0,,True
1581433,2025-10-15 23:46:00+03:00,55.621654,37.735516,"Наезд на лицо, использующее для передвижения СИМ",Тяжёлый,1,0,,True
1581449,2025-10-16 04:17:00+03:00,55.640217,37.756394,Наезд на препятствие,Тяжёлый,1,0,,True
1581450,2025-10-16 04:23:00+03:00,55.77635,37.369886,Наезд на стоящее ТС,Тяжёлый,1,0,,True
1581461,2025-10-16 06:45:00+03:00,55.719998,37.626249,Опрокидывание,Тяжёлый,1,0,,True
1581488,2025-10-16 08:09:00+03:00,55.517279,37.536002,Наезд на пешехода,Тяжёлый,1,0,,True
1581499,2025-10-16 08:56:00+03:00,55.790277,37.622536,"Наезд на лицо, использующее для передвижения СИМ",Тяжёлый,1,0,,True
1581514,2025-10-16 09:45:00+03:00,55.677778,37.508432,Столкновение,Тяжёлый,1,0,,True
1581549,2025-10-16 11:50:00+03:00,55.742785,37.875463,Наезд на пешехода,Легкий,1,0,,True
1581572,2025-10-16 12:35:00+03:00,55.599941,37.71526,Наезд на велосипедиста,Легкий,1,0,,True
1581578,2025-10-16 12:45:00+03:00,55.522139,37.382741,Столкновение,Тяжёлый,1,0,,True
1581596,2025-10-16 13:30:00+03:00,55.864502,37.603341,Опрокидывание,Тяжёлый,1,0,,True
1581598,2025-10-16 13:40:00+03:00,55.604451,37.590011,Наезд на пешехода,Легкий,1,0,,True
1581603,2025-10-16 14:00:00+03:00,55.632744,37.659127,Падение пассажира,Легкий,2,0,,True
1581624,2025-10-16 15:15:00+03:00,55.736649,37.653891,Наезд на пешехода,Тяжёлый,1,0,,True
1581673,2025-10-16 17:30:00+03:00,55.730753,37.856698,Наезд на пешехода,Легкий,1,0,,True
1581679,2025-10-16 17:30:00+03:00,55.594783,37.60265,Столкновение,Тяжёлый,1,0,,True
1581753,2025-10-16 20:01:00+03:00,55.654905,37.406967,Наезд на пешехода,Тяжёлый,1,0,,True
1581767,2025-10-16 21:21:00+03:00,55.785243,37.744174,Столкновение,Легкий,5,0,,True
1581769,2025-10-16 21:30:00+03:00,55.909387,37.589593,Столкновение,Тяжёлый,1,0,,True
1581777,2025-10-16 22:00:00+03:00,55.904425,37.607574,Столкновение,Тяжёлый,1,0,,True
1581779,2025-10-16 22:10:00+03:00,55.851764,37.645726,Наезд на велосипедиста,Тяжёлый,1,0,,True
1581809,2025-10-17 01:41:00+03:00,55.696696,37.496424,Наезд на велосипедиста,Тяжёлый,1,0,,True
1581811,2025-10-17 02:11:00+03:00,55.656085,37.741556,Столкновение,Тяжёлый,1,0,,True
1581816,2025-10-17 03:45:00+03:00,55.872018,37.440237,Наезд на препятствие,Тяжёлый,1,0,,True
1581823,2025-10-17 06:00:00+03:00,55.746004,37.67037,Наезд на препятствие,Тяжёлый,2,0,,True
1581872,2025-10-17 08:45:00+03:00,55.773387,37.621039,Наезд на пешехода,Тяжёлый,1,0,,True
1581883,2025-10-17 09:02:00+03:00,55.984633,37.211262,"Наезд на лицо, использующее для передвижения СИМ",Тяжёлый,1,0,,True
1581884,2025-10-17 09:20:00+03:00,55.486058,37.324762,Столкновение,Тяжёлый,1,0,,True
1581897,2025-10-17 10:00:00+03:00,55.757386,37.795919,Столкновение,Тяжёлый,2,0,,True
1581948,2025-10-17 12:50:00+03:00,55.792976,37.633281,Столкновение,Тяжёлый,1,0,,True
1581968,2025-10-17 13:45:00+03:00,55.847548,37.42335,Наезд на пешехода,Легкий,1,0,,True
1581970,2025-10-17 13:51:00+03:00,55.684129,37.704917,Наезд на велосипедиста,Тяжёлый,1,0,,True
1581989,2025-10-17 14:20:00+03:00,55.595116,37.623121,Столкновение,Тяжёлый,1,0,,True
1581991,2025-10-17 14:25:00+03:00,55.637819,37.75074,Столкновение,Тяжёлый,1,0,,True
1582001,2025-10-17 14:59:00+03:00,55.982899,37.17752,Столкновение,Тяжёлый,1,0,,True
1582032,2025-10-17 16:30:00+03:00,55.6897,37.619269,Наезд на пешехода,Тяжёлый,1,0,,True
1582041,2025-10-17 16:55:00+03:00,55.690153,37.662785,Столкновение,Тяжёлый,1,0,,True
1582066,2025-10-17 17:50:00+03:00,55.823743,37.630137,Наезд на пешехода,Тяжёлый,1,0,,True
1582097,2025-10-17 18:40:00+03:00,55.683525,37.585044,Наезд на пешехода,Тяжёлый,1,0,,True
1582137,2025-10-17 19:47:00+03:00,55.611584,37.75751,Наезд на пешехода,С погибшими,0,1,,True
1582139,2025-10-17 19:51:00+03:00,55.663323,37.509052,Столкновение,Тяжёлый,2,0,,True
1582153,2025-10-17 20:20:00+03:00,55.751004,37.369169,Столкновение,Тяжёлый,1,0,,True
1582159,2025-10-17 20:39:00+03:00,55.809095,37.574626,Столкновение,Тяжёлый,1,0,,True
1582165,2025-10-17 20:48:00+03:00,55.613529,37.604592,Наезд на пешехода,Тяжёлый,1,0,,True
1582186,2025-10-17 21:40:00+03:00,55.661871,37.482026,Столкновение,Тяжёлый,2,0,,True
1582188,2025-10-17 21:41:00+03:00,55.802571,37.545959,Столкновение,Тяжёлый,1,0,,True
1582226,2025-10-18 01:50:00+03:00,55.862555,37.561816,Наезд на пешехода,Тяжёлый,1,0,,True
1582247,2025-10-18 05:50:00+03:00,55.716687,37.56806,Столкновение,Тяжёлый,1,0,,True
1582281,2025-10-18 09:14:00+03:00,55.886372,37.479236,Наезд на стоящее ТС,Тяжёлый,2,0,,True
1582284,2025-10-18 09:30:00+03:00,55.791076,37.552364,Столкновение,Легкий,1,0,,True
1582289,2025-10-18 09:47:00+03:00,55.80757,37.395251,Столкновение,Легкий,1,0,,True
1582295,2025-10-18 10:05:00+03:00,55.87045,37.635046,Наезд на пешехода,Тяжёлый,1,0,,True
1582298,2025-10-18 10:22:00+03:00,55.887256,37.546431,Наезд на пешехода,Тяжёлый,1,0,,True
1582304,2025-10-18 10:32:00+03:00,55.87708,37.491134,Наезд на стоящее ТС,Тяжёлый,1,0,,True
1582328,2025-10-18 11:47:00+03:00,55.711247,37.877737,Столкновение,Легкий,1,0,,True
1582365,2025-10-18 13:53:00+03:00,55.759945,37.626307,Наезд на пешехода,Тяжёлый,2,0,,True
1582399,2025-10-18 15:23:00+03:00,55.801632,37.710827,Падение пассажира,Тяжёлый,1,0,,True
1582421,2025-10-18 16:05:00+03:00,55.702162,37.765739,Наезд на пешехода,Тяжёлый,1,0,,True
1582432,2025-10-18 16:27:00+03:00,55.809308,37.382128,Наезд на пешехода,Легкий,1,0,,True
1582462,2025-10-18 17:40:00+03:00,55.738207,37.233342,Столкновение,Легкий,1,0,,True
1582534,2025-10-18 19:45:00+03:00,55.736975,37.247762,Наезд на пешехода,Тяжёлый,1,0,,True
1582576,2025-10-18 21:11:00+03:00,55.978649,37.161995,Наезд на велосипедиста,Тяжёлый,1,0,,True
1582611,2025-10-18 23:40:00+03:00,55.778962,37.646198,Наезд на пешехода,Тяжёлый,1,0,,True
1582613,2025-10-18 23:50:00+03:00,55.699592,37.778667,Наезд на пешехода,Тяжёлый,1,0,,True
1582622,2025-10-19 00:20:00+03:00,55.769199,37.540562,Столкновение,Тяжёлый,1,0,,True
1582641,2025-10-19 03:40:00+03:00,55.873052,37.601689,Опрокидывание,Тяжёлый,1,0,,True
1582679,2025-10-19 09:40:00+03:00,55.804175,37.582608,Столкновение,Тяжёлый,1,0,,True
1582705,2025-10-19 11:10:00+03:00,55.653649,37.755659,Столкновение,Тяжёлый,3,0,,True
1582713,2025-10-19 11:40:00+03:00,55.757079,37.567464,Падение пассажира,Тяжёлый,1,0,,True
1582715,2025-10-19 11:50:00+03:00,55.476148,37.29691,Падение пассажира,Тяжёлый,1,0,,True
1582783,2025-10-19 15:40:00+03:00,55.956636,37.18738,Столкновение,Тяжёлый,1,0,,True
1582817,2025-10-19 17:25:00+03:00,55.856873,37.610991,Столкновение,Тяжёлый,1,0,,True
1582821,2025-10-19 17:30:00+03:00,55.638625,37.657174,Наезд на препятствие,Тяжёлый,1,0,,True
1582840,2025-10-19 18:21:00+03:00,55.757229,37.618732,Наезд на пешехода,Тяжёлый,1,0,,True
1582842,2025-10-19 18:22:00+03:00,55.602827,37.606223,Наезд на пешехода,Тяжёлый,1,0,,True
1582847,2025-10-19 18:27:00+03:00,55.667126,37.52633,Наезд на пешехода,Тяжёлый,2,0,,True
1582875,2025-10-19 19:10:00+03:00,55.64468,37.75398,Столкновение,Тяжёлый,1,0,,True
1582894,2025-10-19 19:50:00+03:00,55.613048,37.530177,Наезд на пешехода,С погибшими,0,1,,True
1582906,2025-10-19 20:21:00+03:00,55.856726,37.508408,Наезд на пешехода,С погибшими,0,1,,True
1582907,2025-10-19 20:24:00+03:00,55.626036,37.520376,Наезд на велосипедиста,Тяжёлый,1,0,,True
1582916,2025-10-19 20:45:00+03:00,55.708231,37.59102,Наезд на пешехода,Тяжёлый,1,0,,True
1582919,2025-10-19 20:59:00+03:00,55.876954,37.482251,Наезд на велосипедиста,Тяжёлый,1,0,,True
1582922,2025-10-19 21:00:00+03:00,55.648711,37.522379,Наезд на препятствие,Тяжёлый,1,0,,True
1582961,2025-10-20 00:10:00+03:00,55.73698,37.24776,Наезд на пешехода,Тяжёлый,1,0,,True
1582963,2025-10-20 00:30:00+03:00,55.776688,37.659534,Наезд на пешехода,Тяжёлый,1,0,,True
1582969,2025-10-20 00:42:00+03:00,55.640908,37.820553,Столкновение,Тяжёлый,1,0,,True
1582970,2025-10-20 00:42:00+03:00,55.806702,37.769054,Столкновение,Тяжёлый,1,0,,True
1582981,2025-10-20 04:00:00+03:00,55.76679,37.532376,Столкновение,Тяжёлый,1,0,,True
1583007,2025-10-20 07:25:00+03:00,55.648996,37.370853,Столкновение,Тяжёлый,1,0,,True
1583037,2025-10-20 08:48:00+03:00,55.65781,37.619623,Наезд на пешехода,Легкий,1,0,,True
1583039,2025-10-20 08:50:00+03:00,55.782776,37.696913,Столкновение,Легкий,2,0,,True
1583074,2025-10-20 11:10:00+03:00,55.874577,37.708511,"Наезд на лицо, использующее для передвижения СИМ",Тяжёлый,1,0,,True
1583075,2025-10-20 11:10:00+03:00,55.573766,37.63337,Столкновение,Тяжёлый,1,0,,True
1583092,2025-10-20 11:45:00+03:00,55.703641,37.600058,Наезд на велосипедиста,Тяжёлый,1,0,,True
1583110,2025-10-20 13:20:00+03:00,55.771516,37.464452,Столкновение,Тяжёлый,2,0,,True
1583126,2025-10-20 13:45:00+03:00,55.9057,37.587968,Столкновение,Тяжёлый,1,0,,True
1583158,2025-10-20 15:00:00+03:00,55.776911,37.506434,Наезд на пешехода,Тяжёлый,1,0,,True
1583169,2025-10-20 15:40:00+03:00,55.841006,37.456663,Наезд на пешехода,Тяжёлый,1,0,,True
1583171,2025-10-20 15:50:00+03:00,55.677209,37.735999,Столкновение,Тяжёлый,1,0,,True
1583203,2025-10-20 17:35:00+03:00,55.633698,37.741792,Наезд на пешехода,Легкий,1,0,,True
1583250,2025-10-20 19:00:00+03:00,55.764237,37.553126,Падение пассажира,Тяжёлый,1,0,,True
1583277,2025-10-20 19:50:00+03:00,55.873481,37.551795,Наезд на пешехода,Тяжёлый,1,0,,True
1583302,2025-10-20 20:45:00+03:00,55.644698,37.754002,Столкновение,Тяжёлый,1,0,,True
1583307,2025-10-20 21:05:00+03:00,55.645521,37.827623,Столкновение,Тяжёлый,1,0,,True
1583321,2025-10-20 22:15:00+03:00,55.881407,37.711322,Наезд на пешехода,Тяжёлый,1,0,,True
1583323,2025-10-20 22:40:00+03:00,55.62149,37.727619,Столкновение,Тяжёлый,2,0,,True
1583343,2025-10-21 00:41:00+03:00,55.669205,37.475781,Наезд на препятствие,Тяжёлый,3,0,,True
1583345,2025-10-21 00:58:00+03:00,55.991577,37.186425,Столкновение,Легкий,1,0,,True
1583362,2025-10-21 05:25:00+03:00,55.825772,37.646301,Столкновение,Тяжёлый,2,0,,True
1583364,2025-10-21 05:46:00+03:00,55.545068,37.546908,Столкновение,Тяжёлый,1,0,,True
1583367,2025-10-21 06:30:00+03:00,55.708841,37.668428,Столкновение,Тяжёлый,1,0,,True
1583369,2025-10-21 06:50:00+03:00,55.507651,37.593037,Наезд на пешехода,Тяжёлый,1,0,,True
1583371,2025-10-21 07:00:00+03:00,55.478695,37.526915,Наезд на пешехода,Тяжёлый,1,0,,True
1583396,2025-10-21 08:00:00+03:00,55.58333,37.597328,Столкновение,Тяжёлый,1,0,,True
1583402,2025-10-21 08:10:00+03:00,55.813099,37.826904,"Наезд на лицо, использующее для передвижения СИМ",Легкий,1,0,,True
1583425,2025-10-21 09:07:00+03:00,55.619279,37.712728,Столкновение,Тяжёлый,3,0,,True
1583429,2025-10-21 09:35:00+03:00,55.902127,37.586312,Наезд на пешехода,Тяжёлый,1,0,,True
1583444,2025-10-21 10:20:00+03:00,55.640756,37.819051,Столкновение,Тяжёлый,1,0,,True
1583455,2025-10-21 11:34:00+03:00,55.870628,37.568977,Наезд на пешехода,Тяжёлый,1,0,,True
1583456,2025-10-21 11:37:00+03:00,55.970202,37.176704,Падение пассажира,Тяжёлый,1,0,,True
1583461,2025-10-21 12:07:00+03:00,55.800786,37.328239,Столкновение,Тяжёлый,3,0,,True
1583470,2025-10-21 12:34:00+03:00,55.727811,37.62267,Наезд на пешехода,Тяжёлый,1,0,,True
1583496,2025-10-21 13:45:00+03:00,55.887678,37.657399,Падение пассажира,Тяжёлый,1,0,,True
1583500,2025-10-21 14:10:00+03:00,55.719862,37.42165,Наезд на пешехода,Тяжёлый,2,0,,True
1583522,2025-10-21 15:05:00+03:00,55.979735,37.156405,Опрокидывание,Тяжёлый,1,0,,True
1583547,2025-10-21 16:00:00+03:00,55.708579,37.469457,Столкновение,Тяжёлый,1,0,,True
1583570,2025-10-21 17:00:00+03:00,55.696702,37.823117,Наезд на пешехода,Тяжёлый,1,0,,True
1583625,2025-10-21 18:47:00+03:00,55.776989,37.506895,Столкновение,Легкий,1,0,,True
1583633,2025-10-21 19:00:00+03:00,55.714577,37.855378,Наезд на пешехода,С погибшими,0,1,,True
1583642,2025-10-21 19:03:00+03:00,55.734039,37.59308,Наезд на пешехода,Тяжёлый,1,0,,True
1583670,2025-10-21 19:54:00+03:00,55.737627,37.618829,Наезд на пешехода,Тяжёлый,1,0,,True
1583677,2025-10-21 20:00:00+03:00,55.888556,37.639729,Наезд на пешехода,Тяжёлый,1,0,,True
1583684,2025-10-21 20:18:00+03:00,55.856666,37.514545,Наезд на пешехода,Легкий,1,0,,True
1583691,2025-10-21 20:30:00+03:00,55.788187,37.485201,Столкновение,Легкий,1,0,,True
1583698,2025-10-21 20:40:00+03:00,55.766821,37.531968,Столкновение,Тяжёлый,1,0,,True
1583700,2025-10-21 20:44:00+03:00,55.669042,37.724111,Наезд на пешехода,С погибшими,0,1,,True
1583711,2025-10-21 21:23:00+03:00,55.690368,37.690653,Наезд на пешехода,Тяжёлый,1,0,,True
1583712,2025-10-21 21:28:00+03:00,55.547501,37.550599,"Наезд на лицо, использующее для передвижения СИМ",Тяжёлый,1,0,,True
1583727,2025-10-21 23:00:00+03:00,55.622057,37.614953,Столкновение,Легкий,2,0,,True
1583735,2025-10-22 00:10:00+03:00,55.580843,37.638345,Столкновение,Тяжёлый,2,0,,True
1583736,2025-10-22 00:10:00+03:00,55.886582,37.542729,Столкновение,Тяжёлый,1,0,,True
1583769,2025-10-22 07:20:00+03:00,55.739856,37.616502,Падение пассажира,Тяжёлый,1,0,,True
1583783,2025-10-22 07:49:00+03:00,55.720294,37.900761,Наезд на пешехода,Легкий,1,0,,True
1583791,2025-10-22 08:08:00+03:00,55.619448,37.593616,Наезд на пешехода,Тяжёлый,1,0,,True
1583801,2025-10-22 08:32:00+03:00,55.695714,37.45935,Наезд на пешехода,Тяжёлый,1,0,,True
1583802,2025-10-22 08:36:00+03:00,55.577168,37.69098,Столкновение,Тяжёлый,2,0,,True
1583804,2025-10-22 08:38:00+03:00,55.656454,37.485781,Наезд на пешехода,Тяжёлый,1,0,,True
1583821,2025-10-22 09:20:00+03:00,55.708316,37.709938,Столкновение,Тяжёлый,1,0,,True
1583849,2025-10-22 11:20:00+03:00,55.814708,37.501209,Столкновение,Тяжёлый,1,0,,True
1583852,2025-10-22 11:30:00+03:00,55.792289,37.490952,Наезд на пешехода,Легкий,1,0,,True
1583855,2025-10-22 11:30:00+03:00,55.728606,37.623401,Наезд на пешехода,Тяжёлый,1,0,,True
1583859,2025-10-22 11:47:00+03:00,55.596802,37.662517,Столкновение,Тяжёлый,1,0,,True
1583917,2025-10-22 14:46:00+03:00,55.585728,37.672801,Наезд на пешехода,Тяжёлый,2,0,,True
1583925,2025-10-22 15:00:00+03:00,55.714263,37.590097,Столкновение,Тяжёлый,1,0,,True
1583953,2025-10-22 16:20:00+03:00,55.874956,37.513987,Наезд на пешехода,Тяжёлый,1,0,,True
1583976,2025-10-22 17:06:00+03:00,55.80505,37.818782,Наезд на пешехода,Легкий,1,0,,True
1583998,2025-10-22 17:55:00+03:00,55.807739,37.463003,Падение пассажира,Тяжёлый,1,0,,True
1584015,2025-10-22 18:10:00+03:00,55.790413,37.403952,Наезд на пешехода,Легкий,1,0,,True
1584070,2025-10-22 20:00:00+03:00,55.502377,37.559338,Наезд на пешехода,Тяжёлый,1,0,,True
1584084,2025-10-22 21:02:00+03:00,55.649418,37.564584,Столкновение,Тяжёлый,1,0,,True
1584085,2025-10-22 21:05:00+03:00,55.854601,37.474827,Столкновение,Легкий,1,0,,True
1584095,2025-10-22 21:36:00+03:00,55.701104,37.943655,Столкновение,Тяжёлый,1,0,,True
1584106,2025-10-22 22:56:00+03:00,55.717013,37.816722,Столкновение,Легкий,1,0,,True
1584135,2025-10-23 05:03:00+03:00,55.870429,37.561086,Наезд на стоящее ТС,Тяжёлый,1,0,,True
1584148,2025-10-23 06:45:00+03:00,55.644026,37.473131,Наезд на пешехода,Тяжёлый,1,0,,True
1584149,2025-10-23 06:49:00+03:00,55.547436,37.550506,Наезд на пешехода,Тяжёлый,1,0,,True
1584168,2025-10-23 07:40:00+03:00,55.868262,37.659277,Наезд на пешехода,Тяжёлый,1,0,,True
1584200,2025-10-23 09:50:00+03:00,55.763585,37.559584,Столкновение,Тяжёлый,1,0,,True
1584201,2025-10-23 09:50:00+03:00,55.737285,37.569152,Наезд на пешехода,Тяжёлый,1,0,,True
1584213,2025-10-23 10:58:00+03:00,55.708841,37.72689,Столкновение,Тяжёлый,1,0,,True
1584225,2025-10-23 11:45:00+03:00,55.867981,37.67521,Наезд на пешехода,Тяжёлый,1,0,,True
1584236,2025-10-23 12:10:00+03:00,55.77702,37.826314,Падение пассажира,Тяжёлый,1,0,,True
1584239,2025-10-23 12:25:00+03:00,55.658127,37.54836,Наезд на велосипедиста,Тяжёлый,1,0,,True
1584254,2025-10-23 13:15:00+03:00,55.902747,37.583079,Наезд на пешехода,Тяжёлый,1,0,,True
1584260,2025-10-23 13:25:00+03:00,55.706846,37.470106,Наезд на пешехода,Тяжёлый,1,0,,True
1584266,2025-10-23 13:50:00+03:00,55.896004,37.400819,Столкновение,Тяжёлый,1,0,,True
1584288,2025-10-23 15:25:00+03:00,55.759903,37.648591,"Наезд на лицо, использующее для передвижения СИМ",Тяжёлый,1,0,,True
1584318,2025-10-23 17:08:00+03:00,55.646187,37.716086,Наезд на велосипедиста,Тяжёлый,1,0,,True
1584322,2025-10-23 17:10:00+03:00,55.606057,37.532623,Падение пассажира,Тяжёлый,2,0,,True
1584366,2025-10-23 18:21:00+03:00,55.654774,37.497451,Наезд на велосипедиста,Тяжёлый,1,0,,True
1584369,2025-10-23 18:30:00+03:00,55.585937,37.162478,Столкновение,Тяжёлый,1,0,,True
1584373,2025-10-23 18:35:00+03:00,55.621532,37.730108,Наезд на велосипедиста,Тяжёлый,1,0,,True
1584377,2025-10-23 18:40:00+03:00,55.842079,37.382762,Наезд на пешехода,Тяжёлый,1,0,,True
1584383,2025-10-23 18:50:00+03:00,55.627717,37.647679,Наезд на пешехода,Тяжёлый,1,0,,True
1584407,2025-10-23 20:00:00+03:00,55.723261,37.794728,Наезд на пешехода,Тяжёлый,1,0,,True
1584421,2025-10-23 20:28:00+03:00,55.740978,37.425749,Опрокидывание,Тяжёлый,1,0,,True
1584423,2025-10-23 20:40:00+03:00,55.837006,37.483291,Столкновение,Легкий,1,0,,True
1584432,2025-10-23 21:15:00+03:00,55.679835,37.638581,Наезд на пешехода,Тяжёлый,1,0,,True
1584438,2025-10-23 21:37:00+03:00,55.765324,37.469752,Столкновение,Тяжёлый,1,0,,True
1584440,2025-10-23 21:55:00+03:00,55.741954,37.499798,Столкновение,Тяжёлый,1,0,,True
1584441,2025-10-23 22:00:00+03:00,55.778866,37.5791,Падение пассажира,Легкий,1,0,,True
1584451,2025-10-23 23:05:00+03:00,55.633962,37.613153,Наезд на пешехода,Тяжёлый,1,0,,True
1584480,2025-10-24 05:33:00+03:00,55.798736,37.731578,Наезд на пешехода,Тяжёлый,1,0,,True
1584489,2025-10-24 07:05:00+03:00,55.620901,37.760994,Наезд на пешехода,Легкий,1,0,,True
1584510,2025-10-24 08:05:00+03:00,55.813352,37.64431,Наезд на пешехода,Тяжёлый,1,0,,True
1584544,2025-10-24 09:56:00+03:00,55.70218,37.465568,Столкновение,Тяжёлый,1,0,,True
1584569,2025-10-24 11:25:00+03:00,55.650443,37.605622,"Наезд на лицо, использующее для передвижения СИМ",Легкий,1,0,,True
1584579,2025-10-24 11:50:00+03:00,55.620933,37.419777,Наезд на пешехода,Тяжёлый,1,0,,True
1584591,2025-10-24 12:20:00+03:00,55.867817,37.675853,Наезд на пешехода,Тяжёлый,1,0,,True
1584607,2025-10-24 13:15:00+03:00,55.745062,37.533492,Наезд на стоящее ТС,Тяжёлый,1,0,,True
1584609,2025-10-24 13:20:00+03:00,55.616171,37.611308,Наезд на велосипедиста,Легкий,1,0,,True
1584620,2025-10-24 13:33:00+03:00,55.995645,37.212474,Падение пассажира,Тяжёлый,1,0,,True
1584640,2025-10-24 14:32:00+03:00,55.806979,37.712492,Наезд на пешехода,Легкий,1,0,,True
1584656,2025-10-24 15:15:00+03:00,55.597104,37.609521,Наезд на пешехода,Тяжёлый,1,0,,True
1584657,2025-10-24 15:25:00+03:00,55.877364,37.68038,Столкновение,Тяжёлый,1,0,,True
1584681,2025-10-24 16:30:00+03:00,55.644109,37.584601,Столкновение,Тяжёлый,1,0,,True
1584718,2025-10-24 17:55:00+03:00,55.646611,37.732458,Наезд на пешехода,Тяжёлый,1,0,,True
1584724,2025-10-24 18:01:00+03:00,55.872668,37.559434,"Наезд на лицо, использующее для передвижения СИМ",Тяжёлый,1,0,,True
1584732,2025-10-24 18:10:00+03:00,55.733852,37.405583,Столкновение,Тяжёлый,2,0,,True
1584738,2025-10-24 18:20:00+03:00,55.87336,37.587308,Опрокидывание,Тяжёлый,1,0,,True
1584764,2025-10-24 19:00:00+03:00,55.68667,37.476382,Столкновение,Тяжёлый,1,0,,True
1584771,2025-10-24 19:10:00+03:00,55.716249,37.886337,Наезд на пешехода,Тяжёлый,1,0,,True
1584801,2025-10-24 20:00:00+03:00,55.690456,37.821851,Столкновение,Тяжёлый,1,0,,True
1584826,2025-10-24 21:45:00+03:00,55.678189,37.529962,"Наезд на лицо, использующее для передвижения СИМ",Тяжёлый,1,0,,True
1584840,2025-10-24 23:25:00+03:00,55.867756,37.438574,Столкновение,Тяжёлый,1,0,,True
1584864,2025-10-25 01:30:00+03:00,55.703226,37.815671,Столкновение,Тяжёлый,1,0,,True
1584869,2025-10-25 01:55:00+03:00,55.672999,37.618014,Опрокидывание,Тяжёлый,1,0,,True
1584876,2025-10-25 02:25:00+03:00,55.752568,37.591202,Наезд на пешехода,С погибшими,2,1,,True
1584926,2025-10-25 08:20:00+03:00,55.806166,37.508762,Столкновение,Легкий,1,0,,True
1584976,2025-10-25 11:28:00+03:00,55.77641,37.540723,Наезд на пешехода,Тяжёлый,1,0,,True
1585010,2025-10-25 13:25:00+03:00,55.810621,37.637583,Столкновение,Тяжёлый,1,0,,True
1585040,2025-10-25 14:53:00+03:00,55.819668,37.580559,Наезд на пешехода,Тяжёлый,1,0,,True
1585053,2025-10-25 15:30:00+03:00,55.70861,37.582622,Наезд на пешехода,Тяжёлый,1,0,,True
1585106,2025-10-25 17:27:00+03:00,55.764604,37.381121,Столкновение,Тяжёлый,1,0,,True
1585138,2025-10-25 18:06:00+03:00,55.391726,37.312682,Наезд на препятствие,Тяжёлый,1,0,,True
1585160,2025-10-25 18:55:00+03:00,55.637583,37.793452,Наезд на пешехода,Тяжёлый,1,0,,True
1585164,2025-10-25 19:00:00+03:00,55.621569,37.790115,Столкновение,Тяжёлый,1,0,,True
1585206,2025-10-25 20:25:00+03:00,55.757657,37.692322,Наезд на велосипедиста,Тяжёлый,1,0,,True
1585230,2025-10-25 21:20:00+03:00,55.923456,37.545519,Столкновение,Тяжёлый,1,0,,True
1585278,2025-10-25 23:55:00+03:00,55.73123,37.728199,Опрокидывание,Тяжёлый,1,0,,True
1585279,2025-10-25 23:57:00+03:00,55.626197,37.742082,Наезд на пешехода,Тяжёлый,1,0,,True
1585295,2025-10-26 02:22:00+03:00,55.884218,37.605729,Столкновение,Тяжёлый,1,0,,True
1585326,2025-10-26 06:43:00+03:00,55.669969,37.554583,Столкновение,Тяжёлый,1,0,,True
1585328,2025-10-26 06:55:00+03:00,55.584409,37.613454,Столкновение,Тяжёлый,1,0,,True
1585363,2025-10-26 10:00:00+03:00,55.614171,37.775395,Столкновение,Тяжёлый,1,0,,True
1585439,2025-10-26 14:10:00+03:00,55.782969,37.590837,Наезд на пешехода,Тяжёлый,1,0,,True
1585453,2025-10-26 14:58:00+03:00,55.778926,37.68773,Наезд на препятствие,Тяжёлый,2,0,,True
1585494,2025-10-26 16:40:00+03:00,55.678915,37.274208,"Наезд на лицо, использующее для передвижения СИМ",Тяжёлый,1,0,,True
1585503,2025-10-26 17:09:00+03:00,55.691846,37.858479,Наезд на пешехода,Тяжёлый,1,0,,True
1585517,2025-10-26 17:45:00+03:00,55.725074,37.496638,Столкновение,Тяжёлый,1,0,,True
1585525,2025-10-26 18:14:00+03:00,55.700414,37.640845,Наезд на велосипедиста,Тяжёлый,1,0,,True
1585544,2025-10-26 18:40:00+03:00,55.74287,37.789493,Столкновение,Легкий,1,0,,True
1585545,2025-10-26 18:42:00+03:00,55.774552,37.684264,Наезд на стоящее ТС,Тяжёлый,1,0,,True
1585632,2025-10-26 23:50:00+03:00,55.651026,37.553715,Наезд на препятствие,Тяжёлый,1,0,,True
1585674,2025-10-27 07:30:00+03:00,55.608118,37.701312,Наезд на пешехода,Тяжёлый,1,0,,True
1585700,2025-10-27 08:00:00+03:00,55.842486,37.553523,"Наезд на лицо, использующее для передвижения СИМ",Тяжёлый,1,0,,True
1585729,2025-10-27 09:30:00+03:00,55.760381,37.53657,Наезд на велосипедиста,Тяжёлый,1,0,,True
1585735,2025-10-27 10:15:00+03:00,55.708161,37.747119,Столкновение,Тяжёлый,1,0,,True
1585744,2025-10-27 11:00:00+03:00,55.881191,37.576707,Наезд на велосипедиста,Тяжёлый,1,0,,True
1585761,2025-10-27 12:07:00+03:00,55.729774,37.746459,Столкновение,Тяжёлый,2,0,,True
1585768,2025-10-27 12:40:00+03:00,55.853506,37.626049,Наезд на пешехода,Тяжёлый,1,0,,True
1585835,2025-10-27 16:20:00+03:00,55.742175,37.570142,Наезд на пешехода,С погибшими,0,1,,True
1585840,2025-10-27 16:30:00+03:00,55.711172,37.745306,Наезд на велосипедиста,Тяжёлый,1,0,,True
1585873,2025-10-27 17:35:00+03:00,55.753685,37.822827,Наезд на пешехода,Тяжёлый,1,0,,True
1585909,2025-10-27 18:35:00+03:00,55.755647,37.407804,Наезд на пешехода,Тяжёлый,1,0,,True
1585910,2025-10-27 18:35:00+03:00,55.649242,37.4068,Наезд на пешехода,Тяжёлый,1,0,,True
1585931,2025-10-27 19:14:00+03:00,55.627907,37.472673,Столкновение,Тяжёлый,2,0,,True
1585934,2025-10-27 19:18:00+03:00,55.643911,37.699671,Наезд на пешехода,Тяжёлый,2,0,,True
1585963,2025-10-27 20:15:00+03:00,55.728028,37.493935,Столкновение,Тяжёлый,1,0,,True
1585974,2025-10-27 20:58:00+03:00,55.889164,37.536592,Наезд на велосипедиста,С погибшими,0,1,,True
1585978,2025-10-27 21:10:00+03:00,55.710111,37.664416,Столкновение,Тяжёлый,1,0,,True
1585986,2025-10-27 21:40:00+03:00,55.899588,37.607696,Наезд на пешехода,Тяжёлый,1,0,,True
1585988,2025-10-27 21:40:00+03:00,55.885511,37.521851,Наезд на пешехода,Тяжёлый,1,0,,True
1585995,2025-10-27 22:00:00+03:00,55.663311,37.483442,Наезд на пешехода,Тяжёлый,1,0,,True
1585997,2025-10-27 22:08:00+03:00,55.664866,37.480481,Наезд на пешехода,Тяжёлый,1,0,,True
1585998,2025-10-27 22:15:00+03:00,55.676447,37.465696,Наезд на пешехода,Тяжёлый,1,0,,True
1586012,2025-10-27 23:25:00+03:00,55.748676,37.682252,Наезд на препятствие,Тяжёлый,1,0,,True
1586031,2025-10-28 06:50:00+03:00,55.692004,37.858683,Наезд на пешехода,Тяжёлый,1,0,,True
1586033,2025-10-28 06:58:00+03:00,55.700293,37.747639,Наезд на пешехода,Тяжёлый,1,0,,True
1586036,2025-10-28 07:00:00+03:00,55.639695,37.755472,Опрокидывание,Тяжёлый,1,0,,True
1586044,2025-10-28 07:36:00+03:00,55.887557,37.663236,Наезд на пешехода,С погибшими,0,1,,True
1586054,2025-10-28 08:00:00+03:00,55.883742,37.529898,Наезд на пешехода,Тяжёлый,1,0,,True
1586062,2025-10-28 08:22:00+03:00,55.594207,37.60206,Наезд на пешехода,Легкий,1,0,,True
1586067,2025-10-28 08:45:00+03:00,55.621078,37.682848,Опрокидывание,Тяжёлый,1,0,,True
1586072,2025-10-28 09:09:00+03:00,55.62756,37.62223,Столкновение,Тяжёлый,1,0,,True
1586098,2025-10-28 10:40:00+03:00,55.880722,37.533083,Столкновение,Тяжёлый,1,0,,True
1586106,2025-10-28 11:15:00+03:00,55.746158,37.658733,Наезд на пешехода,Тяжёлый,1,0,,True
1586159,2025-10-28 13:30:00+03:00,55.762265,37.579395,Наезд на стоящее ТС,Тяжёлый,1,0,,True
1586161,2025-10-28 13:33:00+03:00,55.819687,37.709402,Наезд на пешехода,Легкий,1,0,,True
1586185,2025-10-28 15:27:00+03:00,55.616274,37.694553,Опрокидывание,Тяжёлый,1,0,,True
1586190,2025-10-28 15:45:00+03:00,55.81645,37.520853,Столкновение,Тяжёлый,2,0,,True
1586203,2025-10-28 16:15:00+03:00,55.810124,37.607794,Наезд на пешехода,Тяжёлый,1,0,,True
1586223,2025-10-28 17:19:00+03:00,55.702821,37.788259,Наезд на пешехода,Тяжёлый,1,0,,True
1586246,2025-10-28 17:58:00+03:00,55.652302,37.742876,Столкновение,Тяжёлый,1,0,,True
1586349,2025-10-28 22:50:00+03:00,55.664392,37.518673,Наезд на велосипедиста,Тяжёлый,1,0,,True
1586351,2025-10-28 23:30:00+03:00,55.547341,37.418457,Наезд на пешехода,С погибшими,0,1,,True
1586364,2025-10-29 01:25:00+03:00,55.665793,37.429754,Наезд на стоящее ТС,Тяжёлый,2,0,,True
1586375,2025-10-29 03:20:00+03:00,55.644861,37.826035,Столкновение,С погибшими,0,1,,True
1586387,2025-10-29 06:20:00+03:00,55.82378,37.613389,Столкновение,Тяжёлый,1,0,,True
1586431,2025-10-29 09:40:00+03:00,55.654596,37.723285,Наезд на пешехода,Тяжёлый,1,0,,True
1586443,2025-10-29 10:30:00+03:00,55.794575,37.491188,Наезд на пешехода,Тяжёлый,1,0,,True
1586451,2025-10-29 11:05:00+03:00,55.793188,37.616695,Столкновение,Тяжёлый,1,0,,True
1586453,2025-10-29 11:10:00+03:00,55.924616,37.528653,Наезд на пешехода,Тяжёлый,1,0,,True
1586456,2025-10-29 11:35:00+03:00,55.737054,37.516283,Наезд на пешехода,Легкий,1,0,,True
1586463,2025-10-29 12:00:00+03:00,55.866425,37.597727,Наезд на пешехода,Тяжёлый,1,0,,True
1586480,2025-10-29 12:36:00+03:00,55.759378,37.6237,Столкновение,Тяжёлый,1,0,,True
1586525,2025-10-29 15:00:00+03:00,55.706061,37.817473,Столкновение,Тяжёлый,1,0,,True
1586533,2025-10-29 15:20:00+03:00,55.883417,37.727373,Столкновение,Тяжёлый,2,0,,True
1586557,2025-10-29 16:30:00+03:00,55.742767,37.549531,Наезд на пешехода,Легкий,1,0,,True
1586559,2025-10-29 16:36:00+03:00,55.684535,37.664845,Падение пассажира,Тяжёлый,1,0,,True
1586563,2025-10-29 16:40:00+03:00,55.602208,37.630363,Столкновение,Тяжёлый,2,0,,True
1586588,2025-10-29 17:25:00+03:00,55.728352,37.475541,Наезд на пешехода,Тяжёлый,3,0,,True
1586595,2025-10-29 17:30:00+03:00,55.870123,37.660671,Наезд на пешехода,Тяжёлый,1,0,,True
1586604,2025-10-29 17:45:00+03:00,55.858074,37.624209,Наезд на пешехода,Тяжёлый,1,0,,True
1586607,2025-10-29 17:45:00+03:00,55.683028,37.075873,Столкновение,Легкий,1,0,,True
1586620,2025-10-29 18:05:00+03:00,55.866428,37.597713,Наезд на пешехода,Тяжёлый,1,0,,True
1586621,2025-10-29 18:06:00+03:00,56.001165,37.212356,Наезд на пешехода,Тяжёлый,1,0,,True
1586630,2025-10-29 18:21:00+03:00,55.695831,37.531024,Наезд на пешехода,Тяжёлый,1,0,,True
1586632,2025-10-29 18:30:00+03:00,55.668751,37.508322,Наезд на пешехода,Тяжёлый,2,0,,True
1586674,2025-10-29 19:35:00+03:00,55.763495,37.61737,Наезд на пешехода,Тяжёлый,1,0,,True
1586679,2025-10-29 19:50:00+03:00,55.647077,37.390959,"Наезд на лицо, использующее для передвижения СИМ",Тяжёлый,1,0,,True
1586691,2025-10-29 20:19:00+03:00,55.902512,37.587305,Столкновение,Тяжёлый,2,0,,True
1586702,2025-10-29 21:20:00+03:00,55.633986,37.640319,Столкновение,Тяжёлый,1,0,,True
1586704,2025-10-29 21:23:00+03:00,55.664897,37.526497,Падение пассажира,Тяжёлый,1,0,,True
1586729,2025-10-29 23:21:00+03:00,55.980113,37.172445,Наезд на препятствие,Легкий,1,0,,True
1586730,2025-10-29 23:25:00+03:00,55.784809,37.455354,"Наезд на лицо, использующее для передвижения СИМ",Тяжёлый,1,0,,True
1586740,2025-10-30 00:58:00+03:00,55.619944,37.481487,Наезд на стоящее ТС,С погибшими,0,1,,True
1586742,2025-10-30 01:04:00+03:00,55.59842,37.50778,Наезд на препятствие,Тяжёлый,1,0,,True
1586765,2025-10-30 06:42:00+03:00,55.850367,37.4391,Столкновение,Легкий,1,0,,True
1586773,2025-10-30 07:01:00+03:00,55.795081,37.352615,Столкновение,Тяжёлый,1,0,,True
1586793,2025-10-30 08:00:00+03:00,55.680092,37.546523,Наезд на велосипедиста,Тяжёлый,1,0,,True
1586806,2025-10-30 08:50:00+03:00,55.58698,37.717491,Столкновение,Тяжёлый,1,0,,True
1586827,2025-10-30 09:55:00+03:00,55.629117,37.634697,Столкновение,Тяжёлый,1,0,,True
1586840,2025-10-30 10:30:00+03:00,55.669169,37.781188,Столкновение,Тяжёлый,1,0,,True
1586854,2025-10-30 11:15:00+03:00,55.731653,37.664426,Падение пассажира,Тяжёлый,1,0,,True
1586901,2025-10-30 14:10:00+03:00,55.737486,37.679374,Наезд на велосипедиста,Тяжёлый,1,0,,True
1586922,2025-10-30 15:30:00+03:00,55.641059,37.75987,Наезд на пешехода,Тяжёлый,1,0,,True
1586956,2025-10-30 16:50:00+03:00,55.672164,37.457607,Наезд на пешехода,Тяжёлый,1,0,,True
1586957,2025-10-30 16:57:00+03:00,55.801414,37.478303,Наезд на пешехода,Легкий,1,0,,True
1586986,2025-10-30 17:35:00+03:00,55.933337,37.401441,Столкновение,Легкий,1,0,,True
1586988,2025-10-30 17:40:00+03:00,55.737688,37.846581,Наезд на пешехода,Тяжёлый,1,0,,True
1586995,2025-10-30 17:54:00+03:00,55.977123,37.149044,Столкновение,Тяжёлый,1,0,,True
1587010,2025-10-30 18:08:00+03:00,55.618114,37.497398,Наезд на пешехода,Тяжёлый,1,0,,True
1587054,2025-10-30 19:36:00+03:00,55.878104,37.681628,Столкновение,Тяжёлый,1,0,,True
1587060,2025-10-30 19:49:00+03:00,55.885223,37.482637,Наезд на пешехода,Тяжёлый,1,0,,True
1587063,2025-10-30 19:50:00+03:00,55.783946,37.673943,Наезд на пешехода,Тяжёлый,1,0,,True
1587081,2025-10-30 20:50:00+03:00,55.862958,37.614202,Наезд на пешехода,Тяжёлый,1,0,,True
1587084,2025-10-30 21:05:00+03:00,55.690419,37.829812,Столкновение,Тяжёлый,1,0,,True
1587182,2025-10-31 08:20:00+03:00,55.792729,37.558769,Наезд на пешехода,Тяжёлый,1,0,,True
1587189,2025-10-31 08:35:00+03:00,55.820652,37.640973,Столкновение,Тяжёлый,1,0,,True
1587219,2025-10-31 10:05:00+03:00,55.736516,37.43943,Наезд на стоящее ТС,Тяжёлый,1,0,,True
1587220,2025-10-31 10:10:00+03:00,55.796669,37.584372,"Наезд на лицо, использующее для передвижения СИМ",Тяжёлый,1,0,,True
1587237,2025-10-31 10:55:00+03:00,55.853535,37.409145,Наезд на пешехода,Тяжёлый,1,0,,True
1587252,2025-10-31 11:30:00+03:00,55.655942,37.649313,Столкновение,Тяжёлый,1,0,,True
1587273,2025-10-31 12:16:00+03:00,55.745624,37.564906,Наезд на пешехода,Тяжёлый,1,0,,True
1587298,2025-10-31 13:15:00+03:00,55.821393,37.620771,Столкновение,Тяжёлый,2,0,,True
1587299,2025-10-31 13:20:00+03:00,55.743107,37.659568,Наезд на пешехода,Тяжёлый,1,0,,True
1587307,2025-10-31 13:50:00+03:00,55.898596,37.586147,Столкновение,Тяжёлый,1,0,,True
1587311,2025-10-31 14:00:00+03:00,55.801136,37.581235,Наезд на пешехода,С погибшими,0,1,,True
1587316,2025-10-31 14:05:00+03:00,55.604881,37.3365,Столкновение,Тяжёлый,2,0,,True
1587317,2025-10-31 14:08:00+03:00,55.733114,37.47113,"Наезд на лицо, использующее для передвижения СИМ",Тяжёлый,1,0,,True
1587376,2025-10-31 16:25:00+03:00,55.757453,37.507581,Столкновение,Тяжёлый,1,0,,True
1587384,2025-10-31 16:45:00+03:00,55.882225,37.705214,Наезд на пешехода,Тяжёлый,1,0,,True
1587400,2025-10-31 17:00:00+03:00,55.788302,37.558554,Столкновение,Легкий,1,0,,True
1587413,2025-10-31 17:23:00+03:00,55.669901,37.440623,Наезд на пешехода,Тяжёлый,1,0,,True
1587415,2025-10-31 17:25:00+03:00,55.725902,37.278382,Наезд на пешехода,Тяжёлый,1,0,,True
1587425,2025-10-31 17:30:00+03:00,55.701503,37.496338,Наезд на пешехода,С погибшими,0,1,,True
1587447,2025-10-31 17:58:00+03:00,55.653698,37.568063,Наезд на пешехода,С погибшими,0,1,,True
1587451,2025-10-31 18:01:00+03:00,55.72082,37.565936,Наезд на пешехода,Тяжёлый,1,0,,True
1587454,2025-10-31 18:08:00+03:00,55.604402,37.705293,Наезд на пешехода,Тяжёлый,1,0,,True
1587458,2025-10-31 18:15:00+03:00,55.810964,37.61972,Наезд на пешехода,Тяжёлый,1,0,,True
1587463,2025-10-31 18:25:00+03:00,55.683339,37.568499,Наезд на пешехода,Тяжёлый,1,0,,True
1587466,2025-10-31 18:30:00+03:00,55.772272,37.253566,Наезд на пешехода,Тяжёлый,1,0,,True
1587470,2025-10-31 18:30:00+03:00,55.746728,37.405074,Наезд на пешехода,Тяжёлый,1,0,,True
1587472,2025-10-31 18:32:00+03:00,55.652989,37.721357,Наезд на пешехода,Тяжёлый,1,0,,True
1587475,2025-10-31 18:35:00+03:00,55.803024,37.619371,Наезд на пешехода,Тяжёлый,1,0,,True
1587485,2025-10-31 18:50:00+03:00,55.613044,37.587168,Наезд на пешехода,Тяжёлый,1,0,,True
1587511,2025-10-31 19:45:00+03:00,55.846861,37.403791,Наезд на пешехода,С погибшими,0,1,,True
1587542,2025-10-31 21:40:00+03:00,55.622187,37.668943,Наезд на пешехода,Тяжёлый,1,0,,True
1587564,2025-10-31 23:20:00+03:00,55.681235,37.566627,Столкновение,Тяжёлый,1,0,,True
1587565,2025-10-31 23:20:00+03:00,55.653827,37.327638,Наезд на препятствие,Тяжёлый,1,0,,True
1587567,2025-10-31 23:30:00+03:00,55.911888,37.405196,Наезд на пешехода,Легкий,1,0,,True
1587569,2025-10-31 23:44:00+03:00,55.656454,37.524362,Наезд на пешехода,Тяжёлый,1,0,,True
1587589,2025-11-01 02:13:00+03:00,55.792934,37.616694,Столкновение,Тяжёлый,4,0,,True
1587591,2025-11-01 02:35:00+03:00,55.834265,37.819265,Наезд на стоящее ТС,Тяжёлый,1,0,,True
1587592,2025-11-01 02:44:00+03:00,55.746143,37.418693,Столкновение,Тяжёлый,1,0,,True
1587596,2025-11-01 03:00:00+03:00,55.600984,37.722223,Столкновение,Тяжёлый,2,0,,True
1587603,2025-11-01 05:05:00+03:00,55.830354,37.40761,Столкновение,Тяжёлый,1,0,,True
1587608,2025-11-01 05:50:00+03:00,55.58969,37.724122,Столкновение,Тяжёлый,1,0,,True
1587670,2025-11-01 10:00:00+03:00,55.767049,37.369512,Столкновение,Тяжёлый,1,0,,True
1587678,2025-11-01 10:30:00+03:00,55.933602,37.374405,Столкновение,Легкий,1,0,,True
1587694,2025-11-01 11:15:00+03:00,55.795908,37.494589,Наезд на пешехода,Тяжёлый,1,0,,True
1587701,2025-11-01 11:40:00+03:00,55.799888,37.503333,Наезд на велосипедиста,Тяжёлый,1,0,,True
1587720,2025-11-01 12:34:00+03:00,55.70383,37.727072,Столкновение,Тяжёлый,1,0,,True
1587732,2025-11-01 13:20:00+03:00,55.721878,37.794739,Столкновение,Тяжёлый,2,0,,True
1587747,2025-11-01 14:10:00+03:00,55.754349,37.709831,Наезд на пешехода,Тяжёлый,1,0,,True
1587764,2025-11-01 14:45:00+03:00,55.767883,37.558275,Наезд на велосипедиста,Тяжёлый,1,0,,True
1587766,2025-11-01 14:46:00+03:00,55.640963,37.395433,Наезд на пешехода,Тяжёлый,1,0,,True
1587794,2025-11-01 16:10:00+03:00,55.807553,37.617117,"Наезд на лицо, использующее для передвижения СИМ",Тяжёлый,1,0,,True
1587803,2025-11-01 16:35:00+03:00,55.773013,37.487583,Наезд на велосипедиста,Тяжёлый,1,0,,True
1587825,2025-11-01 17:20:00+03:00,55.810289,37.808901,Столкновение,Легкий,1,0,,True
1587837,2025-11-01 17:40:00+03:00,55.570696,37.198656,Столкновение,Тяжёлый,1,0,,True
1587863,2025-11-01 18:16:00+03:00,55.757386,37.615921,Опрокидывание,Тяжёлый,1,0,,True
1587881,2025-11-01 18:50:00+03:00,55.730149,37.629569,Столкновение,Тяжёлый,1,0,,True
1587888,2025-11-01 19:10:00+03:00,55.837048,37.679543,Столкновение,Легкий,2,0,,True
1587901,2025-11-01 19:40:00+03:00,55.898097,37.628227,"Наезд на лицо, использующее для передвижения СИМ",Тяжёлый,1,0,,True
1587910,2025-11-01 20:00:00+03:00,55.751466,37.582849,Наезд на пешехода,Тяжёлый,1,0,,True
1587917,2025-11-01 20:20:00+03:00,55.80303,37.709059,Наезд на пешехода,Легкий,1,0,,True
1587921,2025-11-01 20:30:00+03:00,55.608851,37.76031,Наезд на пешехода,Легкий,1,0,,True
1587946,2025-11-01 21:35:00+03:00,55.83344,37.597639,Наезд на пешехода,Тяжёлый,1,0,,True
1587964,2025-11-01 22:17:00+03:00,55.844374,37.483216,Наезд на велосипедиста,Тяжёлый,1,0,,True
1588001,2025-11-02 01:20:00+03:00,55.988318,37.168905,Столкновение,Тяжёлый,2,0,,True
1588004,2025-11-02 01:31:00+03:00,55.736051,37.592833,Опрокидывание,Тяжёлый,1,0,,True
1588016,2025-11-02 04:02:00+03:00,55.875558,37.636875,Наезд на пешехода,С погибшими,0,1,,True
1588023,2025-11-02 05:00:00+03:00,55.580194,37.241077,Наезд на стоящее ТС,Тяжёлый,3,0,,True
1588054,2025-11-02 08:42:00+03:00,55.744386,37.865732,Наезд на пешехода,Легкий,1,0,,True
1588068,2025-11-02 10:40:00+03:00,55.856678,37.342529,Падение пассажира,Тяжёлый,1,0,,True
1588079,2025-11-02 11:20:00+03:00,55.792271,37.638999,Столкновение,Тяжёлый,1,0,,True
1588080,2025-11-02 11:24:00+03:00,55.724482,37.604849,Столкновение,Тяжёлый,2,0,,True
1588103,2025-11-02 12:59:00+03:00,55.836127,37.355415,Наезд на пешехода,Тяжёлый,1,0,,True
1588111,2025-11-02 13:30:00+03:00,55.645105,37.584029,Наезд на пешехода,Тяжёлый,1,0,,True
1588140,2025-11-02 14:42:00+03:00,55.76676,37.637733,Столкновение,Тяжёлый,2,0,,True
1588149,2025-11-02 15:24:00+03:00,55.66884,37.554491,Наезд на пешехода,Тяжёлый,1,0,,True
1588171,2025-11-02 16:38:00+03:00,55.652461,37.47992,"Наезд на лицо, использующее для передвижения СИМ",Тяжёлый,1,0,,True
1588199,2025-11-02 17:40:00+03:00,55.800009,37.3356,Столкновение,Легкий,1,0,,True
1588217,2025-11-02 18:15:00+03:00,55.645576,37.394811,Наезд на пешехода,Тяжёлый,1,0,,True
1588252,2025-11-02 19:21:00+03:00,55.981026,37.161995,Столкновение,Тяжёлый,3,0,,True
1588283,2025-11-02 20:35:00+03:00,55.925361,37.396077,Наезд на стоящее ТС,Тяжёлый,1,0,,True
1588306,2025-11-02 22:00:00+03:00,55.604669,37.737919,Наезд на велосипедиста,Тяжёлый,1,0,,True
1588333,2025-11-03 00:45:00+03:00,55.586931,37.718382,Столкновение,Тяжёлый,1,0,,True
1588366,2025-11-03 06:50:00+03:00,55.768082,37.822645,Наезд на препятствие,Тяжёлый,1,0,,True
1588380,2025-11-03 08:19:00+03:00,55.773544,37.843223,Наезд на препятствие,С погибшими,0,2,,True
1588385,2025-11-03 08:55:00+03:00,55.810554,37.402503,Наезд на пешехода,Тяжёлый,1,0,,True
1588390,2025-11-03 09:35:00+03:00,55.608487,37.617509,Наезд на велосипедиста,Тяжёлый,1,0,,True
1588405,2025-11-03 10:39:00+03:00,56.006306,37.20358,Падение пассажира,Легкий,1,0,,True
1588454,2025-11-03 14:15:00+03:00,55.643042,37.738793,Столкновение,Тяжёлый,2,0,,True
1588457,2025-11-03 14:40:00+03:00,55.571721,37.597961,Наезд на стоящее ТС,Тяжёлый,5,0,,True
1588506,2025-11-03 17:05:00+03:00,55.847729,37.603444,Наезд на пешехода,Тяжёлый,1,0,,True
1588532,2025-11-03 18:00:00+03:00,55.774606,37.591535,Наезд на стоящее ТС,Тяжёлый,1,0,,True
1588533,2025-11-03 18:04:00+03:00,55.993119,37.214309,Наезд на пешехода,Тяжёлый,1,0,,True
1588541,2025-11-03 18:17:00+03:00,55.689591,37.542676,Столкновение,Тяжёлый,1,0,,True
1588554,2025-11-03 18:58:00+03:00,55.724216,37.573247,Наезд на велосипедиста,Тяжёлый,1,0,,True
1588571,2025-11-03 19:20:00+03:00,55.809572,37.388427,Столкновение,Тяжёлый,1,0,,True
1588595,2025-11-03 20:20:00+03:00,55.605724,37.760128,Наезд на стоящее ТС,Тяжёлый,2,0,,True
1588601,2025-11-03 20:41:00+03:00,55.563186,37.582909,Наезд на пешехода,Тяжёлый,1,0,,True
1588609,2025-11-03 21:25:00+03:00,55.749283,37.608283,Столкновение,Тяжёлый,1,0,,True
1588611,2025-11-03 21:30:00+03:00,55.842635,37.659614,Наезд на стоящее ТС,Тяжёлый,1,0,,True
1588635,2025-11-03 23:14:00+03:00,55.810313,37.515006,Наезд на пешехода,Тяжёлый,1,0,,True
1588639,2025-11-03 23:40:00+03:00,55.637801,37.32782,Наезд на пешехода,Тяжёлый,1,0,,True
1588662,2025-11-04 04:45:00+03:00,55.808613,37.829447,Столкновение,Тяжёлый,1,0,,True
1588676,2025-11-04 07:40:00+03:00,55.882684,37.618586,Наезд на пешехода,Тяжёлый,1,0,,True
1588696,2025-11-04 10:15:00+03:00,55.769174,37.65034,Наезд на пешехода,Тяжёлый,1,0,,True
1588709,2025-11-04 11:43:00+03:00,55.58068,37.682762,Столкновение,Тяжёлый,2,0,,True
1588737,2025-11-04 14:25:00+03:00,55.808643,37.799031,"Наезд на лицо, использующее для передвижения СИМ",Тяжёлый,1,0,,True
1588782,2025-11-04 17:00:00+03:00,55.660703,37.619623,Столкновение,Тяжёлый,1,0,,True
1588788,2025-11-04 17:12:00+03:00,55.895914,37.659674,Столкновение,Тяжёлый,1,0,,True
1588814,2025-11-04 18:00:00+03:00,55.726515,37.720104,Столкновение,Тяжёлый,1,0,,True
1588824,2025-11-04 18:30:00+03:00,55.694924,37.557664,Наезд на пешехода,Тяжёлый,1,0,,True
1588836,2025-11-04 18:49:00+03:00,55.878188,37.546077,Наезд на пешехода,Тяжёлый,1,0,,True
1588843,2025-11-04 19:00:00+03:00,55.47689,37.297844,Наезд на пешехода,Тяжёлый,1,0,,True
1588885,2025-11-04 20:00:00+03:00,55.792856,37.620342,Столкновение,Легкий,2,0,,True
1588887,2025-11-04 20:01:00+03:00,55.79291,37.61972,Столкновение,Легкий,1,0,,True
1588895,2025-11-04 20:20:00+03:00,55.75333,37.740033,Столкновение,Тяжёлый,1,0,,True
1588902,2025-11-04 21:15:00+03:00,55.699169,37.635512,Наезд на пешехода,Тяжёлый,1,0,,True
1588905,2025-11-04 21:44:00+03:00,55.713905,37.577561,Наезд на препятствие,Тяжёлый,1,0,,True
1588906,2025-11-04 21:45:00+03:00,55.80183,37.475148,Наезд на пешехода,Тяжёлый,1,0,,True
1588913,2025-11-04 22:23:00+03:00,55.573608,37.681571,Наезд на пешехода,С погибшими,0,1,,True
1588929,2025-11-05 01:43:00+03:00,55.7073,37.767799,Столкновение,Тяжёлый,1,0,,True
1588940,2025-11-05 05:46:00+03:00,55.666751,37.541781,Наезд на стоящее ТС,Тяжёлый,1,0,,True
1588961,2025-11-05 07:10:00+03:00,55.883333,37.529726,Наезд на пешехода,Тяжёлый,1,0,,True
1588989,2025-11-05 07:55:00+03:00,55.835381,37.686019,Столкновение,Легкий,1,0,,True
1588990,2025-11-05 08:00:00+03:00,55.52263,37.515264,Столкновение,Тяжёлый,4,0,,True
1588995,2025-11-05 08:20:00+03:00,55.762873,37.707685,Наезд на пешехода,Тяжёлый,1,0,,True
1589011,2025-11-05 08:48:00+03:00,55.989314,37.184386,Столкновение,Тяжёлый,1,0,,True
1589030,2025-11-05 09:31:00+03:00,55.691704,37.587922,Наезд на пешехода,Тяжёлый,1,0,,True
1589037,2025-11-05 10:00:00+03:00,55.725209,37.605805,Падение пассажира,Тяжёлый,1,0,,True
1589039,2025-11-05 10:07:00+03:00,55.689101,37.862749,Наезд на велосипедиста,Тяжёлый,1,0,,True
1589057,2025-11-05 11:24:00+03:00,55.809252,37.388738,Столкновение,Тяжёлый,1,0,,True
1589087,2025-11-05 12:55:00+03:00,55.715176,37.683663,Столкновение,Тяжёлый,1,0,,True
1589111,2025-11-05 13:55:00+03:00,55.802303,37.760439,Наезд на пешехода,Легкий,1,0,,True
1589116,2025-11-05 14:00:00+03:00,55.838624,37.544056,Наезд на велосипедиста,Тяжёлый,1,0,,True
1589118,2025-11-05 14:15:00+03:00,55.862946,37.422727,Падение пассажира,Тяжёлый,1,0,,True
1589129,2025-11-05 14:40:00+03:00,55.792168,37.596406,Столкновение,Тяжёлый,1,0,,True
1589151,2025-11-05 16:20:00+03:00,55.772488,37.57292,Наезд на пешехода,Тяжёлый,1,0,,True
1589159,2025-11-05 16:45:00+03:00,55.684262,37.856956,Наезд на пешехода,Тяжёлый,1,0,,True
1589183,2025-11-05 17:25:00+03:00,55.647789,37.539291,Столкновение,Тяжёлый,1,0,,True
1589202,2025-11-05 17:45:00+03:00,55.76638,37.59294,Наезд на пешехода,Тяжёлый,1,0,,True
1589220,2025-11-05 18:13:00+03:00,55.66676,37.514244,Столкновение,Легкий,2,0,,True
1589237,2025-11-05 18:40:00+03:00,55.907871,37.545304,Столкновение,Тяжёлый,1,0,,True
1589238,2025-11-05 18:50:00+03:00,55.696134,37.847557,Столкновение,Тяжёлый,1,0,,True
1589258,2025-11-05 19:48:00+03:00,55.651875,37.642453,Наезд на велосипедиста,Тяжёлый,1,0,,True
1589272,2025-11-05 20:30:00+03:00,55.791724,37.604306,Наезд на пешехода,Тяжёлый,1,0,,True
1589279,2025-11-05 20:48:00+03:00,55.701981,37.495522,Столкновение,Тяжёлый,1,0,,True
1589288,2025-11-05 21:30:00+03:00,55.694991,37.620889,Столкновение,Тяжёлый,1,0,,True
1589294,2025-11-05 22:00:00+03:00,55.603081,37.726493,Опрокидывание,Тяжёлый,1,0,,True
1589330,2025-11-06 07:00:00+03:00,55.767533,37.526293,Столкновение,Тяжёлый,1,0,,True
1589340,2025-11-06 07:31:00+03:00,55.50697,37.594357,Столкновение,Тяжёлый,1,0,,True
1589365,2025-11-06 08:40:00+03:00,55.879042,37.447994,Столкновение,Тяжёлый,9,0,,True
1589367,2025-11-06 08:40:00+03:00,55.829571,37.490126,Наезд на пешехода,Тяжёлый,1,0,,True
1589369,2025-11-06 08:40:00+03:00,55.731694,37.492041,Столкновение,Тяжёлый,1,0,,True
1589373,2025-11-06 09:03:00+03:00,55.894023,37.586719,Падение пассажира,Тяжёлый,1,0,,True
1589398,2025-11-06 11:00:00+03:00,55.889056,37.635263,Наезд на пешехода,Тяжёлый,1,0,,True
1589400,2025-11-06 11:00:00+03:00,55.679142,37.274042,Столкновение,Легкий,1,0,,True
1589419,2025-11-06 12:15:00+03:00,55.656999,37.76149,Столкновение,Тяжёлый,1,0,,True
1589434,2025-11-06 13:06:00+03:00,55.802463,37.407814,Падение пассажира,Тяжёлый,2,0,,True
1589435,2025-11-06 13:09:00+03:00,55.792838,37.618185,Наезд на препятствие,Тяжёлый,1,0,,True
1589450,2025-11-06 13:45:00+03:00,55.618096,37.389299,Столкновение,Тяжёлый,1,0,,True
1589471,2025-11-06 14:55:00+03:00,55.983949,37.182198,Наезд на пешехода,Легкий,1,0,,True
1589472,2025-11-06 14:58:00+03:00,55.753691,37.822806,Наезд на пешехода,Легкий,1,0,,True
1589493,2025-11-06 16:00:00+03:00,55.8455,37.35902,Падение пассажира,Тяжёлый,1,0,,True
1589496,2025-11-06 16:00:00+03:00,55.635524,37.763636,Опрокидывание,Тяжёлый,1,0,,True
1589508,2025-11-06 16:25:00+03:00,55.618703,37.506101,Падение пассажира,Тяжёлый,2,0,,True
1589543,2025-11-06 17:25:00+03:00,55.879373,37.591567,Наезд на велосипедиста,Тяжёлый,1,0,,True
1589555,2025-11-06 17:40:00+03:00,55.703528,37.472026,Наезд на пешехода,Тяжёлый,1,0,,True
1589567,2025-11-06 18:00:00+03:00,55.848765,37.42512,Наезд на пешехода,Тяжёлый,1,0,,True
1589568,2025-11-06 18:00:00+03:00,55.956679,37.571387,Наезд на пешехода,С погибшими,0,1,,True
1589580,2025-11-06 18:20:00+03:00,55.795039,37.52758,Столкновение,Тяжёлый,1,0,,True
1589581,2025-11-06 18:20:00+03:00,55.86467,37.662139,"Наезд на лицо, использующее для передвижения СИМ",Тяжёлый,1,0,,True
1589590,2025-11-06 18:38:00+03:00,55.717185,37.423623,Наезд на пешехода,Тяжёлый,1,0,,True
1589630,2025-11-06 19:52:00+03:00,55.669362,37.611576,Наезд на пешехода,Тяжёлый,1,0,,True
1589636,2025-11-06 20:15:00+03:00,55.640078,37.605364,Наезд на пешехода,Тяжёлый,1,0,,True
1589648,2025-11-06 21:10:00+03:00,55.744857,37.486607,Столкновение,Тяжёлый,1,0,,True
1589650,2025-11-06 21:15:00+03:00,55.776048,37.442994,Наезд на стоящее ТС,Тяжёлый,1,0,,True
1589708,2025-11-07 07:23:00+03:00,55.778613,37.580473,Наезд на пешехода,С погибшими,0,1,,True
1589744,2025-11-07 08:33:00+03:00,55.695423,37.491934,Наезд на пешехода,Тяжёлый,1,0,,True
1589747,2025-11-07 08:41:00+03:00,55.580067,37.649814,Наезд на пешехода,Тяжёлый,1,0,,True
1589783,2025-11-07 11:52:00+03:00,55.98141,37.169806,"Наезд на лицо, использующее для передвижения СИМ",Тяжёлый,1,0,,True
1589792,2025-11-07 12:06:00+03:00,55.983811,37.175149,Падение пассажира,Тяжёлый,1,0,,True
1589799,2025-11-07 12:35:00+03:00,55.678365,37.739657,Наезд на пешехода,Тяжёлый,1,0,,True
1589831,2025-11-07 14:07:00+03:00,55.686165,37.578826,Наезд на пешехода,Тяжёлый,1,0,,True
1589841,2025-11-07 14:37:00+03:00,55.628614,37.622133,Наезд на велосипедиста,С погибшими,0,1,,True
1589850,2025-11-07 15:00:00+03:00,55.635282,37.726943,Наезд на препятствие,Тяжёлый,1,0,,True
1589880,2025-11-07 16:50:00+03:00,55.517292,37.535938,Наезд на пешехода,Тяжёлый,1,0,,True
1589883,2025-11-07 16:58:00+03:00,55.499873,37.566311,Наезд на пешехода,Тяжёлый,1,0,,True
1589893,2025-11-07 17:10:00+03:00,55.837779,37.63685,Наезд на пешехода,Тяжёлый,1,0,,True
1589894,2025-11-07 17:10:00+03:00,55.699514,37.629923,Столкновение,Тяжёлый,1,0,,True
1589922,2025-11-07 18:05:00+03:00,55.642494,37.689993,Столкновение,Тяжёлый,1,0,,True
1589934,2025-11-07 18:17:00+03:00,55.575361,37.610117,Столкновение,Тяжёлый,2,0,,True
1589939,2025-11-07 18:20:00+03:00,55.794813,37.58521,Падение пассажира,Тяжёлый,1,0,,True
1589965,2025-11-07 19:15:00+03:00,55.670249,37.54124,Наезд на пешехода,Тяжёлый,1,0,,True
1589969,2025-11-07 19:20:00+03:00,55.572474,37.676411,Столкновение,Тяжёлый,1,0,,True
1590003,2025-11-07 20:43:00+03:00,55.612852,37.536904,Столкновение,Тяжёлый,1,0,,True
1590033,2025-11-07 22:47:00+03:00,55.730638,37.739131,Наезд на стоящее ТС,Тяжёлый,2,0,,True
1590045,2025-11-08 00:20:00+03:00,55.657077,37.827677,Наезд на препятствие,Тяжёлый,5,0,,True
1590052,2025-11-08 02:55:00+03:00,55.629026,37.598884,Наезд на препятствие,С погибшими,1,1,,True
1590055,2025-11-08 04:19:00+03:00,55.75268,37.587694,Наезд на пешехода,Тяжёлый,1,0,,True
1590061,2025-11-08 05:25:00+03:00,55.709523,37.729735,Столкновение,Тяжёлый,1,0,,True
1590082,2025-11-08 08:10:00+03:00,55.834012,37.388513,Столкновение,Тяжёлый,2,0,,True
1590084,2025-11-08 08:20:00+03:00,55.791179,37.3658,Столкновение,Тяжёлый,2,0,,True
1590096,2025-11-08 09:40:00+03:00,55.684432,37.539833,Столкновение,Тяжёлый,1,0,,True
1590105,2025-11-08 10:35:00+03:00,55.82431,37.493484,Столкновение,Легкий,1,0,,True
1590110,2025-11-08 11:00:00+03:00,55.647731,37.619762,Столкновение,Тяжёлый,1,0,,True
1590113,2025-11-08 11:16:00+03:00,55.815841,37.518901,Падение пассажира,Тяжёлый,1,0,,True
1590127,2025-11-08 12:09:00+03:00,55.690147,37.859466,Наезд на велосипедиста,Тяжёлый,1,0,,True
1590141,2025-11-08 13:00:00+03:00,55.763471,37.782744,Наезд на велосипедиста,Легкий,1,0,,True
1590178,2025-11-08 14:48:00+03:00,55.642608,37.600659,Наезд на велосипедиста,Тяжёлый,1,0,,True
1590186,2025-11-08 15:30:00+03:00,55.777357,37.465031,Падение пассажира,Тяжёлый,1,0,,True
1590187,2025-11-08 15:33:00+03:00,55.714517,37.855314,Наезд на велосипедиста,Тяжёлый,1,0,,True
1590192,2025-11-08 15:50:00+03:00,55.685478,37.595236,"Наезд на лицо, использующее для передвижения СИМ",Тяжёлый,1,0,,True
1590199,2025-11-08 16:00:00+03:00,55.851481,37.493817,Наезд на велосипедиста,Тяжёлый,1,0,,True
1590200,2025-11-08 16:02:00+03:00,55.719243,37.418103,Падение пассажира,Тяжёлый,1,0,,True
1590218,2025-11-08 16:50:00+03:00,55.742646,37.697611,Столкновение,Тяжёлый,1,0,,True
1590281,2025-11-08 19:00:00+03:00,55.832361,37.388095,Столкновение,Тяжёлый,1,0,,True
1590301,2025-11-08 19:50:00+03:00,55.61283,37.536909,Столкновение,Тяжёлый,1,0,,True
1590319,2025-11-08 20:40:00+03:00,55.646829,37.73735,Наезд на пешехода,Тяжёлый,1,0,,True
1590337,2025-11-08 22:12:00+03:00,55.87424,37.671048,Опрокидывание,Тяжёлый,1,0,,True
1590339,2025-11-08 22:30:00+03:00,55.796414,37.488012,Столкновение,Тяжёлый,1,0,,True
1590343,2025-11-08 22:45:00+03:00,55.794742,37.545831,Столкновение,Легкий,1,0,,True
1590375,2025-11-09 01:23:00+03:00,55.921815,37.392955,Наезд на препятствие,С погибшими,2,2,,True
1590443,2025-11-09 10:30:00+03:00,55.820597,37.641424,Столкновение,Тяжёлый,1,0,,True
1590449,2025-11-09 11:05:00+03:00,55.704761,37.626886,Столкновение,Тяжёлый,1,0,,True
1590453,2025-11-09 11:40:00+03:00,55.802885,37.780362,Столкновение,Легкий,1,0,,True
1590467,2025-11-09 12:58:00+03:00,55.805493,37.747976,Столкновение,Тяжёлый,1,0,,True
1590546,2025-11-09 17:20:00+03:00,55.886316,37.602732,Наезд на пешехода,Тяжёлый,1,0,,True
1590547,2025-11-09 17:20:00+03:00,55.708267,37.467221,Наезд на пешехода,Тяжёлый,1,0,,True
1590552,2025-11-09 17:25:00+03:00,55.656642,37.403458,Наезд на пешехода,Тяжёлый,1,0,,True
1590560,2025-11-09 17:35:00+03:00,55.612281,37.593992,Падение пассажира,Легкий,1,0,,True
1590592,2025-11-09 18:50:00+03:00,55.73236,37.687141,Столкновение,Тяжёлый,1,0,,True
1590602,2025-11-09 19:29:00+03:00,55.677901,37.576215,Наезд на велосипедиста,Тяжёлый,1,0,,True
1590608,2025-11-09 19:37:00+03:00,55.777558,37.556296,Столкновение,Тяжёлый,1,0,,True
1590620,2025-11-09 20:09:00+03:00,55.596104,37.115175,Наезд на пешехода,Тяжёлый,1,0,,True
1590645,2025-11-09 22:00:00+03:00,55.654118,37.774891,Столкновение,Тяжёлый,2,0,,True
1590670,2025-11-10 00:30:00+03:00,55.599404,37.318355,Столкновение,Тяжёлый,2,0,,True
1590679,2025-11-10 03:15:00+03:00,55.671003,37.519951,Столкновение,Тяжёлый,1,0,,True
1590682,2025-11-10 06:00:00+03:00,55.737392,37.728918,Столкновение,Тяжёлый,1,0,,True
1590694,2025-11-10 07:24:00+03:00,55.805333,37.573124,Наезд на пешехода,Тяжёлый,1,0,,True
1590700,2025-11-10 07:30:00+03:00,55.685832,37.073895,Наезд на пешехода,Тяжёлый,1,0,,True
1590701,2025-11-10 07:31:00+03:00,55.955105,37.201703,Наезд на пешехода,Тяжёлый,1,0,,True
1590704,2025-11-10 07:36:00+03:00,55.765577,37.747253,Наезд на препятствие,Легкий,1,0,,True
1590718,2025-11-10 08:28:00+03:00,56.009746,37.163481,Наезд на пешехода,Тяжёлый,1,0,,True
1590721,2025-11-10 08:37:00+03:00,55.748776,37.609205,"Наезд на лицо, использующее для передвижения СИМ",Тяжёлый,1,0,,True
1590780,2025-11-10 12:20:00+03:00,55.646496,37.340888,Опрокидывание,Легкий,1,0,,True
1590789,2025-11-10 12:50:00+03:00,55.420161,37.185867,Столкновение,Тяжёлый,2,0,,True
1590796,2025-11-10 13:10:00+03:00,55.833572,37.564605,Наезд на пешехода,Тяжёлый,1,0,,True
1590813,2025-11-10 14:14:00+03:00,55.634525,37.603433,"Наезд на лицо, использующее для передвижения СИМ",Тяжёлый,1,0,,True
1590830,2025-11-10 15:30:00+03:00,55.942335,37.524117,Падение пассажира,Тяжёлый,1,0,,True
1590846,2025-11-10 16:27:00+03:00,55.704102,37.842547,Падение пассажира,Тяжёлый,1,0,,True
1590851,2025-11-10 16:40:00+03:00,55.819518,37.751073,Наезд на велосипедиста,Легкий,1,0,,True
1590876,2025-11-10 17:23:00+03:00,55.833257,37.692442,Столкновение,Легкий,1,0,,True
1590900,2025-11-10 17:56:00+03:00,55.859707,37.49239,"Наезд на лицо, использующее для передвижения СИМ",Тяжёлый,1,0,,True
1590915,2025-11-10 18:05:00+03:00,56.011464,37.157629,Падение пассажира,Тяжёлый,1,0,,True
1590922,2025-11-10 18:10:00+03:00,55.748555,37.428288,Столкновение,Тяжёлый,1,0,,True
1590924,2025-11-10 18:15:00+03:00,55.714632,37.613057,Наезд на внезапно возникшее препятствие,Тяжёлый,1,0,,True
1590934,2025-11-10 18:26:00+03:00,55.74758,37.874175,Столкновение,Легкий,1,0,,True
1590965,2025-11-10 19:30:00+03:00,55.884468,37.729898,Наезд на стоящее ТС,Тяжёлый,2,0,,True
1590994,2025-11-10 20:35:00+03:00,55.789152,37.390637,Наезд на пешехода,Тяжёлый,1,0,,True
1591019,2025-11-10 22:03:00+03:00,55.878964,37.436288,Столкновение,Тяжёлый,1,0,,True
1591039,2025-11-11 00:28:00+03:00,55.600445,37.603948,Наезд на стоящее ТС,Тяжёлый,3,0,,True
1591079,2025-11-11 07:50:00+03:00,55.636602,37.724637,Наезд на пешехода,Тяжёлый,1,0,,True
1591090,2025-11-11 08:07:00+03:00,55.811016,37.618494,Наезд на пешехода,Тяжёлый,1,0,,True
1591098,2025-11-11 08:20:00+03:00,55.578743,37.668034,Опрокидывание,Тяжёлый,1,0,,True
1591108,2025-11-11 08:50:00+03:00,55.787726,37.603905,"Наезд на лицо, использующее для передвижения СИМ",Тяжёлый,1,0,,True
1591123,2025-11-11 09:40:00+03:00,55.795697,37.714219,Столкновение,Легкий,1,0,,True
1591133,2025-11-11 10:40:00+03:00,55.783976,37.629236,Наезд на пешехода,Тяжёлый,1,0,,True
1591167,2025-11-11 12:20:00+03:00,55.74011,37.410325,Наезд на пешехода,Тяжёлый,1,0,,True
1591191,2025-11-11 13:36:00+03:00,55.693509,37.606566,Наезд на пешехода,Тяжёлый,1,0,,True
1591213,2025-11-11 14:45:00+03:00,55.709772,37.745708,Падение пассажира,Тяжёлый,1,0,,True
1591239,2025-11-11 16:11:00+03:00,55.727164,37.779461,Наезд на велосипедиста,Тяжёлый,1,0,,True
1591248,2025-11-11 16:25:00+03:00,55.738325,37.830182,Наезд на пешехода,Легкий,1,0,,True
1591290,2025-11-11 17:30:00+03:00,55.808746,37.580227,Столкновение,Тяжёлый,1,0,,True
1591306,2025-11-11 17:50:00+03:00,55.722592,37.839267,Столкновение,Легкий,1,0,,True
1591309,2025-11-11 17:50:00+03:00,55.620497,37.624848,Столкновение,Тяжёлый,1,0,,True
1591311,2025-11-11 17:55:00+03:00,55.600196,37.598369,Наезд на пешехода,Тяжёлый,1,0,,True
1591344,2025-11-11 19:00:00+03:00,55.725304,37.532966,Падение пассажира,Легкий,1,0,,True
1591362,2025-11-11 19:47:00+03:00,55.734414,37.44539,Наезд на пешехода,Тяжёлый,1,0,,True
1591368,2025-11-11 20:00:00+03:00,55.641773,37.670585,Наезд на велосипедиста,Тяжёлый,1,0,,True
1591385,2025-11-11 20:36:00+03:00,56.002533,37.201434,Наезд на препятствие,Тяжёлый,1,0,,True
1591393,2025-11-11 21:15:00+03:00,55.87985,37.576588,Столкновение,Тяжёлый,1,0,,True
1591406,2025-11-11 23:10:00+03:00,55.828926,37.394092,Столкновение,Тяжёлый,1,0,,True
1591415,2025-11-12 00:12:00+03:00,55.894573,37.690205,Столкновение,Тяжёлый,1,0,,True
1591419,2025-11-12 00:33:00+03:00,55.733856,37.405461,Наезд на велосипедиста,Тяжёлый,1,0,,True
1591435,2025-11-12 06:52:00+03:00,55.546024,37.487594,Наезд на пешехода,Тяжёлый,1,0,,True
1591443,2025-11-12 07:20:00+03:00,55.853878,37.391775,Столкновение,Тяжёлый,1,0,,True
1591445,2025-11-12 07:25:00+03:00,55.603184,37.46693,Наезд на пешехода,Тяжёлый,1,0,,True
1591460,2025-11-12 07:56:00+03:00,55.88036,37.465321,Наезд на стоящее ТС,Тяжёлый,1,0,,True
1591479,2025-11-12 08:31:00+03:00,55.819714,37.640545,Падение пассажира,Тяжёлый,1,0,,True
1591490,2025-11-12 09:10:00+03:00,55.687855,37.828352,Столкновение,Тяжёлый,1,0,,True
1591497,2025-11-12 09:50:00+03:00,55.792397,37.49136,Столкновение,Тяжёлый,1,0,,True
1591506,2025-11-12 10:10:00+03:00,55.764298,37.632111,Наезд на пешехода,Тяжёлый,1,0,,True
1591556,2025-11-12 13:20:00+03:00,55.807346,37.502768,Столкновение,Тяжёлый,1,0,,True
1591559,2025-11-12 13:21:00+03:00,55.777623,37.617316,Наезд на пешехода,Тяжёлый,1,0,,True
1591578,2025-11-12 14:34:00+03:00,55.81692,37.803794,Наезд на велосипедиста,Тяжёлый,1,0,,True
1591582,2025-11-12 14:45:00+03:00,55.810303,37.633962,"Наезд на лицо, использующее для передвижения СИМ",Тяжёлый,1,0,,True
1591656,2025-11-12 17:45:00+03:00,55.872005,37.596844,"Наезд на лицо, использующее для передвижения СИМ",Тяжёлый,1,0,,True
1591662,2025-11-12 18:00:00+03:00,55.736057,37.840916,Столкновение,Легкий,2,0,,True
1591669,2025-11-12 18:10:00+03:00,55.851782,37.439808,Наезд на пешехода,Тяжёлый,1,0,,True
1591677,2025-11-12 18:20:00+03:00,55.882056,37.639112,Наезд на пешехода,Тяжёлый,1,0,,True
1591682,2025-11-12 18:28:00+03:00,55.660698,37.522806,Наезд на пешехода,Тяжёлый,1,0,,True
1591683,2025-11-12 18:28:00+03:00,55.827516,37.76399,Наезд на пешехода,Тяжёлый,1,0,,True
1591699,2025-11-12 18:54:00+03:00,55.706378,37.920765,Наезд на пешехода,Тяжёлый,1,0,,True
1591706,2025-11-12 19:05:00+03:00,55.779282,37.622284,Наезд на пешехода,Тяжёлый,1,0,,True
1591723,2025-11-12 20:05:00+03:00,55.574123,37.631371,Столкновение,Тяжёлый,1,0,,True
1591730,2025-11-12 20:20:00+03:00,55.673592,37.544918,Столкновение,Тяжёлый,1,0,,True
1591732,2025-11-12 20:28:00+03:00,55.883604,37.586428,Столкновение,Тяжёлый,1,0,,True
1591751,2025-11-12 21:45:00+03:00,55.883353,37.586657,Столкновение,Тяжёлый,1,0,,True
1591778,2025-11-13 01:45:00+03:00,55.723001,37.769666,Столкновение,Тяжёлый,1,0,,True
1591820,2025-11-13 07:44:00+03:00,55.547354,37.486832,Наезд на велосипедиста,Тяжёлый,1,0,,True
1591841,2025-11-13 08:07:00+03:00,55.658221,37.64166,Столкновение,Тяжёлый,2,0,,True
1591853,2025-11-13 08:39:00+03:00,55.698994,37.563468,Наезд на пешехода,Легкий,1,0,,True
1591861,2025-11-13 09:00:00+03:00,55.806672,37.476511,Наезд на пешехода,Легкий,1,0,,True
1591872,2025-11-13 09:40:00+03:00,55.939935,37.362431,Столкновение,Тяжёлый,1,0,,True
1591883,2025-11-13 10:15:00+03:00,55.731653,37.492003,Столкновение,Тяжёлый,1,0,,True
1591896,2025-11-13 11:15:00+03:00,55.504278,37.267674,Наезд на препятствие,С погибшими,0,1,,True
1591898,2025-11-13 11:20:00+03:00,55.846313,37.359889,Столкновение,Тяжёлый,1,0,,True
1591912,2025-11-13 12:32:00+03:00,55.604118,37.669512,Столкновение,Легкий,1,0,,True
1591931,2025-11-13 13:52:00+03:00,55.769283,37.639793,Наезд на пешехода,Тяжёлый,1,0,,True
1591949,2025-11-13 14:49:00+03:00,55.899788,37.573897,Падение пассажира,Тяжёлый,1,0,,True
1591950,2025-11-13 14:50:00+03:00,55.69201,37.858704,Наезд на велосипедиста,Тяжёлый,1,0,,True
1591953,2025-11-13 14:56:00+03:00,55.612244,37.730709,Наезд на пешехода,Легкий,1,0,,True
1591958,2025-11-13 15:26:00+03:00,55.713193,37.878016,Наезд на пешехода,С погибшими,0,1,,True
1591967,2025-11-13 15:54:00+03:00,55.840088,37.542253,Наезд на пешехода,Тяжёлый,1,0,,True
1591974,2025-11-13 16:00:00+03:00,55.699411,37.658461,Опрокидывание,Тяжёлый,1,0,,True
1591980,2025-11-13 16:13:00+03:00,55.747297,37.555068,Наезд на пешехода,Тяжёлый,1,0,,True
1591984,2025-11-13 16:25:00+03:00,55.743558,37.534404,Столкновение,Тяжёлый,1,0,,True
1592051,2025-11-13 18:00:00+03:00,55.640036,37.67223,Наезд на пешехода,Тяжёлый,1,0,,True
1592063,2025-11-13 18:20:00+03:00,55.595141,37.605053,Наезд на пешехода,Легкий,1,0,,True
1592067,2025-11-13 18:28:00+03:00,55.698836,37.941134,Наезд на велосипедиста,Тяжёлый,1,0,,True
1592076,2025-11-13 18:40:00+03:00,55.764678,37.644986,Наезд на пешехода,Тяжёлый,1,0,,True
1592087,2025-11-13 18:58:00+03:00,55.535419,37.447876,Наезд на пешехода,С погибшими,0,1,,True
1592115,2025-11-13 20:06:00+03:00,55.56827,37.462864,Наезд на пешехода,Тяжёлый,1,0,,True
1592127,2025-11-13 20:40:00+03:00,55.67223,37.550111,Столкновение,Тяжёлый,1,0,,True
1592140,2025-11-13 22:00:00+03:00,55.6535,37.608969,Опрокидывание,Легкий,1,0,,True
1592147,2025-11-13 23:10:00+03:00,55.875925,37.426547,Столкновение,Тяжёлый,1,0,,True
1592186,2025-11-14 07:21:00+03:00,55.647749,37.648473,Наезд на пешехода,Тяжёлый,1,0,,True
1592213,2025-11-14 08:10:00+03:00,55.880536,37.713218,Наезд на пешехода,Тяжёлый,1,0,,True
1592226,2025-11-14 08:46:00+03:00,55.742867,37.789455,Столкновение,Легкий,1,0,,True
1592243,2025-11-14 09:48:00+03:00,55.740892,37.500981,"Наезд на лицо, использующее для передвижения СИМ",Тяжёлый,1,0,,True
1592263,2025-11-14 11:10:00+03:00,55.694104,37.558171,Столкновение,Тяжёлый,1,0,,True
1592277,2025-11-14 11:55:00+03:00,55.528048,37.391067,Столкновение,Тяжёлый,3,0,,True
1592292,2025-11-14 12:20:00+03:00,55.921286,37.544607,Столкновение,Тяжёлый,1,0,,True
1592316,2025-11-14 13:39:00+03:00,55.835861,37.355736,Наезд на пешехода,Тяжёлый,1,0,,True
1592319,2025-11-14 13:44:00+03:00,55.758113,37.580974,Наезд на пешехода,Тяжёлый,1,0,,True
1592349,2025-11-14 15:10:00+03:00,55.647822,37.710046,Наезд на пешехода,Тяжёлый,1,0,,True
1592376,2025-11-14 16:20:00+03:00,55.639938,37.458616,Столкновение,Тяжёлый,1,0,,True
1592377,2025-11-14 16:25:00+03:00,55.970766,37.193055,Наезд на пешехода,Тяжёлый,1,0,,True
1592383,2025-11-14 16:40:00+03:00,55.591151,37.60168,Наезд на препятствие,Тяжёлый,1,0,,True
1592385,2025-11-14 16:42:00+03:00,55.841994,37.492529,Наезд на велосипедиста,Тяжёлый,1,0,,True
1592389,2025-11-14 16:47:00+03:00,55.702639,37.934943,Наезд на пешехода,Тяжёлый,1,0,,True
1592401,2025-11-14 17:02:00+03:00,55.876738,37.619686,Наезд на пешехода,Тяжёлый,1,0,,True
1592407,2025-11-14 17:15:00+03:00,55.535124,37.521881,Наезд на велосипедиста,Тяжёлый,2,0,,True
1592443,2025-11-14 18:10:00+03:00,55.858388,37.42277,Столкновение,Легкий,1,0,,True
1592477,2025-11-14 19:15:00+03:00,55.799933,37.712636,Наезд на пешехода,Легкий,1,0,,True
1592484,2025-11-14 19:30:00+03:00,55.734504,37.517987,Наезд на пешехода,Тяжёлый,1,0,,True
1592488,2025-11-14 19:38:00+03:00,55.75107,37.36916,Столкновение,Тяжёлый,1,0,,True
1592510,2025-11-14 20:20:00+03:00,55.879176,37.625702,Наезд на пешехода,Тяжёлый,1,0,,True
1592515,2025-11-14 20:30:00+03:00,55.66817,37.623914,Наезд на пешехода,Тяжёлый,1,0,,True
1592525,2025-11-14 21:00:00+03:00,55.618643,37.784128,Столкновение,Тяжёлый,1,0,,True
1592542,2025-11-14 22:01:00+03:00,55.808951,37.778549,Наезд на пешехода,Легкий,1,0,,True
1592543,2025-11-14 22:03:00+03:00,55.777237,37.586975,Наезд на пешехода,Тяжёлый,1,0,,True
1592555,2025-11-14 23:10:00+03:00,55.861581,37.347603,Столкновение,Тяжёлый,1,0,,True
1592571,2025-11-15 00:55:00+03:00,55.671928,37.609838,Наезд на пешехода,Тяжёлый,1,0,,True
1592572,2025-11-15 00:55:00+03:00,55.710322,37.493023,Столкновение,Легкий,2,0,,True
1592596,2025-11-15 04:45:00+03:00,55.57199,37.663243,Столкновение,Тяжёлый,1,0,,True
1592635,2025-11-15 08:41:00+03:00,55.724736,37.72101,Наезд на пешехода,С погибшими,0,1,,True
1592646,2025-11-15 09:25:00+03:00,55.686772,37.928549,Столкновение,Тяжёлый,1,0,,True
1592657,2025-11-15 10:15:00+03:00,55.604082,37.335915,Столкновение,Тяжёлый,1,0,,True
1592659,2025-11-15 10:20:00+03:00,55.533391,37.390423,Наезд на препятствие,С погибшими,1,1,,True
1592704,2025-11-15 12:34:00+03:00,55.80754,37.770374,Наезд на пешехода,Легкий,1,0,,True
1592707,2025-11-15 12:44:00+03:00,55.807449,37.571418,Падение пассажира,Тяжёлый,1,0,,True
1592708,2025-11-15 12:46:00+03:00,55.765704,37.732136,Падение пассажира,Легкий,1,0,,True
1592762,2025-11-15 15:48:00+03:00,55.834247,37.409745,Столкновение,Тяжёлый,1,0,,True
1592779,2025-11-15 16:30:00+03:00,55.883889,37.64156,Наезд на велосипедиста,Тяжёлый,1,0,,True
1592837,2025-11-15 18:05:00+03:00,55.816776,37.461587,Наезд на пешехода,Легкий,1,0,,True
1592843,2025-11-15 18:10:00+03:00,55.869617,37.710142,Столкновение,Тяжёлый,1,0,,True
1592848,2025-11-15 18:18:00+03:00,55.797494,37.548598,Наезд на пешехода,Тяжёлый,1,0,,True
1592856,2025-11-15 18:26:00+03:00,55.811983,37.708608,Наезд на пешехода,Легкий,1,0,,True
1592871,2025-11-15 18:51:00+03:00,55.809542,37.403448,Наезд на пешехода,Легкий,1,0,,True
1592895,2025-11-15 19:46:00+03:00,55.85289,37.51639,Наезд на пешехода,Тяжёлый,1,0,,True
1592922,2025-11-15 20:50:00+03:00,55.743721,37.835948,Столкновение,Легкий,3,0,,True
1592924,2025-11-15 20:50:00+03:00,55.698998,37.864502,Столкновение,Тяжёлый,1,0,,True
1592945,2025-11-15 22:00:00+03:00,55.76609,37.714198,Наезд на стоящее ТС,Тяжёлый,1,0,,True
1592961,2025-11-15 23:10:00+03:00,55.553125,37.138038,Наезд на пешехода,Тяжёлый,1,0,,True
1592975,2025-11-16 00:03:00+03:00,55.555298,37.523643,Наезд на препятствие,С погибшими,0,1,,True
1592995,2025-11-16 02:00:00+03:00,55.894279,37.629811,Наезд на велосипедиста,Тяжёлый,1,0,,True
1593003,2025-11-16 03:00:00+03:00,55.689845,37.662688,Наезд на стоящее ТС,Тяжёлый,1,0,,True
1593012,2025-11-16 04:49:00+03:00,55.753535,37.727034,Столкновение,Легкий,2,0,,True
1593048,2025-11-16 08:25:00+03:00,55.883026,37.463678,Наезд на стоящее ТС,Тяжёлый,1,0,,True
1593057,2025-11-16 08:58:00+03:00,55.748128,37.407183,Наезд на велосипедиста,Тяжёлый,1,0,,True
1593075,2025-11-16 10:00:00+03:00,55.77752,37.464033,Столкновение,Тяжёлый,1,0,,True
1593119,2025-11-16 13:22:00+03:00,55.793604,37.821701,Наезд на пешехода,Тяжёлый,1,0,,True
1593120,2025-11-16 13:24:00+03:00,55.701261,37.941563,Наезд на пешехода,Тяжёлый,1,0,,True
1593121,2025-11-16 13:25:00+03:00,55.848557,37.595428,Наезд на пешехода,Тяжёлый,1,0,,True
1593152,2025-11-16 15:07:00+03:00,55.729938,37.485954,Наезд на велосипедиста,Тяжёлый,1,0,,True
1593214,2025-11-16 17:42:00+03:00,55.613433,37.489835,Столкновение,Тяжёлый,1,0,,True
1593216,2025-11-16 17:44:00+03:00,55.671135,37.748734,Столкновение,Тяжёлый,1,0,,True
1593248,2025-11-16 19:00:00+03:00,55.653464,37.613368,Столкновение,Тяжёлый,1,0,,True
1593281,2025-11-16 20:08:00+03:00,55.77787,37.581375,Наезд на препятствие,Тяжёлый,1,0,,True
1593287,2025-11-16 20:25:00+03:00,55.703019,37.400498,Столкновение,Тяжёлый,1,0,,True
1593301,2025-11-16 21:00:00+03:00,55.653058,37.605407,Столкновение,Тяжёлый,1,0,,True
1593307,2025-11-16 21:19:00+03:00,55.624029,37.742713,Столкновение,Тяжёлый,1,0,,True
1593368,2025-11-17 07:29:00+03:00,55.901734,37.574022,Наезд на пешехода,Тяжёлый,1,0,,True
1593411,2025-11-17 09:00:00+03:00,55.810102,37.504963,Столкновение,Тяжёлый,1,0,,True
1593452,2025-11-17 11:45:00+03:00,55.828968,37.371422,Столкновение,Тяжёлый,1,0,,True
1593513,2025-11-17 15:30:00+03:00,55.694676,37.757156,Наезд на пешехода,Тяжёлый,1,0,,True
1593550,2025-11-17 17:24:00+03:00,55.885939,37.492958,Наезд на пешехода,Тяжёлый,1,0,,True
1593551,2025-11-17 17:24:00+03:00,55.788832,37.626082,Наезд на пешехода,Тяжёлый,1,0,,True
1593555,2025-11-17 17:30:00+03:00,55.788277,37.545841,Наезд на пешехода,С погибшими,0,1,,True
1593573,2025-11-17 17:46:00+03:00,55.641985,37.346414,Наезд на пешехода,Тяжёлый,2,0,,True
1593576,2025-11-17 17:56:00+03:00,55.586599,37.674171,Наезд на пешехода,Тяжёлый,1,0,,True
1593577,2025-11-17 17:58:00+03:00,55.710002,37.59544,Наезд на пешехода,Легкий,1,0,,True
1593587,2025-11-17 18:04:00+03:00,55.837066,37.353247,Наезд на пешехода,Тяжёлый,1,0,,True
1593593,2025-11-17 18:10:00+03:00,55.684918,37.582925,Наезд на пешехода,Тяжёлый,1,0,,True
1593619,2025-11-17 19:10:00+03:00,55.683397,37.744721,Наезд на пешехода,Тяжёлый,1,0,,True
1593625,2025-11-17 19:18:00+03:00,55.63567,37.712245,"Наезд на лицо, использующее для передвижения СИМ",Легкий,1,0,,True
1593635,2025-11-17 19:40:00+03:00,55.773007,37.489868,Столкновение,Тяжёлый,1,0,,True
1593664,2025-11-17 21:10:00+03:00,55.796212,37.294137,Наезд на пешехода,Тяжёлый,1,0,,True
1593696,2025-11-18 02:45:00+03:00,55.550525,37.545735,Наезд на пешехода,Тяжёлый,1,0,,True
1593737,2025-11-18 07:50:00+03:00,55.804537,37.393212,Наезд на пешехода,Тяжёлый,1,0,,True
1593739,2025-11-18 07:50:00+03:00,55.695989,37.821701,Наезд на пешехода,Тяжёлый,1,0,,True
1593756,2025-11-18 08:20:00+03:00,55.794406,37.545862,Наезд на стоящее ТС,Тяжёлый,1,0,,True
1593758,2025-11-18 08:20:00+03:00,55.68295,37.841313,Столкновение,Тяжёлый,1,0,,True
1593759,2025-11-18 08:26:00+03:00,55.866685,37.478936,Столкновение,Тяжёлый,1,0,,True
1593778,2025-11-18 09:20:00+03:00,55.865059,37.583365,Наезд на пешехода,Тяжёлый,1,0,,True
1593785,2025-11-18 09:30:00+03:00,55.79131,37.613279,Наезд на пешехода,Тяжёлый,1,0,,True
1593799,2025-11-18 10:00:00+03:00,55.838686,37.395382,Столкновение,Тяжёлый,1,0,,True
1593802,2025-11-18 10:15:00+03:00,55.588096,37.664845,Падение пассажира,Тяжёлый,1,0,,True
1593808,2025-11-18 10:30:00+03:00,55.731884,37.571304,Столкновение,Тяжёлый,1,0,,True
1593819,2025-11-18 11:05:00+03:00,55.687728,37.595353,Столкновение,Тяжёлый,1,0,,True
1593846,2025-11-18 12:45:00+03:00,55.675165,37.663665,Столкновение,Тяжёлый,3,0,,True
1593852,2025-11-18 13:00:00+03:00,55.642403,37.402021,Наезд на велосипедиста,Тяжёлый,1,0,,True
1593856,2025-11-18 13:10:00+03:00,55.842005,37.647639,Наезд на стоящее ТС,Тяжёлый,1,0,,True
1593862,2025-11-18 13:27:00+03:00,55.678475,37.665395,Наезд на пешехода,Тяжёлый,1,0,,True
1593890,2025-11-18 14:35:00+03:00,55.820698,37.391892,Столкновение,Тяжёлый,1,0,,True
1593906,2025-11-18 15:15:00+03:00,55.692052,37.858565,Наезд на пешехода,Тяжёлый,1,0,,True
1593915,2025-11-18 15:45:00+03:00,55.587423,37.120485,Столкновение,Тяжёлый,1,0,,True
1593940,2025-11-18 16:40:00+03:00,55.734622,37.224571,Наезд на пешехода,Тяжёлый,1,0,,True
1593952,2025-11-18 17:10:00+03:00,55.724748,37.775491,Наезд на пешехода,Тяжёлый,1,0,,True
1593953,2025-11-18 17:10:00+03:00,55.513738,37.366165,Наезд на пешехода,Тяжёлый,1,0,,True
1593967,2025-11-18 17:42:00+03:00,55.898579,37.591997,"Наезд на лицо, использующее для передвижения СИМ",Тяжёлый,1,0,,True
1593974,2025-11-18 17:50:00+03:00,55.653773,37.536807,Столкновение,Тяжёлый,1,0,,True
1594002,2025-11-18 18:25:00+03:00,55.773351,37.709616,Наезд на пешехода,Тяжёлый,1,0,,True
1594008,2025-11-18 18:35:00+03:00,55.816125,37.393577,Наезд на пешехода,Тяжёлый,1,0,,True
1594019,2025-11-18 18:55:00+03:00,55.855703,37.685927,Наезд на пешехода,Тяжёлый,1,0,,True
1594028,2025-11-18 19:15:00+03:00,55.825967,37.702214,Наезд на пешехода,Легкий,1,0,,True
1594030,2025-11-18 19:17:00+03:00,55.849301,37.427598,Наезд на пешехода,Тяжёлый,1,0,,True
1594035,2025-11-18 19:20:00+03:00,55.828619,37.525038,Столкновение,Тяжёлый,1,0,,True
1594047,2025-11-18 19:50:00+03:00,55.604305,37.589432,Наезд на препятствие,Тяжёлый,1,0,,True
1594052,2025-11-18 20:15:00+03:00,55.754319,37.752778,Наезд на пешехода,Легкий,1,0,,True
1594054,2025-11-18 20:18:00+03:00,55.820627,37.75104,Наезд на пешехода,Легкий,1,0,,True
1594055,2025-11-18 20:28:00+03:00,55.625161,37.595891,Столкновение,Тяжёлый,3,0,,True
1594059,2025-11-18 20:30:00+03:00,55.852728,37.564487,Столкновение,Тяжёлый,1,0,,True
1594078,2025-11-18 21:30:00+03:00,55.620072,37.717652,Столкновение,Тяжёлый,1,0,,True
1594084,2025-11-18 22:00:00+03:00,55.642288,37.466769,Столкновение,Тяжёлый,1,0,,True
1594090,2025-11-18 22:52:00+03:00,55.627984,37.678835,Наезд на пешехода,Тяжёлый,1,0,,True
1594114,2025-11-19 02:50:00+03:00,55.632042,37.619634,Столкновение,Тяжёлый,1,0,,True
1594136,2025-11-19 07:00:00+03:00,55.851144,37.380091,Наезд на пешехода,Тяжёлый,1,0,,True
1594167,2025-11-19 07:55:00+03:00,55.690454,37.580251,Наезд на пешехода,Тяжёлый,1,0,,True
1594186,2025-11-19 08:34:00+03:00,55.873493,37.522055,Столкновение,Тяжёлый,1,0,,True
1594219,2025-11-19 10:02:00+03:00,55.598826,37.662549,Наезд на пешехода,Тяжёлый,1,0,,True
1594232,2025-11-19 10:46:00+03:00,55.703395,37.669458,Наезд на пешехода,Тяжёлый,1,0,,True
1594234,2025-11-19 10:48:00+03:00,55.970688,37.172263,Наезд на пешехода,Тяжёлый,1,0,,True
1594299,2025-11-19 14:50:00+03:00,55.714378,37.593348,Наезд на пешехода,Тяжёлый,2,0,,True
1594300,2025-11-19 14:55:00+03:00,55.614626,37.744217,Наезд на пешехода,Тяжёлый,1,0,,True
1594301,2025-11-19 14:58:00+03:00,55.811151,37.484515,Столкновение,Тяжёлый,1,0,,True
1594320,2025-11-19 15:53:00+03:00,55.781774,37.670499,Падение пассажира,Тяжёлый,1,0,,True
1594324,2025-11-19 16:03:00+03:00,55.768749,37.69355,Столкновение,Тяжёлый,1,0,,True
1594332,2025-11-19 16:25:00+03:00,55.758104,37.464709,Столкновение,Тяжёлый,1,0,,True
1594343,2025-11-19 16:50:00+03:00,55.715427,37.803274,Столкновение,Тяжёлый,1,0,,True
1594346,2025-11-19 16:56:00+03:00,55.707935,37.477283,Наезд на пешехода,Тяжёлый,1,0,,True
1594347,2025-11-19 16:57:00+03:00,55.752948,37.502164,Наезд на пешехода,Тяжёлый,1,0,,True
1594363,2025-11-19 17:15:00+03:00,55.710159,37.584153,Столкновение,Тяжёлый,2,0,,True
1594366,2025-11-19 17:25:00+03:00,55.714203,37.532805,Наезд на пешехода,Легкий,1,0,,True
1594368,2025-11-19 17:26:00+03:00,55.37691,37.396345,Столкновение,С погибшими,0,1,,True
1594371,2025-11-19 17:30:00+03:00,55.614704,37.603884,Наезд на пешехода,Тяжёлый,1,0,,True
1594388,2025-11-19 17:43:00+03:00,55.67033,37.764645,Наезд на пешехода,Тяжёлый,1,0,,True
1594436,2025-11-19 19:30:00+03:00,55.707004,37.67272,Наезд на пешехода,Тяжёлый,1,0,,True
1594455,2025-11-19 20:10:00+03:00,55.851318,37.342765,Наезд на пешехода,Легкий,1,0,,True
1594459,2025-11-19 20:23:00+03:00,55.638092,37.460803,Столкновение,Тяжёлый,1,0,,True
1594484,2025-11-19 21:39:00+03:00,55.729805,37.544564,Столкновение,Тяжёлый,1,0,,True
1594503,2025-11-20 01:54:00+03:00,55.515081,37.5766,Наезд на препятствие,Тяжёлый,1,0,,True
1594505,2025-11-20 03:06:00+03:00,55.771801,37.820417,Столкновение,Легкий,3,0,,True
1594507,2025-11-20 05:38:00+03:00,55.769446,37.646112,Столкновение,Тяжёлый,1,0,,True
1594526,2025-11-20 07:30:00+03:00,55.584924,37.597768,Столкновение,Тяжёлый,1,0,,True
1594538,2025-11-20 07:53:00+03:00,55.977232,37.156577,Столкновение,Тяжёлый,1,0,,True
1594549,2025-11-20 08:24:00+03:00,55.719327,37.429079,Наезд на пешехода,Тяжёлый,1,0,,True
1594557,2025-11-20 08:50:00+03:00,55.759481,37.624408,Падение пассажира,Тяжёлый,1,0,,True
1594588,2025-11-20 11:00:00+03:00,55.796107,37.496928,Столкновение,Тяжёлый,1,0,,True
1594592,2025-11-20 11:18:00+03:00,55.702851,37.91694,Наезд на пешехода,Тяжёлый,1,0,,True
1594603,2025-11-20 11:50:00+03:00,55.658609,37.411687,Наезд на пешехода,Тяжёлый,1,0,,True
1594646,2025-11-20 14:00:00+03:00,55.842933,37.665216,Падение пассажира,Тяжёлый,1,0,,True
1594649,2025-11-20 14:05:00+03:00,55.7156,37.899324,Падение пассажира,Тяжёлый,1,0,,True
1594650,2025-11-20 14:05:00+03:00,55.733816,37.642196,Наезд на велосипедиста,Тяжёлый,1,0,,True
1594663,2025-11-20 15:09:00+03:00,55.703444,37.647288,Опрокидывание,Тяжёлый,1,0,,True
1594664,2025-11-20 15:10:00+03:00,55.610632,37.740226,Наезд на пешехода,Тяжёлый,2,0,,True
1594675,2025-11-20 15:33:00+03:00,55.795154,37.54362,Наезд на стоящее ТС,Тяжёлый,1,0,,True
1594689,2025-11-20 16:17:00+03:00,55.837097,37.537483,Наезд на пешехода,Тяжёлый,1,0,,True
1594691,2025-11-20 16:20:00+03:00,55.619061,37.657174,Наезд на пешехода,Тяжёлый,1,0,,True
1594699,2025-11-20 16:39:00+03:00,56.008088,37.205853,Наезд на пешехода,Тяжёлый,1,0,,True
1594708,2025-11-20 17:00:00+03:00,55.706659,37.024135,Столкновение,Тяжёлый,1,0,,True
1594714,2025-11-20 17:10:00+03:00,55.825148,37.579636,Наезд на велосипедиста,Тяжёлый,1,0,,True
1594724,2025-11-20 17:39:00+03:00,55.746379,37.814695,Наезд на пешехода,Тяжёлый,1,0,,True
1594728,2025-11-20 17:40:00+03:00,55.809074,37.777931,Столкновение,Тяжёлый,1,0,,True
1594743,2025-11-20 18:09:00+03:00,55.651551,37.768604,Наезд на пешехода,Тяжёлый,1,0,,True
1594751,2025-11-20 18:15:00+03:00,55.729708,37.411891,Наезд на пешехода,Тяжёлый,1,0,,True
1594799,2025-11-20 20:05:00+03:00,55.8318,37.400175,Столкновение,Легкий,2,0,,True
1594827,2025-11-20 22:45:00+03:00,55.8937,37.500479,Наезд на препятствие,Тяжёлый,1,0,,True
1594855,2025-11-21 06:40:00+03:00,55.630806,37.438027,Столкновение,Тяжёлый,1,0,,True
1594906,2025-11-21 09:05:00+03:00,55.612287,37.436932,Столкновение,С погибшими,1,1,,True
1594910,2025-11-21 09:10:00+03:00,55.517626,37.464709,Наезд на препятствие,Тяжёлый,2,0,,True
1594947,2025-11-21 11:17:00+03:00,55.71879,37.401474,Наезд на пешехода,Тяжёлый,1,0,,True
1594949,2025-11-21 11:31:00+03:00,55.674693,37.603964,Наезд на пешехода,Тяжёлый,1,0,,True
1594982,2025-11-21 13:50:00+03:00,55.846986,37.6547,Столкновение,Тяжёлый,1,0,,True
1595010,2025-11-21 15:20:00+03:00,55.844067,37.365682,Наезд на пешехода,Тяжёлый,1,0,,True
1595026,2025-11-21 16:00:00+03:00,55.867218,37.706375,Наезд на пешехода,Тяжёлый,1,0,,True
1595049,2025-11-21 16:42:00+03:00,55.68194,37.765825,Наезд на пешехода,Тяжёлый,2,0,,True
1595061,2025-11-21 17:01:00+03:00,55.708086,37.809877,Столкновение,Тяжёлый,1,0,,True
1595093,2025-11-21 17:40:00+03:00,55.771685,37.593144,Столкновение,Тяжёлый,3,0,,True
1595122,2025-11-21 18:20:00+03:00,55.907608,37.540802,Столкновение,Тяжёлый,1,0,,True
1595133,2025-11-21 18:35:00+03:00,55.709984,37.595301,Наезд на пешехода,Легкий,1,0,,True
1595156,2025-11-21 19:00:00+03:00,55.533247,37.534388,Наезд на пешехода,Тяжёлый,1,0,,True
1595157,2025-11-21 19:00:00+03:00,55.904187,37.572578,Наезд на пешехода,С погибшими,0,1,,True
1595170,2025-11-21 19:30:00+03:00,55.669744,37.447329,Падение пассажира,Тяжёлый,1,0,,True
1595174,2025-11-21 19:40:00+03:00,55.690558,37.665135,"Наезд на лицо, использующее для передвижения СИМ",Легкий,1,0,,True
1595178,2025-11-21 19:56:00+03:00,55.792571,37.548922,Столкновение,Тяжёлый,1,0,,True
1595182,2025-11-21 20:12:00+03:00,55.758394,37.657882,Наезд на велосипедиста,Тяжёлый,1,0,,True
1595184,2025-11-21 20:15:00+03:00,55.68494,37.478807,Столкновение,Тяжёлый,1,0,,True
1595194,2025-11-21 20:43:00+03:00,55.756305,37.826368,Столкновение,Легкий,1,0,,True
1595196,2025-11-21 20:56:00+03:00,55.586609,37.674181,Наезд на велосипедиста,Тяжёлый,1,0,,True
1595222,2025-11-21 22:26:00+03:00,55.871094,37.641346,Наезд на пешехода,С погибшими,1,1,,True
1595249,2025-11-22 02:18:00+03:00,55.645724,37.396661,Столкновение,Тяжёлый,1,0,,True
1595263,2025-11-22 05:30:00+03:00,55.782546,37.594593,Наезд на пешехода,Легкий,1,0,,True
1595376,2025-11-22 13:10:00+03:00,55.655417,37.349647,Столкновение,Тяжёлый,2,0,,True
1595393,2025-11-22 13:50:00+03:00,55.793591,37.578306,Столкновение,Тяжёлый,1,0,,True
1595395,2025-11-22 14:00:00+03:00,55.454361,37.289904,Наезд на пешехода,Тяжёлый,1,0,,True
1595410,2025-11-22 14:56:00+03:00,55.980612,37.170374,Наезд на пешехода,Тяжёлый,1,0,,True
1595421,2025-11-22 15:30:00+03:00,55.63834,37.65933,Столкновение,Тяжёлый,1,0,,True
1595428,2025-11-22 15:56:00+03:00,55.809017,37.776114,Наезд на велосипедиста,Легкий,1,0,,True
1595440,2025-11-22 16:30:00+03:00,55.664177,37.781081,Наезд на пешехода,Тяжёлый,1,0,,True
1595444,2025-11-22 16:40:00+03:00,55.699051,37.268066,Столкновение,Тяжёлый,1,0,,True
1595456,2025-11-22 17:10:00+03:00,55.704803,37.537955,Наезд на препятствие,Тяжёлый,1,0,,True
1595462,2025-11-22 17:20:00+03:00,55.618755,37.504903,Наезд на велосипедиста,Тяжёлый,1,0,,True
1595475,2025-11-22 17:30:00+03:00,55.68217,37.566912,Наезд на пешехода,Тяжёлый,1,0,,True
1595482,2025-11-22 17:45:00+03:00,55.90321,37.613143,Столкновение,Тяжёлый,1,0,,True
1595499,2025-11-22 18:25:00+03:00,55.67263,37.424625,Столкновение,Тяжёлый,3,0,,True
1595505,2025-11-22 18:37:00+03:00,55.885343,37.535337,"Наезд на лицо, использующее для передвижения СИМ",Тяжёлый,2,0,,True
1595506,2025-11-22 18:40:00+03:00,55.820772,37.640653,Наезд на велосипедиста,Тяжёлый,1,0,,True
1595508,2025-11-22 18:50:00+03:00,55.799406,37.399113,Наезд на пешехода,Тяжёлый,1,0,,True
1595519,2025-11-22 19:04:00+03:00,55.663668,37.509223,Наезд на пешехода,Тяжёлый,1,0,,True
1595555,2025-11-22 21:00:00+03:00,55.850385,37.413039,Столкновение,Легкий,1,0,,True
1595566,2025-11-22 21:30:00+03:00,55.610275,37.713253,Падение пассажира,Тяжёлый,1,0,,True
1595567,2025-11-22 21:30:00+03:00,55.688118,37.679108,Столкновение,Тяжёлый,1,0,,True
1595585,2025-11-22 22:30:00+03:00,55.687028,37.535069,Столкновение,Тяжёлый,2,0,,True
1595586,2025-11-22 22:34:00+03:00,55.601001,37.603698,Опрокидывание,Тяжёлый,1,0,,True
1595589,2025-11-22 22:55:00+03:00,55.855331,37.682414,Наезд на пешехода,Тяжёлый,1,0,,True
1595599,2025-11-22 23:59:00+03:00,55.574499,37.624762,Столкновение,Тяжёлый,1,0,,True
1595602,2025-11-23 00:20:00+03:00,55.69802,37.594893,Наезд на велосипедиста,Тяжёлый,1,0,,True
1595624,2025-11-23 04:20:00+03:00,55.786812,37.738713,Столкновение,Легкий,1,0,,True
1595629,2025-11-23 05:31:00+03:00,55.624531,37.795587,Столкновение,Тяжёлый,2,0,,True
1595635,2025-11-23 07:00:00+03:00,55.801962,37.63592,Наезд на стоящее ТС,Тяжёлый,1,0,,True
1595639,2025-11-23 07:40:00+03:00,55.445198,37.289883,Наезд на стоящее ТС,Тяжёлый,2,0,,True
1595685,2025-11-23 12:40:00+03:00,55.58091,37.573864,Столкновение,Тяжёлый,1,0,,True
1595687,2025-11-23 12:59:00+03:00,55.663638,37.482787,Столкновение,Легкий,2,0,,True
1595703,2025-11-23 13:50:00+03:00,55.676078,37.625749,Столкновение,Тяжёлый,1,0,,True
1595704,2025-11-23 13:50:00+03:00,55.86875,37.556945,Столкновение,Тяжёлый,1,0,,True
1595719,2025-11-23 14:50:00+03:00,55.765469,37.372184,Столкновение,Тяжёлый,1,0,,True
1595726,2025-11-23 15:20:00+03:00,55.716554,37.622327,Наезд на пешехода,Тяжёлый,1,0,,True
1595753,2025-11-23 16:55:00+03:00,55.854956,37.47031,Столкновение,Тяжёлый,1,0,,True
1595757,2025-11-23 17:07:00+03:00,55.880697,37.4528,Наезд на пешехода,Тяжёлый,1,0,,True
1595778,2025-11-23 17:55:00+03:00,55.779505,37.458658,Наезд на пешехода,Легкий,1,0,,True
1595808,2025-11-23 18:58:00+03:00,55.684952,37.540541,Столкновение,Тяжёлый,1,0,,True
1595824,2025-11-23 19:35:00+03:00,55.822337,37.392396,Столкновение,Тяжёлый,3,0,,True
1595844,2025-11-23 20:25:00+03:00,55.896191,37.65343,Столкновение,Тяжёлый,1,0,,True
1595872,2025-11-23 22:35:00+03:00,55.705039,37.688459,Наезд на велосипедиста,Тяжёлый,1,0,,True
1595914,2025-11-24 07:15:00+03:00,55.841657,37.355994,Наезд на пешехода,Легкий,1,0,,True
1595927,2025-11-24 07:45:00+03:00,55.678498,37.633098,Наезд на пешехода,Тяжёлый,1,0,,True
1595950,2025-11-24 08:26:00+03:00,55.612238,37.730731,Наезд на пешехода,Тяжёлый,1,0,,True
1595956,2025-11-24 08:39:00+03:00,55.287297,37.378814,Наезд на препятствие,С погибшими,0,1,,True
1595958,2025-11-24 08:40:00+03:00,55.866529,37.697102,Наезд на пешехода,Тяжёлый,1,0,,True
1595964,2025-11-24 09:00:00+03:00,55.754609,37.642518,Наезд на пешехода,Тяжёлый,1,0,,True
1595980,2025-11-24 09:35:00+03:00,55.833759,37.650372,Наезд на пешехода,Тяжёлый,1,0,,True
1595987,2025-11-24 09:50:00+03:00,55.612305,37.494259,Наезд на пешехода,Тяжёлый,1,0,,True
1595992,2025-11-24 10:00:00+03:00,55.708946,37.455385,Столкновение,Тяжёлый,1,0,,True
1596000,2025-11-24 10:55:00+03:00,55.699961,37.626532,Наезд на велосипедиста,Тяжёлый,1,0,,True
1596035,2025-11-24 13:00:00+03:00,55.736341,37.231093,Столкновение,Легкий,1,0,,True
1596075,2025-11-24 15:05:00+03:00,55.774811,37.475106,Наезд на пешехода,Тяжёлый,1,0,,True
1596079,2025-11-24 15:20:00+03:00,55.567973,37.487658,Наезд на пешехода,Тяжёлый,1,0,,True
1596113,2025-11-24 16:56:00+03:00,56.000817,37.205287,Наезд на пешехода,Тяжёлый,1,0,,True
1596131,2025-11-24 17:15:00+03:00,55.639866,37.818922,Столкновение,Тяжёлый,2,0,,True
1596139,2025-11-24 17:24:00+03:00,55.717551,37.580935,Наезд на пешехода,Тяжёлый,1,0,,True
1596150,2025-11-24 17:30:00+03:00,55.748015,37.23597,Столкновение,Легкий,1,0,,True
1596154,2025-11-24 17:40:00+03:00,55.939016,37.366755,Столкновение,Тяжёлый,1,0,,True
1596164,2025-11-24 18:01:00+03:00,55.985485,37.145805,Наезд на пешехода,Тяжёлый,1,0,,True
1596175,2025-11-24 18:25:00+03:00,55.73706,37.826239,Столкновение,С погибшими,1,1,,True
1596188,2025-11-24 19:00:00+03:00,55.614226,37.748712,Наезд на пешехода,С погибшими,0,1,,True
1596194,2025-11-24 19:05:00+03:00,55.761587,37.535294,Столкновение,Тяжёлый,1,0,,True
1596199,2025-11-24 19:20:00+03:00,55.806376,37.387151,Столкновение,Тяжёлый,1,0,,True
1596205,2025-11-24 19:38:00+03:00,55.726349,37.426471,Наезд на пешехода,С погибшими,0,1,,True
1596209,2025-11-24 19:44:00+03:00,55.756933,37.615203,Столкновение,Тяжёлый,1,0,,True
1596212,2025-11-24 19:57:00+03:00,55.825955,37.701946,Наезд на пешехода,Тяжёлый,1,0,,True
1596214,2025-11-24 20:00:00+03:00,55.736881,37.433526,Наезд на пешехода,Тяжёлый,1,0,,True
1596223,2025-11-24 20:20:00+03:00,55.744795,37.301059,Столкновение,Тяжёлый,1,0,,True
1596226,2025-11-24 20:40:00+03:00,55.757096,37.578274,Наезд на стоящее ТС,Тяжёлый,1,0,,True
1596232,2025-11-24 20:50:00+03:00,55.576246,37.595397,Столкновение,Тяжёлый,1,0,,True
1596247,2025-11-24 22:35:00+03:00,55.566213,37.575366,Наезд на пешехода,Тяжёлый,1,0,,True
1596252,2025-11-24 23:00:00+03:00,55.665217,37.545733,Наезд на пешехода,Тяжёлый,1,0,,True
1596267,2025-11-25 03:17:00+03:00,55.746566,37.669393,Столкновение,Тяжёлый,3,0,,True
1596279,2025-11-25 07:15:00+03:00,55.524556,37.378095,Наезд на пешехода,Тяжёлый,1,0,,True
1596314,2025-11-25 08:00:00+03:00,55.655878,37.523599,Наезд на пешехода,Тяжёлый,1,0,,True
1596322,2025-11-25 08:05:00+03:00,55.687492,37.682333,Наезд на пешехода,Легкий,1,0,,True
1596327,2025-11-25 08:20:00+03:00,55.769295,37.585741,Наезд на пешехода,Тяжёлый,1,0,,True
1596331,2025-11-25 08:20:00+03:00,55.74986,37.328019,Столкновение,Легкий,1,0,,True
1596332,2025-11-25 08:20:00+03:00,55.82974,37.816497,Столкновение,Тяжёлый,1,0,,True
1596338,2025-11-25 08:35:00+03:00,55.559849,37.488302,Наезд на пешехода,Тяжёлый,1,0,,True
1596353,2025-11-25 09:47:00+03:00,55.73638,37.412016,Наезд на велосипедиста,Тяжёлый,1,0,,True
1596372,2025-11-25 10:59:00+03:00,55.703407,37.65992,Наезд на пешехода,Тяжёлый,1,0,,True
1596396,2025-11-25 12:30:00+03:00,55.812791,37.577941,Падение пассажира,Тяжёлый,1,0,,True
1596400,2025-11-25 13:07:00+03:00,55.843783,37.447629,Наезд на пешехода,Тяжёлый,2,0,,True
1596406,2025-11-25 13:25:00+03:00,55.609354,37.767321,Столкновение,Тяжёлый,1,0,,True
1596422,2025-11-25 14:30:00+03:00,55.61136,37.363622,Наезд на препятствие,Тяжёлый,3,0,,True
1596460,2025-11-25 16:22:00+03:00,55.594149,37.5331,Наезд на пешехода,Тяжёлый,1,0,,True
1596488,2025-11-25 17:18:00+03:00,55.901809,37.385809,Наезд на пешехода,С погибшими,0,1,,True
1596496,2025-11-25 17:27:00+03:00,55.885662,37.393448,Столкновение,Тяжёлый,1,0,,True
1596510,2025-11-25 17:45:00+03:00,55.811978,37.811916,Наезд на пешехода,Легкий,1,0,,True
1596520,2025-11-25 18:20:00+03:00,55.83996,37.668368,Наезд на стоящее ТС,Тяжёлый,3,0,,True
1596524,2025-11-25 18:27:00+03:00,55.862169,37.584956,Наезд на пешехода,Тяжёлый,1,0,,True
1596542,2025-11-25 19:15:00+03:00,55.84744,37.626653,Столкновение,Тяжёлый,1,0,,True
1596545,2025-11-25 19:27:00+03:00,55.615528,37.714584,Наезд на пешехода,Легкий,1,0,,True
1596551,2025-11-25 19:57:00+03:00,55.696654,37.7531,Опрокидывание,Тяжёлый,1,0,,True
1596566,2025-11-25 20:50:00+03:00,55.769766,37.485888,Столкновение,Тяжёлый,1,0,,True
1596578,2025-11-25 21:50:00+03:00,55.808999,37.77753,Столкновение,Легкий,1,0,,True
1596583,2025-11-25 22:30:00+03:00,55.706266,37.513697,Столкновение,Тяжёлый,1,0,,True
1596596,2025-11-26 00:30:00+03:00,55.920306,37.394017,Столкновение,Легкий,2,0,,True
1596613,2025-11-26 06:53:00+03:00,55.77259,37.596889,Наезд на пешехода,Тяжёлый,1,0,,True
1596618,2025-11-26 07:05:00+03:00,55.639173,37.538925,Наезд на пешехода,Тяжёлый,1,0,,True
1596621,2025-11-26 07:12:00+03:00,55.72215,37.836389,Наезд на пешехода,Легкий,1,0,,True
1596640,2025-11-26 08:02:00+03:00,55.870339,37.586085,Наезд на пешехода,Тяжёлый,1,0,,True
1596641,2025-11-26 08:07:00+03:00,55.6355,37.534726,Столкновение,Тяжёлый,1,0,,True
1596652,2025-11-26 08:50:00+03:00,55.67952,37.738563,Столкновение,Тяжёлый,1,0,,True
1596749,2025-11-26 16:00:00+03:00,55.746397,37.720506,Падение пассажира,Тяжёлый,1,0,,True
1596767,2025-11-26 16:40:00+03:00,55.800238,37.450461,Наезд на пешехода,Тяжёлый,1,0,,True
1596769,2025-11-26 16:40:00+03:00,55.677724,37.601362,Наезд на пешехода,Тяжёлый,1,0,,True
1596781,2025-11-26 17:00:00+03:00,55.714154,37.515929,Наезд на пешехода,Тяжёлый,1,0,,True
1596790,2025-11-26 17:14:00+03:00,55.83459,37.520478,Наезд на пешехода,Тяжёлый,1,0,,True
1596791,2025-11-26 17:15:00+03:00,55.680655,37.608157,Наезд на пешехода,Тяжёлый,1,0,,True
1596801,2025-11-26 17:33:00+03:00,55.617134,37.74382,Наезд на пешехода,Тяжёлый,1,0,,True
1596805,2025-11-26 17:37:00+03:00,55.850177,37.508434,Наезд на пешехода,Тяжёлый,1,0,,True
1596816,2025-11-26 17:55:00+03:00,55.684371,37.855443,Наезд на пешехода,Тяжёлый,1,0,,True
1596818,2025-11-26 18:00:00+03:00,55.636378,37.750107,Наезд на пешехода,Тяжёлый,1,0,,True
1596826,2025-11-26 18:25:00+03:00,55.601218,37.714504,Наезд на пешехода,Тяжёлый,1,0,,True
1596827,2025-11-26 18:25:00+03:00,55.678903,37.482895,Наезд на пешехода,Тяжёлый,1,0,,True
1596828,2025-11-26 18:30:00+03:00,55.887564,37.664073,Падение пассажира,Тяжёлый,1,0,,True
1596841,2025-11-26 19:09:00+03:00,55.758146,37.795479,Наезд на пешехода,Легкий,1,0,,True
1596856,2025-11-26 19:30:00+03:00,55.882683,37.495201,Наезд на пешехода,Тяжёлый,1,0,,True
1596859,2025-11-26 19:34:00+03:00,55.865294,37.681341,Наезд на велосипедиста,Тяжёлый,1,0,,True
1596863,2025-11-26 19:46:00+03:00,55.781665,37.53641,Наезд на пешехода,Тяжёлый,1,0,,True
1596870,2025-11-26 20:05:00+03:00,55.698619,37.847128,Наезд на пешехода,Тяжёлый,1,0,,True
1596873,2025-11-26 20:10:00+03:00,55.847144,37.615052,Наезд на стоящее ТС,Тяжёлый,1,0,,True
1596874,2025-11-26 20:10:00+03:00,55.875312,37.679505,Столкновение,Тяжёлый,1,0,,True
1596880,2025-11-26 20:30:00+03:00,55.501568,37.567459,Наезд на пешехода,Тяжёлый,1,0,,True
1596884,2025-11-26 21:00:00+03:00,55.757196,37.22735,Наезд на пешехода,Легкий,1,0,,True
1596887,2025-11-26 21:00:00+03:00,55.73478,37.407137,Падение пассажира,Легкий,1,0,,True
1596934,2025-11-27 04:45:00+03:00,55.85927,37.620326,Наезд на пешехода,Тяжёлый,1,0,,True
1596946,2025-11-27 07:10:00+03:00,55.878564,37.634125,Наезд на пешехода,Тяжёлый,1,0,,True
1596991,2025-11-27 08:33:00+03:00,55.790497,37.578617,Наезд на пешехода,Тяжёлый,1,0,,True
1596999,2025-11-27 09:02:00+03:00,55.877074,37.519104,Наезд на пешехода,Тяжёлый,1,0,,True
1597000,2025-11-27 09:06:00+03:00,55.658258,37.594464,Столкновение,Тяжёлый,1,0,,True
1597013,2025-11-27 09:30:00+03:00,55.626657,37.439454,Наезд на пешехода,С погибшими,0,1,,True
1597021,2025-11-27 10:00:00+03:00,55.901767,37.586986,Столкновение,Тяжёлый,2,0,,True
1597022,2025-11-27 10:00:00+03:00,55.667819,37.611887,Столкновение,Тяжёлый,1,0,,True
1597025,2025-11-27 10:11:00+03:00,55.864123,37.679431,Столкновение,Тяжёлый,1,0,,True
1597038,2025-11-27 11:05:00+03:00,55.712794,37.928742,Наезд на пешехода,С погибшими,0,1,,True
1597042,2025-11-27 11:25:00+03:00,55.697966,37.782261,Столкновение,Тяжёлый,1,0,,True
1597046,2025-11-27 11:35:00+03:00,55.657114,37.597404,Падение пассажира,Тяжёлый,1,0,,True
1597049,2025-11-27 11:51:00+03:00,55.687268,37.851967,Наезд на пешехода,Тяжёлый,1,0,,True
1597146,2025-11-27 16:50:00+03:00,55.824405,37.639439,Наезд на пешехода,Тяжёлый,1,0,,True
1597169,2025-11-27 17:20:00+03:00,55.796101,37.483388,Наезд на пешехода,Легкий,1,0,,True
1597207,2025-11-27 18:00:00+03:00,55.697409,37.747575,Наезд на пешехода,Тяжёлый,1,0,,True
1597210,2025-11-27 18:10:00+03:00,55.860574,37.499449,Наезд на пешехода,Легкий,1,0,,True
1597215,2025-11-27 18:15:00+03:00,55.666289,37.460187,Наезд на пешехода,Легкий,1,0,,True
1597223,2025-11-27 18:33:00+03:00,55.622335,37.497644,Наезд на велосипедиста,Тяжёлый,1,0,,True
1597224,2025-11-27 18:35:00+03:00,55.531219,37.526083,Наезд на пешехода,Тяжёлый,1,0,,True
1597229,2025-11-27 18:40:00+03:00,55.710147,37.818847,Наезд на пешехода,Тяжёлый,1,0,,True
1597234,2025-11-27 18:50:00+03:00,55.894711,37.532655,Наезд на пешехода,Тяжёлый,2,0,,True
1597238,2025-11-27 19:00:00+03:00,55.796064,37.494578,Столкновение,Легкий,1,0,,True
1597243,2025-11-27 19:10:00+03:00,55.56887,37.564584,Наезд на пешехода,Тяжёлый,1,0,,True
1597249,2025-11-27 19:20:00+03:00,55.895774,37.612136,Наезд на пешехода,Тяжёлый,1,0,,True
1597252,2025-11-27 19:23:00+03:00,55.720893,37.62238,Столкновение,Тяжёлый,1,0,,True
1597256,2025-11-27 19:30:00+03:00,55.893038,37.667699,Наезд на пешехода,Тяжёлый,1,0,,True
1597257,2025-11-27 19:30:00+03:00,55.609923,37.737211,Наезд на пешехода,Тяжёлый,1,0,,True
1597297,2025-11-27 22:00:00+03:00,55.837048,37.443799,Наезд на пешехода,Легкий,1,0,,True
1597299,2025-11-27 22:10:00+03:00,55.682708,37.73042,Столкновение,Тяжёлый,1,0,,True
1597303,2025-11-27 22:40:00+03:00,55.704208,37.952201,Наезд на пешехода,Тяжёлый,1,0,,True
1597309,2025-11-28 00:03:00+03:00,55.820067,37.668246,Наезд на препятствие,Легкий,1,0,,True
1597333,2025-11-28 07:00:00+03:00,55.791414,37.820971,Наезд на пешехода,Легкий,1,0,,True
1597352,2025-11-28 07:30:00+03:00,55.88571,37.477541,Наезд на препятствие,Тяжёлый,2,0,,True
1597358,2025-11-28 07:40:00+03:00,55.722681,37.860174,Наезд на пешехода,Тяжёлый,2,0,,True
1597365,2025-11-28 07:45:00+03:00,55.817312,37.705336,Наезд на пешехода,Легкий,1,0,,True
1597377,2025-11-28 08:10:00+03:00,55.503774,37.600858,Наезд на пешехода,Тяжёлый,1,0,,True
1597383,2025-11-28 08:16:00+03:00,55.795491,37.486532,Наезд на велосипедиста,Легкий,1,0,,True
1597404,2025-11-28 09:10:00+03:00,55.804857,37.516432,Столкновение,Легкий,1,0,,True
1597406,2025-11-28 09:20:00+03:00,55.693007,37.94638,Столкновение,Тяжёлый,2,0,,True
1597424,2025-11-28 10:30:00+03:00,55.804923,37.779493,Наезд на велосипедиста,Тяжёлый,1,0,,True
1597449,2025-11-28 12:05:00+03:00,55.980023,37.186167,Наезд на пешехода,Легкий,1,0,,True
1597473,2025-11-28 13:15:00+03:00,55.721294,37.706468,Столкновение,Тяжёлый,1,0,,True
1597480,2025-11-28 13:30:00+03:00,55.946803,37.342025,Наезд на пешехода,Тяжёлый,1,0,,True
1597490,2025-11-28 14:25:00+03:00,55.716814,37.627594,Наезд на пешехода,Тяжёлый,1,0,,True
1597504,2025-11-28 15:22:00+03:00,55.849662,37.422523,Наезд на пешехода,Тяжёлый,2,0,,True
1597508,2025-11-28 15:31:00+03:00,55.714898,37.462553,Наезд на пешехода,Тяжёлый,1,0,,True
1597515,2025-11-28 15:40:00+03:00,55.660521,37.609538,Наезд на стоящее ТС,Тяжёлый,1,0,,True
1597518,2025-11-28 15:50:00+03:00,55.699199,37.470138,Наезд на пешехода,Тяжёлый,1,0,,True
1597544,2025-11-28 16:50:00+03:00,55.777357,37.645211,Наезд на пешехода,Тяжёлый,1,0,,True
1597546,2025-11-28 16:55:00+03:00,55.707814,37.818117,Наезд на пешехода,С погибшими,0,1,,True
1597594,2025-11-28 18:10:00+03:00,55.895896,37.656766,Столкновение,Тяжёлый,1,0,,True
1597619,2025-11-28 19:00:00+03:00,55.671817,37.579622,Наезд на велосипедиста,Тяжёлый,1,0,,True
1597625,2025-11-28 19:10:00+03:00,55.599766,37.475159,Наезд на пешехода,Тяжёлый,1,0,,True
1597638,2025-11-28 19:30:00+03:00,55.897646,37.543298,Столкновение,Тяжёлый,1,0,,True
1597651,2025-11-28 20:10:00+03:00,55.73498,37.541797,Столкновение,Тяжёлый,1,0,,True
1597671,2025-11-28 21:25:00+03:00,55.827305,37.49077,Наезд на велосипедиста,Легкий,1,0,,True
1597762,2025-11-29 09:00:00+03:00,55.763214,37.369427,Наезд на препятствие,Тяжёлый,1,0,,True
1597768,2025-11-29 09:40:00+03:00,55.732666,37.435953,Наезд на пешехода,Тяжёлый,1,0,,True
1597769,2025-11-29 09:44:00+03:00,55.872728,37.59972,Опрокидывание,Тяжёлый,1,0,,True
1597779,2025-11-29 10:43:00+03:00,55.820498,37.498548,Наезд на пешехода,Тяжёлый,1,0,,True
1597805,2025-11-29 12:03:00+03:00,55.789134,37.591878,Наезд на велосипедиста,Тяжёлый,1,0,,True
1597826,2025-11-29 13:10:00+03:00,55.85254,37.683643,Наезд на пешехода,Тяжёлый,1,0,,True
1597827,2025-11-29 13:15:00+03:00,55.775843,37.461555,Наезд на пешехода,Тяжёлый,1,0,,True
1597835,2025-11-29 13:45:00+03:00,55.815541,37.658773,Наезд на велосипедиста,Тяжёлый,1,0,,True
1597847,2025-11-29 14:28:00+03:00,55.747744,37.417325,Столкновение,Тяжёлый,1,0,,True
1597853,2025-11-29 15:00:00+03:00,55.753443,37.694564,Столкновение,Тяжёлый,1,0,,True
1597885,2025-11-29 16:00:00+03:00,55.874728,37.584506,Наезд на пешехода,Тяжёлый,1,0,,True
1597886,2025-11-29 16:00:00+03:00,55.683262,37.568833,Наезд на пешехода,Тяжёлый,1,0,,True
1597898,2025-11-29 16:35:00+03:00,55.80148,37.798988,Наезд на пешехода,Легкий,1,0,,True
1597907,2025-11-29 17:00:00+03:00,55.536403,37.528836,Наезд на пешехода,Тяжёлый,1,0,,True
1597908,2025-11-29 17:05:00+03:00,55.796698,37.348967,Столкновение,Тяжёлый,1,0,,True
1597913,2025-11-29 17:13:00+03:00,55.681692,37.677194,Наезд на пешехода,Легкий,1,0,,True
1597923,2025-11-29 17:34:00+03:00,55.656127,37.618335,Наезд на пешехода,Легкий,1,0,,True
1597937,2025-11-29 18:00:00+03:00,55.853123,37.679741,Столкновение,Тяжёлый,1,0,,True
1597957,2025-11-29 18:40:00+03:00,55.805213,37.839446,Столкновение,Легкий,2,0,,True
1597963,2025-11-29 18:59:00+03:00,55.979933,37.191446,Столкновение,Легкий,2,0,,True
1598008,2025-11-29 22:10:00+03:00,55.73722,37.245921,Наезд на пешехода,Тяжёлый,1,0,,True
1598064,2025-11-30 05:58:00+03:00,55.572916,37.647625,Наезд на пешехода,С погибшими,0,1,,True
1598067,2025-11-30 06:40:00+03:00,55.909649,37.588491,Наезд на препятствие,Тяжёлый,1,0,,True
1598085,2025-11-30 08:30:00+03:00,55.660896,37.764602,Наезд на велосипедиста,Тяжёлый,1,0,,True
1598101,2025-11-30 10:45:00+03:00,55.847508,37.606552,Наезд на стоящее ТС,С погибшими,1,1,,True
1598103,2025-11-30 11:15:00+03:00,55.608272,37.350955,Столкновение,Тяжёлый,1,0,,True
1598180,2025-11-30 16:35:00+03:00,55.573191,37.581002,Наезд на пешехода,Тяжёлый,1,0,,True
1598189,2025-11-30 17:04:00+03:00,55.790237,37.670478,Наезд на пешехода,Легкий,2,0,,True
1598213,2025-11-30 17:44:00+03:00,55.845741,37.392073,Столкновение,Тяжёлый,1,0,,True
1598221,2025-11-30 17:51:00+03:00,55.760513,37.466115,Столкновение,Тяжёлый,1,0,,True
1598239,2025-11-30 18:38:00+03:00,55.765526,37.564279,Наезд на пешехода,Тяжёлый,1,0,,True
1598243,2025-11-30 18:42:00+03:00,55.759607,37.501702,Столкновение,Тяжёлый,1,0,,True
1598246,2025-11-30 18:50:00+03:00,55.691852,37.607059,Наезд на пешехода,Тяжёлый,1,0,,True
1598252,2025-11-30 19:05:00+03:00,55.805972,37.394478,Наезд на пешехода,Тяжёлый,1,0,,True
1598255,2025-11-30 19:19:00+03:00,55.331464,37.047347,Наезд на препятствие,Тяжёлый,1,0,,True
1598258,2025-11-30 19:20:00+03:00,55.662397,37.618346,Наезд на велосипедиста,Тяжёлый,1,0,,True
1598270,2025-11-30 19:50:00+03:00,55.795091,37.504229,Столкновение,Тяжёлый,2,0,,True
1598301,2025-11-30 21:40:00+03:00,55.849548,37.474365,Столкновение,Легкий,1,0,,True
1598309,2025-11-30 22:43:00+03:00,55.791571,37.664105,Падение пассажира,Легкий,1,0,,True
1598351,2025-12-01 07:05:00+03:00,55.778166,37.84745,Столкновение,Легкий,1,0,,True
1598388,2025-12-01 08:20:00+03:00,55.870285,37.586063,Столкновение,Тяжёлый,1,0,,True
1598390,2025-12-01 08:39:00+03:00,55.618254,37.37375,Наезд на препятствие,Тяжёлый,1,0,,True
1598391,2025-12-01 08:40:00+03:00,55.792735,37.57718,Столкновение,Тяжёлый,1,0,,True
1598408,2025-12-01 09:35:00+03:00,55.798591,37.583767,Столкновение,Тяжёлый,1,0,,True
1598434,2025-12-01 11:55:00+03:00,55.688073,37.617413,Наезд на велосипедиста,Тяжёлый,1,0,,True
1598464,2025-12-01 13:55:00+03:00,55.603165,37.658006,Наезд на пешехода,Тяжёлый,1,0,,True
1598470,2025-12-01 14:10:00+03:00,55.650701,37.598492,Падение пассажира,Тяжёлый,1,0,,True
1598477,2025-12-01 14:30:00+03:00,55.731339,37.586578,Наезд на пешехода,Тяжёлый,1,0,,True
1598492,2025-12-01 15:28:00+03:00,55.678785,37.663533,Падение пассажира,Тяжёлый,1,0,,True
1598497,2025-12-01 15:48:00+03:00,55.575191,37.609677,Столкновение,Тяжёлый,2,0,,True
1598503,2025-12-01 16:10:00+03:00,55.769947,37.474247,Столкновение,Тяжёлый,1,0,,True
1598506,2025-12-01 16:18:00+03:00,55.750956,37.600172,Наезд на пешехода,Тяжёлый,1,0,,True
1598548,2025-12-01 17:51:00+03:00,55.718451,37.648344,Наезд на пешехода,Тяжёлый,1,0,,True
1598557,2025-12-01 18:25:00+03:00,55.815558,37.40657,Наезд на пешехода,Легкий,1,0,,True
1598578,2025-12-01 19:10:00+03:00,55.706931,37.730795,Наезд на пешехода,Тяжёлый,1,0,,True
1598593,2025-12-01 20:05:00+03:00,55.606596,37.295387,Столкновение,Тяжёлый,1,0,,True
1598607,2025-12-01 21:10:00+03:00,55.7711,37.568951,Наезд на пешехода,Тяжёлый,2,0,,True
1598683,2025-12-02 07:50:00+03:00,55.862549,37.645276,Столкновение,Тяжёлый,1,0,,True
1598685,2025-12-02 07:55:00+03:00,55.730638,37.459753,Наезд на пешехода,Тяжёлый,1,0,,True
1598709,2025-12-02 08:55:00+03:00,55.850747,37.57649,Наезд на пешехода,Тяжёлый,1,0,,True
1598712,2025-12-02 09:01:00+03:00,55.600032,37.20004,Наезд на пешехода,Тяжёлый,1,0,,True
1598714,2025-12-02 09:15:00+03:00,55.609966,37.358322,Наезд на стоящее ТС,Тяжёлый,1,0,,True
1598722,2025-12-02 09:45:00+03:00,55.660703,37.619612,Столкновение,Тяжёлый,1,0,,True
1598728,2025-12-02 10:00:00+03:00,55.743705,37.23494,Столкновение,Легкий,1,0,,True
1598729,2025-12-02 10:08:00+03:00,55.815413,37.838438,Столкновение,Тяжёлый,1,0,,True
1598747,2025-12-02 11:45:00+03:00,55.739059,37.658847,Наезд на пешехода,Тяжёлый,1,0,,True
1598764,2025-12-02 12:45:00+03:00,55.397058,37.438338,Столкновение,С погибшими,1,1,,True
1598766,2025-12-02 12:50:00+03:00,55.87185,37.649481,Падение пассажира,Тяжёлый,1,0,,True
1598788,2025-12-02 15:00:00+03:00,55.898725,37.564308,Столкновение,Тяжёлый,1,0,,True
1598791,2025-12-02 15:08:00+03:00,55.682884,37.431749,Наезд на пешехода,Тяжёлый,1,0,,True
1598796,2025-12-02 15:25:00+03:00,55.841306,37.648299,Наезд на пешехода,Тяжёлый,1,0,,True
1598802,2025-12-02 15:30:00+03:00,55.621478,37.401527,Столкновение,Тяжёлый,1,0,,True
1598803,2025-12-02 15:30:00+03:00,55.797681,37.490072,Столкновение,Тяжёлый,1,0,,True
1598807,2025-12-02 15:50:00+03:00,55.831927,37.355254,Наезд на пешехода,Тяжёлый,1,0,,True
1598814,2025-12-02 16:15:00+03:00,55.634259,37.619741,Столкновение,Тяжёлый,1,0,,True
1598822,2025-12-02 16:30:00+03:00,55.705861,37.686367,Столкновение,Тяжёлый,1,0,,True
1598871,2025-12-02 18:05:00+03:00,55.87902,37.721591,Наезд на препятствие,Тяжёлый,1,0,,True
1598876,2025-12-02 18:19:00+03:00,55.744422,37.396506,Наезд на пешехода,Тяжёлый,1,0,,True
1598888,2025-12-02 18:47:00+03:00,55.522716,37.51889,Наезд на пешехода,С погибшими,0,1,,True
1598913,2025-12-02 19:55:00+03:00,55.709503,37.66794,Столкновение,Тяжёлый,1,0,,True
1598924,2025-12-02 20:25:00+03:00,55.786088,37.622273,Наезд на пешехода,Тяжёлый,1,0,,True
1598926,2025-12-02 20:30:00+03:00,55.982467,37.161716,Наезд на пешехода,Тяжёлый,1,0,,True
1598938,2025-12-02 21:49:00+03:00,55.882836,37.675663,Наезд на пешехода,Тяжёлый,1,0,,True
1598957,2025-12-03 00:10:00+03:00,55.821479,37.635815,Столкновение,Тяжёлый,1,0,,True
1598987,2025-12-03 07:23:00+03:00,55.931113,37.377859,Столкновение,Легкий,4,0,,True
1599006,2025-12-03 08:00:00+03:00,55.581741,37.172509,Наезд на пешехода,Тяжёлый,1,0,,True
1599038,2025-12-03 09:41:00+03:00,55.872819,37.498838,Столкновение,Тяжёлый,2,0,,True
1599042,2025-12-03 09:55:00+03:00,55.601215,37.607172,Падение пассажира,С погибшими,0,1,,True
1599093,2025-12-03 12:27:00+03:00,55.790751,37.390509,Столкновение,Тяжёлый,1,0,,True
1599097,2025-12-03 12:48:00+03:00,55.9736,37.16206,Столкновение,Легкий,2,0,,True
1599099,2025-12-03 12:57:00+03:00,55.568713,37.23581,Столкновение,Тяжёлый,2,0,,True
1599135,2025-12-03 15:25:00+03:00,55.897401,37.613387,Наезд на пешехода,Тяжёлый,1,0,,True
1599159,2025-12-03 16:37:00+03:00,55.545106,37.546533,Столкновение,Тяжёлый,1,0,,True
1599211,2025-12-03 17:55:00+03:00,55.72763,37.84024,Столкновение,Тяжёлый,1,0,,True
1599214,2025-12-03 18:00:00+03:00,55.542186,37.55166,Наезд на пешехода,С погибшими,0,1,,True
1599230,2025-12-03 18:25:00+03:00,55.970214,37.179129,Столкновение,Легкий,1,0,,True
1599232,2025-12-03 18:30:00+03:00,55.807642,37.773002,Падение пассажира,Легкий,2,0,,True
1599263,2025-12-03 19:42:00+03:00,55.823207,37.434894,Наезд на пешехода,Легкий,1,0,,True
1599268,2025-12-03 20:00:00+03:00,55.889593,37.586838,Столкновение,Тяжёлый,2,0,,True
1599275,2025-12-03 21:00:00+03:00,55.697555,37.785319,Столкновение,Тяжёлый,1,0,,True
1599279,2025-12-03 21:10:00+03:00,55.715079,37.788677,Столкновение,Тяжёлый,1,0,,True
1599280,2025-12-03 21:15:00+03:00,55.855287,37.477088,Наезд на пешехода,Тяжёлый,1,0,,True
1599313,2025-12-04 06:35:00+03:00,55.951314,37.349449,Столкновение,Тяжёлый,1,0,,True
1599319,2025-12-04 07:05:00+03:00,55.74374,37.281622,Столкновение,Тяжёлый,1,0,,True
1599344,2025-12-04 07:55:00+03:00,55.780519,37.730795,Наезд на пешехода,Тяжёлый,1,0,,True
1599347,2025-12-04 07:59:00+03:00,55.671528,37.52184,Наезд на пешехода,Тяжёлый,1,0,,True
1599348,2025-12-04 08:00:00+03:00,55.648506,37.744324,Наезд на пешехода,Тяжёлый,1,0,,True
1599356,2025-12-04 08:24:00+03:00,55.808597,37.460733,Наезд на пешехода,Тяжёлый,1,0,,True
1599370,2025-12-04 10:00:00+03:00,55.58259,37.109091,Наезд на пешехода,Тяжёлый,1,0,,True
1599380,2025-12-04 10:30:00+03:00,55.887779,37.658573,Столкновение,Тяжёлый,1,0,,True
1599381,2025-12-04 10:30:00+03:00,55.765523,37.648087,Наезд на пешехода,Тяжёлый,1,0,,True
1599387,2025-12-04 11:00:00+03:00,55.763794,37.382532,Столкновение,Легкий,1,0,,True
1599391,2025-12-04 11:40:00+03:00,55.631103,37.321393,Наезд на стоящее ТС,Тяжёлый,1,0,,True
1599413,2025-12-04 13:15:00+03:00,55.855697,37.47546,Наезд на пешехода,С погибшими,0,1,,True
1599415,2025-12-04 13:20:00+03:00,55.76405,37.69981,Наезд на пешехода,Тяжёлый,1,0,,True
1599426,2025-12-04 14:15:00+03:00,55.85019,37.615873,Столкновение,Тяжёлый,1,0,,True
1599434,2025-12-04 14:40:00+03:00,55.648672,37.567989,Наезд на пешехода,Тяжёлый,1,0,,True
1599435,2025-12-04 14:40:00+03:00,55.785442,37.482122,Падение пассажира,Тяжёлый,1,0,,True
1599436,2025-12-04 14:40:00+03:00,55.604972,37.355297,Наезд на пешехода,Тяжёлый,1,0,,True
1599459,2025-12-04 15:47:00+03:00,55.845211,37.439207,Наезд на пешехода,Тяжёлый,2,0,,True
1599466,2025-12-04 16:05:00+03:00,55.763296,37.656895,Столкновение,Тяжёлый,1,0,,True
1599473,2025-12-04 16:24:00+03:00,55.785029,37.841646,Столкновение,Тяжёлый,1,0,,True
1599475,2025-12-04 16:30:00+03:00,55.875269,37.452972,Столкновение,Тяжёлый,1,0,,True
1599487,2025-12-04 16:50:00+03:00,55.450011,37.520607,Наезд на пешехода,С погибшими,0,1,,True
1599492,2025-12-04 17:00:00+03:00,55.702687,37.473872,Наезд на пешехода,Тяжёлый,1,0,,True
1599546,2025-12-04 18:43:00+03:00,55.800153,37.54348,Наезд на пешехода,Легкий,1,0,,True
1599547,2025-12-04 18:43:00+03:00,55.996269,37.22993,Наезд на пешехода,Тяжёлый,1,0,,True
1599558,2025-12-04 19:10:00+03:00,55.545703,37.585301,Столкновение,Тяжёлый,1,0,,True
1599564,2025-12-04 19:30:00+03:00,55.870072,37.586031,Столкновение,Тяжёлый,1,0,,True
1599576,2025-12-04 20:20:00+03:00,55.676804,37.506616,Наезд на велосипедиста,Тяжёлый,1,0,,True
1599582,2025-12-04 20:50:00+03:00,55.555535,37.552668,Столкновение,Тяжёлый,1,0,,True
1599596,2025-12-04 21:55:00+03:00,55.652204,37.580303,Столкновение,Тяжёлый,1,0,,True
1599680,2025-12-05 08:20:00+03:00,55.625337,37.73308,Столкновение,Тяжёлый,1,0,,True
1599702,2025-12-05 09:45:00+03:00,55.764931,37.685992,Столкновение,Тяжёлый,1,0,,True
1599717,2025-12-05 10:55:00+03:00,55.588641,37.645447,Столкновение,Тяжёлый,1,0,,True
1599718,2025-12-05 11:00:00+03:00,55.663366,37.761576,Наезд на велосипедиста,Тяжёлый,1,0,,True
1599773,2025-12-05 14:22:00+03:00,55.836783,37.505018,Столкновение,Легкий,1,0,,True
1599819,2025-12-05 16:00:00+03:00,55.88988,37.538652,Наезд на пешехода,Тяжёлый,1,0,,True
1599822,2025-12-05 16:09:00+03:00,55.637274,37.364148,Падение пассажира,Тяжёлый,1,0,,True
1599845,2025-12-05 16:50:00+03:00,55.811507,37.560582,Наезд на пешехода,Легкий,1,0,,True
1599847,2025-12-05 16:50:00+03:00,55.676133,37.505361,Столкновение,Тяжёлый,1,0,,True
1599854,2025-12-05 17:00:00+03:00,55.817366,37.659416,Наезд на пешехода,Тяжёлый,1,0,,True
1599867,2025-12-05 17:20:00+03:00,55.739687,37.615986,Наезд на пешехода,Тяжёлый,1,0,,True
1599868,2025-12-05 17:20:00+03:00,55.752181,37.791392,Наезд на велосипедиста,Легкий,1,0,,True
1599869,2025-12-05 17:24:00+03:00,55.580194,37.64991,Столкновение,Тяжёлый,1,0,,True
1599908,2025-12-05 18:27:00+03:00,55.703253,37.473354,Наезд на пешехода,Тяжёлый,1,0,,True
1599933,2025-12-05 19:25:00+03:00,55.556311,37.503709,Наезд на пешехода,Тяжёлый,1,0,,True
1599939,2025-12-05 19:50:00+03:00,55.664485,37.579725,Столкновение,Тяжёлый,1,0,,True
1599971,2025-12-05 22:50:00+03:00,55.760821,37.610074,Столкновение,Тяжёлый,2,0,,True
1599983,2025-12-05 23:45:00+03:00,55.862487,37.584925,Наезд на пешехода,Тяжёлый,1,0,,True
1599986,2025-12-06 00:10:00+03:00,55.843838,37.35594,Столкновение,Тяжёлый,1,0,,True
1599995,2025-12-06 02:30:00+03:00,55.62563,37.474864,Наезд на пешехода,Тяжёлый,1,0,,True
1599996,2025-12-06 02:51:00+03:00,55.74226,37.427169,Наезд на препятствие,Тяжёлый,1,0,,True
1600040,2025-12-06 09:50:00+03:00,55.696741,37.845781,Наезд на пешехода,Тяжёлый,1,0,,True
1600055,2025-12-06 11:20:00+03:00,55.824702,37.451706,Наезд на пешехода,Тяжёлый,1,0,,True
1600071,2025-12-06 12:20:00+03:00,55.679823,37.849134,Столкновение,Тяжёлый,1,0,,True
1600076,2025-12-06 12:50:00+03:00,55.583026,37.680531,Столкновение,Тяжёлый,1,0,,True
1600088,2025-12-06 14:04:00+03:00,55.664122,37.637519,Столкновение,Тяжёлый,1,0,,True
1600089,2025-12-06 14:10:00+03:00,55.744048,37.616652,Столкновение,Тяжёлый,1,0,,True
1600107,2025-12-06 15:15:00+03:00,55.77457,37.476103,Падение пассажира,Тяжёлый,1,0,,True
1600134,2025-12-06 16:25:00+03:00,55.806635,37.713425,Наезд на пешехода,Тяжёлый,2,0,,True
1600140,2025-12-06 16:30:00+03:00,55.325824,37.011781,Наезд на препятствие,Тяжёлый,1,0,,True
1600192,2025-12-06 18:45:00+03:00,55.774286,37.654009,Наезд на пешехода,Тяжёлый,1,0,,True
1600201,2025-12-06 19:10:00+03:00,55.807667,37.395036,Наезд на пешехода,Тяжёлый,2,0,,True
1600203,2025-12-06 19:20:00+03:00,55.716789,37.619376,Наезд на пешехода,Тяжёлый,1,0,,True
1600210,2025-12-06 19:50:00+03:00,55.665048,37.576753,Наезд на велосипедиста,Тяжёлый,1,0,,True
1600217,2025-12-06 20:15:00+03:00,55.769759,37.252418,Столкновение,Тяжёлый,1,0,,True
1600234,2025-12-06 20:46:00+03:00,55.717442,37.408233,Столкновение,Тяжёлый,1,0,,True
1600235,2025-12-06 20:55:00+03:00,55.717067,37.728499,Наезд на пешехода,Тяжёлый,1,0,,True
1600240,2025-12-06 21:17:00+03:00,55.982118,37.246474,Наезд на пешехода,Тяжёлый,1,0,,True
1600251,2025-12-06 22:01:00+03:00,55.779282,37.582093,Наезд на пешехода,Тяжёлый,1,0,,True
1600252,2025-12-06 22:18:00+03:00,55.696877,37.805564,Наезд на велосипедиста,Тяжёлый,1,0,,True
1600258,2025-12-06 22:45:00+03:00,55.637783,37.651756,Наезд на велосипедиста,Тяжёлый,1,0,,True
1600262,2025-12-06 23:02:00+03:00,55.706266,37.491567,Опрокидывание,Тяжёлый,1,0,,True
1600278,2025-12-07 00:25:00+03:00,55.828526,37.578868,Столкновение,Тяжёлый,3,0,,True
1600300,2025-12-07 03:43:00+03:00,55.785219,37.578349,Падение пассажира,Тяжёлый,1,0,,True
1600313,2025-12-07 06:21:00+03:00,55.765294,37.638141,Падение пассажира,Тяжёлый,1,0,,True
1600415,2025-12-07 14:41:00+03:00,55.778564,37.663686,Наезд на велосипедиста,С погибшими,0,1,,True
1600448,2025-12-07 16:30:00+03:00,55.621272,37.607896,Столкновение,Тяжёлый,1,0,,True
1600450,2025-12-07 16:35:00+03:00,55.654886,37.471093,Наезд на пешехода,Тяжёлый,1,0,,True
1600551,2025-12-07 22:00:00+03:00,55.65965,37.735409,Столкновение,Тяжёлый,2,0,,True
1600556,2025-12-07 22:23:00+03:00,55.700529,37.83832,Наезд на пешехода,Тяжёлый,1,0,,True
1600559,2025-12-07 22:45:00+03:00,55.686476,37.850143,Наезд на велосипедиста,Тяжёлый,1,0,,True
1600562,2025-12-07 23:10:00+03:00,55.757549,37.660081,Наезд на пешехода,Тяжёлый,1,0,,True
1600581,2025-12-08 05:00:00+03:00,55.589987,37.627659,Наезд на стоящее ТС,Тяжёлый,1,0,,True
1600640,2025-12-08 08:22:00+03:00,55.897003,37.614401,Наезд на пешехода,Тяжёлый,1,0,,True
1600642,2025-12-08 08:30:00+03:00,55.75774,37.375881,Наезд на пешехода,Тяжёлый,1,0,,True
1600666,2025-12-08 10:15:00+03:00,55.668972,37.455627,Наезд на препятствие,Тяжёлый,1,0,,True
1600672,2025-12-08 10:20:00+03:00,55.780688,37.591406,Наезд на пешехода,Тяжёлый,1,0,,True
1600681,2025-12-08 11:15:00+03:00,55.832939,37.522709,Наезд на пешехода,С погибшими,0,1,,True
1600700,2025-12-08 11:50:00+03:00,55.662936,37.622842,Наезд на препятствие,Тяжёлый,1,0,,True
1600708,2025-12-08 12:20:00+03:00,55.632553,37.467231,Столкновение,Тяжёлый,1,0,,True
1600723,2025-12-08 13:13:00+03:00,55.611263,37.492679,Столкновение,Тяжёлый,2,0,,True
1600726,2025-12-08 13:17:00+03:00,55.604687,37.33754,Наезд на стоящее ТС,С погибшими,2,1,,True
1600749,2025-12-08 14:22:00+03:00,55.816077,37.715743,Наезд на пешехода,Легкий,1,0,,True
1600761,2025-12-08 15:20:00+03:00,55.694347,37.455938,Наезд на велосипедиста,Тяжёлый,1,0,,True
1600804,2025-12-08 16:59:00+03:00,55.851065,37.440012,Наезд на велосипедиста,Легкий,1,0,,True
1600824,2025-12-08 17:40:00+03:00,55.697627,37.550701,Наезд на пешехода,Тяжёлый,2,0,,True
1600855,2025-12-08 18:30:00+03:00,55.698189,37.939889,Столкновение,Тяжёлый,1,0,,True
1600873,2025-12-08 20:01:00+03:00,55.79338,37.691213,Наезд на пешехода,С погибшими,0,1,,True
1600885,2025-12-08 20:59:00+03:00,55.809249,37.637176,Наезд на стоящее ТС,Тяжёлый,2,0,,True
1600898,2025-12-08 22:15:00+03:00,55.78184,37.560818,Столкновение,Тяжёлый,1,0,,True
1600918,2025-12-09 06:25:00+03:00,55.795407,37.576547,Столкновение,Тяжёлый,2,0,,True
1600941,2025-12-09 07:46:00+03:00,55.777671,37.632444,Наезд на пешехода,Тяжёлый,1,0,,True
1600943,2025-12-09 07:50:00+03:00,55.57291,37.647883,Столкновение,Тяжёлый,1,0,,True
1600963,2025-12-09 08:24:00+03:00,55.804766,37.499546,Наезд на пешехода,Тяжёлый,1,0,,True
1600964,2025-12-09 08:24:00+03:00,55.826401,37.5264,Наезд на пешехода,Тяжёлый,1,0,,True
1600968,2025-12-09 08:29:00+03:00,55.504995,37.588037,Наезд на пешехода,Тяжёлый,1,0,,True
1600982,2025-12-09 09:15:00+03:00,55.838018,37.482197,Столкновение,Тяжёлый,1,0,,True
1600999,2025-12-09 10:46:00+03:00,55.656133,37.74161,Столкновение,Тяжёлый,1,0,,True
1601013,2025-12-09 11:40:00+03:00,55.740641,37.585419,Наезд на пешехода,Тяжёлый,1,0,,True
1601014,2025-12-09 11:40:00+03:00,55.511174,37.574176,Наезд на пешехода,Тяжёлый,1,0,,True
1601033,2025-12-09 12:38:00+03:00,55.546807,37.545165,Столкновение,Тяжёлый,1,0,,True
1601038,2025-12-09 12:58:00+03:00,55.85006,37.40539,Падение пассажира,Легкий,1,0,,True
1601044,2025-12-09 13:07:00+03:00,55.741233,37.52124,Наезд на пешехода,Тяжёлый,1,0,,True
1601049,2025-12-09 13:30:00+03:00,55.504139,37.55981,Наезд на пешехода,С погибшими,0,1,,True
1601059,2025-12-09 14:10:00+03:00,55.807878,37.635394,Наезд на пешехода,Тяжёлый,1,0,,True
1601105,2025-12-09 16:50:00+03:00,55.660867,37.539116,Наезд на пешехода,Тяжёлый,1,0,,True
1601117,2025-12-09 17:15:00+03:00,55.806582,37.706526,Наезд на пешехода,Легкий,1,0,,True
1601118,2025-12-09 17:15:00+03:00,55.723207,37.16781,Наезд на пешехода,Тяжёлый,1,0,,True
1601125,2025-12-09 17:20:00+03:00,55.642433,37.401635,Наезд на пешехода,Тяжёлый,1,0,,True
1601130,2025-12-09 17:35:00+03:00,55.756396,37.541013,Столкновение,Тяжёлый,1,0,,True
1601167,2025-12-09 19:35:00+03:00,55.687492,37.682322,Наезд на пешехода,Тяжёлый,1,0,,True
1601170,2025-12-09 19:45:00+03:00,55.849507,37.790242,Наезд на стоящее ТС,Легкий,1,0,,True
1601189,2025-12-09 20:55:00+03:00,55.805649,37.718999,Наезд на велосипедиста,Легкий,1,0,,True
1601199,2025-12-09 21:25:00+03:00,55.835729,37.521368,Наезд на велосипедиста,Тяжёлый,1,0,,True
1601205,2025-12-09 21:45:00+03:00,55.857798,37.698641,Наезд на пешехода,Тяжёлый,1,0,,True
1601215,2025-12-09 22:48:00+03:00,55.747284,37.688631,Столкновение,Тяжёлый,1,0,,True
1601248,2025-12-10 07:25:00+03:00,55.731714,37.591631,Падение пассажира,Легкий,1,0,,True
1601291,2025-12-10 08:43:00+03:00,55.825389,37.831056,Наезд на пешехода,Тяжёлый,1,0,,True
1601308,2025-12-10 09:15:00+03:00,55.882966,37.482004,Столкновение,Тяжёлый,2,0,,True
1601322,2025-12-10 10:00:00+03:00,55.899427,37.422706,Наезд на стоящее ТС,Тяжёлый,1,0,,True
1601392,2025-12-10 14:25:00+03:00,55.869282,37.623223,"Наезд на лицо, использующее для передвижения СИМ",Тяжёлый,1,0,,True
1601393,2025-12-10 14:28:00+03:00,55.636669,37.656648,Наезд на пешехода,Тяжёлый,1,0,,True
1601397,2025-12-10 14:47:00+03:00,55.63874,37.522409,Наезд на пешехода,Тяжёлый,1,0,,True
1601401,2025-12-10 15:00:00+03:00,55.794694,37.377801,Столкновение,Тяжёлый,1,0,,True
1601417,2025-12-10 15:57:00+03:00,55.847155,37.625729,Наезд на стоящее ТС,Тяжёлый,1,0,,True
1601438,2025-12-10 17:00:00+03:00,55.39225,37.301717,Столкновение,Тяжёлый,2,0,,True
1601455,2025-12-10 17:28:00+03:00,55.820181,37.834683,Наезд на пешехода,С погибшими,0,1,,True
1601462,2025-12-10 18:00:00+03:00,55.595353,37.348484,Наезд на пешехода,Тяжёлый,1,0,,True
1601479,2025-12-10 18:23:00+03:00,55.849698,37.433059,Наезд на пешехода,Тяжёлый,1,0,,True
1601502,2025-12-10 19:10:00+03:00,55.726243,37.465087,Наезд на пешехода,С погибшими,0,1,,True
1601506,2025-12-10 19:13:00+03:00,55.793308,37.493784,Наезд на пешехода,Тяжёлый,1,0,,True
1601510,2025-12-10 19:24:00+03:00,55.683531,37.722362,Наезд на пешехода,Тяжёлый,1,0,,True
1601516,2025-12-10 19:40:00+03:00,55.658524,37.748176,Столкновение,Тяжёлый,1,0,,True
1601529,2025-12-10 20:20:00+03:00,55.795966,37.601044,Наезд на пешехода,Тяжёлый,1,0,,True
1601553,2025-12-10 22:30:00+03:00,55.673967,37.626189,Столкновение,Тяжёлый,1,0,,True
1601621,2025-12-11 08:05:00+03:00,55.794955,37.609785,Наезд на пешехода,Тяжёлый,1,0,,True
1601629,2025-12-11 08:25:00+03:00,55.870164,37.603862,Наезд на пешехода,Тяжёлый,1,0,,True
1601638,2025-12-11 08:50:00+03:00,55.627027,37.590215,Наезд на пешехода,Легкий,1,0,,True
1601683,2025-12-11 11:50:00+03:00,55.701249,37.61722,Наезд на пешехода,Легкий,1,0,,True
1601696,2025-12-11 12:40:00+03:00,55.7968,37.819072,Столкновение,Легкий,1,0,,True
1601706,2025-12-11 13:30:00+03:00,55.656381,37.493946,Столкновение,Тяжёлый,2,0,,True
1601752,2025-12-11 15:43:00+03:00,55.682811,37.658483,Наезд на пешехода,Легкий,1,0,,True
1601787,2025-12-11 17:00:00+03:00,55.727817,37.451406,Наезд на пешехода,Тяжёлый,1,0,,True
1601796,2025-12-11 17:12:00+03:00,55.808101,37.717792,Наезд на пешехода,Тяжёлый,1,0,,True
1601798,2025-12-11 17:13:00+03:00,55.838042,37.424551,Наезд на пешехода,Тяжёлый,1,0,,True
1601800,2025-12-11 17:15:00+03:00,55.545344,37.413479,Наезд на пешехода,Тяжёлый,1,0,,True
1601801,2025-12-11 17:15:00+03:00,55.623223,37.730838,Наезд на пешехода,Легкий,1,0,,True
1601802,2025-12-11 17:15:00+03:00,55.8425,37.403791,Наезд на пешехода,Тяжёлый,1,0,,True
1601810,2025-12-11 17:17:00+03:00,55.611026,37.466952,Наезд на пешехода,Тяжёлый,1,0,,True
1601816,2025-12-11 17:25:00+03:00,55.842488,37.403759,Наезд на пешехода,Тяжёлый,1,0,,True
1601822,2025-12-11 17:40:00+03:00,55.810946,37.594257,Столкновение,Тяжёлый,1,0,,True
1601824,2025-12-11 17:45:00+03:00,55.738678,37.412707,Наезд на пешехода,Тяжёлый,1,0,,True
1601826,2025-12-11 17:46:00+03:00,55.752169,37.540283,Наезд на пешехода,Тяжёлый,1,0,,True
1601827,2025-12-11 17:50:00+03:00,55.833345,37.637236,Наезд на пешехода,Тяжёлый,1,0,,True
1601837,2025-12-11 18:03:00+03:00,55.651345,37.395583,Наезд на пешехода,Легкий,1,0,,True
1601841,2025-12-11 18:05:00+03:00,55.751348,37.53774,Столкновение,Тяжёлый,1,0,,True
1601844,2025-12-11 18:10:00+03:00,55.682528,37.543802,Наезд на пешехода,Тяжёлый,1,0,,True
1601845,2025-12-11 18:10:00+03:00,55.678452,37.543904,Наезд на пешехода,Тяжёлый,1,0,,True
1601847,2025-12-11 18:11:00+03:00,55.717732,37.81581,Наезд на пешехода,Легкий,1,0,,True
1601848,2025-12-11 18:20:00+03:00,55.835316,37.636859,Наезд на пешехода,Тяжёлый,1,0,,True
1601858,2025-12-11 18:30:00+03:00,55.895637,37.618776,Наезд на пешехода,Легкий,1,0,,True
1601859,2025-12-11 18:30:00+03:00,55.899216,37.53023,Столкновение,Тяжёлый,1,0,,True
1601868,2025-12-11 18:46:00+03:00,55.738388,37.77577,Наезд на пешехода,Тяжёлый,1,0,,True
1601871,2025-12-11 19:00:00+03:00,55.824388,37.562696,Наезд на пешехода,Тяжёлый,1,0,,True
1601872,2025-12-11 19:00:00+03:00,55.805884,37.584102,Наезд на пешехода,Тяжёлый,1,0,,True
1601876,2025-12-11 19:30:00+03:00,55.868196,37.622927,Наезд на пешехода,Тяжёлый,2,0,,True
1601882,2025-12-11 19:55:00+03:00,55.675788,37.758733,Наезд на пешехода,С погибшими,0,1,,True
1601885,2025-12-11 20:00:00+03:00,55.92699,37.383567,Столкновение,Легкий,1,0,,True
1601891,2025-12-11 20:12:00+03:00,55.632054,37.743444,Наезд на пешехода,Легкий,1,0,,True
1601897,2025-12-11 20:36:00+03:00,55.738068,37.514073,Наезд на пешехода,Тяжёлый,1,0,,True
1601898,2025-12-11 20:40:00+03:00,55.713798,37.622627,Наезд на пешехода,Легкий,1,0,,True
1601906,2025-12-11 21:15:00+03:00,55.714952,37.679007,Наезд на пешехода,Тяжёлый,1,0,,True
1601911,2025-12-11 21:41:00+03:00,55.62232,37.79152,Столкновение,Легкий,1,0,,True
1601918,2025-12-11 22:37:00+03:00,55.656769,37.480727,Наезд на пешехода,Тяжёлый,1,0,,True
1601921,2025-12-11 23:00:00+03:00,55.83938,37.489783,Наезд на пешехода,Тяжёлый,1,0,,True
1601928,2025-12-12 00:03:00+03:00,55.696956,37.805779,Столкновение,Тяжёлый,1,0,,True
1601948,2025-12-12 06:25:00+03:00,55.793914,37.355248,Столкновение,Тяжёлый,1,0,,True
1601949,2025-12-12 06:28:00+03:00,55.224299,37.004828,Наезд на пешехода,С погибшими,0,1,,True
1601957,2025-12-12 06:55:00+03:00,55.887107,37.482926,Столкновение,Тяжёлый,1,0,,True
1601983,2025-12-12 08:08:00+03:00,55.622684,37.656981,Наезд на пешехода,Тяжёлый,1,0,,True
1602055,2025-12-12 11:30:00+03:00,55.635234,37.604184,Наезд на пешехода,С погибшими,0,1,,True
1602064,2025-12-12 12:00:00+03:00,55.651977,37.566027,Падение пассажира,Тяжёлый,1,0,,True
1602096,2025-12-12 13:20:00+03:00,55.652486,37.480231,Наезд на пешехода,Тяжёлый,1,0,,True
1602118,2025-12-12 14:30:00+03:00,55.873579,37.57847,Наезд на пешехода,Тяжёлый,1,0,,True
1602144,2025-12-12 15:30:00+03:00,55.663196,37.483367,Падение пассажира,Легкий,1,0,,True
1602153,2025-12-12 15:40:00+03:00,55.59728,37.662796,Наезд на пешехода,Тяжёлый,1,0,,True
1602158,2025-12-12 15:51:00+03:00,55.715055,37.788538,Наезд на пешехода,Тяжёлый,1,0,,True
1602163,2025-12-12 16:05:00+03:00,55.807329,37.532001,Наезд на пешехода,Легкий,1,0,,True
1602166,2025-12-12 16:15:00+03:00,55.749724,37.813708,Столкновение,Легкий,1,0,,True
1602169,2025-12-12 16:20:00+03:00,55.887262,37.635061,Наезд на пешехода,Тяжёлый,1,0,,True
1602170,2025-12-12 16:20:00+03:00,55.767466,37.600901,Наезд на пешехода,Тяжёлый,1,0,,True
1602210,2025-12-12 17:25:00+03:00,55.821112,37.642014,Столкновение,Тяжёлый,1,0,,True
1602214,2025-12-12 17:28:00+03:00,55.795491,37.483367,Наезд на пешехода,Тяжёлый,1,0,,True
1602237,2025-12-12 18:00:00+03:00,55.77361,37.616115,Столкновение,Тяжёлый,1,0,,True
1602246,2025-12-12 18:05:00+03:00,55.780392,37.441331,Наезд на препятствие,Тяжёлый,1,0,,True
1602252,2025-12-12 18:13:00+03:00,55.698697,37.761812,Наезд на пешехода,Тяжёлый,1,0,,True
1602262,2025-12-12 18:25:00+03:00,55.899399,37.608159,Наезд на пешехода,Тяжёлый,1,0,,True
1602271,2025-12-12 18:40:00+03:00,55.823545,37.749292,Наезд на пешехода,Легкий,1,0,,True
1602289,2025-12-12 19:00:00+03:00,55.744603,37.803386,Столкновение,Легкий,1,0,,True
1602290,2025-12-12 19:00:00+03:00,55.782021,37.730742,Наезд на пешехода,Легкий,1,0,,True
1602294,2025-12-12 19:05:00+03:00,55.713846,37.733166,Наезд на пешехода,Тяжёлый,1,0,,True
1602336,2025-12-12 21:10:00+03:00,55.758002,37.686442,Наезд на пешехода,Тяжёлый,1,0,,True
1602346,2025-12-12 21:55:00+03:00,55.700348,37.748723,Столкновение,Тяжёлый,1,0,,True
1602356,2025-12-12 22:35:00+03:00,55.511521,37.573628,Наезд на пешехода,Легкий,1,0,,True
1602514,2025-12-13 12:05:00+03:00,55.58607,37.610965,Наезд на велосипедиста,Тяжёлый,1,0,,True
1602530,2025-12-13 13:00:00+03:00,55.800075,37.332594,Столкновение,Тяжёлый,3,0,,True
1602588,2025-12-13 15:25:00+03:00,55.75933,37.645222,Падение пассажира,Тяжёлый,1,0,,True
1602639,2025-12-13 17:40:00+03:00,55.850662,37.439604,Столкновение,Легкий,2,0,,True
1602658,2025-12-13 18:15:00+03:00,55.767871,37.621168,Столкновение,Тяжёлый,1,0,,True
1602663,2025-12-13 18:23:00+03:00,55.635161,37.74942,Наезд на препятствие,Тяжёлый,1,0,,True
1602694,2025-12-13 19:29:00+03:00,55.687135,37.843984,Наезд на пешехода,Тяжёлый,2,0,,True
1602697,2025-12-13 19:35:00+03:00,55.854601,37.494385,Наезд на пешехода,Тяжёлый,1,0,,True
1602740,2025-12-13 22:50:00+03:00,55.90395,37.523793,Наезд на препятствие,Тяжёлый,1,0,,True
1602744,2025-12-13 23:00:00+03:00,55.747055,37.532988,Столкновение,Тяжёлый,1,0,,True
1602747,2025-12-13 23:11:00+03:00,55.678946,37.274219,Столкновение,Тяжёлый,1,0,,True
1602755,2025-12-14 00:10:00+03:00,55.780483,37.764419,Наезд на животное,Легкий,1,0,,True
1602763,2025-12-14 01:50:00+03:00,55.420033,36.843917,Наезд на стоящее ТС,С погибшими,0,1,,True
1602771,2025-12-14 03:10:00+03:00,55.683658,37.623196,Столкновение,Тяжёлый,1,0,,True
1602805,2025-12-14 10:05:00+03:00,55.815187,37.638563,Наезд на велосипедиста,Тяжёлый,1,0,,True
1602807,2025-12-14 10:12:00+03:00,55.685605,37.856172,Столкновение,Тяжёлый,2,0,,True
1602818,2025-12-14 11:15:00+03:00,55.809378,37.589711,Наезд на велосипедиста,Тяжёлый,1,0,,True
1602828,2025-12-14 11:54:00+03:00,55.844518,37.392141,Столкновение,Тяжёлый,1,0,,True
1602870,2025-12-14 14:20:00+03:00,55.721128,37.407246,Столкновение,Тяжёлый,2,0,,True
1602898,2025-12-14 15:50:00+03:00,55.545614,37.512595,Столкновение,Тяжёлый,1,0,,True
1602935,2025-12-14 17:03:00+03:00,55.801275,37.540787,Наезд на пешехода,Тяжёлый,1,0,,True
1602956,2025-12-14 18:45:00+03:00,55.588702,37.59823,Падение пассажира,Тяжёлый,1,0,,True
1602958,2025-12-14 18:46:00+03:00,55.792687,37.659051,Столкновение,Тяжёлый,1,0,,True
1602964,2025-12-14 19:20:00+03:00,55.840049,37.570732,Столкновение,Тяжёлый,1,0,,True
1603004,2025-12-14 22:23:00+03:00,55.717502,37.608497,Наезд на пешехода,Тяжёлый,1,0,,True
1603028,2025-12-15 02:40:00+03:00,55.643681,37.676883,Наезд на пешехода,С погибшими,0,1,,True
1603061,2025-12-15 07:35:00+03:00,55.717279,37.417009,Наезд на пешехода,Тяжёлый,1,0,,True
1603063,2025-12-15 07:37:00+03:00,55.278675,37.115775,Наезд на пешехода,С погибшими,0,1,,True
1603074,2025-12-15 07:56:00+03:00,55.640435,37.671593,Наезд на пешехода,Легкий,1,0,,True
1603110,2025-12-15 09:10:00+03:00,55.725607,37.631822,Наезд на пешехода,Тяжёлый,1,0,,True
1603125,2025-12-15 09:47:00+03:00,55.856799,37.535691,Наезд на стоящее ТС,Легкий,1,0,,True
1603128,2025-12-15 09:55:00+03:00,55.689603,37.57601,Наезд на велосипедиста,Тяжёлый,1,0,,True
1603131,2025-12-15 10:00:00+03:00,55.412329,37.196478,Столкновение,Тяжёлый,1,0,,True
1603136,2025-12-15 10:19:00+03:00,55.65301,37.83715,Столкновение,С погибшими,0,1,,True
1603137,2025-12-15 10:30:00+03:00,55.800401,37.332342,Столкновение,Тяжёлый,2,0,,True
1603139,2025-12-15 10:30:00+03:00,55.80022,37.331446,Столкновение,Легкий,1,0,,True
1603142,2025-12-15 10:35:00+03:00,55.897374,37.613516,Наезд на пешехода,Тяжёлый,1,0,,True
1603168,2025-12-15 11:45:00+03:00,55.778691,37.587007,Наезд на пешехода,Тяжёлый,1,0,,True
1603250,2025-12-15 15:18:00+03:00,55.714027,37.598798,Наезд на пешехода,Легкий,1,0,,True
1603259,2025-12-15 15:40:00+03:00,55.623029,37.428907,Столкновение,Тяжёлый,1,0,,True
1603271,2025-12-15 16:15:00+03:00,55.523141,37.238578,Столкновение,Тяжёлый,1,0,,True
1603289,2025-12-15 16:55:00+03:00,55.8872,37.663982,Наезд на пешехода,Тяжёлый,1,0,,True
1603314,2025-12-15 17:55:00+03:00,55.793356,37.691238,Наезд на пешехода,Тяжёлый,1,0,,True
1603319,2025-12-15 18:00:00+03:00,55.855841,37.450826,Наезд на стоящее ТС,Тяжёлый,1,0,,True
1603322,2025-12-15 18:10:00+03:00,55.701569,37.839435,Наезд на пешехода,Тяжёлый,1,0,,True
1603330,2025-12-15 18:25:00+03:00,55.945757,37.410507,Столкновение,Тяжёлый,2,0,,True
1603374,2025-12-15 21:15:00+03:00,55.754343,37.561891,Столкновение,Тяжёлый,2,0,,True
1603375,2025-12-15 21:20:00+03:00,55.666827,37.52611,Наезд на пешехода,Тяжёлый,1,0,,True
1603377,2025-12-15 21:23:00+03:00,55.735743,37.43042,Наезд на пешехода,Тяжёлый,1,0,,True
1603388,2025-12-15 22:20:00+03:00,55.654572,37.57719,Наезд на стоящее ТС,Тяжёлый,1,0,,True
1603392,2025-12-15 22:32:00+03:00,55.63229,37.619741,Столкновение,Тяжёлый,1,0,,True
1603401,2025-12-16 00:25:00+03:00,55.732729,37.714584,Столкновение,Тяжёлый,1,0,,True
1603436,2025-12-16 06:54:00+03:00,55.511162,37.566386,Наезд на пешехода,Тяжёлый,1,0,,True
1603449,2025-12-16 07:35:00+03:00,55.738298,37.705346,Наезд на пешехода,Тяжёлый,1,0,,True
1603475,2025-12-16 08:35:00+03:00,55.669924,37.585245,Столкновение,Тяжёлый,3,0,,True
1603513,2025-12-16 10:35:00+03:00,55.768655,37.745054,Столкновение,Тяжёлый,1,0,,True
1603527,2025-12-16 11:45:00+03:00,55.82572,37.569863,Наезд на пешехода,С погибшими,1,1,,True
1603537,2025-12-16 12:00:00+03:00,55.66975,37.762896,Столкновение,Тяжёлый,1,0,,True
1603565,2025-12-16 13:30:00+03:00,55.823538,37.558115,Столкновение,Тяжёлый,1,0,,True
1603570,2025-12-16 13:50:00+03:00,55.728765,37.707953,Столкновение,Тяжёлый,1,0,,True
1603586,2025-12-16 14:45:00+03:00,55.870678,37.681867,Наезд на пешехода,Тяжёлый,1,0,,True
1603625,2025-12-16 16:31:00+03:00,55.893634,37.537955,Наезд на пешехода,С погибшими,0,1,,True
1603632,2025-12-16 16:40:00+03:00,55.602966,37.48504,Наезд на пешехода,Тяжёлый,1,0,,True
1603638,2025-12-16 16:55:00+03:00,55.657657,37.543025,Наезд на пешехода,Тяжёлый,1,0,,True
1603639,2025-12-16 16:55:00+03:00,55.86479,37.680439,Падение пассажира,Тяжёлый,1,0,,True
1603640,2025-12-16 17:00:00+03:00,55.749356,37.608047,Столкновение,Тяжёлый,1,0,,True
1603642,2025-12-16 17:04:00+03:00,55.899204,37.384028,Наезд на пешехода,Тяжёлый,1,0,,True
1603646,2025-12-16 17:07:00+03:00,55.784477,37.706838,Наезд на пешехода,Легкий,1,0,,True
1603648,2025-12-16 17:10:00+03:00,55.812894,37.493881,Наезд на пешехода,Тяжёлый,1,0,,True
1603663,2025-12-16 17:37:00+03:00,55.747627,37.611375,Столкновение,Тяжёлый,1,0,,True
1603682,2025-12-16 18:23:00+03:00,55.827474,37.435935,Наезд на пешехода,Тяжёлый,1,0,,True
1603711,2025-12-16 19:22:00+03:00,55.701666,37.45957,Наезд на пешехода,Тяжёлый,1,0,,True
1603735,2025-12-16 20:30:00+03:00,55.636626,37.68259,Столкновение,Тяжёлый,1,0,,True
1603737,2025-12-16 20:33:00+03:00,55.91086,37.579675,Столкновение,Тяжёлый,1,0,,True
1603739,2025-12-16 20:45:00+03:00,55.793362,37.691227,Наезд на пешехода,С погибшими,1,1,,True
1603758,2025-12-16 21:50:00+03:00,55.577204,37.227023,Столкновение,Тяжёлый,1,0,,True
1603779,2025-12-17 05:20:00+03:00,55.801873,37.608011,Наезд на велосипедиста,Тяжёлый,1,0,,True
1603788,2025-12-17 06:47:00+03:00,55.738829,37.412975,Столкновение,Легкий,1,0,,True
1603801,2025-12-17 07:20:00+03:00,55.602705,37.372184,Наезд на пешехода,Тяжёлый,1,0,,True
1603821,2025-12-17 08:10:00+03:00,55.709017,37.810854,Наезд на пешехода,Тяжёлый,1,0,,True
1603822,2025-12-17 08:15:00+03:00,55.872524,37.598777,Наезд на пешехода,Тяжёлый,1,0,,True
1603823,2025-12-17 08:15:00+03:00,55.852517,37.650404,Наезд на пешехода,Тяжёлый,1,0,,True
1603828,2025-12-17 08:22:00+03:00,55.645836,37.40598,Наезд на пешехода,Тяжёлый,1,0,,True
1603832,2025-12-17 08:40:00+03:00,55.727704,37.637052,Наезд на пешехода,Тяжёлый,1,0,,True
1603842,2025-12-17 09:20:00+03:00,55.578787,37.574712,Столкновение,Тяжёлый,2,0,,True
1603844,2025-12-17 09:25:00+03:00,55.822984,37.755032,Наезд на пешехода,Легкий,1,0,,True
1603873,2025-12-17 11:30:00+03:00,55.705487,37.717438,Столкновение,Тяжёлый,1,0,,True
1603905,2025-12-17 13:20:00+03:00,55.696146,37.569562,Столкновение,Тяжёлый,1,0,,True
1603925,2025-12-17 14:30:00+03:00,55.692423,37.469031,Столкновение,Тяжёлый,2,0,,True
1603969,2025-12-17 16:50:00+03:00,55.788959,37.501423,Наезд на пешехода,Легкий,1,0,,True
1603973,2025-12-17 17:00:00+03:00,55.721434,37.436708,Наезд на пешехода,Тяжёлый,1,0,,True
1603981,2025-12-17 17:10:00+03:00,55.897033,37.579947,Наезд на пешехода,С погибшими,0,1,,True
1603986,2025-12-17 17:15:00+03:00,55.887268,37.678402,Наезд на пешехода,Тяжёлый,1,0,,True
1603997,2025-12-17 17:30:00+03:00,55.526833,37.579486,Наезд на стоящее ТС,Тяжёлый,1,0,,True
1604008,2025-12-17 17:45:00+03:00,55.885256,37.730986,Столкновение,Тяжёлый,1,0,,True
1604021,2025-12-17 18:10:00+03:00,55.645836,37.324827,Наезд на пешехода,С погибшими,0,1,,True
1604034,2025-12-17 18:38:00+03:00,55.68898,37.531679,"Наезд на лицо, использующее для передвижения СИМ",Тяжёлый,1,0,,True
1604039,2025-12-17 18:50:00+03:00,55.679079,37.651466,Наезд на пешехода,Тяжёлый,1,0,,True
1604046,2025-12-17 19:00:00+03:00,55.774998,37.255545,Столкновение,Тяжёлый,2,0,,True
1604047,2025-12-17 19:00:00+03:00,55.546461,37.54878,Наезд на пешехода,Тяжёлый,1,0,,True
1604051,2025-12-17 19:10:00+03:00,55.706931,37.578607,Падение пассажира,Тяжёлый,1,0,,True
1604053,2025-12-17 19:15:00+03:00,55.604021,37.734904,Столкновение,Тяжёлый,1,0,,True
1604057,2025-12-17 19:30:00+03:00,55.632151,37.466898,Наезд на пешехода,Тяжёлый,1,0,,True
1604070,2025-12-17 19:50:00+03:00,55.574051,37.567631,Наезд на пешехода,Тяжёлый,1,0,,True
1604075,2025-12-17 20:10:00+03:00,55.812279,37.82655,Наезд на пешехода,Тяжёлый,1,0,,True
1604109,2025-12-17 23:02:00+03:00,55.694477,37.466372,"Наезд на лицо, не являющееся участником дорожного движения, осуществляющее какую-либо другую деятельность",Без пострадавших (нет данных),1,0,,True
1604122,2025-12-18 00:35:00+03:00,55.682762,37.73043,Столкновение,Тяжёлый,2,0,,True
1604129,2025-12-18 02:00:00+03:00,55.470085,37.495072,Столкновение,Тяжёлый,1,0,,True
1604138,2025-12-18 05:44:00+03:00,55.647991,37.831335,Столкновение,Тяжёлый,2,0,,True
1604161,2025-12-18 07:30:00+03:00,55.368033,37.380692,Столкновение,Тяжёлый,1,0,,True
1604243,2025-12-18 12:05:00+03:00,55.672726,37.526314,Наезд на пешехода,Тяжёлый,1,0,,True
1604272,2025-12-18 13:40:00+03:00,55.742858,37.78946,Столкновение,Легкий,2,0,,True
1604282,2025-12-18 14:15:00+03:00,55.692258,37.529866,Наезд на велосипедиста,Тяжёлый,1,0,,True
1604284,2025-12-18 14:26:00+03:00,55.747254,37.814963,Наезд на пешехода,С погибшими,0,1,,True
1604315,2025-12-18 16:16:00+03:00,55.59748,37.617617,Наезд на пешехода,Тяжёлый,1,0,,True
1604317,2025-12-18 16:20:00+03:00,55.836777,37.50535,Наезд на пешехода,Тяжёлый,1,0,,True
1604339,2025-12-18 17:05:00+03:00,55.868671,37.484547,Падение пассажира,Тяжёлый,2,0,,True
1604354,2025-12-18 17:32:00+03:00,55.719373,37.461556,Наезд на пешехода,Тяжёлый,1,0,,True
1604367,2025-12-18 18:00:00+03:00,55.757851,37.739571,Столкновение,Легкий,1,0,,True
1604371,2025-12-18 18:10:00+03:00,55.773314,37.59367,Столкновение,Тяжёлый,1,0,,True
1604372,2025-12-18 18:15:00+03:00,55.894549,37.673419,Столкновение,Тяжёлый,1,0,,True
1604388,2025-12-18 19:00:00+03:00,55.68425,37.581342,Наезд на пешехода,Тяжёлый,2,0,,True
1604393,2025-12-18 19:15:00+03:00,55.865355,37.681417,Столкновение,Тяжёлый,1,0,,True
1604401,2025-12-18 19:30:00+03:00,55.672732,37.807013,Падение пассажира,Тяжёлый,1,0,,True
1604403,2025-12-18 19:30:00+03:00,55.79057,37.622509,Столкновение,Тяжёлый,1,0,,True
1604404,2025-12-18 19:35:00+03:00,55.808577,37.574133,Наезд на пешехода,Легкий,1,0,,True
1604409,2025-12-18 19:45:00+03:00,55.733617,37.612917,Наезд на пешехода,Тяжёлый,1,0,,True
1604439,2025-12-18 22:29:00+03:00,55.982442,37.161995,Столкновение,Легкий,1,0,,True
1604452,2025-12-19 01:18:00+03:00,55.626233,37.798172,Столкновение,Тяжёлый,1,0,,True
1604473,2025-12-19 06:25:00+03:00,55.636366,37.750096,Наезд на пешехода,Тяжёлый,1,0,,True
1604481,2025-12-19 07:05:00+03:00,55.887286,37.690873,Столкновение,Тяжёлый,1,0,,True
1604498,2025-12-19 07:24:00+03:00,55.731563,37.710775,Наезд на пешехода,Тяжёлый,1,0,,True
1604528,2025-12-19 08:10:00+03:00,55.797005,37.518686,Наезд на велосипедиста,Тяжёлый,1,0,,True
1604560,2025-12-19 09:18:00+03:00,55.675019,37.571418,Столкновение,Тяжёлый,2,0,,True
1604566,2025-12-19 10:25:00+03:00,55.62484,37.511466,Столкновение,Тяжёлый,1,0,,True
1604579,2025-12-19 10:50:00+03:00,55.752809,37.817473,Наезд на пешехода,Тяжёлый,1,0,,True
1604580,2025-12-19 10:50:00+03:00,55.802559,37.802131,Наезд на пешехода,Тяжёлый,1,0,,True
1604585,2025-12-19 10:50:00+03:00,55.740295,37.616474,Столкновение,Тяжёлый,1,0,,True
1604604,2025-12-19 11:56:00+03:00,55.630189,37.751781,Столкновение,Легкий,1,0,,True
1604724,2025-12-19 16:17:00+03:00,55.671462,37.779826,Наезд на пешехода,Тяжёлый,1,0,,True
1604733,2025-12-19 16:50:00+03:00,55.609136,37.19902,Наезд на препятствие,Тяжёлый,1,0,,True
1604736,2025-12-19 17:00:00+03:00,55.708334,37.518686,Наезд на пешехода,Тяжёлый,1,0,,True
1604745,2025-12-19 17:10:00+03:00,55.761092,37.551903,Наезд на пешехода,Тяжёлый,1,0,,True
1604747,2025-12-19 17:13:00+03:00,55.620454,37.419906,Наезд на пешехода,Тяжёлый,1,0,,True
1604749,2025-12-19 17:15:00+03:00,55.739053,37.729411,Столкновение,Тяжёлый,1,0,,True
1604763,2025-12-19 17:50:00+03:00,55.70924,37.088315,Столкновение,Легкий,1,0,,True
1604784,2025-12-19 18:44:00+03:00,55.793067,37.375789,Столкновение,Тяжёлый,2,0,,True
1604793,2025-12-19 19:00:00+03:00,55.537501,37.51418,Наезд на пешехода,Тяжёлый,1,0,,True
1604802,2025-12-19 19:19:00+03:00,55.69692,37.423661,Столкновение,Тяжёлый,1,0,,True
1604825,2025-12-19 20:04:00+03:00,55.716088,37.88617,Столкновение,Тяжёлый,2,0,,True
1604835,2025-12-19 20:38:00+03:00,55.72021,37.900718,Столкновение,Легкий,1,0,,True
1604871,2025-12-19 23:15:00+03:00,55.893973,37.673318,Столкновение,Тяжёлый,1,0,,True
1604874,2025-12-19 23:30:00+03:00,55.680361,37.849832,Столкновение,Тяжёлый,1,0,,True
1604908,2025-12-20 05:30:00+03:00,55.613076,37.773347,Наезд на препятствие,Тяжёлый,1,0,,True
1604925,2025-12-20 07:44:00+03:00,55.651382,37.486199,Наезд на препятствие,С погибшими,0,1,,True
1604939,2025-12-20 08:40:00+03:00,55.905727,37.587098,Столкновение,Тяжёлый,1,0,,True
1604942,2025-12-20 08:50:00+03:00,55.536093,37.515081,Наезд на пешехода,Тяжёлый,1,0,,True
1604957,2025-12-20 10:04:00+03:00,55.793266,37.805736,Наезд на пешехода,Легкий,1,0,,True
1604968,2025-12-20 11:08:00+03:00,55.727428,37.439162,Столкновение,Легкий,1,0,,True
1604978,2025-12-20 11:55:00+03:00,55.758068,37.780384,Наезд на велосипедиста,Легкий,1,0,,True
1605014,2025-12-20 14:25:00+03:00,55.897919,37.604948,Наезд на пешехода,Тяжёлый,1,0,,True
1605042,2025-12-20 15:55:00+03:00,55.875966,37.703416,Наезд на пешехода,Тяжёлый,1,0,,True
1605044,2025-12-20 16:00:00+03:00,55.864343,37.54686,Столкновение,Тяжёлый,1,0,,True
1605053,2025-12-20 16:20:00+03:00,55.883911,37.482991,Столкновение,Тяжёлый,1,0,,True
1605062,2025-12-20 16:36:00+03:00,55.744947,37.422652,Падение пассажира,Легкий,1,0,,True
1605065,2025-12-20 16:40:00+03:00,55.69701,37.805661,Столкновение,Тяжёлый,1,0,,True
1605068,2025-12-20 16:44:00+03:00,55.771595,37.639729,Падение пассажира,Тяжёлый,1,0,,True
1605074,2025-12-20 17:01:00+03:00,55.665121,37.785759,Наезд на пешехода,С погибшими,0,1,,True
1605096,2025-12-20 17:47:00+03:00,55.793181,37.799468,Столкновение,Легкий,1,0,,True
1605098,2025-12-20 17:55:00+03:00,55.884974,37.599607,Наезд на пешехода,Тяжёлый,1,0,,True
1605113,2025-12-20 18:25:00+03:00,55.740992,37.816851,Наезд на пешехода,Легкий,1,0,,True
1605128,2025-12-20 19:05:00+03:00,55.681607,37.682687,Наезд на велосипедиста,Тяжёлый,1,0,,True
1605139,2025-12-20 19:30:00+03:00,55.658433,37.568607,Наезд на пешехода,Тяжёлый,1,0,,True
1605155,2025-12-20 20:10:00+03:00,55.673416,37.524641,Наезд на пешехода,Тяжёлый,1,0,,True
1605172,2025-12-20 21:24:00+03:00,55.979032,37.173313,Столкновение,Тяжёлый,1,0,,True
1605196,2025-12-20 23:00:00+03:00,55.718493,37.785944,Столкновение,Тяжёлый,1,0,,True
1605210,2025-12-21 00:14:00+03:00,55.612935,37.730355,Столкновение,Тяжёлый,1,0,,True
1605215,2025-12-21 00:30:00+03:00,55.574518,37.566429,Столкновение,Тяжёлый,3,0,,True
1605223,2025-12-21 01:02:00+03:00,55.608651,37.665435,Наезд на пешехода,Тяжёлый,1,0,,True
1605239,2025-12-21 03:21:00+03:00,55.810952,37.812281,Столкновение,Легкий,2,0,,True
1605252,2025-12-21 05:55:00+03:00,55.799972,37.312194,Столкновение,Легкий,1,0,,True
1605257,2025-12-21 06:54:00+03:00,55.506205,37.573081,Наезд на стоящее ТС,Тяжёлый,2,0,,True
1605261,2025-12-21 07:40:00+03:00,55.756782,37.792572,Наезд на пешехода,Легкий,1,0,,True
1605266,2025-12-21 07:50:00+03:00,55.788881,37.81948,Падение пассажира,Тяжёлый,1,0,,True
1605281,2025-12-21 09:50:00+03:00,55.816233,37.569551,Наезд на пешехода,Тяжёлый,1,0,,True
1605291,2025-12-21 10:45:00+03:00,55.406963,37.147039,Столкновение,Тяжёлый,3,0,,True
1605306,2025-12-21 11:50:00+03:00,55.697301,37.747629,Столкновение,Тяжёлый,3,0,,True
1605343,2025-12-21 13:30:00+03:00,55.626227,37.474644,Столкновение,Тяжёлый,1,0,,True
1605350,2025-12-21 13:40:00+03:00,55.603184,37.730849,Столкновение,Тяжёлый,1,0,,True
1605354,2025-12-21 13:50:00+03:00,55.679242,37.560014,Наезд на пешехода,Тяжёлый,1,0,,True
1605356,2025-12-21 13:58:00+03:00,55.707294,37.767788,Столкновение,Тяжёлый,1,0,,True
1605368,2025-12-21 14:45:00+03:00,55.641307,37.464666,Столкновение,Тяжёлый,2,0,,True
1605384,2025-12-21 15:25:00+03:00,55.655074,37.648687,Столкновение,Тяжёлый,1,0,,True
1605401,2025-12-21 16:35:00+03:00,55.794949,37.504385,Наезд на пешехода,Тяжёлый,1,0,,True
1605414,2025-12-21 17:15:00+03:00,55.705813,37.762274,Столкновение,Тяжёлый,1,0,,True
1605416,2025-12-21 17:15:00+03:00,55.602433,37.329108,Столкновение,Тяжёлый,1,0,,True
1605419,2025-12-21 17:30:00+03:00,55.730451,37.567867,Столкновение,Тяжёлый,4,0,,True
1605423,2025-12-21 17:40:00+03:00,55.904015,37.574036,Падение пассажира,Тяжёлый,1,0,,True
1605463,2025-12-21 19:40:00+03:00,55.856886,37.610994,Столкновение,Тяжёлый,1,0,,True
1605466,2025-12-21 20:00:00+03:00,55.839374,37.482197,Столкновение,Тяжёлый,1,0,,True
1605470,2025-12-21 20:04:00+03:00,55.789351,37.479504,Наезд на пешехода,Тяжёлый,1,0,,True
1605475,2025-12-21 20:20:00+03:00,55.893965,37.567689,Столкновение,Тяжёлый,1,0,,True
1605478,2025-12-21 20:35:00+03:00,55.513386,37.352314,Наезд на пешехода,Тяжёлый,1,0,,True
1605479,2025-12-21 20:40:00+03:00,55.88441,37.600386,Наезд на пешехода,Тяжёлый,1,0,,True
1605493,2025-12-21 21:35:00+03:00,55.733109,37.71202,Столкновение,Тяжёлый,2,0,,True
1605512,2025-12-22 01:10:00+03:00,55.7161,37.838802,Столкновение,Легкий,1,0,,True
1605514,2025-12-22 02:00:00+03:00,55.723278,37.448274,Наезд на пешехода,С погибшими,0,1,,True
1605525,2025-12-22 05:30:00+03:00,55.80965,37.781982,Столкновение,Легкий,1,0,,True
1605537,2025-12-22 07:00:00+03:00,55.655165,37.559756,Наезд на пешехода,Тяжёлый,1,0,,True
1605543,2025-12-22 07:30:00+03:00,55.787065,37.661659,Наезд на пешехода,Тяжёлый,1,0,,True
1605546,2025-12-22 07:30:00+03:00,55.573068,37.581643,Наезд на пешехода,Тяжёлый,1,0,,True
1605561,2025-12-22 07:50:00+03:00,55.683699,37.489729,Наезд на пешехода,Легкий,1,0,,True
1605568,2025-12-22 08:00:00+03:00,55.866852,37.640383,Наезд на пешехода,Тяжёлый,1,0,,True
1605581,2025-12-22 08:17:00+03:00,55.677615,37.598283,Наезд на пешехода,Тяжёлый,1,0,,True
1605582,2025-12-22 08:20:00+03:00,55.85611,37.436361,Наезд на пешехода,Тяжёлый,1,0,,True
1605639,2025-12-22 11:34:00+03:00,55.608863,37.607671,Наезд на пешехода,Тяжёлый,1,0,,True
1605663,2025-12-22 12:43:00+03:00,55.71643,37.457901,Наезд на пешехода,Тяжёлый,1,0,,True
1605671,2025-12-22 13:05:00+03:00,55.804327,37.595605,Столкновение,Тяжёлый,1,0,,True
1605685,2025-12-22 13:42:00+03:00,55.746373,37.77473,Столкновение,Тяжёлый,3,0,,True
1605693,2025-12-22 14:00:00+03:00,55.847714,37.356691,Наезд на пешехода,Тяжёлый,1,0,,True
1605730,2025-12-22 15:35:00+03:00,55.614698,37.730902,Наезд на пешехода,Тяжёлый,1,0,,True
1605749,2025-12-22 16:19:00+03:00,56.00576,37.20461,Наезд на велосипедиста,Тяжёлый,1,0,,True
1605770,2025-12-22 16:42:00+03:00,55.777406,37.644975,Наезд на пешехода,Тяжёлый,1,0,,True
1605778,2025-12-22 16:55:00+03:00,55.749288,37.705234,Столкновение,Тяжёлый,1,0,,True
1605822,2025-12-22 18:30:00+03:00,55.810451,37.651548,Наезд на пешехода,Тяжёлый,1,0,,True
1605824,2025-12-22 18:30:00+03:00,55.745213,37.302602,Наезд на пешехода,Тяжёлый,1,0,,True
1605827,2025-12-22 18:40:00+03:00,55.77842,37.468663,Наезд на пешехода,Тяжёлый,1,0,,True
1605833,2025-12-22 18:57:00+03:00,55.622871,37.750762,Наезд на пешехода,Тяжёлый,1,0,,True
1605850,2025-12-22 19:49:00+03:00,55.707409,37.589464,Наезд на пешехода,Тяжёлый,1,0,,True
1605851,2025-12-22 19:50:00+03:00,55.869858,37.58694,Столкновение,Тяжёлый,2,0,,True
1605874,2025-12-22 20:47:00+03:00,55.806503,37.795758,Наезд на пешехода,Тяжёлый,1,0,,True
1605877,2025-12-22 21:07:00+03:00,55.611093,37.603487,Столкновение,Тяжёлый,1,0,,True
1605886,2025-12-22 21:44:00+03:00,55.75799,37.75721,Столкновение,Тяжёлый,1,0,,True
1605888,2025-12-22 21:45:00+03:00,55.621005,37.608165,Наезд на пешехода,Тяжёлый,1,0,,True
1605891,2025-12-22 22:10:00+03:00,55.717344,37.407703,Наезд на велосипедиста,Тяжёлый,1,0,,True
1605893,2025-12-22 22:14:00+03:00,55.680143,37.847385,Столкновение,Тяжёлый,1,0,,True
1605898,2025-12-22 22:40:00+03:00,55.858316,37.638667,Наезд на велосипедиста,Тяжёлый,1,0,,True
1605899,2025-12-22 22:40:00+03:00,55.87188,37.512045,Наезд на пешехода,Тяжёлый,1,0,,True
1605900,2025-12-22 22:42:00+03:00,55.596614,37.741245,Наезд на стоящее ТС,Тяжёлый,2,0,,True
1605901,2025-12-22 22:54:00+03:00,55.741573,37.538913,Наезд на стоящее ТС,Тяжёлый,1,0,,True
1605920,2025-12-23 02:39:00+03:00,55.75888,37.62024,Столкновение,Тяжёлый,1,0,,True
1605928,2025-12-23 06:10:00+03:00,55.659868,37.712148,Столкновение,Тяжёлый,1,0,,True
1605970,2025-12-23 08:15:00+03:00,55.737978,37.423435,Наезд на пешехода,Тяжёлый,1,0,,True
1605978,2025-12-23 08:20:00+03:00,55.713544,37.898498,Столкновение,Легкий,2,0,,True
1606061,2025-12-23 13:00:00+03:00,55.879,37.533256,Наезд на пешехода,Тяжёлый,1,0,,True
1606096,2025-12-23 14:30:00+03:00,55.642088,37.527988,Наезд на пешехода,Тяжёлый,1,0,,True
1606110,2025-12-23 15:05:00+03:00,55.68174,37.535788,Наезд на пешехода,Тяжёлый,1,0,,True
1606136,2025-12-23 16:30:00+03:00,55.879666,37.697798,Падение пассажира,Тяжёлый,1,0,,True
1606141,2025-12-23 16:44:00+03:00,55.679369,37.456824,Наезд на пешехода,Тяжёлый,1,0,,True
1606150,2025-12-23 17:05:00+03:00,55.562846,37.49872,Наезд на пешехода,Тяжёлый,2,0,,True
1606178,2025-12-23 17:55:00+03:00,55.635042,37.620037,Столкновение,Тяжёлый,1,0,,True
1606189,2025-12-23 18:12:00+03:00,55.660265,37.409785,Наезд на пешехода,Тяжёлый,1,0,,True
1606196,2025-12-23 18:34:00+03:00,55.591103,37.726525,"Наезд на лицо, не являющееся участником дорожного движения, осуществляющее производство работ",Без пострадавших (нет данных),1,0,,True
1606197,2025-12-23 18:40:00+03:00,55.808649,37.476232,Столкновение,Легкий,1,0,,True
1606199,2025-12-23 18:45:00+03:00,55.645733,37.489246,Наезд на пешехода,Тяжёлый,1,0,,True
1606201,2025-12-23 18:48:00+03:00,55.633931,37.52198,Наезд на пешехода,Тяжёлый,1,0,,True
1606213,2025-12-23 19:30:00+03:00,55.789935,37.657816,Столкновение,Тяжёлый,2,0,,True
1606217,2025-12-23 19:50:00+03:00,55.771287,37.593745,Столкновение,Тяжёлый,1,0,,True
1606222,2025-12-23 20:20:00+03:00,55.898513,37.584464,Падение пассажира,Тяжёлый,1,0,,True
1606223,2025-12-23 20:20:00+03:00,55.77892,37.581085,Наезд на пешехода,Легкий,1,0,,True
1606229,2025-12-23 20:33:00+03:00,55.704598,37.771307,Столкновение,Тяжёлый,1,0,,True
1606232,2025-12-23 20:47:00+03:00,55.664885,37.480438,Наезд на пешехода,Легкий,1,0,,True
1606240,2025-12-23 21:45:00+03:00,55.897538,37.425302,Столкновение,Тяжёлый,2,0,,True
1606249,2025-12-23 22:20:00+03:00,55.871407,37.644587,Наезд на пешехода,Тяжёлый,1,0,,True
1606254,2025-12-23 23:05:00+03:00,55.868515,37.538459,Наезд на велосипедиста,Тяжёлый,1,0,,True
1606257,2025-12-23 23:19:00+03:00,55.610626,37.744646,Столкновение,Легкий,1,0,,True
1606262,2025-12-24 00:45:00+03:00,55.760446,37.349176,Столкновение,Тяжёлый,2,0,,True
1606293,2025-12-24 07:30:00+03:00,55.835866,37.591177,Наезд на пешехода,Тяжёлый,1,0,,True
1606305,2025-12-24 07:49:00+03:00,55.881606,37.684329,Наезд на пешехода,Тяжёлый,1,0,,True
1606306,2025-12-24 07:50:00+03:00,55.61528,37.586718,Наезд на пешехода,Тяжёлый,1,0,,True
1606308,2025-12-24 07:50:00+03:00,55.811669,37.707997,Столкновение,Тяжёлый,2,0,,True
1606316,2025-12-24 08:15:00+03:00,55.538139,37.50726,Наезд на пешехода,Тяжёлый,1,0,,True
1606318,2025-12-24 08:20:00+03:00,55.769398,37.597049,Наезд на велосипедиста,Легкий,1,0,,True
1606337,2025-12-24 09:10:00+03:00,55.674971,37.509749,Наезд на пешехода,Тяжёлый,1,0,,True
1606338,2025-12-24 09:12:00+03:00,55.853852,37.438475,Столкновение,Тяжёлый,1,0,,True
1606353,2025-12-24 10:45:00+03:00,55.803952,37.726246,Наезд на пешехода,Легкий,1,0,,True
1606357,2025-12-24 10:58:00+03:00,55.98051,37.175696,Наезд на пешехода,Тяжёлый,1,0,,True
1606361,2025-12-24 11:05:00+03:00,55.619721,37.394736,Наезд на пешехода,Тяжёлый,1,0,,True
1606379,2025-12-24 12:02:00+03:00,55.811319,37.626008,Столкновение,Тяжёлый,1,0,,True
1606406,2025-12-24 13:55:00+03:00,55.849026,37.620399,Наезд на пешехода,Тяжёлый,1,0,,True
1606411,2025-12-24 14:02:00+03:00,55.625038,37.674443,Наезд на пешехода,Тяжёлый,1,0,,True
1606412,2025-12-24 14:15:00+03:00,55.826287,37.427373,Наезд на велосипедиста,Тяжёлый,1,0,,True
1606420,2025-12-24 14:31:00+03:00,55.794472,37.698555,Наезд на пешехода,Легкий,1,0,,True
1606447,2025-12-24 16:05:00+03:00,55.676272,37.766306,Наезд на пешехода,Тяжёлый,1,0,,True
1606451,2025-12-24 16:12:00+03:00,55.695763,37.465934,Столкновение,Легкий,2,0,,True
1606453,2025-12-24 16:18:00+03:00,55.640151,37.770835,Наезд на пешехода,Тяжёлый,1,0,,True
1606469,2025-12-24 17:00:00+03:00,55.773079,37.585806,Наезд на пешехода,Тяжёлый,1,0,,True
1606477,2025-12-24 17:10:00+03:00,55.689325,37.662474,Столкновение,Тяжёлый,1,0,,True
1606482,2025-12-24 17:30:00+03:00,55.70597,37.59691,Наезд на пешехода,Тяжёлый,1,0,,True
1606501,2025-12-24 18:03:00+03:00,55.718602,37.781832,Столкновение,Тяжёлый,1,0,,True
1606511,2025-12-24 18:30:00+03:00,55.746702,37.514703,Наезд на пешехода,Тяжёлый,1,0,,True
1606518,2025-12-24 18:35:00+03:00,55.788018,37.491971,Наезд на пешехода,Тяжёлый,1,0,,True
1606525,2025-12-24 18:55:00+03:00,55.88494,37.633983,Наезд на пешехода,Тяжёлый,1,0,,True
1606530,2025-12-24 19:01:00+03:00,55.714166,37.598659,Наезд на пешехода,Тяжёлый,1,0,,True
1606532,2025-12-24 19:10:00+03:00,55.84853,37.58469,Столкновение,Тяжёлый,1,0,,True
1606545,2025-12-24 19:40:00+03:00,55.724548,37.496831,Столкновение,Тяжёлый,1,0,,True
1606553,2025-12-24 20:18:00+03:00,55.58698,37.668911,Наезд на пешехода,Тяжёлый,2,0,,True
1606561,2025-12-24 20:50:00+03:00,55.813123,37.760632,Наезд на пешехода,Легкий,1,0,,True
1606576,2025-12-24 22:36:00+03:00,55.775511,37.655725,Наезд на пешехода,Тяжёлый,1,0,,True
1606583,2025-12-24 23:10:00+03:00,55.656454,37.761405,Наезд на пешехода,Тяжёлый,1,0,,True
1606600,2025-12-25 06:40:00+03:00,55.701865,37.614634,Наезд на стоящее ТС,Тяжёлый,1,0,,True
1606607,2025-12-25 07:10:00+03:00,55.404198,37.458572,Наезд на пешехода,С погибшими,0,1,,True
1606608,2025-12-25 07:15:00+03:00,55.707137,37.755032,Наезд на пешехода,Тяжёлый,1,0,,True
1606638,2025-12-25 08:25:00+03:00,55.877983,37.734271,Столкновение,Легкий,2,0,,True
1606639,2025-12-25 08:25:00+03:00,55.595116,37.622788,Наезд на препятствие,Тяжёлый,1,0,,True
1606649,2025-12-25 08:53:00+03:00,55.595432,37.623249,Столкновение,Тяжёлый,2,0,,True
1606665,2025-12-25 09:45:00+03:00,55.806467,37.51036,Столкновение,Легкий,1,0,,True
1606685,2025-12-25 11:00:00+03:00,55.616474,37.699542,Наезд на пешехода,Тяжёлый,1,0,,True
1606706,2025-12-25 11:45:00+03:00,55.862309,37.620572,Падение пассажира,Тяжёлый,1,0,,True
1606723,2025-12-25 12:25:00+03:00,55.866137,37.598584,Столкновение,Тяжёлый,1,0,,True
1606805,2025-12-25 16:10:00+03:00,55.742153,37.681215,Наезд на пешехода,Тяжёлый,1,0,,True
1606808,2025-12-25 16:15:00+03:00,55.7821,37.834039,Наезд на пешехода,Легкий,1,0,,True
1606811,2025-12-25 16:20:00+03:00,55.595256,37.602671,Наезд на препятствие,Тяжёлый,1,0,,True
1606845,2025-12-25 17:40:00+03:00,55.766247,37.621222,Наезд на пешехода,Легкий,1,0,,True
1606855,2025-12-25 17:58:00+03:00,55.791137,37.373922,Наезд на препятствие,Тяжёлый,1,0,,True
1606873,2025-12-25 18:30:00+03:00,55.465298,37.496295,Наезд на пешехода,Тяжёлый,1,0,,True
1606880,2025-12-25 18:42:00+03:00,55.823545,37.424208,Наезд на пешехода,Легкий,1,0,,True
1606904,2025-12-25 19:40:00+03:00,55.670984,37.551559,Наезд на пешехода,Тяжёлый,1,0,,True
1606928,2025-12-25 20:51:00+03:00,55.63708,37.355618,Столкновение,Тяжёлый,1,0,,True
1606955,2025-12-25 22:55:00+03:00,55.885596,37.50535,Столкновение,Тяжёлый,1,0,,True
1606961,2025-12-25 23:09:00+03:00,55.847808,37.651575,Наезд на пешехода,Тяжёлый,1,0,,True
1606966,2025-12-26 00:05:00+03:00,55.394285,37.257793,Столкновение,Тяжёлый,1,0,,True
1606971,2025-12-26 00:23:00+03:00,55.74142,37.538508,Столкновение,Тяжёлый,2,0,,True
1606980,2025-12-26 01:30:00+03:00,55.727672,37.550197,Столкновение,Тяжёлый,2,0,,True
1606981,2025-12-26 01:32:00+03:00,55.750696,37.492207,Наезд на препятствие,Тяжёлый,1,0,,True
1606987,2025-12-26 02:30:00+03:00,55.873535,37.715013,Наезд на препятствие,Тяжёлый,1,0,,True
1607014,2025-12-26 06:45:00+03:00,55.737325,37.236137,Наезд на пешехода,Легкий,1,0,,True
1607023,2025-12-26 07:27:00+03:00,55.646417,37.723349,Наезд на препятствие,Тяжёлый,1,0,,True
1607047,2025-12-26 08:30:00+03:00,55.853858,37.608405,Наезд на пешехода,Тяжёлый,1,0,,True
1607055,2025-12-26 08:40:00+03:00,55.735229,37.461737,Столкновение,Тяжёлый,1,0,,True
1607056,2025-12-26 08:45:00+03:00,55.653282,37.619666,Столкновение,Тяжёлый,1,0,,True
1607120,2025-12-26 11:20:00+03:00,55.681105,37.524008,Наезд на пешехода,Тяжёлый,1,0,,True
1607135,2025-12-26 12:00:00+03:00,55.787274,37.466872,Наезд на пешехода,С погибшими,0,1,,True
1607198,2025-12-26 13:55:00+03:00,55.664751,37.471458,Наезд на пешехода,Тяжёлый,1,0,,True
1607202,2025-12-26 14:00:00+03:00,55.837296,37.655708,Столкновение,Тяжёлый,1,0,,True
1607203,2025-12-26 14:00:00+03:00,55.699653,37.566569,Столкновение,Тяжёлый,2,0,,True
1607214,2025-12-26 14:25:00+03:00,55.671746,37.425292,Столкновение,Тяжёлый,1,0,,True
1607219,2025-12-26 14:31:00+03:00,55.576944,37.448831,Наезд на препятствие,С погибшими,1,1,,True
1607237,2025-12-26 15:10:00+03:00,55.829124,37.599252,Наезд на пешехода,С погибшими,0,1,,True
1607290,2025-12-26 17:08:00+03:00,55.699822,37.934504,Наезд на пешехода,С погибшими,0,1,,True
1607315,2025-12-26 17:55:00+03:00,55.742108,37.629702,Наезд на пешехода,Тяжёлый,1,0,,True
1607460,2025-12-27 03:39:00+03:00,55.697168,37.451963,Наезд на препятствие,С погибшими,0,1,,True
1607465,2025-12-27 05:09:00+03:00,55.648567,37.664191,Наезд на препятствие,Тяжёлый,1,0,,True
1607494,2025-12-27 08:00:00+03:00,55.648488,37.744356,Столкновение,Тяжёлый,2,0,,True
1607508,2025-12-27 08:55:00+03:00,55.471094,37.50447,Наезд на препятствие,Тяжёлый,1,0,,True
1607521,2025-12-27 09:30:00+03:00,55.695679,37.497688,Наезд на велосипедиста,Легкий,1,0,,True
1607560,2025-12-27 11:50:00+03:00,55.773212,37.842922,Столкновение,Легкий,1,0,,True
1607596,2025-12-27 13:37:00+03:00,55.647217,37.546313,Наезд на велосипедиста,Тяжёлый,1,0,,True
1607620,2025-12-27 14:35:00+03:00,55.68566,37.488345,Столкновение,Тяжёлый,1,0,,True
1607635,2025-12-27 15:30:00+03:00,55.660993,37.425463,Столкновение,Тяжёлый,1,0,,True
1607643,2025-12-27 15:50:00+03:00,55.647495,37.74471,Столкновение,Тяжёлый,1,0,,True
1607647,2025-12-27 16:00:00+03:00,55.865222,37.495522,Наезд на пешехода,Тяжёлый,1,0,,True
1607663,2025-12-27 17:00:00+03:00,55.782383,37.7213,Падение пассажира,Тяжёлый,1,0,,True
1607678,2025-12-27 17:30:00+03:00,55.628045,37.656713,Наезд на пешехода,Легкий,1,0,,True
1607682,2025-12-27 17:36:00+03:00,55.702434,37.926693,Наезд на пешехода,Тяжёлый,1,0,,True
1607701,2025-12-27 18:21:00+03:00,55.679514,37.5607,Наезд на пешехода,Тяжёлый,1,0,,True
1607725,2025-12-27 19:45:00+03:00,55.886233,37.610542,Столкновение,Тяжёлый,1,0,,True
1607744,2025-12-27 20:45:00+03:00,55.732366,37.381368,Столкновение,Тяжёлый,1,0,,True
1607776,2025-12-27 23:10:00+03:00,55.759843,37.646027,Столкновение,Тяжёлый,1,0,,True
1607793,2025-12-28 01:47:00+03:00,55.568324,37.19033,Наезд на препятствие,Тяжёлый,1,0,,True
1607825,2025-12-28 05:30:00+03:00,55.744513,37.583596,Столкновение,Тяжёлый,2,0,,True
1607845,2025-12-28 08:25:00+03:00,55.737519,37.25723,Наезд на пешехода,Легкий,1,0,,True
1607870,2025-12-28 09:45:00+03:00,55.758998,37.559037,Падение пассажира,Тяжёлый,1,0,,True
1607872,2025-12-28 09:50:00+03:00,55.754337,37.520134,Наезд на пешехода,Тяжёлый,1,0,,True
1607890,2025-12-28 10:40:00+03:00,55.637922,37.747897,Столкновение,Тяжёлый,1,0,,True
1607895,2025-12-28 10:55:00+03:00,55.681414,37.676164,Наезд на пешехода,Тяжёлый,1,0,,True
1607906,2025-12-28 11:50:00+03:00,55.826931,37.416108,Наезд на пешехода,Тяжёлый,1,0,,True
1607934,2025-12-28 13:25:00+03:00,55.335705,37.29617,Наезд на пешехода,Тяжёлый,1,0,,True
1607951,2025-12-28 14:10:00+03:00,55.526985,37.388138,Наезд на пешехода,Тяжёлый,2,0,,True
1607955,2025-12-28 14:29:00+03:00,55.808058,37.839274,Столкновение,Легкий,1,0,,True
1607993,2025-12-28 15:50:00+03:00,55.80807,37.774107,Столкновение,Тяжёлый,1,0,,True
1607998,2025-12-28 16:10:00+03:00,55.781491,37.436932,Наезд на пешехода,Тяжёлый,2,0,,True
1608007,2025-12-28 16:36:00+03:00,55.706859,37.017912,Столкновение,Тяжёлый,1,0,,True
1608091,2025-12-28 21:00:00+03:00,55.7753,37.471272,Наезд на пешехода,Тяжёлый,1,0,,True
1608099,2025-12-28 21:55:00+03:00,55.701321,37.831764,Наезд на препятствие,Тяжёлый,1,0,,True
1608100,2025-12-28 22:00:00+03:00,55.623635,37.671357,Опрокидывание,Тяжёлый,1,0,,True
1608106,2025-12-28 22:58:00+03:00,55.868647,37.407632,Наезд на стоящее ТС,Тяжёлый,2,0,,True
1608108,2025-12-28 23:06:00+03:00,55.741837,37.539532,Столкновение,Тяжёлый,2,0,,True
1608115,2025-12-29 00:02:00+03:00,55.855221,37.562299,Столкновение,Тяжёлый,1,0,,True
1608120,2025-12-29 00:20:00+03:00,55.763344,37.777476,Столкновение,Тяжёлый,1,0,,True
1608147,2025-12-29 07:30:00+03:00,55.612977,37.610257,Наезд на препятствие,Тяжёлый,1,0,,True
1608159,2025-12-29 07:45:00+03:00,55.732493,37.572502,Наезд на пешехода,Тяжёлый,1,0,,True
1608210,2025-12-29 10:00:00+03:00,55.694308,37.661734,Столкновение,Тяжёлый,1,0,,True
1608238,2025-12-29 11:26:00+03:00,55.757977,37.824844,Наезд на пешехода,Легкий,1,0,,True
1608256,2025-12-29 12:15:00+03:00,55.729134,37.564734,Столкновение,Тяжёлый,2,0,,True
1608340,2025-12-29 15:30:00+03:00,55.758635,37.788066,Столкновение,Легкий,1,0,,True
1608350,2025-12-29 15:58:00+03:00,55.782396,37.722405,Наезд на пешехода,Легкий,1,0,,True
1608373,2025-12-29 16:50:00+03:00,55.790413,37.53479,Столкновение,Тяжёлый,2,0,,True
1608420,2025-12-29 18:30:00+03:00,55.544058,37.547332,Столкновение,С погибшими,0,1,,True
1608443,2025-12-29 19:40:00+03:00,55.889669,37.630405,Столкновение,Тяжёлый,1,0,,True
1608470,2025-12-29 21:20:00+03:00,55.86825,37.538824,Столкновение,Тяжёлый,1,0,,True
1608472,2025-12-29 21:36:00+03:00,55.696581,37.563103,Наезд на пешехода,Тяжёлый,1,0,,True
1608506,2025-12-30 00:28:00+03:00,55.755351,37.600418,Наезд на пешехода,Тяжёлый,1,0,,True
1608514,2025-12-30 01:40:00+03:00,55.789194,37.570678,Наезд на стоящее ТС,Тяжёлый,1,0,,True
1608526,2025-12-30 05:10:00+03:00,55.593666,37.601312,Столкновение,Тяжёлый,3,0,,True
1608527,2025-12-30 05:40:00+03:00,55.658506,37.641091,Столкновение,Тяжёлый,1,0,,True
1608530,2025-12-30 06:15:00+03:00,55.81891,37.498848,Падение пассажира,Тяжёлый,1,0,,True
1608585,2025-12-30 09:45:00+03:00,55.880174,37.56556,Столкновение,Тяжёлый,2,0,,True
1608611,2025-12-30 11:00:00+03:00,55.762837,37.467252,Столкновение,Тяжёлый,1,0,,True
1608615,2025-12-30 11:08:00+03:00,55.859892,37.345619,Столкновение,Тяжёлый,1,0,,True
1608626,2025-12-30 11:30:00+03:00,55.704459,37.638152,Столкновение,Тяжёлый,1,0,,True
1608642,2025-12-30 12:03:00+03:00,55.987424,37.233106,Наезд на пешехода,Тяжёлый,1,0,,True
1608662,2025-12-30 12:56:00+03:00,55.715871,37.940705,Столкновение,Тяжёлый,1,0,,True
1608742,2025-12-30 15:40:00+03:00,55.808842,37.482101,Наезд на стоящее ТС,Тяжёлый,1,0,,True
1608750,2025-12-30 16:00:00+03:00,55.545205,37.554059,Наезд на пешехода,Тяжёлый,1,0,,True
1608792,2025-12-30 17:45:00+03:00,55.83715,37.387321,Наезд на пешехода,Тяжёлый,1,0,,True
1608803,2025-12-30 18:15:00+03:00,55.738955,37.53048,Столкновение,Тяжёлый,1,0,,True
1608807,2025-12-30 18:20:00+03:00,55.86389,37.674625,Столкновение,Тяжёлый,1,0,,True
1608846,2025-12-30 20:00:00+03:00,55.66365,37.514062,Наезд на пешехода,Тяжёлый,1,0,,True
1608847,2025-12-30 20:00:00+03:00,55.725261,37.655994,Столкновение,Тяжёлый,1,0,,True
1608859,2025-12-30 20:30:00+03:00,55.74517,37.182738,Наезд на пешехода,Тяжёлый,1,0,,True
1608872,2025-12-30 21:10:00+03:00,55.605451,37.712835,Столкновение,Тяжёлый,1,0,,True
1608875,2025-12-30 21:18:00+03:00,55.656866,37.838802,Наезд на препятствие,Тяжёлый,1,0,,True
1608880,2025-12-30 21:58:00+03:00,55.621963,37.605579,Наезд на пешехода,Тяжёлый,1,0,,True
1608898,2025-12-31 00:20:00+03:00,55.881261,37.57477,Наезд на пешехода,Тяжёлый,1,0,,True
1608957,2025-12-31 10:10:00+03:00,55.751517,37.839178,Столкновение,Тяжёлый,2,0,,True
1608960,2025-12-31 10:17:00+03:00,55.778395,37.842708,Столкновение,Тяжёлый,2,0,,True
1608993,2025-12-31 12:30:00+03:00,55.907576,37.542697,Столкновение,Тяжёлый,1,0,,True
1608996,2025-12-31 12:45:00+03:00,55.652193,37.566301,Столкновение,Тяжёлый,1,0,,True
1609008,2025-12-31 13:05:00+03:00,55.714801,37.739604,Наезд на пешехода,Тяжёлый,1,0,,True
1609065,2025-12-31 15:40:00+03:00,55.704454,37.636208,Наезд на стоящее ТС,Легкий,2,0,,True
1609120,2025-12-31 19:18:00+03:00,55.683924,37.855142,Наезд на пешехода,Тяжёлый,1,0,,True
1609135,2025-12-31 20:20:00+03:00,55.799255,37.557213,Столкновение,Тяжёлый,1,0,,True
1609159,2025-12-31 21:56:00+03:00,55.701339,37.399499,Столкновение,Тяжёлый,1,0,,True
1609171,2025-12-31 22:20:00+03:00,55.753413,37.798301,Столкновение,Тяжёлый,1,0,,True
